<TICKER>;<PER>;<DATE>;<TIME>;<LAST>;<VOL>
LKOH;0;20260414;65932;5450.0;1
LKOH;0;20260414;65932;5450.0;1
LKOH;0;20260414;65932;5450.0;3
LKOH;0;20260414;65932;5450.0;3
LKOH;0;20260414;65932;5450.0;2
LKOH;0;20260414;65932;5450.0;6
LKOH;0;20260414;65932;5450.0;2
LKOH;0;20260414;65932;5450.0;3
LKOH;0;20260414;65932;5450.0;39
LKOH;0;20260414;65932;5450.0;11
LKOH;0;20260414;65932;5450.0;3
LKOH;0;20260414;65932;5450.0;1
LKOH;0;20260414;65932;5450.0;3
LKOH;0;20260414;65932;5450.0;900
LKOH;0;20260414;65932;5450.0;82
LKOH;0;20260414;65932;5450.0;18
LKOH;0;20260414;65932;5450.0;3
LKOH;0;20260414;65932;5450.0;5
LKOH;0;20260414;65932;5450.0;3
LKOH;0;20260414;65932;5450.0;14
LKOH;0;20260414;65932;5450.0;2
LKOH;0;20260414;65932;5450.0;30
LKOH;0;20260414;65932;5450.0;11
LKOH;0;20260414;65932;5450.0;10
LKOH;0;20260414;65932;5450.0;1
LKOH;0;20260414;65932;5450.0;1
LKOH;0;20260414;70000;5448.0;1
LKOH;0;20260414;70000;5448.0;1
LKOH;0;20260414;70000;5451.0;1
LKOH;0;20260414;70000;5451.0;1
LKOH;0;20260414;70000;5451.0;1
LKOH;0;20260414;70000;5448.0;1
LKOH;0;20260414;70000;5447.0;1
LKOH;0;20260414;70000;5451.0;1
LKOH;0;20260414;70000;5451.0;2
LKOH;0;20260414;70000;5450.5;37
LKOH;0;20260414;70000;5451.0;194
LKOH;0;20260414;70000;5451.5;39
LKOH;0;20260414;70000;5452.5;10
LKOH;0;20260414;70000;5452.5;2
LKOH;0;20260414;70000;5455.0;6
LKOH;0;20260414;70000;5455.0;10
LKOH;0;20260414;70000;5455.0;102
LKOH;0;20260414;70000;5455.0;10
LKOH;0;20260414;70000;5450.5;1
LKOH;0;20260414;70000;5450.5;1
LKOH;0;20260414;70000;5451.0;2
LKOH;0;20260414;70000;5451.0;3
LKOH;0;20260414;70000;5451.0;1
LKOH;0;20260414;70000;5448.5;5
LKOH;0;20260414;70000;5448.5;5
LKOH;0;20260414;70000;5447.0;1
LKOH;0;20260414;70000;5448.5;3
LKOH;0;20260414;70000;5450.0;5
LKOH;0;20260414;70000;5451.0;1
LKOH;0;20260414;70000;5452.5;2
LKOH;0;20260414;70000;5452.5;5
LKOH;0;20260414;70000;5452.5;7
LKOH;0;20260414;70000;5447.0;1
LKOH;0;20260414;70000;5449.0;1
LKOH;0;20260414;70000;5447.0;1
LKOH;0;20260414;70001;5447.0;1
LKOH;0;20260414;70001;5446.5;9
LKOH;0;20260414;70001;5449.0;1
LKOH;0;20260414;70001;5451.0;1
LKOH;0;20260414;70001;5454.5;1
LKOH;0;20260414;70001;5454.5;2
LKOH;0;20260414;70002;5452.0;1
LKOH;0;20260414;70002;5452.0;1
LKOH;0;20260414;70002;5452.5;28
LKOH;0;20260414;70009;5453.5;1
LKOH;0;20260414;70009;5453.5;1
LKOH;0;20260414;70012;5448.5;2
LKOH;0;20260414;70012;5448.0;1
LKOH;0;20260414;70012;5448.0;4
LKOH;0;20260414;70012;5449.0;2
LKOH;0;20260414;70012;5447.5;1
LKOH;0;20260414;70013;5449.5;2
LKOH;0;20260414;70014;5447.5;2
LKOH;0;20260414;70014;5447.0;1
LKOH;0;20260414;70014;5446.5;1
LKOH;0;20260414;70014;5446.0;3
LKOH;0;20260414;70015;5445.0;3
LKOH;0;20260414;70015;5445.0;9
LKOH;0;20260414;70015;5445.0;1
LKOH;0;20260414;70021;5445.0;1
LKOH;0;20260414;70021;5445.0;9
LKOH;0;20260414;70025;5445.0;1
LKOH;0;20260414;70025;5445.0;1
LKOH;0;20260414;70025;5444.0;3
LKOH;0;20260414;70025;5444.0;50
LKOH;0;20260414;70025;5444.0;1
LKOH;0;20260414;70025;5444.0;70
LKOH;0;20260414;70025;5443.5;200
LKOH;0;20260414;70025;5443.5;3
LKOH;0;20260414;70025;5443.0;3
LKOH;0;20260414;70025;5443.0;3
LKOH;0;20260414;70026;5442.5;1
LKOH;0;20260414;70026;5442.5;1
LKOH;0;20260414;70028;5442.0;3
LKOH;0;20260414;70028;5441.5;1
LKOH;0;20260414;70030;5442.5;2
LKOH;0;20260414;70030;5443.0;1
LKOH;0;20260414;70030;5443.5;5
LKOH;0;20260414;70030;5443.5;15
LKOH;0;20260414;70030;5443.5;9
LKOH;0;20260414;70030;5443.5;5
LKOH;0;20260414;70030;5443.5;9
LKOH;0;20260414;70030;5443.5;6
LKOH;0;20260414;70030;5443.5;7
LKOH;0;20260414;70031;5443.5;1
LKOH;0;20260414;70035;5443.5;500
LKOH;0;20260414;70035;5443.5;14
LKOH;0;20260414;70042;5444.0;1
LKOH;0;20260414;70044;5443.5;14
LKOH;0;20260414;70044;5443.0;3
LKOH;0;20260414;70045;5443.0;17
LKOH;0;20260414;70045;5442.5;25
LKOH;0;20260414;70045;5442.5;9
LKOH;0;20260414;70045;5442.5;7
LKOH;0;20260414;70045;5441.5;74
LKOH;0;20260414;70045;5441.0;30
LKOH;0;20260414;70045;5441.0;3
LKOH;0;20260414;70045;5440.5;20
LKOH;0;20260414;70045;5440.5;4
LKOH;0;20260414;70045;5440.5;20
LKOH;0;20260414;70045;5440.5;27
LKOH;0;20260414;70045;5440.5;1
LKOH;0;20260414;70045;5440.5;10
LKOH;0;20260414;70045;5440.0;1
LKOH;0;20260414;70045;5440.0;3
LKOH;0;20260414;70045;5440.0;19
LKOH;0;20260414;70045;5440.0;31
LKOH;0;20260414;70045;5439.0;3
LKOH;0;20260414;70045;5439.0;8
LKOH;0;20260414;70045;5439.0;8
LKOH;0;20260414;70045;5438.5;30
LKOH;0;20260414;70049;5444.5;1
LKOH;0;20260414;70049;5444.5;1
LKOH;0;20260414;70049;5444.5;1
LKOH;0;20260414;70049;5445.0;1
LKOH;0;20260414;70049;5445.5;1
LKOH;0;20260414;70049;5445.5;4
LKOH;0;20260414;70049;5446.0;1
LKOH;0;20260414;70049;5447.0;40
LKOH;0;20260414;70053;5443.5;3
LKOH;0;20260414;70054;5444.0;1
LKOH;0;20260414;70056;5444.0;1
LKOH;0;20260414;70057;5444.0;1
LKOH;0;20260414;70058;5444.0;1
LKOH;0;20260414;70101;5443.0;1
LKOH;0;20260414;70102;5443.5;1
LKOH;0;20260414;70103;5442.5;2
LKOH;0;20260414;70103;5442.5;5
LKOH;0;20260414;70104;5443.5;1
LKOH;0;20260414;70105;5444.0;1
LKOH;0;20260414;70110;5444.5;3
LKOH;0;20260414;70119;5444.5;12
LKOH;0;20260414;70119;5444.5;64
LKOH;0;20260414;70119;5445.0;24
LKOH;0;20260414;70122;5442.5;1
LKOH;0;20260414;70125;5443.0;5
LKOH;0;20260414;70125;5443.0;5
LKOH;0;20260414;70125;5443.5;6
LKOH;0;20260414;70125;5443.5;12
LKOH;0;20260414;70125;5443.5;7
LKOH;0;20260414;70125;5444.0;5
LKOH;0;20260414;70125;5444.0;5
LKOH;0;20260414;70125;5444.0;5
LKOH;0;20260414;70125;5444.0;5
LKOH;0;20260414;70125;5444.0;5
LKOH;0;20260414;70125;5444.0;5
LKOH;0;20260414;70125;5444.0;5
LKOH;0;20260414;70125;5444.0;5
LKOH;0;20260414;70125;5444.5;1
LKOH;0;20260414;70125;5445.0;20
LKOH;0;20260414;70130;5442.5;1
LKOH;0;20260414;70130;5445.0;256
LKOH;0;20260414;70130;5445.0;12
LKOH;0;20260414;70130;5445.0;20
LKOH;0;20260414;70130;5445.5;20
LKOH;0;20260414;70130;5446.0;5
LKOH;0;20260414;70130;5446.0;5
LKOH;0;20260414;70130;5446.0;20
LKOH;0;20260414;70130;5446.5;47
LKOH;0;20260414;70138;5442.5;5
LKOH;0;20260414;70138;5442.5;8
LKOH;0;20260414;70138;5442.5;6
LKOH;0;20260414;70138;5442.0;9
LKOH;0;20260414;70138;5442.0;9
LKOH;0;20260414;70138;5442.0;2
LKOH;0;20260414;70138;5441.5;13
LKOH;0;20260414;70138;5441.5;5
LKOH;0;20260414;70138;5441.5;2
LKOH;0;20260414;70138;5441.0;1
LKOH;0;20260414;70138;5441.0;6
LKOH;0;20260414;70138;5441.0;9
LKOH;0;20260414;70146;5440.5;1
LKOH;0;20260414;70146;5440.0;5
LKOH;0;20260414;70149;5443.5;1
LKOH;0;20260414;70149;5443.5;4
LKOH;0;20260414;70151;5441.5;1
LKOH;0;20260414;70151;5441.0;1
LKOH;0;20260414;70151;5440.5;4
LKOH;0;20260414;70151;5440.5;9
LKOH;0;20260414;70155;5440.0;5
LKOH;0;20260414;70155;5440.0;12
LKOH;0;20260414;70155;5440.0;1
LKOH;0;20260414;70155;5440.0;1
LKOH;0;20260414;70155;5439.5;18
LKOH;0;20260414;70157;5443.0;3
LKOH;0;20260414;70200;5443.0;71
LKOH;0;20260414;70200;5443.5;1
LKOH;0;20260414;70200;5443.5;1
LKOH;0;20260414;70200;5443.5;1
LKOH;0;20260414;70200;5443.5;1
LKOH;0;20260414;70200;5443.5;15
LKOH;0;20260414;70203;5441.5;2
LKOH;0;20260414;70203;5441.0;1
LKOH;0;20260414;70203;5441.0;1
LKOH;0;20260414;70203;5440.5;2
LKOH;0;20260414;70203;5440.5;12
LKOH;0;20260414;70203;5440.5;1
LKOH;0;20260414;70203;5440.5;1
LKOH;0;20260414;70203;5440.5;14
LKOH;0;20260414;70203;5440.0;20
LKOH;0;20260414;70203;5439.5;20
LKOH;0;20260414;70203;5439.0;20
LKOH;0;20260414;70203;5438.5;2
LKOH;0;20260414;70203;5438.0;1
LKOH;0;20260414;70203;5438.0;3
LKOH;0;20260414;70203;5438.0;20
LKOH;0;20260414;70203;5438.0;74
LKOH;0;20260414;70203;5437.5;64
LKOH;0;20260414;70203;5437.5;50
LKOH;0;20260414;70203;5437.5;10
LKOH;0;20260414;70203;5437.5;14
LKOH;0;20260414;70203;5437.0;283
LKOH;0;20260414;70203;5442.5;40
LKOH;0;20260414;70205;5441.0;1
LKOH;0;20260414;70205;5441.0;1
LKOH;0;20260414;70205;5441.0;8
LKOH;0;20260414;70224;5438.5;1
LKOH;0;20260414;70224;5438.5;12
LKOH;0;20260414;70224;5438.5;1
LKOH;0;20260414;70224;5438.5;1
LKOH;0;20260414;70224;5438.5;1
LKOH;0;20260414;70224;5438.5;1
LKOH;0;20260414;70224;5438.0;8
LKOH;0;20260414;70224;5437.5;20
LKOH;0;20260414;70224;5437.5;28
LKOH;0;20260414;70224;5437.0;425
LKOH;0;20260414;70240;5437.5;1
LKOH;0;20260414;70247;5437.0;300
LKOH;0;20260414;70248;5437.0;10
LKOH;0;20260414;70255;5437.5;1
LKOH;0;20260414;70255;5438.0;1
LKOH;0;20260414;70255;5438.0;5
LKOH;0;20260414;70255;5438.0;11
LKOH;0;20260414;70256;5437.0;2
LKOH;0;20260414;70259;5437.0;1
LKOH;0;20260414;70301;5439.0;1
LKOH;0;20260414;70301;5438.0;3
LKOH;0;20260414;70301;5440.0;3
LKOH;0;20260414;70306;5440.0;9
LKOH;0;20260414;70306;5440.0;14
LKOH;0;20260414;70306;5440.0;9
LKOH;0;20260414;70306;5440.0;5
LKOH;0;20260414;70306;5440.0;15
LKOH;0;20260414;70306;5440.0;6
LKOH;0;20260414;70306;5440.0;9
LKOH;0;20260414;70306;5440.0;9
LKOH;0;20260414;70306;5440.0;5
LKOH;0;20260414;70308;5438.0;5
LKOH;0;20260414;70308;5438.0;2
LKOH;0;20260414;70308;5438.0;2
LKOH;0;20260414;70308;5438.0;3
LKOH;0;20260414;70308;5438.0;5
LKOH;0;20260414;70308;5438.0;1
LKOH;0;20260414;70313;5440.0;10
LKOH;0;20260414;70313;5440.0;19
LKOH;0;20260414;70313;5440.0;13
LKOH;0;20260414;70331;5438.0;1
LKOH;0;20260414;70332;5440.0;9
LKOH;0;20260414;70333;5440.0;9
LKOH;0;20260414;70333;5440.0;9
LKOH;0;20260414;70333;5440.0;9
LKOH;0;20260414;70336;5440.0;13
LKOH;0;20260414;70409;5440.0;7
LKOH;0;20260414;70424;5439.0;1
LKOH;0;20260414;70425;5439.0;4
LKOH;0;20260414;70434;5439.0;1
LKOH;0;20260414;70438;5439.0;1
LKOH;0;20260414;70439;5439.0;1
LKOH;0;20260414;70442;5438.5;1
LKOH;0;20260414;70455;5439.0;8
LKOH;0;20260414;70457;5440.0;1
LKOH;0;20260414;70500;5439.5;5
LKOH;0;20260414;70502;5440.0;2
LKOH;0;20260414;70506;5440.0;10
LKOH;0;20260414;70506;5440.0;20
LKOH;0;20260414;70506;5440.0;28
LKOH;0;20260414;70508;5440.0;57
LKOH;0;20260414;70508;5441.0;1
LKOH;0;20260414;70508;5442.0;2
LKOH;0;20260414;70511;5442.0;1
LKOH;0;20260414;70519;5441.5;1
LKOH;0;20260414;70523;5441.5;2
LKOH;0;20260414;70523;5442.0;3
LKOH;0;20260414;70555;5441.5;1
LKOH;0;20260414;70555;5441.5;1
LKOH;0;20260414;70555;5441.5;1
LKOH;0;20260414;70555;5441.5;16
LKOH;0;20260414;70555;5441.5;16
LKOH;0;20260414;70555;5441.5;13
LKOH;0;20260414;70558;5441.0;2
LKOH;0;20260414;70600;5441.0;5
LKOH;0;20260414;70600;5441.0;18
LKOH;0;20260414;70608;5441.5;4
LKOH;0;20260414;70621;5441.5;1
LKOH;0;20260414;70623;5441.5;19
LKOH;0;20260414;70645;5441.5;2
LKOH;0;20260414;70656;5441.0;1
LKOH;0;20260414;70656;5441.0;12
LKOH;0;20260414;70658;5441.0;8
LKOH;0;20260414;70703;5440.5;1
LKOH;0;20260414;70708;5440.0;5
LKOH;0;20260414;70708;5440.0;3
LKOH;0;20260414;70708;5440.0;1
LKOH;0;20260414;70708;5440.0;1
LKOH;0;20260414;70708;5440.0;40
LKOH;0;20260414;70708;5440.0;2
LKOH;0;20260414;70708;5440.0;2
LKOH;0;20260414;70708;5439.5;1
LKOH;0;20260414;70708;5439.0;35
LKOH;0;20260414;70708;5439.0;9
LKOH;0;20260414;70708;5439.0;50
LKOH;0;20260414;70708;5439.0;20
LKOH;0;20260414;70708;5439.0;1
LKOH;0;20260414;70708;5439.0;51
LKOH;0;20260414;70715;5439.5;1
LKOH;0;20260414;70716;5440.0;1
LKOH;0;20260414;70719;5439.0;13
LKOH;0;20260414;70719;5441.0;1
LKOH;0;20260414;70719;5438.5;2
LKOH;0;20260414;70719;5438.5;1
LKOH;0;20260414;70719;5438.5;1
LKOH;0;20260414;70719;5438.5;2
LKOH;0;20260414;70725;5438.5;6
LKOH;0;20260414;70727;5438.5;24
LKOH;0;20260414;70727;5438.0;1
LKOH;0;20260414;70727;5438.0;20
LKOH;0;20260414;70727;5438.0;155
LKOH;0;20260414;70727;5438.0;15
LKOH;0;20260414;70727;5438.0;19
LKOH;0;20260414;70727;5438.0;9
LKOH;0;20260414;70727;5438.0;9
LKOH;0;20260414;70727;5438.0;5
LKOH;0;20260414;70727;5438.0;9
LKOH;0;20260414;70727;5438.0;5
LKOH;0;20260414;70729;5438.5;13
LKOH;0;20260414;70729;5438.5;7
LKOH;0;20260414;70729;5438.0;26
LKOH;0;20260414;70730;5438.0;9
LKOH;0;20260414;70730;5438.0;9
LKOH;0;20260414;70730;5438.0;9
LKOH;0;20260414;70733;5438.0;721
LKOH;0;20260414;70733;5438.0;2
LKOH;0;20260414;70733;5437.5;10
LKOH;0;20260414;70733;5437.0;5
LKOH;0;20260414;70733;5437.0;9
LKOH;0;20260414;70733;5437.0;9
LKOH;0;20260414;70733;5437.0;9
LKOH;0;20260414;70733;5437.0;9
LKOH;0;20260414;70733;5437.0;28
LKOH;0;20260414;70733;5437.0;28
LKOH;0;20260414;70734;5437.0;9
LKOH;0;20260414;70734;5437.0;9
LKOH;0;20260414;70734;5437.0;20
LKOH;0;20260414;70734;5437.0;28
LKOH;0;20260414;70734;5437.0;316
LKOH;0;20260414;70734;5437.0;1
LKOH;0;20260414;70734;5437.0;5
LKOH;0;20260414;70734;5436.5;3
LKOH;0;20260414;70745;5436.5;13
LKOH;0;20260414;70745;5436.5;8
LKOH;0;20260414;70745;5436.5;3
LKOH;0;20260414;70745;5436.5;2
LKOH;0;20260414;70745;5436.5;4
LKOH;0;20260414;70745;5436.5;3
LKOH;0;20260414;70745;5436.5;29
LKOH;0;20260414;70745;5436.5;29
LKOH;0;20260414;70745;5436.5;9
LKOH;0;20260414;70745;5436.5;12
LKOH;0;20260414;70745;5436.5;8
LKOH;0;20260414;70758;5436.0;11
LKOH;0;20260414;70759;5436.0;2
LKOH;0;20260414;70801;5435.5;3
LKOH;0;20260414;70801;5435.5;3
LKOH;0;20260414;70801;5435.5;1
LKOH;0;20260414;70803;5435.0;6
LKOH;0;20260414;70803;5435.0;18
LKOH;0;20260414;70814;5435.0;1
LKOH;0;20260414;70814;5435.0;9
LKOH;0;20260414;70821;5435.0;1
LKOH;0;20260414;70821;5435.0;17
LKOH;0;20260414;70821;5434.5;3
LKOH;0;20260414;70821;5434.0;3
LKOH;0;20260414;70821;5433.5;2
LKOH;0;20260414;70821;5433.0;3
LKOH;0;20260414;70821;5433.0;2
LKOH;0;20260414;70821;5433.0;2
LKOH;0;20260414;70821;5433.0;12
LKOH;0;20260414;70821;5433.0;24
LKOH;0;20260414;70821;5432.0;3
LKOH;0;20260414;70821;5432.0;1
LKOH;0;20260414;70821;5432.0;152
LKOH;0;20260414;70823;5431.0;3
LKOH;0;20260414;70823;5431.0;1
LKOH;0;20260414;70823;5431.0;1
LKOH;0;20260414;70823;5430.0;3
LKOH;0;20260414;70823;5430.0;5
LKOH;0;20260414;70823;5430.0;19
LKOH;0;20260414;70823;5430.0;1
LKOH;0;20260414;70824;5430.5;24
LKOH;0;20260414;70824;5430.5;22
LKOH;0;20260414;70824;5430.0;54
LKOH;0;20260414;70832;5430.5;1
LKOH;0;20260414;70835;5432.0;20
LKOH;0;20260414;70847;5434.5;28
LKOH;0;20260414;70849;5432.0;10
LKOH;0;20260414;70849;5432.0;10
LKOH;0;20260414;70852;5434.5;8
LKOH;0;20260414;70853;5432.0;3
LKOH;0;20260414;70853;5432.0;7
LKOH;0;20260414;70904;5433.0;1
LKOH;0;20260414;70904;5433.0;11
LKOH;0;20260414;70904;5433.0;13
LKOH;0;20260414;70904;5433.0;5
LKOH;0;20260414;70904;5433.0;35
LKOH;0;20260414;70904;5433.0;35
LKOH;0;20260414;70904;5433.0;24
LKOH;0;20260414;70904;5433.0;3
LKOH;0;20260414;70904;5433.0;3
LKOH;0;20260414;70904;5433.0;7
LKOH;0;20260414;70904;5432.5;3
LKOH;0;20260414;70904;5432.5;14
LKOH;0;20260414;70904;5432.5;32
LKOH;0;20260414;70904;5432.5;30
LKOH;0;20260414;70904;5432.0;1
LKOH;0;20260414;70904;5432.0;76
LKOH;0;20260414;70904;5432.0;20
LKOH;0;20260414;70904;5432.0;8
LKOH;0;20260414;70904;5431.5;12
LKOH;0;20260414;70904;5431.5;50
LKOH;0;20260414;70904;5431.5;17
LKOH;0;20260414;70907;5434.5;10
LKOH;0;20260414;70910;5434.0;1
LKOH;0;20260414;70910;5434.5;2
LKOH;0;20260414;70913;5434.5;1
LKOH;0;20260414;70915;5434.5;1
LKOH;0;20260414;70918;5434.5;1
LKOH;0;20260414;70928;5432.5;1
LKOH;0;20260414;70928;5432.5;11
LKOH;0;20260414;70928;5432.5;29
LKOH;0;20260414;70928;5432.5;13
LKOH;0;20260414;70928;5432.5;4
LKOH;0;20260414;70928;5432.5;3
LKOH;0;20260414;70928;5432.5;7
LKOH;0;20260414;70928;5432.5;24
LKOH;0;20260414;70928;5432.5;6
LKOH;0;20260414;70928;5432.5;36
LKOH;0;20260414;70928;5432.5;36
LKOH;0;20260414;70936;5434.5;4
LKOH;0;20260414;70953;5434.5;10
LKOH;0;20260414;70955;5434.5;10
LKOH;0;20260414;71016;5434.5;1
LKOH;0;20260414;71017;5434.5;2
LKOH;0;20260414;71022;5434.5;2
LKOH;0;20260414;71030;5434.5;1
LKOH;0;20260414;71036;5434.5;1
LKOH;0;20260414;71046;5434.5;15
LKOH;0;20260414;71113;5434.5;8
LKOH;0;20260414;71124;5434.5;11
LKOH;0;20260414;71126;5433.5;1
LKOH;0;20260414;71148;5433.0;1
LKOH;0;20260414;71148;5432.5;1
LKOH;0;20260414;71148;5432.0;11
LKOH;0;20260414;71148;5431.5;11
LKOH;0;20260414;71148;5431.5;5
LKOH;0;20260414;71148;5431.5;13
LKOH;0;20260414;71148;5431.0;5
LKOH;0;20260414;71148;5431.0;17
LKOH;0;20260414;71148;5431.0;36
LKOH;0;20260414;71152;5431.0;30
LKOH;0;20260414;71155;5431.0;1
LKOH;0;20260414;71200;5431.0;10
LKOH;0;20260414;71203;5431.0;19
LKOH;0;20260414;71203;5431.0;11
LKOH;0;20260414;71203;5431.0;1
LKOH;0;20260414;71203;5431.0;5
LKOH;0;20260414;71203;5431.0;4
LKOH;0;20260414;71203;5430.5;460
LKOH;0;20260414;71206;5430.5;4
LKOH;0;20260414;71210;5430.5;20
LKOH;0;20260414;71212;5430.5;10
LKOH;0;20260414;71212;5430.5;28
LKOH;0;20260414;71215;5431.5;1
LKOH;0;20260414;71216;5431.5;10
LKOH;0;20260414;71217;5430.5;27
LKOH;0;20260414;71217;5430.0;15
LKOH;0;20260414;71221;5431.5;20
LKOH;0;20260414;71237;5430.5;1
LKOH;0;20260414;71237;5430.5;5
LKOH;0;20260414;71237;5430.5;1
LKOH;0;20260414;71237;5430.5;2
LKOH;0;20260414;71237;5430.5;1
LKOH;0;20260414;71241;5430.5;5
LKOH;0;20260414;71241;5430.0;5
LKOH;0;20260414;71315;5433.5;1
LKOH;0;20260414;71318;5431.5;190
LKOH;0;20260414;71318;5431.5;1
LKOH;0;20260414;71318;5431.5;8
LKOH;0;20260414;71318;5431.5;1
LKOH;0;20260414;71319;5433.5;1
LKOH;0;20260414;71345;5432.0;2
LKOH;0;20260414;71345;5432.0;3
LKOH;0;20260414;71351;5433.0;5
LKOH;0;20260414;71354;5433.5;4
LKOH;0;20260414;71356;5432.0;3
LKOH;0;20260414;71404;5433.5;1
LKOH;0;20260414;71410;5432.5;1
LKOH;0;20260414;71413;5433.0;3
LKOH;0;20260414;71419;5432.5;1
LKOH;0;20260414;71426;5431.5;1
LKOH;0;20260414;71426;5431.5;1
LKOH;0;20260414;71447;5432.5;1
LKOH;0;20260414;71450;5431.0;1
LKOH;0;20260414;71510;5432.5;1
LKOH;0;20260414;71513;5432.5;3
LKOH;0;20260414;71513;5432.5;5
LKOH;0;20260414;71517;5431.5;1
LKOH;0;20260414;71517;5431.5;2
LKOH;0;20260414;71517;5431.5;1
LKOH;0;20260414;71539;5432.5;5
LKOH;0;20260414;71552;5432.5;3
LKOH;0;20260414;71553;5432.5;1
LKOH;0;20260414;71617;5431.5;1
LKOH;0;20260414;71617;5431.5;1
LKOH;0;20260414;71617;5431.5;6
LKOH;0;20260414;71620;5433.0;19
LKOH;0;20260414;71620;5433.0;6
LKOH;0;20260414;71620;5433.5;10
LKOH;0;20260414;71708;5433.0;5
LKOH;0;20260414;71742;5433.5;1
LKOH;0;20260414;71756;5433.0;20
LKOH;0;20260414;71907;5433.0;1
LKOH;0;20260414;71914;5432.0;1
LKOH;0;20260414;71924;5431.5;1
LKOH;0;20260414;71924;5431.5;1
LKOH;0;20260414;71924;5431.0;8
LKOH;0;20260414;71936;5432.0;1
LKOH;0;20260414;71937;5432.0;5
LKOH;0;20260414;71937;5432.0;13
LKOH;0;20260414;71937;5432.0;15
LKOH;0;20260414;71937;5432.5;4
LKOH;0;20260414;71937;5432.5;4
LKOH;0;20260414;71937;5433.0;13
LKOH;0;20260414;71953;5432.0;2
LKOH;0;20260414;71953;5431.5;16
LKOH;0;20260414;71953;5431.5;2
LKOH;0;20260414;71953;5431.5;1
LKOH;0;20260414;71953;5431.5;13
LKOH;0;20260414;71953;5431.0;10
LKOH;0;20260414;71953;5431.0;3
LKOH;0;20260414;71953;5431.0;5
LKOH;0;20260414;71953;5431.0;8
LKOH;0;20260414;71953;5431.0;1
LKOH;0;20260414;71953;5430.0;406
LKOH;0;20260414;71953;5430.0;2
LKOH;0;20260414;71953;5430.0;30
LKOH;0;20260414;71953;5430.0;1
LKOH;0;20260414;71953;5430.0;2
LKOH;0;20260414;71953;5430.0;20
LKOH;0;20260414;71953;5430.0;10
LKOH;0;20260414;71953;5430.0;4
LKOH;0;20260414;71953;5430.0;3
LKOH;0;20260414;71953;5430.0;2
LKOH;0;20260414;71953;5430.0;1
LKOH;0;20260414;71953;5430.0;2
LKOH;0;20260414;71953;5430.0;20
LKOH;0;20260414;71953;5429.5;1
LKOH;0;20260414;71953;5429.5;50
LKOH;0;20260414;71953;5429.5;20
LKOH;0;20260414;71953;5429.0;3
LKOH;0;20260414;71953;5429.0;5
LKOH;0;20260414;71953;5429.0;20
LKOH;0;20260414;71953;5428.5;20
LKOH;0;20260414;71953;5428.5;57
LKOH;0;20260414;71958;5431.0;10
LKOH;0;20260414;72005;5430.5;1
LKOH;0;20260414;72005;5431.0;1
LKOH;0;20260414;72052;5432.0;1
LKOH;0;20260414;72109;5432.0;1
LKOH;0;20260414;72109;5432.0;1
LKOH;0;20260414;72109;5431.5;1
LKOH;0;20260414;72109;5431.5;1
LKOH;0;20260414;72115;5431.5;1
LKOH;0;20260414;72116;5431.5;3
LKOH;0;20260414;72131;5431.5;1
LKOH;0;20260414;72135;5431.5;13
LKOH;0;20260414;72135;5431.5;33
LKOH;0;20260414;72135;5431.5;13
LKOH;0;20260414;72140;5431.5;89
LKOH;0;20260414;72140;5431.5;1
LKOH;0;20260414;72151;5433.0;10
LKOH;0;20260414;72151;5433.0;10
LKOH;0;20260414;72151;5434.0;1
LKOH;0;20260414;72151;5434.5;10
LKOH;0;20260414;72151;5434.5;4
LKOH;0;20260414;72151;5434.5;74
LKOH;0;20260414;72151;5435.0;1
LKOH;0;20260414;72207;5435.0;2
LKOH;0;20260414;72215;5435.0;33
LKOH;0;20260414;72228;5438.0;1
LKOH;0;20260414;72228;5438.0;2
LKOH;0;20260414;72300;5438.0;5
LKOH;0;20260414;72301;5437.5;1
LKOH;0;20260414;72349;5437.0;1
LKOH;0;20260414;72349;5437.0;22
LKOH;0;20260414;72349;5437.0;43
LKOH;0;20260414;72349;5437.0;8
LKOH;0;20260414;72349;5437.0;8
LKOH;0;20260414;72349;5437.0;37
LKOH;0;20260414;72349;5437.0;15
LKOH;0;20260414;72349;5437.0;1
LKOH;0;20260414;72349;5437.0;46
LKOH;0;20260414;72349;5437.0;14
LKOH;0;20260414;72349;5437.5;20
LKOH;0;20260414;72349;5437.5;1
LKOH;0;20260414;72349;5437.5;16
LKOH;0;20260414;72349;5437.5;13
LKOH;0;20260414;72349;5437.5;2
LKOH;0;20260414;72349;5438.0;20
LKOH;0;20260414;72349;5438.0;25
LKOH;0;20260414;72349;5438.5;8
LKOH;0;20260414;72349;5438.5;8
LKOH;0;20260414;72349;5438.5;8
LKOH;0;20260414;72349;5438.5;8
LKOH;0;20260414;72349;5438.5;20
LKOH;0;20260414;72349;5438.5;4
LKOH;0;20260414;72349;5439.0;8
LKOH;0;20260414;72349;5439.0;8
LKOH;0;20260414;72349;5439.0;8
LKOH;0;20260414;72349;5439.0;20
LKOH;0;20260414;72349;5439.0;14
LKOH;0;20260414;72349;5439.5;8
LKOH;0;20260414;72349;5439.5;8
LKOH;0;20260414;72349;5439.5;50
LKOH;0;20260414;72349;5440.0;25
LKOH;0;20260414;72349;5440.5;64
LKOH;0;20260414;72349;5440.5;64
LKOH;0;20260414;72349;5441.0;15
LKOH;0;20260414;72349;5441.0;8
LKOH;0;20260414;72349;5441.0;8
LKOH;0;20260414;72349;5441.0;44
LKOH;0;20260414;72353;5439.5;13
LKOH;0;20260414;72353;5439.5;3
LKOH;0;20260414;72353;5439.5;20
LKOH;0;20260414;72353;5439.5;44
LKOH;0;20260414;72353;5439.5;22
LKOH;0;20260414;72353;5440.0;7
LKOH;0;20260414;72353;5440.0;2
LKOH;0;20260414;72353;5440.0;1
LKOH;0;20260414;72357;5439.5;3
LKOH;0;20260414;72409;5439.0;1
LKOH;0;20260414;72443;5438.5;1
LKOH;0;20260414;72443;5439.0;4
LKOH;0;20260414;72445;5439.0;1
LKOH;0;20260414;72454;5439.0;1
LKOH;0;20260414;72457;5438.0;1
LKOH;0;20260414;72458;5439.0;1
LKOH;0;20260414;72458;5438.0;4
LKOH;0;20260414;72458;5438.0;16
LKOH;0;20260414;72458;5438.0;15
LKOH;0;20260414;72458;5437.0;13
LKOH;0;20260414;72458;5437.0;15
LKOH;0;20260414;72458;5436.5;1
LKOH;0;20260414;72458;5436.5;1
LKOH;0;20260414;72458;5436.5;20
LKOH;0;20260414;72458;5436.0;20
LKOH;0;20260414;72458;5435.5;20
LKOH;0;20260414;72458;5435.0;20
LKOH;0;20260414;72458;5435.0;74
LKOH;0;20260414;72458;5434.5;3
LKOH;0;20260414;72515;5435.0;1
LKOH;0;20260414;72515;5435.0;16
LKOH;0;20260414;72515;5435.0;19
LKOH;0;20260414;72515;5435.0;37
LKOH;0;20260414;72515;5435.0;22
LKOH;0;20260414;72557;5436.5;9
LKOH;0;20260414;72601;5437.0;1
LKOH;0;20260414;72609;5438.0;1
LKOH;0;20260414;72613;5439.0;1
LKOH;0;20260414;72629;5439.5;23
LKOH;0;20260414;72648;5439.5;1
LKOH;0;20260414;72653;5438.0;1
LKOH;0;20260414;72653;5437.5;3
LKOH;0;20260414;72704;5439.5;19
LKOH;0;20260414;72704;5439.5;37
LKOH;0;20260414;72704;5439.5;1
LKOH;0;20260414;72704;5439.5;13
LKOH;0;20260414;72712;5439.0;30
LKOH;0;20260414;72716;5438.0;1
LKOH;0;20260414;72716;5437.5;1
LKOH;0;20260414;72716;5437.5;13
LKOH;0;20260414;72716;5437.5;1
LKOH;0;20260414;72726;5437.5;1
LKOH;0;20260414;72733;5437.5;1
LKOH;0;20260414;72734;5437.5;1
LKOH;0;20260414;72825;5438.5;1
LKOH;0;20260414;72825;5438.5;1
LKOH;0;20260414;72829;5439.0;1
LKOH;0;20260414;72845;5439.0;1
LKOH;0;20260414;72901;5439.0;1
LKOH;0;20260414;72905;5439.0;5
LKOH;0;20260414;72917;5439.0;1
LKOH;0;20260414;72935;5439.0;1
LKOH;0;20260414;73016;5439.0;1
LKOH;0;20260414;73018;5439.0;88
LKOH;0;20260414;73018;5439.0;13
LKOH;0;20260414;73030;5439.5;1
LKOH;0;20260414;73049;5439.5;7
LKOH;0;20260414;73049;5439.5;1
LKOH;0;20260414;73052;5439.0;1
LKOH;0;20260414;73109;5439.5;1
LKOH;0;20260414;73138;5439.0;3
LKOH;0;20260414;73145;5439.0;75
LKOH;0;20260414;73145;5439.0;1
LKOH;0;20260414;73145;5439.0;1
LKOH;0;20260414;73145;5439.0;14
LKOH;0;20260414;73145;5438.0;21
LKOH;0;20260414;73154;5438.0;511
LKOH;0;20260414;73158;5438.0;1
LKOH;0;20260414;73159;5438.5;1
LKOH;0;20260414;73207;5438.5;6
LKOH;0;20260414;73208;5439.5;2
LKOH;0;20260414;73211;5439.5;13
LKOH;0;20260414;73211;5439.5;13
LKOH;0;20260414;73211;5439.5;28
LKOH;0;20260414;73211;5439.5;8
LKOH;0;20260414;73212;5439.5;9
LKOH;0;20260414;73212;5439.5;9
LKOH;0;20260414;73213;5439.5;9
LKOH;0;20260414;73213;5439.5;9
LKOH;0;20260414;73213;5439.5;1
LKOH;0;20260414;73213;5440.0;3
LKOH;0;20260414;73213;5440.5;2
LKOH;0;20260414;73213;5440.5;2
LKOH;0;20260414;73234;5440.5;1
LKOH;0;20260414;73237;5440.5;1
LKOH;0;20260414;73240;5440.5;1
LKOH;0;20260414;73301;5441.0;5
LKOH;0;20260414;73301;5441.0;1
LKOH;0;20260414;73301;5441.5;3
LKOH;0;20260414;73301;5442.0;2
LKOH;0;20260414;73301;5442.0;3
LKOH;0;20260414;73301;5443.0;1
LKOH;0;20260414;73301;5443.0;2
LKOH;0;20260414;73301;5443.0;1
LKOH;0;20260414;73301;5443.0;13
LKOH;0;20260414;73314;5443.5;1
LKOH;0;20260414;73314;5444.0;1
LKOH;0;20260414;73314;5444.0;5
LKOH;0;20260414;73324;5444.0;1
LKOH;0;20260414;73325;5443.5;2
LKOH;0;20260414;73330;5444.0;4
LKOH;0;20260414;73356;5444.0;1
LKOH;0;20260414;73356;5444.0;8
LKOH;0;20260414;73356;5444.0;1
LKOH;0;20260414;73356;5444.0;1
LKOH;0;20260414;73356;5444.0;2
LKOH;0;20260414;73356;5444.0;10
LKOH;0;20260414;73403;5445.0;2
LKOH;0;20260414;73403;5445.0;4
LKOH;0;20260414;73403;5445.0;10
LKOH;0;20260414;73403;5445.0;2
LKOH;0;20260414;73403;5445.0;8
LKOH;0;20260414;73403;5445.0;8
LKOH;0;20260414;73403;5446.0;5
LKOH;0;20260414;73403;5446.0;5
LKOH;0;20260414;73403;5446.0;8
LKOH;0;20260414;73403;5446.0;8
LKOH;0;20260414;73403;5446.0;13
LKOH;0;20260414;73403;5446.5;12
LKOH;0;20260414;73403;5447.0;8
LKOH;0;20260414;73403;5447.0;8
LKOH;0;20260414;73403;5447.0;1
LKOH;0;20260414;73404;5447.0;7
LKOH;0;20260414;73404;5447.0;8
LKOH;0;20260414;73404;5447.5;1
LKOH;0;20260414;73404;5447.5;8
LKOH;0;20260414;73404;5447.5;8
LKOH;0;20260414;73404;5447.5;58
LKOH;0;20260414;73404;5447.5;13
LKOH;0;20260414;73404;5447.5;1
LKOH;0;20260414;73404;5447.5;1
LKOH;0;20260414;73404;5448.0;8
LKOH;0;20260414;73404;5448.5;2
LKOH;0;20260414;73404;5448.5;1
LKOH;0;20260414;73404;5448.5;2
LKOH;0;20260414;73404;5448.5;5
LKOH;0;20260414;73404;5448.5;77
LKOH;0;20260414;73405;5445.5;1
LKOH;0;20260414;73419;5448.0;3
LKOH;0;20260414;73419;5449.0;17
LKOH;0;20260414;73419;5449.0;1
LKOH;0;20260414;73421;5449.0;1
LKOH;0;20260414;73422;5449.0;6
LKOH;0;20260414;73426;5449.0;1
LKOH;0;20260414;73436;5448.5;3
LKOH;0;20260414;73436;5449.0;2
LKOH;0;20260414;73440;5449.0;10
LKOH;0;20260414;73442;5449.0;1
LKOH;0;20260414;73444;5449.0;29
LKOH;0;20260414;73444;5449.0;1
LKOH;0;20260414;73451;5449.0;7
LKOH;0;20260414;73451;5449.0;8
LKOH;0;20260414;73451;5449.0;8
LKOH;0;20260414;73451;5449.0;8
LKOH;0;20260414;73452;5449.0;46
LKOH;0;20260414;73454;5449.0;154
LKOH;0;20260414;73454;5449.5;13
LKOH;0;20260414;73454;5450.0;1
LKOH;0;20260414;73454;5450.0;80
LKOH;0;20260414;73454;5450.0;8
LKOH;0;20260414;73454;5450.0;8
LKOH;0;20260414;73454;5450.0;3
LKOH;0;20260414;73454;5450.0;10
LKOH;0;20260414;73454;5450.0;23
LKOH;0;20260414;73454;5450.5;20
LKOH;0;20260414;73454;5451.0;13
LKOH;0;20260414;73454;5451.0;50
LKOH;0;20260414;73454;5451.0;20
LKOH;0;20260414;73454;5451.0;25
LKOH;0;20260414;73454;5451.5;20
LKOH;0;20260414;73454;5451.5;70
LKOH;0;20260414;73454;5452.0;5
LKOH;0;20260414;73454;5452.0;5
LKOH;0;20260414;73454;5452.0;2
LKOH;0;20260414;73454;5452.0;1
LKOH;0;20260414;73454;5452.0;40
LKOH;0;20260414;73454;5452.0;2
LKOH;0;20260414;73454;5452.0;60
LKOH;0;20260414;73454;5452.0;1
LKOH;0;20260414;73454;5452.5;30
LKOH;0;20260414;73458;5451.0;32
LKOH;0;20260414;73458;5451.5;13
LKOH;0;20260414;73458;5451.5;1
LKOH;0;20260414;73458;5451.5;3
LKOH;0;20260414;73458;5451.5;2
LKOH;0;20260414;73458;5452.0;1
LKOH;0;20260414;73458;5452.0;20
LKOH;0;20260414;73458;5452.5;5
LKOH;0;20260414;73458;5452.5;5
LKOH;0;20260414;73458;5452.5;18
LKOH;0;20260414;73502;5449.5;2
LKOH;0;20260414;73510;5449.5;25
LKOH;0;20260414;73510;5449.5;37
LKOH;0;20260414;73510;5449.0;8
LKOH;0;20260414;73525;5448.0;13
LKOH;0;20260414;73525;5448.0;1
LKOH;0;20260414;73532;5450.0;1
LKOH;0;20260414;73532;5450.0;1
LKOH;0;20260414;73533;5448.0;1
LKOH;0;20260414;73533;5448.0;1
LKOH;0;20260414;73533;5448.0;8
LKOH;0;20260414;73533;5448.0;1
LKOH;0;20260414;73543;5448.5;5
LKOH;0;20260414;73543;5449.5;13
LKOH;0;20260414;73543;5450.0;1
LKOH;0;20260414;73543;5450.5;2
LKOH;0;20260414;73543;5450.5;4
LKOH;0;20260414;73545;5448.0;3
LKOH;0;20260414;73549;5449.5;1
LKOH;0;20260414;73559;5450.0;3
LKOH;0;20260414;73559;5449.5;1
LKOH;0;20260414;73604;5449.5;18
LKOH;0;20260414;73606;5449.5;5
LKOH;0;20260414;73608;5449.5;1
LKOH;0;20260414;73611;5449.5;5
LKOH;0;20260414;73631;5448.5;1
LKOH;0;20260414;73639;5448.0;5
LKOH;0;20260414;73642;5447.5;4
LKOH;0;20260414;73644;5447.5;1
LKOH;0;20260414;73702;5445.0;1
LKOH;0;20260414;73709;5445.0;3
LKOH;0;20260414;73709;5445.0;1
LKOH;0;20260414;73730;5445.0;1
LKOH;0;20260414;73818;5445.0;1
LKOH;0;20260414;73819;5445.0;3
LKOH;0;20260414;73828;5445.0;11
LKOH;0;20260414;73844;5445.0;7
LKOH;0;20260414;73846;5445.0;8
LKOH;0;20260414;73846;5445.0;5
LKOH;0;20260414;73850;5445.0;1
LKOH;0;20260414;73909;5445.0;1
LKOH;0;20260414;73913;5445.0;1
LKOH;0;20260414;73929;5445.0;19
LKOH;0;20260414;73929;5445.0;15
LKOH;0;20260414;73929;5445.0;1
LKOH;0;20260414;73929;5445.0;5
LKOH;0;20260414;73932;5444.5;1
LKOH;0;20260414;73936;5444.5;1
LKOH;0;20260414;73948;5445.0;10
LKOH;0;20260414;74001;5445.0;9
LKOH;0;20260414;74006;5445.0;4
LKOH;0;20260414;74016;5444.5;25
LKOH;0;20260414;74016;5444.5;13
LKOH;0;20260414;74016;5444.5;11
LKOH;0;20260414;74018;5445.0;1
LKOH;0;20260414;74020;5445.0;1
LKOH;0;20260414;74037;5445.0;3
LKOH;0;20260414;74050;5445.0;2
LKOH;0;20260414;74057;5445.0;3
LKOH;0;20260414;74108;5445.0;1
LKOH;0;20260414;74120;5445.0;11
LKOH;0;20260414;74128;5445.0;1
LKOH;0;20260414;74139;5445.0;1
LKOH;0;20260414;74139;5445.0;25
LKOH;0;20260414;74139;5445.0;10
LKOH;0;20260414;74139;5445.0;1
LKOH;0;20260414;74139;5445.0;1
LKOH;0;20260414;74140;5446.0;1
LKOH;0;20260414;74202;5445.5;3
LKOH;0;20260414;74207;5446.0;1
LKOH;0;20260414;74219;5446.0;1
LKOH;0;20260414;74228;5446.0;7
LKOH;0;20260414;74243;5447.0;1
LKOH;0;20260414;74243;5447.0;1
LKOH;0;20260414;74244;5447.0;1
LKOH;0;20260414;74259;5447.0;1
LKOH;0;20260414;74259;5447.0;7
LKOH;0;20260414;74259;5449.0;5
LKOH;0;20260414;74259;5449.0;11
LKOH;0;20260414;74259;5449.0;11
LKOH;0;20260414;74259;5449.0;4
LKOH;0;20260414;74259;5449.0;13
LKOH;0;20260414;74259;5449.5;39
LKOH;0;20260414;74310;5449.5;11
LKOH;0;20260414;74313;5447.0;2
LKOH;0;20260414;74323;5447.0;1
LKOH;0;20260414;74339;5449.5;1
LKOH;0;20260414;74409;5449.0;1
LKOH;0;20260414;74409;5449.0;2
LKOH;0;20260414;74409;5449.0;18
LKOH;0;20260414;74409;5449.0;13
LKOH;0;20260414;74409;5449.0;22
LKOH;0;20260414;74413;5449.0;1
LKOH;0;20260414;74448;5448.5;1
LKOH;0;20260414;74450;5447.0;5
LKOH;0;20260414;74450;5446.5;1
LKOH;0;20260414;74450;5446.5;1
LKOH;0;20260414;74450;5446.0;6
LKOH;0;20260414;74457;5446.0;27
LKOH;0;20260414;74500;5446.0;15
LKOH;0;20260414;74505;5445.5;1
LKOH;0;20260414;74523;5445.0;100
LKOH;0;20260414;74525;5445.0;47
LKOH;0;20260414;74525;5445.0;1
LKOH;0;20260414;74544;5445.0;1
LKOH;0;20260414;74558;5444.5;1
LKOH;0;20260414;74558;5444.0;8
LKOH;0;20260414;74558;5444.0;12
LKOH;0;20260414;74602;5444.5;25
LKOH;0;20260414;74602;5444.5;10
LKOH;0;20260414;74604;5445.0;2
LKOH;0;20260414;74624;5445.0;1
LKOH;0;20260414;74627;5444.5;1
LKOH;0;20260414;74645;5445.0;6
LKOH;0;20260414;74702;5446.0;2
LKOH;0;20260414;74713;5446.0;5
LKOH;0;20260414;74714;5446.0;5
LKOH;0;20260414;74721;5446.0;3
LKOH;0;20260414;74733;5445.0;7
LKOH;0;20260414;74822;5446.0;1
LKOH;0;20260414;74833;5445.0;3
LKOH;0;20260414;74836;5446.0;1
LKOH;0;20260414;74843;5446.0;1
LKOH;0;20260414;74846;5446.0;4
LKOH;0;20260414;74846;5446.0;1
LKOH;0;20260414;74921;5445.0;1
LKOH;0;20260414;74924;5446.0;2
LKOH;0;20260414;74948;5446.0;1
LKOH;0;20260414;74948;5446.0;1
LKOH;0;20260414;74959;5445.0;1
LKOH;0;20260414;75007;5445.0;1
LKOH;0;20260414;75010;5446.0;1
LKOH;0;20260414;75011;5446.0;1
LKOH;0;20260414;75013;5446.0;1
LKOH;0;20260414;75014;5446.0;2
LKOH;0;20260414;75014;5446.5;1
LKOH;0;20260414;75014;5446.5;1
LKOH;0;20260414;75015;5446.5;1
LKOH;0;20260414;75027;5446.5;7
LKOH;0;20260414;75027;5447.0;10
LKOH;0;20260414;75027;5447.0;1
LKOH;0;20260414;75037;5445.5;1
LKOH;0;20260414;75043;5445.5;1
LKOH;0;20260414;75051;5447.0;1
LKOH;0;20260414;75058;5447.0;8
LKOH;0;20260414;75058;5447.0;10
LKOH;0;20260414;75058;5447.0;25
LKOH;0;20260414;75058;5447.0;11
LKOH;0;20260414;75128;5446.0;1
LKOH;0;20260414;75131;5447.0;1
LKOH;0;20260414;75133;5447.0;1
LKOH;0;20260414;75134;5447.5;10
LKOH;0;20260414;75134;5448.5;2
LKOH;0;20260414;75134;5448.5;13
LKOH;0;20260414;75134;5449.0;4
LKOH;0;20260414;75134;5449.0;19
LKOH;0;20260414;75151;5449.5;16
LKOH;0;20260414;75151;5449.5;14
LKOH;0;20260414;75153;5451.0;1
LKOH;0;20260414;75214;5450.5;1
LKOH;0;20260414;75215;5450.5;3
LKOH;0;20260414;75215;5451.0;2
LKOH;0;20260414;75241;5451.0;1
LKOH;0;20260414;75300;5451.0;63
LKOH;0;20260414;75300;5451.0;1
LKOH;0;20260414;75300;5451.0;12
LKOH;0;20260414;75300;5451.0;26
LKOH;0;20260414;75300;5451.0;19
LKOH;0;20260414;75300;5451.0;37
LKOH;0;20260414;75300;5451.0;44
LKOH;0;20260414;75300;5451.0;18
LKOH;0;20260414;75300;5451.0;25
LKOH;0;20260414;75300;5451.0;49
LKOH;0;20260414;75300;5451.0;21
LKOH;0;20260414;75300;5451.0;19
LKOH;0;20260414;75300;5451.5;555
LKOH;0;20260414;75300;5451.5;1
LKOH;0;20260414;75300;5451.5;1
LKOH;0;20260414;75300;5451.5;1
LKOH;0;20260414;75300;5452.0;50
LKOH;0;20260414;75300;5452.0;50
LKOH;0;20260414;75300;5452.0;5
LKOH;0;20260414;75300;5452.0;103
LKOH;0;20260414;75300;5451.5;1
LKOH;0;20260414;75303;5451.5;3
LKOH;0;20260414;75303;5451.5;18
LKOH;0;20260414;75303;5451.5;19
LKOH;0;20260414;75303;5452.0;8
LKOH;0;20260414;75306;5452.0;4
LKOH;0;20260414;75306;5452.0;1
LKOH;0;20260414;75319;5452.0;7
LKOH;0;20260414;75319;5452.0;2
LKOH;0;20260414;75350;5451.0;1
LKOH;0;20260414;75352;5451.0;3
LKOH;0;20260414;75354;5451.0;9
LKOH;0;20260414;75356;5451.0;4
LKOH;0;20260414;75356;5451.0;25
LKOH;0;20260414;75357;5451.0;5
LKOH;0;20260414;75358;5451.0;2
LKOH;0;20260414;75412;5451.0;1
LKOH;0;20260414;75421;5451.0;11
LKOH;0;20260414;75421;5451.0;9
LKOH;0;20260414;75445;5451.0;40
LKOH;0;20260414;75450;5450.5;3
LKOH;0;20260414;75454;5451.0;2
LKOH;0;20260414;75507;5450.5;1
LKOH;0;20260414;75516;5451.0;2
LKOH;0;20260414;75519;5451.0;5
LKOH;0;20260414;75521;5450.5;1
LKOH;0;20260414;75539;5451.0;1
LKOH;0;20260414;75543;5451.0;9
LKOH;0;20260414;75543;5451.0;50
LKOH;0;20260414;75552;5450.5;1
LKOH;0;20260414;75608;5451.0;2
LKOH;0;20260414;75626;5451.0;1
LKOH;0;20260414;75632;5451.0;5
LKOH;0;20260414;75638;5451.0;1
LKOH;0;20260414;75645;5451.0;5
LKOH;0;20260414;75648;5451.0;3
LKOH;0;20260414;75706;5451.0;10
LKOH;0;20260414;75709;5451.0;1
LKOH;0;20260414;75724;5451.0;1
LKOH;0;20260414;75751;5450.5;1
LKOH;0;20260414;75821;5450.5;9
LKOH;0;20260414;75821;5450.5;1
LKOH;0;20260414;75854;5450.0;1
LKOH;0;20260414;75854;5450.0;50
LKOH;0;20260414;75854;5450.0;92
LKOH;0;20260414;75854;5450.0;10
LKOH;0;20260414;75854;5450.0;1
LKOH;0;20260414;75854;5450.0;10
LKOH;0;20260414;75911;5450.0;1
LKOH;0;20260414;75917;5450.0;1
LKOH;0;20260414;75927;5449.0;4
LKOH;0;20260414;75927;5449.0;9
LKOH;0;20260414;80030;5447.5;1
LKOH;0;20260414;80030;5447.5;1
LKOH;0;20260414;80040;5447.5;17
LKOH;0;20260414;80040;5447.5;21
LKOH;0;20260414;80040;5447.5;21
LKOH;0;20260414;80040;5447.5;31
LKOH;0;20260414;80040;5447.5;63
LKOH;0;20260414;80040;5447.5;12
LKOH;0;20260414;80040;5447.5;35
LKOH;0;20260414;80050;5449.0;2
LKOH;0;20260414;80050;5449.0;1
LKOH;0;20260414;80050;5449.0;1
LKOH;0;20260414;80050;5449.5;6
LKOH;0;20260414;80053;5449.5;1
LKOH;0;20260414;80110;5449.5;1
LKOH;0;20260414;80157;5449.5;1
LKOH;0;20260414;80204;5449.5;1
LKOH;0;20260414;80213;5449.5;1
LKOH;0;20260414;80221;5449.5;7
LKOH;0;20260414;80225;5449.5;22
LKOH;0;20260414;80226;5449.0;25
LKOH;0;20260414;80235;5447.0;1
LKOH;0;20260414;80235;5447.0;1
LKOH;0;20260414;80243;5449.5;1
LKOH;0;20260414;80243;5449.5;1
LKOH;0;20260414;80243;5449.5;1
LKOH;0;20260414;80253;5449.5;1
LKOH;0;20260414;80253;5450.0;18
LKOH;0;20260414;80253;5450.0;5
LKOH;0;20260414;80308;5450.0;1
LKOH;0;20260414;80316;5450.0;8
LKOH;0;20260414;80316;5450.0;1
LKOH;0;20260414;80316;5450.0;1
LKOH;0;20260414;80328;5450.0;1
LKOH;0;20260414;80329;5449.0;1
LKOH;0;20260414;80329;5447.0;1
LKOH;0;20260414;80342;5449.5;8
LKOH;0;20260414;80342;5447.0;1
LKOH;0;20260414;80342;5447.0;1
LKOH;0;20260414;80342;5446.5;1
LKOH;0;20260414;80342;5446.5;1
LKOH;0;20260414;80342;5446.0;26
LKOH;0;20260414;80345;5449.0;2
LKOH;0;20260414;80346;5449.0;1
LKOH;0;20260414;80351;5449.0;1
LKOH;0;20260414;80353;5447.0;1
LKOH;0;20260414;80359;5448.5;1
LKOH;0;20260414;80359;5448.5;1
LKOH;0;20260414;80403;5446.0;1
LKOH;0;20260414;80405;5446.0;2
LKOH;0;20260414;80425;5448.5;2
LKOH;0;20260414;80427;5446.0;1
LKOH;0;20260414;80430;5448.5;2
LKOH;0;20260414;80435;5448.5;3
LKOH;0;20260414;80514;5446.0;2
LKOH;0;20260414;80520;5448.5;1
LKOH;0;20260414;80535;5448.5;1
LKOH;0;20260414;80558;5448.5;1
LKOH;0;20260414;80622;5448.5;1
LKOH;0;20260414;80622;5448.5;1
LKOH;0;20260414;80637;5448.5;15
LKOH;0;20260414;80745;5448.5;1
LKOH;0;20260414;80750;5448.5;1
LKOH;0;20260414;80757;5448.0;1
LKOH;0;20260414;80813;5446.0;1
LKOH;0;20260414;80822;5446.0;5
LKOH;0;20260414;80822;5446.0;2
LKOH;0;20260414;80822;5446.0;3
LKOH;0;20260414;80929;5447.0;1
LKOH;0;20260414;80936;5446.0;5
LKOH;0;20260414;80936;5446.0;200
LKOH;0;20260414;80936;5446.0;18
LKOH;0;20260414;80936;5446.0;33
LKOH;0;20260414;80936;5446.0;37
LKOH;0;20260414;80936;5446.0;7
LKOH;0;20260414;80956;5447.5;1
LKOH;0;20260414;81036;5447.5;1
LKOH;0;20260414;81042;5447.5;34
LKOH;0;20260414;81042;5447.5;1
LKOH;0;20260414;81042;5447.5;4
LKOH;0;20260414;81053;5447.5;1
LKOH;0;20260414;81054;5445.5;1
LKOH;0;20260414;81105;5447.5;1
LKOH;0;20260414;81107;5445.5;1
LKOH;0;20260414;81107;5445.5;2
LKOH;0;20260414;81110;5445.5;5
LKOH;0;20260414;81122;5445.5;1
LKOH;0;20260414;81124;5447.5;1
LKOH;0;20260414;81124;5447.5;14
LKOH;0;20260414;81132;5447.5;16
LKOH;0;20260414;81147;5447.5;1
LKOH;0;20260414;81154;5447.5;4
LKOH;0;20260414;81154;5448.0;1
LKOH;0;20260414;81154;5448.0;10
LKOH;0;20260414;81207;5448.0;1
LKOH;0;20260414;81220;5447.5;1
LKOH;0;20260414;81233;5445.5;1
LKOH;0;20260414;81233;5445.5;6
LKOH;0;20260414;81315;5447.5;7
LKOH;0;20260414;81350;5445.0;1
LKOH;0;20260414;81358;5445.0;1
LKOH;0;20260414;81358;5445.0;2
LKOH;0;20260414;81358;5445.0;1
LKOH;0;20260414;81358;5445.0;1
LKOH;0;20260414;81358;5445.0;2
LKOH;0;20260414;81358;5445.0;1
LKOH;0;20260414;81358;5445.0;1
LKOH;0;20260414;81358;5445.0;18
LKOH;0;20260414;81358;5445.0;2
LKOH;0;20260414;81421;5444.5;6
LKOH;0;20260414;81424;5447.0;1
LKOH;0;20260414;81424;5447.0;4
LKOH;0;20260414;81448;5447.0;1
LKOH;0;20260414;81501;5446.5;1
LKOH;0;20260414;81505;5446.0;1
LKOH;0;20260414;81512;5446.0;1
LKOH;0;20260414;81513;5446.0;1
LKOH;0;20260414;81518;5444.5;1
LKOH;0;20260414;81518;5444.5;4
LKOH;0;20260414;81519;5446.0;1
LKOH;0;20260414;81541;5446.0;3
LKOH;0;20260414;81603;5446.0;1
LKOH;0;20260414;81607;5446.5;1
LKOH;0;20260414;81607;5447.0;1
LKOH;0;20260414;81607;5447.0;6
LKOH;0;20260414;81619;5447.0;1
LKOH;0;20260414;81637;5447.0;1
LKOH;0;20260414;81656;5447.0;2
LKOH;0;20260414;81730;5448.0;5
LKOH;0;20260414;81731;5448.0;20
LKOH;0;20260414;81735;5448.5;28
LKOH;0;20260414;81735;5449.0;98
LKOH;0;20260414;81735;5450.0;8
LKOH;0;20260414;81735;5450.0;5
LKOH;0;20260414;81735;5450.5;17
LKOH;0;20260414;81735;5450.5;1
LKOH;0;20260414;81735;5450.5;15
LKOH;0;20260414;81735;5450.5;64
LKOH;0;20260414;81735;5450.5;11
LKOH;0;20260414;81735;5451.0;38
LKOH;0;20260414;81735;5451.0;1
LKOH;0;20260414;81735;5451.0;50
LKOH;0;20260414;81735;5451.5;210
LKOH;0;20260414;81735;5451.5;20
LKOH;0;20260414;81735;5451.5;60
LKOH;0;20260414;81735;5452.0;230
LKOH;0;20260414;81735;5452.0;19
LKOH;0;20260414;81735;5452.0;20
LKOH;0;20260414;81745;5452.0;1
LKOH;0;20260414;81749;5452.5;2
LKOH;0;20260414;81749;5453.0;2
LKOH;0;20260414;81750;5452.0;4
LKOH;0;20260414;81750;5452.0;12
LKOH;0;20260414;81750;5452.0;34
LKOH;0;20260414;81752;5452.0;1
LKOH;0;20260414;81802;5452.0;10
LKOH;0;20260414;81817;5453.0;1
LKOH;0;20260414;81820;5453.0;2
LKOH;0;20260414;81820;5453.5;1
LKOH;0;20260414;81820;5454.0;1
LKOH;0;20260414;81820;5454.0;5
LKOH;0;20260414;81820;5454.5;1
LKOH;0;20260414;81820;5454.5;2
LKOH;0;20260414;81820;5454.5;64
LKOH;0;20260414;81820;5454.5;64
LKOH;0;20260414;81820;5454.5;12
LKOH;0;20260414;81820;5455.0;5
LKOH;0;20260414;81820;5455.0;1
LKOH;0;20260414;81820;5455.0;38
LKOH;0;20260414;81821;5452.5;74
LKOH;0;20260414;81821;5452.5;26
LKOH;0;20260414;81821;5452.5;5
LKOH;0;20260414;81845;5454.5;1
LKOH;0;20260414;81859;5454.5;1
LKOH;0;20260414;81904;5453.0;3
LKOH;0;20260414;81907;5453.0;21
LKOH;0;20260414;81907;5452.5;1
LKOH;0;20260414;81907;5452.0;72
LKOH;0;20260414;81922;5453.0;1
LKOH;0;20260414;81930;5453.0;1
LKOH;0;20260414;81934;5454.5;1
LKOH;0;20260414;82008;5453.0;50
LKOH;0;20260414;82019;5453.0;1
LKOH;0;20260414;82021;5454.5;61
LKOH;0;20260414;82021;5454.5;12
LKOH;0;20260414;82021;5454.5;10
LKOH;0;20260414;82021;5454.5;1
LKOH;0;20260414;82021;5454.5;64
LKOH;0;20260414;82021;5455.0;210
LKOH;0;20260414;82022;5455.0;1
LKOH;0;20260414;82024;5455.0;2
LKOH;0;20260414;82026;5455.0;49
LKOH;0;20260414;82026;5455.0;50
LKOH;0;20260414;82026;5455.0;155
LKOH;0;20260414;82026;5455.0;150
LKOH;0;20260414;82026;5455.0;345
LKOH;0;20260414;82033;5455.0;1
LKOH;0;20260414;82034;5455.0;1
LKOH;0;20260414;82044;5455.0;1
LKOH;0;20260414;82045;5455.0;18
LKOH;0;20260414;82045;5455.0;1
LKOH;0;20260414;82045;5455.0;12
LKOH;0;20260414;82045;5455.0;5
LKOH;0;20260414;82045;5455.0;9
LKOH;0;20260414;82045;5455.0;5
LKOH;0;20260414;82045;5455.0;1
LKOH;0;20260414;82045;5455.0;5
LKOH;0;20260414;82045;5455.0;5
LKOH;0;20260414;82045;5455.5;50
LKOH;0;20260414;82045;5457.0;64
LKOH;0;20260414;82045;5457.0;74
LKOH;0;20260414;82045;5457.5;25
LKOH;0;20260414;82045;5457.5;64
LKOH;0;20260414;82045;5457.5;100
LKOH;0;20260414;82045;5458.0;100
LKOH;0;20260414;82045;5458.0;1
LKOH;0;20260414;82045;5458.0;300
LKOH;0;20260414;82045;5458.0;20
LKOH;0;20260414;82045;5458.5;240
LKOH;0;20260414;82045;5458.5;1
LKOH;0;20260414;82045;5456.0;1
LKOH;0;20260414;82046;5458.5;50
LKOH;0;20260414;82050;5458.5;1
LKOH;0;20260414;82051;5456.5;5
LKOH;0;20260414;82057;5458.5;10
LKOH;0;20260414;82058;5456.5;32
LKOH;0;20260414;82058;5456.5;12
LKOH;0;20260414;82058;5456.5;46
LKOH;0;20260414;82058;5456.5;64
LKOH;0;20260414;82058;5456.5;18
LKOH;0;20260414;82058;5456.5;37
LKOH;0;20260414;82058;5456.5;64
LKOH;0;20260414;82058;5456.5;24
LKOH;0;20260414;82102;5456.0;1
LKOH;0;20260414;82102;5458.5;5
LKOH;0;20260414;82104;5458.5;1
LKOH;0;20260414;82116;5458.5;89
LKOH;0;20260414;82118;5458.5;3
LKOH;0;20260414;82121;5456.0;1
LKOH;0;20260414;82125;5455.0;12
LKOH;0;20260414;82138;5457.0;10
LKOH;0;20260414;82138;5457.0;18
LKOH;0;20260414;82138;5457.0;8
LKOH;0;20260414;82143;5456.0;10
LKOH;0;20260414;82144;5456.0;1
LKOH;0;20260414;82157;5457.0;3
LKOH;0;20260414;82202;5457.0;2
LKOH;0;20260414;82202;5457.0;18
LKOH;0;20260414;82202;5457.0;36
LKOH;0;20260414;82202;5457.0;1
LKOH;0;20260414;82202;5457.0;37
LKOH;0;20260414;82202;5457.0;64
LKOH;0;20260414;82202;5457.0;46
LKOH;0;20260414;82202;5457.0;64
LKOH;0;20260414;82202;5457.0;37
LKOH;0;20260414;82202;5457.0;10
LKOH;0;20260414;82202;5457.0;3
LKOH;0;20260414;82233;5457.0;2
LKOH;0;20260414;82233;5457.0;1
LKOH;0;20260414;82233;5457.0;36
LKOH;0;20260414;82233;5457.0;11
LKOH;0;20260414;82236;5457.0;2
LKOH;0;20260414;82242;5457.0;1
LKOH;0;20260414;82309;5457.0;11
LKOH;0;20260414;82309;5457.0;18
LKOH;0;20260414;82311;5456.0;9
LKOH;0;20260414;82311;5456.0;1
LKOH;0;20260414;82311;5456.0;5
LKOH;0;20260414;82311;5456.0;2
LKOH;0;20260414;82311;5456.0;12
LKOH;0;20260414;82323;5456.0;3
LKOH;0;20260414;82332;5456.0;34
LKOH;0;20260414;82342;5456.0;1
LKOH;0;20260414;82347;5456.0;37
LKOH;0;20260414;82352;5456.0;96
LKOH;0;20260414;82352;5456.0;3
LKOH;0;20260414;82352;5456.5;5
LKOH;0;20260414;82352;5456.5;1
LKOH;0;20260414;82352;5456.5;1
LKOH;0;20260414;82352;5457.0;5
LKOH;0;20260414;82352;5457.0;1
LKOH;0;20260414;82352;5457.0;10
LKOH;0;20260414;82352;5457.0;1
LKOH;0;20260414;82416;5457.5;1
LKOH;0;20260414;82416;5457.5;1
LKOH;0;20260414;82422;5457.5;59
LKOH;0;20260414;82422;5457.5;20
LKOH;0;20260414;82422;5457.5;10
LKOH;0;20260414;82422;5457.5;2
LKOH;0;20260414;82441;5458.0;1
LKOH;0;20260414;82444;5458.0;9
LKOH;0;20260414;82444;5458.0;2
LKOH;0;20260414;82444;5458.0;3
LKOH;0;20260414;82444;5458.5;9
LKOH;0;20260414;82450;5458.5;5
LKOH;0;20260414;82452;5458.5;10
LKOH;0;20260414;82453;5457.5;1
LKOH;0;20260414;82455;5458.5;1
LKOH;0;20260414;82456;5458.5;1
LKOH;0;20260414;82457;5458.5;27
LKOH;0;20260414;82457;5458.5;27
LKOH;0;20260414;82459;5458.5;1
LKOH;0;20260414;82459;5458.5;10
LKOH;0;20260414;82459;5458.5;10
LKOH;0;20260414;82507;5458.5;2
LKOH;0;20260414;82510;5458.5;1
LKOH;0;20260414;82514;5458.5;8
LKOH;0;20260414;82514;5458.5;9
LKOH;0;20260414;82515;5458.0;9
LKOH;0;20260414;82515;5458.0;2
LKOH;0;20260414;82515;5458.5;9
LKOH;0;20260414;82519;5458.5;1
LKOH;0;20260414;82520;5458.5;4
LKOH;0;20260414;82520;5458.0;1
LKOH;0;20260414;82523;5458.0;1
LKOH;0;20260414;82526;5458.5;2
LKOH;0;20260414;82530;5458.5;1
LKOH;0;20260414;82536;5458.0;1
LKOH;0;20260414;82540;5458.0;7
LKOH;0;20260414;82540;5458.0;18
LKOH;0;20260414;82540;5458.0;35
LKOH;0;20260414;82540;5458.0;14
LKOH;0;20260414;82543;5458.0;1
LKOH;0;20260414;82547;5458.5;1
LKOH;0;20260414;82552;5458.0;49
LKOH;0;20260414;82552;5458.0;1
LKOH;0;20260414;82555;5458.5;1
LKOH;0;20260414;82613;5458.0;1
LKOH;0;20260414;82615;5458.5;510
LKOH;0;20260414;82615;5458.5;8
LKOH;0;20260414;82615;5458.5;1
LKOH;0;20260414;82615;5458.5;1
LKOH;0;20260414;82615;5459.0;7
LKOH;0;20260414;82615;5459.0;3
LKOH;0;20260414;82615;5459.0;2
LKOH;0;20260414;82615;5459.0;1
LKOH;0;20260414;82615;5459.5;9
LKOH;0;20260414;82616;5458.5;1
LKOH;0;20260414;82617;5459.5;1
LKOH;0;20260414;82622;5459.5;290
LKOH;0;20260414;82622;5460.0;1
LKOH;0;20260414;82622;5460.0;4
LKOH;0;20260414;82622;5460.0;10
LKOH;0;20260414;82622;5460.0;6
LKOH;0;20260414;82622;5460.5;5
LKOH;0;20260414;82623;5461.0;20
LKOH;0;20260414;82623;5460.0;5
LKOH;0;20260414;82623;5460.0;10
LKOH;0;20260414;82627;5461.5;1
LKOH;0;20260414;82628;5461.5;1
LKOH;0;20260414;82630;5461.5;1
LKOH;0;20260414;82630;5462.5;10
LKOH;0;20260414;82630;5462.5;2
LKOH;0;20260414;82630;5460.5;10
LKOH;0;20260414;82640;5462.5;2
LKOH;0;20260414;82706;5461.5;5
LKOH;0;20260414;82715;5461.5;7
LKOH;0;20260414;82715;5461.5;14
LKOH;0;20260414;82716;5462.0;1
LKOH;0;20260414;82717;5462.0;34
LKOH;0;20260414;82717;5462.5;16
LKOH;0;20260414;82723;5461.5;1
LKOH;0;20260414;82725;5462.5;1
LKOH;0;20260414;82728;5462.5;7
LKOH;0;20260414;82728;5461.5;60
LKOH;0;20260414;82728;5461.5;36
LKOH;0;20260414;82728;5461.5;4
LKOH;0;20260414;82730;5462.5;1
LKOH;0;20260414;82732;5461.5;1
LKOH;0;20260414;82735;5461.5;1
LKOH;0;20260414;82737;5462.0;2
LKOH;0;20260414;82737;5462.5;18
LKOH;0;20260414;82746;5462.5;38
LKOH;0;20260414;82749;5462.5;20
LKOH;0;20260414;82751;5462.0;100
LKOH;0;20260414;82759;5462.5;1
LKOH;0;20260414;82803;5462.5;1
LKOH;0;20260414;82811;5462.5;3
LKOH;0;20260414;82811;5462.0;40
LKOH;0;20260414;82811;5462.0;5
LKOH;0;20260414;82815;5462.5;180
LKOH;0;20260414;82815;5463.0;16
LKOH;0;20260414;82815;5463.0;1
LKOH;0;20260414;82815;5464.0;40
LKOH;0;20260414;82815;5464.0;64
LKOH;0;20260414;82815;5464.5;5
LKOH;0;20260414;82815;5464.5;2
LKOH;0;20260414;82815;5464.5;13
LKOH;0;20260414;82815;5464.5;50
LKOH;0;20260414;82815;5465.0;1
LKOH;0;20260414;82815;5465.0;268
LKOH;0;20260414;82822;5464.5;3
LKOH;0;20260414;82828;5464.5;9
LKOH;0;20260414;82833;5464.5;1
LKOH;0;20260414;82838;5464.5;1
LKOH;0;20260414;82845;5462.5;1
LKOH;0;20260414;82848;5464.5;3
LKOH;0;20260414;82848;5464.5;15
LKOH;0;20260414;82857;5462.5;4
LKOH;0;20260414;82926;5464.0;1
LKOH;0;20260414;82928;5464.0;3
LKOH;0;20260414;82928;5464.0;3
LKOH;0;20260414;82934;5464.0;1
LKOH;0;20260414;82934;5464.0;18
LKOH;0;20260414;83010;5464.0;1
LKOH;0;20260414;83016;5464.0;1
LKOH;0;20260414;83022;5464.0;1
LKOH;0;20260414;83027;5462.5;1
LKOH;0;20260414;83030;5464.0;2
LKOH;0;20260414;83048;5464.0;1
LKOH;0;20260414;83048;5464.0;1
LKOH;0;20260414;83056;5464.0;4
LKOH;0;20260414;83056;5464.0;2
LKOH;0;20260414;83104;5464.0;2
LKOH;0;20260414;83105;5464.0;11
LKOH;0;20260414;83105;5464.0;19
LKOH;0;20260414;83105;5464.0;1
LKOH;0;20260414;83105;5464.0;1
LKOH;0;20260414;83109;5462.5;1
LKOH;0;20260414;83118;5463.5;5
LKOH;0;20260414;83127;5463.0;1
LKOH;0;20260414;83128;5463.0;4
LKOH;0;20260414;83132;5463.0;1
LKOH;0;20260414;83134;5463.0;1
LKOH;0;20260414;83139;5463.0;1
LKOH;0;20260414;83139;5463.0;8
LKOH;0;20260414;83139;5463.0;41
LKOH;0;20260414;83141;5463.5;1
LKOH;0;20260414;83141;5462.5;9
LKOH;0;20260414;83141;5462.5;1
LKOH;0;20260414;83202;5462.5;8
LKOH;0;20260414;83202;5462.5;1
LKOH;0;20260414;83202;5462.5;10
LKOH;0;20260414;83202;5462.5;1
LKOH;0;20260414;83202;5462.5;3
LKOH;0;20260414;83203;5462.0;4
LKOH;0;20260414;83203;5462.0;27
LKOH;0;20260414;83203;5462.5;1
LKOH;0;20260414;83203;5462.0;27
LKOH;0;20260414;83204;5462.0;26
LKOH;0;20260414;83218;5463.5;1
LKOH;0;20260414;83218;5463.5;1
LKOH;0;20260414;83219;5463.5;4
LKOH;0;20260414;83228;5463.5;1
LKOH;0;20260414;83234;5462.0;10
LKOH;0;20260414;83234;5463.5;4
LKOH;0;20260414;83235;5462.0;10
LKOH;0;20260414;83246;5463.5;1
LKOH;0;20260414;83246;5463.5;1
LKOH;0;20260414;83248;5463.5;1
LKOH;0;20260414;83249;5462.0;100
LKOH;0;20260414;83249;5462.0;8
LKOH;0;20260414;83251;5463.5;1
LKOH;0;20260414;83251;5463.5;1
LKOH;0;20260414;83251;5463.5;20
LKOH;0;20260414;83257;5462.5;1
LKOH;0;20260414;83257;5462.5;1
LKOH;0;20260414;83259;5462.0;16
LKOH;0;20260414;83259;5462.0;13
LKOH;0;20260414;83259;5462.0;13
LKOH;0;20260414;83300;5462.0;101
LKOH;0;20260414;83300;5462.0;210
LKOH;0;20260414;83300;5462.0;3
LKOH;0;20260414;83300;5462.0;1
LKOH;0;20260414;83300;5462.0;1
LKOH;0;20260414;83300;5461.5;1
LKOH;0;20260414;83300;5461.5;8
LKOH;0;20260414;83305;5462.0;1
LKOH;0;20260414;83305;5462.5;2
LKOH;0;20260414;83306;5462.0;1
LKOH;0;20260414;83306;5461.5;22
LKOH;0;20260414;83306;5461.5;5
LKOH;0;20260414;83308;5462.0;1
LKOH;0;20260414;83310;5462.0;1
LKOH;0;20260414;83324;5462.0;10
LKOH;0;20260414;83334;5461.0;2
LKOH;0;20260414;83334;5461.0;20
LKOH;0;20260414;83334;5461.0;1
LKOH;0;20260414;83335;5461.0;2
LKOH;0;20260414;83338;5461.0;1
LKOH;0;20260414;83353;5460.5;2
LKOH;0;20260414;83353;5460.5;5
LKOH;0;20260414;83401;5460.0;1
LKOH;0;20260414;83401;5460.0;3
LKOH;0;20260414;83401;5458.5;18
LKOH;0;20260414;83406;5460.5;1
LKOH;0;20260414;83418;5460.5;1
LKOH;0;20260414;83422;5460.5;1
LKOH;0;20260414;83423;5460.5;1
LKOH;0;20260414;83430;5459.0;1
LKOH;0;20260414;83432;5460.5;1
LKOH;0;20260414;83432;5460.5;1
LKOH;0;20260414;83433;5460.5;1
LKOH;0;20260414;83433;5460.5;1
LKOH;0;20260414;83450;5459.0;25
LKOH;0;20260414;83450;5458.5;71
LKOH;0;20260414;83455;5460.0;50
LKOH;0;20260414;83457;5460.0;3
LKOH;0;20260414;83459;5460.0;9
LKOH;0;20260414;83459;5460.0;4
LKOH;0;20260414;83459;5460.5;7
LKOH;0;20260414;83459;5460.5;9
LKOH;0;20260414;83459;5460.5;2
LKOH;0;20260414;83504;5460.5;1
LKOH;0;20260414;83516;5461.0;1
LKOH;0;20260414;83516;5461.0;73
LKOH;0;20260414;83516;5461.0;8
LKOH;0;20260414;83516;5461.0;44
LKOH;0;20260414;83533;5461.0;1
LKOH;0;20260414;83553;5460.5;1
LKOH;0;20260414;83553;5460.5;1
LKOH;0;20260414;83556;5460.5;100
LKOH;0;20260414;83556;5460.5;1
LKOH;0;20260414;83556;5460.5;12
LKOH;0;20260414;83557;5460.5;7
LKOH;0;20260414;83610;5460.5;5
LKOH;0;20260414;83614;5460.5;1
LKOH;0;20260414;83616;5461.0;24
LKOH;0;20260414;83633;5461.0;10
LKOH;0;20260414;83705;5459.5;25
LKOH;0;20260414;83705;5459.5;12
LKOH;0;20260414;83705;5459.5;32
LKOH;0;20260414;83705;5459.5;18
LKOH;0;20260414;83705;5459.5;30
LKOH;0;20260414;83705;5459.5;57
LKOH;0;20260414;83705;5459.5;43
LKOH;0;20260414;83705;5459.5;125
LKOH;0;20260414;83705;5459.5;64
LKOH;0;20260414;83705;5459.5;68
LKOH;0;20260414;83705;5459.5;37
LKOH;0;20260414;83705;5459.5;1
LKOH;0;20260414;83705;5459.5;1
LKOH;0;20260414;83705;5459.5;1
LKOH;0;20260414;83705;5459.0;2
LKOH;0;20260414;83705;5459.0;1
LKOH;0;20260414;83705;5459.0;20
LKOH;0;20260414;83705;5458.5;390
LKOH;0;20260414;83705;5458.5;60
LKOH;0;20260414;83705;5458.5;20
LKOH;0;20260414;83705;5458.5;10
LKOH;0;20260414;83718;5459.5;1
LKOH;0;20260414;83741;5461.0;1
LKOH;0;20260414;83746;5461.0;2
LKOH;0;20260414;83759;5461.0;2
LKOH;0;20260414;83810;5461.0;4
LKOH;0;20260414;83813;5459.5;24
LKOH;0;20260414;83813;5459.5;56
LKOH;0;20260414;83813;5459.5;31
LKOH;0;20260414;83813;5459.5;18
LKOH;0;20260414;83813;5459.5;29
LKOH;0;20260414;83813;5459.5;64
LKOH;0;20260414;83813;5459.5;42
LKOH;0;20260414;83813;5459.5;37
LKOH;0;20260414;83813;5459.5;1
LKOH;0;20260414;83813;5459.0;12
LKOH;0;20260414;83813;5459.0;46
LKOH;0;20260414;83824;5461.0;22
LKOH;0;20260414;83829;5459.5;24
LKOH;0;20260414;83840;5461.0;1
LKOH;0;20260414;83847;5461.0;25
LKOH;0;20260414;83847;5461.0;25
LKOH;0;20260414;83847;5461.0;25
LKOH;0;20260414;83847;5461.0;14
LKOH;0;20260414;83847;5461.0;11
LKOH;0;20260414;83847;5461.0;11
LKOH;0;20260414;83847;5461.0;1
LKOH;0;20260414;83902;5463.5;1
LKOH;0;20260414;83906;5463.5;10
LKOH;0;20260414;83923;5463.5;1
LKOH;0;20260414;83923;5463.5;1
LKOH;0;20260414;83923;5463.5;8
LKOH;0;20260414;83929;5463.5;1
LKOH;0;20260414;83942;5463.5;1
LKOH;0;20260414;83947;5463.5;5
LKOH;0;20260414;83947;5463.5;2
LKOH;0;20260414;83947;5464.0;3
LKOH;0;20260414;83948;5464.0;1
LKOH;0;20260414;84013;5464.0;1
LKOH;0;20260414;84047;5464.0;2
LKOH;0;20260414;84049;5464.0;2
LKOH;0;20260414;84054;5463.5;1
LKOH;0;20260414;84057;5464.0;1
LKOH;0;20260414;84109;5464.0;1
LKOH;0;20260414;84109;5464.0;3
LKOH;0;20260414;84118;5464.0;1
LKOH;0;20260414;84122;5464.0;3
LKOH;0;20260414;84145;5462.5;5
LKOH;0;20260414;84145;5461.5;13
LKOH;0;20260414;84145;5461.5;22
LKOH;0;20260414;84211;5463.0;1
LKOH;0;20260414;84238;5463.0;5
LKOH;0;20260414;84240;5463.0;1
LKOH;0;20260414;84245;5461.0;1
LKOH;0;20260414;84251;5463.0;1
LKOH;0;20260414;84259;5463.0;1
LKOH;0;20260414;84309;5462.5;1
LKOH;0;20260414;84317;5462.5;2
LKOH;0;20260414;84317;5461.0;2
LKOH;0;20260414;84318;5461.0;2
LKOH;0;20260414;84337;5461.0;120
LKOH;0;20260414;84338;5461.0;176
LKOH;0;20260414;84338;5461.0;20
LKOH;0;20260414;84351;5461.0;2
LKOH;0;20260414;84355;5461.0;1
LKOH;0;20260414;84357;5461.0;2
LKOH;0;20260414;84358;5461.0;1
LKOH;0;20260414;84359;5461.0;1
LKOH;0;20260414;84359;5461.0;1
LKOH;0;20260414;84359;5461.0;1
LKOH;0;20260414;84400;5461.0;1
LKOH;0;20260414;84405;5460.5;1
LKOH;0;20260414;84431;5461.0;2
LKOH;0;20260414;84440;5461.0;1
LKOH;0;20260414;84447;5461.0;2
LKOH;0;20260414;84447;5461.0;3
LKOH;0;20260414;84449;5461.0;9
LKOH;0;20260414;84449;5461.0;1
LKOH;0;20260414;84452;5460.5;2
LKOH;0;20260414;84453;5461.0;1
LKOH;0;20260414;84453;5461.0;1
LKOH;0;20260414;84501;5460.5;7
LKOH;0;20260414;84501;5460.5;1
LKOH;0;20260414;84507;5460.0;2
LKOH;0;20260414;84509;5460.0;18
LKOH;0;20260414;84509;5459.5;2
LKOH;0;20260414;84509;5459.0;10
LKOH;0;20260414;84509;5459.0;1
LKOH;0;20260414;84509;5458.0;1
LKOH;0;20260414;84509;5458.0;41
LKOH;0;20260414;84515;5460.0;1
LKOH;0;20260414;84522;5460.0;2
LKOH;0;20260414;84525;5460.0;1
LKOH;0;20260414;84526;5460.0;2
LKOH;0;20260414;84533;5458.0;12
LKOH;0;20260414;84542;5460.0;1
LKOH;0;20260414;84546;5460.0;7
LKOH;0;20260414;84548;5460.0;2
LKOH;0;20260414;84600;5460.0;1
LKOH;0;20260414;84609;5460.0;3
LKOH;0;20260414;84613;5460.0;5
LKOH;0;20260414;84632;5460.0;1
LKOH;0;20260414;84640;5457.5;50
LKOH;0;20260414;84643;5457.5;83
LKOH;0;20260414;84645;5460.0;1
LKOH;0;20260414;84647;5460.0;2
LKOH;0;20260414;84734;5460.0;10
LKOH;0;20260414;84750;5457.5;1
LKOH;0;20260414;84753;5459.5;2
LKOH;0;20260414;84758;5459.5;10
LKOH;0;20260414;84804;5459.5;10
LKOH;0;20260414;84808;5458.0;11
LKOH;0;20260414;84813;5459.5;1
LKOH;0;20260414;84817;5459.5;1
LKOH;0;20260414;84832;5459.5;4
LKOH;0;20260414;84832;5459.5;7
LKOH;0;20260414;84842;5458.0;2
LKOH;0;20260414;84859;5459.5;1
LKOH;0;20260414;84901;5459.5;2
LKOH;0;20260414;84907;5459.5;2
LKOH;0;20260414;84908;5459.5;1
LKOH;0;20260414;84912;5459.5;1
LKOH;0;20260414;84912;5459.5;1
LKOH;0;20260414;84913;5459.5;3
LKOH;0;20260414;84919;5458.0;13
LKOH;0;20260414;84929;5459.5;1
LKOH;0;20260414;84940;5459.5;1
LKOH;0;20260414;84951;5458.0;1
LKOH;0;20260414;85015;5458.5;1
LKOH;0;20260414;85016;5458.5;1
LKOH;0;20260414;85024;5458.0;10
LKOH;0;20260414;85025;5458.5;1
LKOH;0;20260414;85026;5458.0;1
LKOH;0;20260414;85026;5458.5;1
LKOH;0;20260414;85029;5458.5;1
LKOH;0;20260414;85032;5458.0;1
LKOH;0;20260414;85038;5458.0;1
LKOH;0;20260414;85043;5458.0;1
LKOH;0;20260414;85044;5458.0;1
LKOH;0;20260414;85059;5458.5;45
LKOH;0;20260414;85059;5458.5;33
LKOH;0;20260414;85059;5458.5;1
LKOH;0;20260414;85059;5459.5;2
LKOH;0;20260414;85059;5459.5;1
LKOH;0;20260414;85059;5459.5;11
LKOH;0;20260414;85059;5460.0;1
LKOH;0;20260414;85059;5460.5;5
LKOH;0;20260414;85059;5460.5;1
LKOH;0;20260414;85059;5460.5;20
LKOH;0;20260414;85059;5460.5;50
LKOH;0;20260414;85059;5461.0;10
LKOH;0;20260414;85059;5461.0;47
LKOH;0;20260414;85059;5461.0;20
LKOH;0;20260414;85059;5461.0;1
LKOH;0;20260414;85059;5461.5;18
LKOH;0;20260414;85059;5461.5;5
LKOH;0;20260414;85059;5461.5;20
LKOH;0;20260414;85059;5461.5;5
LKOH;0;20260414;85059;5461.5;1
LKOH;0;20260414;85059;5462.0;8
LKOH;0;20260414;85059;5462.0;20
LKOH;0;20260414;85059;5462.0;44
LKOH;0;20260414;85100;5459.0;4
LKOH;0;20260414;85103;5461.5;1
LKOH;0;20260414;85135;5459.0;8
LKOH;0;20260414;85136;5458.5;1
LKOH;0;20260414;85213;5461.0;5
LKOH;0;20260414;85213;5461.0;13
LKOH;0;20260414;85231;5459.0;1
LKOH;0;20260414;85242;5458.5;2
LKOH;0;20260414;85242;5458.5;274
LKOH;0;20260414;85242;5458.5;55
LKOH;0;20260414;85242;5458.5;11
LKOH;0;20260414;85242;5458.0;25
LKOH;0;20260414;85242;5458.0;2
LKOH;0;20260414;85242;5457.5;131
LKOH;0;20260414;85242;5459.0;5
LKOH;0;20260414;85242;5459.0;1
LKOH;0;20260414;85242;5459.0;11
LKOH;0;20260414;85242;5459.0;18
LKOH;0;20260414;85242;5459.0;34
LKOH;0;20260414;85242;5459.0;31
LKOH;0;20260414;85306;5458.0;1
LKOH;0;20260414;85334;5458.0;1
LKOH;0;20260414;85335;5458.0;25
LKOH;0;20260414;85335;5458.0;1
LKOH;0;20260414;85338;5459.5;1
LKOH;0;20260414;85428;5459.5;2
LKOH;0;20260414;85428;5460.0;1
LKOH;0;20260414;85428;5460.0;3
LKOH;0;20260414;85429;5460.0;3
LKOH;0;20260414;85429;5460.0;5
LKOH;0;20260414;85437;5460.0;1
LKOH;0;20260414;85439;5460.0;2
LKOH;0;20260414;85439;5460.0;37
LKOH;0;20260414;85439;5460.0;11
LKOH;0;20260414;85441;5460.0;1
LKOH;0;20260414;85447;5458.5;5
LKOH;0;20260414;85508;5460.5;4
LKOH;0;20260414;85508;5460.5;6
LKOH;0;20260414;85509;5459.0;4
LKOH;0;20260414;85617;5459.0;25
LKOH;0;20260414;85623;5459.0;1
LKOH;0;20260414;85652;5459.0;12
LKOH;0;20260414;85709;5459.0;1
LKOH;0;20260414;85713;5459.0;13
LKOH;0;20260414;85718;5459.0;1
LKOH;0;20260414;85718;5458.0;1
LKOH;0;20260414;85718;5457.5;1
LKOH;0;20260414;85720;5459.0;15
LKOH;0;20260414;85743;5457.5;100
LKOH;0;20260414;85743;5458.5;1
LKOH;0;20260414;85746;5457.5;8
LKOH;0;20260414;85751;5458.5;1
LKOH;0;20260414;85751;5458.5;3
LKOH;0;20260414;85800;5458.5;9
LKOH;0;20260414;85800;5458.5;1
LKOH;0;20260414;85801;5458.5;1
LKOH;0;20260414;85805;5457.5;50
LKOH;0;20260414;85807;5458.5;4
LKOH;0;20260414;85817;5458.5;1
LKOH;0;20260414;85822;5458.5;7
LKOH;0;20260414;85837;5458.5;1
LKOH;0;20260414;85841;5457.5;1
LKOH;0;20260414;85849;5457.5;98
LKOH;0;20260414;85849;5457.5;1
LKOH;0;20260414;85849;5457.5;20
LKOH;0;20260414;85849;5457.0;1
LKOH;0;20260414;85849;5457.0;9
LKOH;0;20260414;85849;5457.0;1
LKOH;0;20260414;85849;5457.0;2
LKOH;0;20260414;85849;5457.0;1
LKOH;0;20260414;85849;5457.0;1
LKOH;0;20260414;85849;5458.0;5
LKOH;0;20260414;85850;5456.0;50
LKOH;0;20260414;85850;5456.0;1
LKOH;0;20260414;85850;5456.0;1
LKOH;0;20260414;85850;5455.0;8
LKOH;0;20260414;85854;5457.0;64
LKOH;0;20260414;85854;5457.0;11
LKOH;0;20260414;85854;5457.0;23
LKOH;0;20260414;85854;5457.0;37
LKOH;0;20260414;85854;5457.0;37
LKOH;0;20260414;85854;5457.0;46
LKOH;0;20260414;85854;5457.0;64
LKOH;0;20260414;85854;5457.0;37
LKOH;0;20260414;85854;5457.0;18
LKOH;0;20260414;85854;5457.0;36
LKOH;0;20260414;85854;5457.0;56
LKOH;0;20260414;85854;5457.5;25
LKOH;0;20260414;85854;5457.5;20
LKOH;0;20260414;85854;5457.5;8
LKOH;0;20260414;85854;5457.5;9
LKOH;0;20260414;85854;5458.0;18
LKOH;0;20260414;85854;5458.0;20
LKOH;0;20260414;85854;5458.0;25
LKOH;0;20260414;85854;5458.5;1
LKOH;0;20260414;85854;5458.5;10
LKOH;0;20260414;85854;5458.5;20
LKOH;0;20260414;85854;5458.5;10
LKOH;0;20260414;85854;5459.0;322
LKOH;0;20260414;85854;5459.0;1
LKOH;0;20260414;85854;5459.0;20
LKOH;0;20260414;85854;5459.5;1
LKOH;0;20260414;85854;5459.5;24
LKOH;0;20260414;85854;5460.0;50
LKOH;0;20260414;85854;5460.0;60
LKOH;0;20260414;85854;5460.5;1
LKOH;0;20260414;85854;5461.0;3
LKOH;0;20260414;85854;5461.5;3
LKOH;0;20260414;85854;5461.5;64
LKOH;0;20260414;85854;5461.5;40
LKOH;0;20260414;85854;5461.5;64
LKOH;0;20260414;85854;5462.0;1
LKOH;0;20260414;85854;5462.0;200
LKOH;0;20260414;85854;5462.0;25
LKOH;0;20260414;85854;5462.5;32
LKOH;0;20260414;85854;5463.0;1
LKOH;0;20260414;85854;5463.0;2
LKOH;0;20260414;85854;5463.0;10
LKOH;0;20260414;85854;5463.0;5
LKOH;0;20260414;85854;5463.0;200
LKOH;0;20260414;85854;5463.0;207
LKOH;0;20260414;85854;5463.0;213
LKOH;0;20260414;85854;5463.0;16
LKOH;0;20260414;85900;5463.5;27
LKOH;0;20260414;85900;5463.5;23
LKOH;0;20260414;85900;5463.5;4
LKOH;0;20260414;85900;5463.5;16
LKOH;0;20260414;85900;5463.5;6
LKOH;0;20260414;85900;5464.0;1
LKOH;0;20260414;85900;5464.0;5
LKOH;0;20260414;85900;5464.0;21
LKOH;0;20260414;85900;5464.0;5
LKOH;0;20260414;85900;5464.0;13
LKOH;0;20260414;85900;5464.0;33
LKOH;0;20260414;85900;5464.0;13
LKOH;0;20260414;85901;5464.0;13
LKOH;0;20260414;85901;5464.0;33
LKOH;0;20260414;85919;5464.0;1
LKOH;0;20260414;85919;5463.0;1
LKOH;0;20260414;85921;5463.0;1
LKOH;0;20260414;85935;5464.0;7
LKOH;0;20260414;85936;5464.0;1
LKOH;0;20260414;85942;5463.0;46
LKOH;0;20260414;90000;5463.0;10
LKOH;0;20260414;90000;5463.0;50
LKOH;0;20260414;90000;5464.5;20
LKOH;0;20260414;90000;5464.5;50
LKOH;0;20260414;90000;5464.0;20
LKOH;0;20260414;90000;5464.0;10
LKOH;0;20260414;90000;5464.0;12
LKOH;0;20260414;90000;5464.0;5
LKOH;0;20260414;90000;5464.0;3
LKOH;0;20260414;90000;5464.0;15
LKOH;0;20260414;90000;5464.0;5
LKOH;0;20260414;90000;5464.0;32
LKOH;0;20260414;90000;5464.0;18
LKOH;0;20260414;90000;5464.0;10
LKOH;0;20260414;90000;5464.0;10
LKOH;0;20260414;90000;5464.0;19
LKOH;0;20260414;90000;5464.0;10
LKOH;0;20260414;90000;5464.0;11
LKOH;0;20260414;90001;5464.5;20
LKOH;0;20260414;90001;5464.5;10
LKOH;0;20260414;90001;5464.5;2
LKOH;0;20260414;90001;5464.5;2
LKOH;0;20260414;90003;5465.0;1
LKOH;0;20260414;90003;5465.0;5
LKOH;0;20260414;90003;5465.0;1
LKOH;0;20260414;90003;5465.0;3
LKOH;0;20260414;90005;5465.0;2
LKOH;0;20260414;90005;5465.0;5
LKOH;0;20260414;90005;5465.0;4
LKOH;0;20260414;90005;5465.0;11
LKOH;0;20260414;90005;5465.0;1
LKOH;0;20260414;90005;5465.0;400
LKOH;0;20260414;90005;5465.0;20
LKOH;0;20260414;90013;5465.5;3
LKOH;0;20260414;90014;5465.5;2
LKOH;0;20260414;90014;5466.0;2
LKOH;0;20260414;90014;5466.0;2
LKOH;0;20260414;90014;5466.0;1
LKOH;0;20260414;90014;5466.0;1
LKOH;0;20260414;90014;5466.0;2
LKOH;0;20260414;90015;5466.0;1
LKOH;0;20260414;90021;5466.0;2
LKOH;0;20260414;90021;5466.5;1
LKOH;0;20260414;90023;5466.5;1
LKOH;0;20260414;90030;5465.5;10
LKOH;0;20260414;90030;5465.5;3
LKOH;0;20260414;90030;5465.5;7
LKOH;0;20260414;90030;5464.0;2
LKOH;0;20260414;90032;5463.5;1
LKOH;0;20260414;90032;5463.0;2
LKOH;0;20260414;90033;5463.0;27
LKOH;0;20260414;90035;5463.0;27
LKOH;0;20260414;90043;5463.5;53
LKOH;0;20260414;90043;5463.0;76
LKOH;0;20260414;90044;5463.0;76
LKOH;0;20260414;90044;5463.0;76
LKOH;0;20260414;90044;5463.0;9
LKOH;0;20260414;90044;5463.0;76
LKOH;0;20260414;90044;5463.0;27
LKOH;0;20260414;90044;5463.0;27
LKOH;0;20260414;90044;5463.0;76
LKOH;0;20260414;90044;5463.0;33
LKOH;0;20260414;90044;5463.0;13
LKOH;0;20260414;90045;5463.0;26
LKOH;0;20260414;90045;5463.0;13
LKOH;0;20260414;90045;5463.0;13
LKOH;0;20260414;90045;5463.0;9
LKOH;0;20260414;90045;5463.0;9
LKOH;0;20260414;90045;5463.0;555
LKOH;0;20260414;90046;5463.0;555
LKOH;0;20260414;90048;5463.0;730
LKOH;0;20260414;90048;5461.5;20
LKOH;0;20260414;90048;5461.5;20
LKOH;0;20260414;90048;5461.0;20
LKOH;0;20260414;90048;5461.0;30
LKOH;0;20260414;90048;5461.0;20
LKOH;0;20260414;90048;5461.0;160
LKOH;0;20260414;90048;5461.0;39
LKOH;0;20260414;90050;5459.0;1
LKOH;0;20260414;90051;5459.0;1
LKOH;0;20260414;90056;5456.5;2
LKOH;0;20260414;90101;5456.0;2
LKOH;0;20260414;90101;5456.0;18
LKOH;0;20260414;90101;5456.0;37
LKOH;0;20260414;90104;5455.0;42
LKOH;0;20260414;90104;5455.0;18
LKOH;0;20260414;90104;5455.0;16
LKOH;0;20260414;90109;5455.0;1
LKOH;0;20260414;90122;5454.5;2
LKOH;0;20260414;90123;5454.5;1
LKOH;0;20260414;90126;5454.0;1
LKOH;0;20260414;90126;5454.0;1
LKOH;0;20260414;90126;5453.5;5
LKOH;0;20260414;90126;5453.5;1
LKOH;0;20260414;90126;5453.0;1
LKOH;0;20260414;90127;5453.0;15
LKOH;0;20260414;90129;5453.5;2
LKOH;0;20260414;90130;5453.5;11
LKOH;0;20260414;90130;5453.5;30
LKOH;0;20260414;90130;5453.5;10
LKOH;0;20260414;90130;5453.5;200
LKOH;0;20260414;90130;5453.5;10
LKOH;0;20260414;90130;5453.5;76
LKOH;0;20260414;90130;5453.5;64
LKOH;0;20260414;90130;5453.5;37
LKOH;0;20260414;90130;5453.5;57
LKOH;0;20260414;90131;5454.0;1
LKOH;0;20260414;90131;5454.0;12
LKOH;0;20260414;90131;5454.0;1
LKOH;0;20260414;90131;5454.0;9
LKOH;0;20260414;90131;5454.0;4
LKOH;0;20260414;90132;5454.0;6
LKOH;0;20260414;90132;5454.5;1
LKOH;0;20260414;90132;5454.5;2
LKOH;0;20260414;90133;5454.0;30
LKOH;0;20260414;90133;5454.0;13
LKOH;0;20260414;90133;5454.0;7
LKOH;0;20260414;90138;5454.0;7
LKOH;0;20260414;90143;5453.5;20
LKOH;0;20260414;90143;5453.5;20
LKOH;0;20260414;90143;5453.5;30
LKOH;0;20260414;90143;5453.5;13
LKOH;0;20260414;90143;5453.5;13
LKOH;0;20260414;90146;5454.5;2
LKOH;0;20260414;90152;5454.0;30
LKOH;0;20260414;90152;5454.0;38
LKOH;0;20260414;90152;5454.0;8
LKOH;0;20260414;90159;5454.5;1
LKOH;0;20260414;90209;5454.5;5
LKOH;0;20260414;90209;5454.5;10
LKOH;0;20260414;90219;5454.5;1
LKOH;0;20260414;90219;5454.0;1
LKOH;0;20260414;90222;5454.5;9
LKOH;0;20260414;90222;5454.5;50
LKOH;0;20260414;90223;5455.0;33
LKOH;0;20260414;90223;5455.0;7
LKOH;0;20260414;90223;5455.0;2
LKOH;0;20260414;90223;5455.0;13
LKOH;0;20260414;90223;5455.0;9
LKOH;0;20260414;90223;5455.0;9
LKOH;0;20260414;90226;5454.5;2
LKOH;0;20260414;90237;5455.0;9
LKOH;0;20260414;90237;5455.0;73
LKOH;0;20260414;90243;5455.0;1
LKOH;0;20260414;90243;5454.5;1
LKOH;0;20260414;90243;5454.5;1
LKOH;0;20260414;90256;5454.0;2
LKOH;0;20260414;90256;5454.0;1
LKOH;0;20260414;90301;5454.0;37
LKOH;0;20260414;90301;5453.5;63
LKOH;0;20260414;90312;5453.0;7
LKOH;0;20260414;90312;5453.0;7
LKOH;0;20260414;90321;5453.5;5
LKOH;0;20260414;90334;5453.0;488
LKOH;0;20260414;90334;5453.0;10
LKOH;0;20260414;90334;5453.0;7
LKOH;0;20260414;90334;5453.0;11
LKOH;0;20260414;90334;5453.0;13
LKOH;0;20260414;90334;5453.0;1
LKOH;0;20260414;90334;5452.5;5
LKOH;0;20260414;90334;5452.5;2
LKOH;0;20260414;90334;5452.5;1
LKOH;0;20260414;90335;5451.5;2
LKOH;0;20260414;90335;5451.0;1
LKOH;0;20260414;90335;5451.0;1
LKOH;0;20260414;90335;5451.0;17
LKOH;0;20260414;90340;5451.0;57
LKOH;0;20260414;90340;5451.0;37
LKOH;0;20260414;90340;5451.0;6
LKOH;0;20260414;90342;5452.0;5
LKOH;0;20260414;90344;5450.5;10
LKOH;0;20260414;90347;5450.5;6
LKOH;0;20260414;90350;5451.0;5
LKOH;0;20260414;90350;5451.0;10
LKOH;0;20260414;90400;5451.0;10
LKOH;0;20260414;90408;5451.5;9
LKOH;0;20260414;90408;5451.5;11
LKOH;0;20260414;90408;5451.0;65
LKOH;0;20260414;90408;5451.5;20
LKOH;0;20260414;90409;5451.0;9
LKOH;0;20260414;90409;5451.0;2
LKOH;0;20260414;90419;5451.5;25
LKOH;0;20260414;90420;5452.0;1
LKOH;0;20260414;90428;5451.5;1
LKOH;0;20260414;90447;5450.5;6
LKOH;0;20260414;90448;5450.0;3
LKOH;0;20260414;90449;5450.0;7
LKOH;0;20260414;90449;5450.0;1
LKOH;0;20260414;90449;5450.0;1
LKOH;0;20260414;90456;5450.0;1
LKOH;0;20260414;90456;5450.0;1
LKOH;0;20260414;90500;5450.0;1
LKOH;0;20260414;90525;5452.0;50
LKOH;0;20260414;90525;5452.0;76
LKOH;0;20260414;90525;5452.0;40
LKOH;0;20260414;90525;5453.0;64
LKOH;0;20260414;90525;5453.5;200
LKOH;0;20260414;90525;5453.5;50
LKOH;0;20260414;90525;5453.5;13
LKOH;0;20260414;90525;5454.0;7
LKOH;0;20260414;90529;5453.5;1
LKOH;0;20260414;90556;5453.0;30
LKOH;0;20260414;90556;5453.0;1
LKOH;0;20260414;90556;5453.0;31
LKOH;0;20260414;90557;5451.5;1
LKOH;0;20260414;90601;5452.0;30
LKOH;0;20260414;90604;5452.0;1
LKOH;0;20260414;90606;5452.0;1
LKOH;0;20260414;90608;5452.0;38
LKOH;0;20260414;90608;5452.0;76
LKOH;0;20260414;90611;5452.0;1
LKOH;0;20260414;90631;5452.5;2
LKOH;0;20260414;90648;5452.5;8
LKOH;0;20260414;90711;5453.0;1
LKOH;0;20260414;90725;5453.0;2
LKOH;0;20260414;90725;5453.0;6
LKOH;0;20260414;90725;5453.0;1
LKOH;0;20260414;90733;5453.0;31
LKOH;0;20260414;90733;5453.0;10
LKOH;0;20260414;90733;5453.0;10
LKOH;0;20260414;90733;5453.0;76
LKOH;0;20260414;90816;5454.0;4
LKOH;0;20260414;90817;5454.0;20
LKOH;0;20260414;90820;5454.5;1
LKOH;0;20260414;90830;5454.5;1
LKOH;0;20260414;90832;5453.5;1
LKOH;0;20260414;90832;5453.5;1
LKOH;0;20260414;90844;5453.0;1
LKOH;0;20260414;90854;5453.5;2
LKOH;0;20260414;90857;5453.5;1
LKOH;0;20260414;90858;5453.5;3
LKOH;0;20260414;90905;5453.0;4
LKOH;0;20260414;90906;5453.5;1
LKOH;0;20260414;90910;5454.0;5
LKOH;0;20260414;90921;5454.0;2
LKOH;0;20260414;90924;5453.5;1
LKOH;0;20260414;90924;5453.5;19
LKOH;0;20260414;90929;5453.0;20
LKOH;0;20260414;90940;5452.5;21
LKOH;0;20260414;90940;5452.5;7
LKOH;0;20260414;90940;5452.0;2
LKOH;0;20260414;90940;5452.0;12
LKOH;0;20260414;90943;5453.0;1
LKOH;0;20260414;90944;5451.0;10
LKOH;0;20260414;90950;5451.5;1
LKOH;0;20260414;90950;5451.0;15
LKOH;0;20260414;90950;5451.0;24
LKOH;0;20260414;90950;5451.0;1
LKOH;0;20260414;90950;5451.0;1
LKOH;0;20260414;90952;5450.5;15
LKOH;0;20260414;90952;5450.5;23
LKOH;0;20260414;90955;5451.5;6
LKOH;0;20260414;90955;5451.5;4
LKOH;0;20260414;91004;5453.5;1
LKOH;0;20260414;91018;5452.0;1
LKOH;0;20260414;91036;5451.5;30
LKOH;0;20260414;91036;5451.5;1
LKOH;0;20260414;91036;5451.5;37
LKOH;0;20260414;91036;5451.5;64
LKOH;0;20260414;91036;5451.5;37
LKOH;0;20260414;91036;5452.0;10
LKOH;0;20260414;91036;5452.0;76
LKOH;0;20260414;91036;5452.0;1
LKOH;0;20260414;91036;5452.0;23
LKOH;0;20260414;91036;5452.0;30
LKOH;0;20260414;91036;5452.0;10
LKOH;0;20260414;91036;5452.0;1
LKOH;0;20260414;91040;5452.5;1
LKOH;0;20260414;91043;5452.5;9
LKOH;0;20260414;91043;5453.0;2
LKOH;0;20260414;91043;5453.0;15
LKOH;0;20260414;91043;5453.0;5
LKOH;0;20260414;91043;5453.0;1
LKOH;0;20260414;91043;5453.5;1
LKOH;0;20260414;91043;5453.5;9
LKOH;0;20260414;91046;5452.0;1
LKOH;0;20260414;91047;5451.5;1
LKOH;0;20260414;91056;5451.0;2
LKOH;0;20260414;91107;5450.0;2
LKOH;0;20260414;91116;5451.0;27
LKOH;0;20260414;91118;5451.0;1
LKOH;0;20260414;91127;5452.0;1
LKOH;0;20260414;91129;5451.0;3
LKOH;0;20260414;91131;5451.5;1
LKOH;0;20260414;91134;5451.5;2
LKOH;0;20260414;91139;5452.0;1
LKOH;0;20260414;91143;5451.5;2
LKOH;0;20260414;91151;5451.5;2
LKOH;0;20260414;91151;5451.5;2
LKOH;0;20260414;91203;5452.5;1
LKOH;0;20260414;91215;5452.5;1
LKOH;0;20260414;91222;5452.0;30
LKOH;0;20260414;91222;5452.0;43
LKOH;0;20260414;91222;5451.5;3
LKOH;0;20260414;91222;5451.5;20
LKOH;0;20260414;91227;5452.5;1
LKOH;0;20260414;91232;5451.5;19
LKOH;0;20260414;91233;5451.0;5
LKOH;0;20260414;91233;5451.0;14
LKOH;0;20260414;91242;5451.5;4
LKOH;0;20260414;91255;5451.5;22
LKOH;0;20260414;91257;5451.5;2
LKOH;0;20260414;91309;5452.0;1
LKOH;0;20260414;91325;5452.0;3
LKOH;0;20260414;91326;5452.5;1
LKOH;0;20260414;91343;5451.0;1
LKOH;0;20260414;91351;5452.0;1
LKOH;0;20260414;91355;5452.5;2
LKOH;0;20260414;91403;5451.5;16
LKOH;0;20260414;91405;5451.5;2
LKOH;0;20260414;91413;5451.0;14
LKOH;0;20260414;91414;5451.5;1
LKOH;0;20260414;91418;5451.5;9
LKOH;0;20260414;91418;5451.5;11
LKOH;0;20260414;91440;5452.5;1
LKOH;0;20260414;91447;5451.5;5
LKOH;0;20260414;91447;5451.0;19
LKOH;0;20260414;91447;5451.0;1
LKOH;0;20260414;91447;5451.0;27
LKOH;0;20260414;91458;5451.5;1
LKOH;0;20260414;91505;5451.5;1
LKOH;0;20260414;91518;5452.0;1
LKOH;0;20260414;91530;5452.0;1
LKOH;0;20260414;91533;5452.0;1
LKOH;0;20260414;91543;5452.0;1
LKOH;0;20260414;91544;5452.0;1
LKOH;0;20260414;91552;5451.5;8
LKOH;0;20260414;91552;5451.5;7
LKOH;0;20260414;91556;5452.5;1
LKOH;0;20260414;91556;5453.0;3
LKOH;0;20260414;91556;5453.0;1
LKOH;0;20260414;91624;5453.0;1
LKOH;0;20260414;91629;5452.5;1
LKOH;0;20260414;91629;5452.0;1
LKOH;0;20260414;91629;5452.0;2
LKOH;0;20260414;91629;5452.0;1
LKOH;0;20260414;91629;5451.5;23
LKOH;0;20260414;91629;5451.5;12
LKOH;0;20260414;91629;5451.0;6
LKOH;0;20260414;91629;5451.0;1
LKOH;0;20260414;91629;5450.5;50
LKOH;0;20260414;91629;5450.5;26
LKOH;0;20260414;91629;5450.0;4
LKOH;0;20260414;91629;5450.0;40
LKOH;0;20260414;91629;5450.0;2
LKOH;0;20260414;91629;5450.0;1
LKOH;0;20260414;91629;5450.0;5
LKOH;0;20260414;91629;5450.0;1
LKOH;0;20260414;91629;5450.0;2
LKOH;0;20260414;91629;5450.0;5
LKOH;0;20260414;91629;5450.0;2
LKOH;0;20260414;91629;5450.0;1
LKOH;0;20260414;91629;5450.0;13
LKOH;0;20260414;91630;5450.0;31
LKOH;0;20260414;91634;5450.5;1
LKOH;0;20260414;91634;5450.5;1
LKOH;0;20260414;91635;5450.5;1
LKOH;0;20260414;91635;5450.5;1
LKOH;0;20260414;91637;5451.0;3
LKOH;0;20260414;91646;5450.5;1
LKOH;0;20260414;91646;5450.5;1
LKOH;0;20260414;91648;5451.0;2
LKOH;0;20260414;91700;5450.5;2
LKOH;0;20260414;91700;5450.5;3
LKOH;0;20260414;91712;5451.0;5
LKOH;0;20260414;91712;5451.5;58
LKOH;0;20260414;91712;5451.5;4
LKOH;0;20260414;91712;5451.5;2
LKOH;0;20260414;91712;5452.0;76
LKOH;0;20260414;91712;5452.0;1
LKOH;0;20260414;91712;5452.5;1
LKOH;0;20260414;91712;5452.5;64
LKOH;0;20260414;91712;5452.5;30
LKOH;0;20260414;91712;5453.0;20
LKOH;0;20260414;91712;5453.0;30
LKOH;0;20260414;91712;5453.0;50
LKOH;0;20260414;91712;5453.0;13
LKOH;0;20260414;91712;5453.0;12
LKOH;0;20260414;91718;5453.0;1
LKOH;0;20260414;91719;5453.0;1
LKOH;0;20260414;91720;5453.0;1
LKOH;0;20260414;91721;5453.0;1
LKOH;0;20260414;91747;5451.5;1
LKOH;0;20260414;91752;5451.5;4
LKOH;0;20260414;91806;5450.0;10
LKOH;0;20260414;91808;5451.5;1
LKOH;0;20260414;91823;5451.0;1
LKOH;0;20260414;91832;5450.0;40
LKOH;0;20260414;91832;5450.0;36
LKOH;0;20260414;91834;5450.5;1
LKOH;0;20260414;91907;5450.0;1
LKOH;0;20260414;91907;5449.5;1
LKOH;0;20260414;91922;5449.5;18
LKOH;0;20260414;91922;5449.5;18
LKOH;0;20260414;91923;5449.5;76
LKOH;0;20260414;91923;5449.5;13
LKOH;0;20260414;91923;5449.5;76
LKOH;0;20260414;91924;5449.5;33
LKOH;0;20260414;91924;5449.5;13
LKOH;0;20260414;91924;5449.5;13
LKOH;0;20260414;91928;5449.5;5
LKOH;0;20260414;91928;5449.5;5
LKOH;0;20260414;91936;5449.5;589
LKOH;0;20260414;91936;5449.5;1
LKOH;0;20260414;91936;5449.5;1
LKOH;0;20260414;91936;5448.0;5
LKOH;0;20260414;91936;5447.0;1
LKOH;0;20260414;91936;5447.0;1
LKOH;0;20260414;91936;5447.0;1
LKOH;0;20260414;91936;5447.0;1
LKOH;0;20260414;91936;5447.0;8
LKOH;0;20260414;91936;5447.0;1
LKOH;0;20260414;91936;5447.0;7
LKOH;0;20260414;91936;5446.5;1
LKOH;0;20260414;91936;5446.5;1
LKOH;0;20260414;91936;5446.5;1
LKOH;0;20260414;91936;5446.5;11
LKOH;0;20260414;91936;5446.5;1
LKOH;0;20260414;91936;5446.0;4
LKOH;0;20260414;91936;5446.0;10
LKOH;0;20260414;91936;5446.0;30
LKOH;0;20260414;91937;5447.0;30
LKOH;0;20260414;91937;5447.0;12
LKOH;0;20260414;91937;5447.0;13
LKOH;0;20260414;91937;5447.0;56
LKOH;0;20260414;91937;5447.5;1
LKOH;0;20260414;91944;5447.5;2
LKOH;0;20260414;91952;5447.5;1
LKOH;0;20260414;91957;5447.5;2
LKOH;0;20260414;92000;5447.5;33
LKOH;0;20260414;92000;5447.5;13
LKOH;0;20260414;92000;5447.5;13
LKOH;0;20260414;92000;5447.5;13
LKOH;0;20260414;92000;5447.5;20
LKOH;0;20260414;92000;5447.5;28
LKOH;0;20260414;92000;5447.5;28
LKOH;0;20260414;92000;5447.5;20
LKOH;0;20260414;92001;5449.5;40
LKOH;0;20260414;92001;5449.5;252
LKOH;0;20260414;92021;5452.0;2
LKOH;0;20260414;92049;5452.0;30
LKOH;0;20260414;92049;5452.0;18
LKOH;0;20260414;92049;5452.0;46
LKOH;0;20260414;92049;5452.0;38
LKOH;0;20260414;92049;5452.5;64
LKOH;0;20260414;92049;5452.5;74
LKOH;0;20260414;92058;5452.5;1
LKOH;0;20260414;92107;5452.0;1
LKOH;0;20260414;92114;5451.0;1
LKOH;0;20260414;92114;5451.0;1
LKOH;0;20260414;92114;5451.0;19
LKOH;0;20260414;92116;5450.5;1
LKOH;0;20260414;92124;5450.5;20
LKOH;0;20260414;92142;5450.5;20
LKOH;0;20260414;92151;5450.0;1
LKOH;0;20260414;92151;5450.0;1
LKOH;0;20260414;92151;5450.0;15
LKOH;0;20260414;92152;5450.0;1
LKOH;0;20260414;92213;5450.0;6
LKOH;0;20260414;92256;5450.5;4
LKOH;0;20260414;92307;5451.0;1
LKOH;0;20260414;92310;5450.5;30
LKOH;0;20260414;92316;5451.0;3
LKOH;0;20260414;92316;5452.0;1
LKOH;0;20260414;92341;5453.5;20
LKOH;0;20260414;92341;5453.5;1
LKOH;0;20260414;92344;5453.5;19
LKOH;0;20260414;92346;5454.0;4
LKOH;0;20260414;92420;5455.0;1
LKOH;0;20260414;92431;5454.0;2
LKOH;0;20260414;92527;5454.5;1
LKOH;0;20260414;92530;5455.0;2
LKOH;0;20260414;92601;5455.0;2
LKOH;0;20260414;92601;5455.0;1
LKOH;0;20260414;92601;5455.0;1
LKOH;0;20260414;92606;5455.0;1
LKOH;0;20260414;92606;5455.0;1
LKOH;0;20260414;92607;5455.0;249
LKOH;0;20260414;92607;5455.0;32
LKOH;0;20260414;92617;5454.5;48
LKOH;0;20260414;92617;5454.5;13
LKOH;0;20260414;92617;5454.0;1
LKOH;0;20260414;92626;5454.5;2
LKOH;0;20260414;92632;5454.5;10
LKOH;0;20260414;92642;5454.5;1
LKOH;0;20260414;92717;5454.5;1
LKOH;0;20260414;92717;5454.5;6
LKOH;0;20260414;92721;5454.5;3
LKOH;0;20260414;92722;5454.5;7
LKOH;0;20260414;92722;5454.5;6
LKOH;0;20260414;92742;5454.0;1
LKOH;0;20260414;92743;5454.5;4
LKOH;0;20260414;92743;5454.5;1
LKOH;0;20260414;92751;5455.0;1
LKOH;0;20260414;92754;5455.0;2
LKOH;0;20260414;92754;5455.0;1
LKOH;0;20260414;92754;5455.0;1
LKOH;0;20260414;92754;5455.0;96
LKOH;0;20260414;92810;5455.0;1
LKOH;0;20260414;92812;5455.0;1
LKOH;0;20260414;92815;5455.0;10
LKOH;0;20260414;92815;5454.5;4
LKOH;0;20260414;92818;5455.0;100
LKOH;0;20260414;92841;5455.0;44
LKOH;0;20260414;92841;5455.0;56
LKOH;0;20260414;92842;5455.0;1
LKOH;0;20260414;92842;5455.0;1
LKOH;0;20260414;92844;5454.5;76
LKOH;0;20260414;92844;5454.5;15
LKOH;0;20260414;92844;5454.5;55
LKOH;0;20260414;92844;5454.5;6
LKOH;0;20260414;92845;5454.5;7
LKOH;0;20260414;92845;5454.5;30
LKOH;0;20260414;92845;5454.0;1
LKOH;0;20260414;92845;5454.0;5
LKOH;0;20260414;92845;5454.0;20
LKOH;0;20260414;92845;5454.0;1
LKOH;0;20260414;92845;5454.0;12
LKOH;0;20260414;92845;5454.0;18
LKOH;0;20260414;92845;5454.0;55
LKOH;0;20260414;92845;5454.0;3
LKOH;0;20260414;92845;5454.0;30
LKOH;0;20260414;92845;5453.5;46
LKOH;0;20260414;92845;5453.5;30
LKOH;0;20260414;92845;5453.5;20
LKOH;0;20260414;92845;5453.0;20
LKOH;0;20260414;92845;5453.0;6
LKOH;0;20260414;92846;5453.0;24
LKOH;0;20260414;92846;5453.0;13
LKOH;0;20260414;92846;5453.0;39
LKOH;0;20260414;92846;5453.0;35
LKOH;0;20260414;92846;5453.0;41
LKOH;0;20260414;92858;5453.5;10
LKOH;0;20260414;92858;5453.5;76
LKOH;0;20260414;92858;5454.0;5
LKOH;0;20260414;92858;5454.0;30
LKOH;0;20260414;92858;5454.5;30
LKOH;0;20260414;92858;5454.5;6
LKOH;0;20260414;92858;5454.5;23
LKOH;0;20260414;92858;5455.0;1
LKOH;0;20260414;92858;5455.0;30
LKOH;0;20260414;92858;5455.0;20
LKOH;0;20260414;92858;5455.0;13
LKOH;0;20260414;92858;5455.5;6
LKOH;0;20260414;92858;5455.5;20
LKOH;0;20260414;92858;5455.5;60
LKOH;0;20260414;92858;5455.5;30
LKOH;0;20260414;92858;5455.5;25
LKOH;0;20260414;92858;5456.0;20
LKOH;0;20260414;92858;5456.0;50
LKOH;0;20260414;92858;5456.0;20
LKOH;0;20260414;92858;5456.5;18
LKOH;0;20260414;92858;5456.5;20
LKOH;0;20260414;92858;5457.0;20
LKOH;0;20260414;92858;5457.0;30
LKOH;0;20260414;92858;5457.0;18
LKOH;0;20260414;92858;5457.5;20
LKOH;0;20260414;92858;5457.5;20
LKOH;0;20260414;92858;5457.5;44
LKOH;0;20260414;92858;5458.0;50
LKOH;0;20260414;92858;5458.0;20
LKOH;0;20260414;92858;5458.5;20
LKOH;0;20260414;92858;5458.5;14
LKOH;0;20260414;92858;5458.5;64
LKOH;0;20260414;92858;5459.0;20
LKOH;0;20260414;92858;5459.0;50
LKOH;0;20260414;92858;5459.0;64
LKOH;0;20260414;92858;5459.5;20
LKOH;0;20260414;92858;5459.5;50
LKOH;0;20260414;92858;5459.5;50
LKOH;0;20260414;92858;5459.5;25
LKOH;0;20260414;92858;5460.0;1
LKOH;0;20260414;92858;5460.0;20
LKOH;0;20260414;92858;5460.0;50
LKOH;0;20260414;92858;5460.0;500
LKOH;0;20260414;92858;5460.0;200
LKOH;0;20260414;92858;5460.0;117
LKOH;0;20260414;92906;5455.5;4
LKOH;0;20260414;92909;5455.5;1
LKOH;0;20260414;92910;5455.5;1
LKOH;0;20260414;92923;5454.5;10
LKOH;0;20260414;92930;5455.0;3
LKOH;0;20260414;92942;5455.0;2
LKOH;0;20260414;92943;5455.0;1
LKOH;0;20260414;92944;5454.5;30
LKOH;0;20260414;92944;5454.5;46
LKOH;0;20260414;92944;5455.0;7
LKOH;0;20260414;92944;5455.0;4
LKOH;0;20260414;92944;5455.0;9
LKOH;0;20260414;92944;5455.0;20
LKOH;0;20260414;92944;5455.0;20
LKOH;0;20260414;92944;5455.0;20
LKOH;0;20260414;92944;5455.0;20
LKOH;0;20260414;92944;5455.0;20
LKOH;0;20260414;92944;5455.0;20
LKOH;0;20260414;92944;5455.0;20
LKOH;0;20260414;92944;5455.0;20
LKOH;0;20260414;92944;5455.0;20
LKOH;0;20260414;92944;5455.0;24
LKOH;0;20260414;92944;5455.0;20
LKOH;0;20260414;92944;5455.0;19
LKOH;0;20260414;92944;5455.0;13
LKOH;0;20260414;92944;5455.0;30
LKOH;0;20260414;92944;5455.0;18
LKOH;0;20260414;92944;5455.0;20
LKOH;0;20260414;92944;5455.0;50
LKOH;0;20260414;92944;5455.0;50
LKOH;0;20260414;92944;5455.0;50
LKOH;0;20260414;92944;5455.0;21
LKOH;0;20260414;92944;5456.5;30
LKOH;0;20260414;92944;5456.5;46
LKOH;0;20260414;92953;5457.0;1
LKOH;0;20260414;93011;5459.0;1
LKOH;0;20260414;93019;5460.0;4
LKOH;0;20260414;93019;5460.0;37
LKOH;0;20260414;93019;5460.0;30
LKOH;0;20260414;93019;5460.0;18
LKOH;0;20260414;93019;5460.0;11
LKOH;0;20260414;93028;5459.5;2
LKOH;0;20260414;93035;5460.5;57
LKOH;0;20260414;93051;5460.0;9
LKOH;0;20260414;93051;5460.0;4
LKOH;0;20260414;93055;5460.0;6
LKOH;0;20260414;93105;5459.5;2
LKOH;0;20260414;93107;5459.0;1
LKOH;0;20260414;93107;5458.0;10
LKOH;0;20260414;93123;5458.0;30
LKOH;0;20260414;93123;5458.0;11
LKOH;0;20260414;93123;5458.0;9
LKOH;0;20260414;93123;5458.0;23
LKOH;0;20260414;93123;5456.5;37
LKOH;0;20260414;93123;5455.5;4
LKOH;0;20260414;93124;5455.0;1
LKOH;0;20260414;93124;5455.0;3
LKOH;0;20260414;93125;5457.0;1
LKOH;0;20260414;93135;5457.0;2
LKOH;0;20260414;93137;5458.0;3
LKOH;0;20260414;93137;5456.5;37
LKOH;0;20260414;93137;5456.5;7
LKOH;0;20260414;93202;5457.0;1
LKOH;0;20260414;93216;5457.0;29
LKOH;0;20260414;93216;5457.0;37
LKOH;0;20260414;93216;5457.0;33
LKOH;0;20260414;93216;5457.0;46
LKOH;0;20260414;93216;5457.0;74
LKOH;0;20260414;93224;5457.0;1
LKOH;0;20260414;93231;5455.5;4
LKOH;0;20260414;93233;5457.0;2
LKOH;0;20260414;93247;5456.5;1
LKOH;0;20260414;93247;5457.0;1
LKOH;0;20260414;93252;5457.0;174
LKOH;0;20260414;93252;5457.0;70
LKOH;0;20260414;93252;5457.0;30
LKOH;0;20260414;93252;5457.0;30
LKOH;0;20260414;93252;5457.0;18
LKOH;0;20260414;93252;5457.0;46
LKOH;0;20260414;93252;5457.5;10
LKOH;0;20260414;93252;5457.5;30
LKOH;0;20260414;93252;5458.0;30
LKOH;0;20260414;93252;5458.0;13
LKOH;0;20260414;93252;5458.0;25
LKOH;0;20260414;93252;5458.5;30
LKOH;0;20260414;93252;5458.5;67
LKOH;0;20260414;93252;5458.5;20
LKOH;0;20260414;93252;5459.0;20
LKOH;0;20260414;93252;5459.0;50
LKOH;0;20260414;93252;5459.0;30
LKOH;0;20260414;93252;5459.5;20
LKOH;0;20260414;93252;5459.5;20
LKOH;0;20260414;93252;5459.5;18
LKOH;0;20260414;93252;5460.0;48
LKOH;0;20260414;93252;5460.0;20
LKOH;0;20260414;93252;5460.0;20
LKOH;0;20260414;93252;5460.0;18
LKOH;0;20260414;93252;5460.0;2
LKOH;0;20260414;93252;5460.5;60
LKOH;0;20260414;93252;5460.5;20
LKOH;0;20260414;93252;5461.0;13
LKOH;0;20260414;93252;5461.0;3
LKOH;0;20260414;93252;5461.0;1
LKOH;0;20260414;93252;5461.0;20
LKOH;0;20260414;93252;5461.0;24
LKOH;0;20260414;93252;5457.0;20
LKOH;0;20260414;93252;5457.0;20
LKOH;0;20260414;93252;5457.0;20
LKOH;0;20260414;93252;5457.0;20
LKOH;0;20260414;93252;5457.0;20
LKOH;0;20260414;93252;5457.0;20
LKOH;0;20260414;93252;5457.0;20
LKOH;0;20260414;93252;5457.0;20
LKOH;0;20260414;93252;5457.0;20
LKOH;0;20260414;93252;5457.0;20
LKOH;0;20260414;93252;5457.0;20
LKOH;0;20260414;93252;5457.0;20
LKOH;0;20260414;93252;5457.0;12
LKOH;0;20260414;93252;5457.0;8
LKOH;0;20260414;93252;5457.0;30
LKOH;0;20260414;93252;5457.0;36
LKOH;0;20260414;93254;5457.0;2
LKOH;0;20260414;93258;5457.0;100
LKOH;0;20260414;93258;5457.0;20
LKOH;0;20260414;93258;5457.0;20
LKOH;0;20260414;93258;5457.0;20
LKOH;0;20260414;93258;5457.0;16
LKOH;0;20260414;93258;5457.0;4
LKOH;0;20260414;93258;5457.0;30
LKOH;0;20260414;93258;5457.0;50
LKOH;0;20260414;93258;5457.0;34
LKOH;0;20260414;93300;5459.5;1
LKOH;0;20260414;93308;5459.0;1
LKOH;0;20260414;93318;5459.5;1
LKOH;0;20260414;93320;5457.0;30
LKOH;0;20260414;93320;5457.0;48
LKOH;0;20260414;93320;5457.0;3
LKOH;0;20260414;93320;5457.0;15
LKOH;0;20260414;93320;5457.0;46
LKOH;0;20260414;93320;5457.0;20
LKOH;0;20260414;93326;5457.5;1
LKOH;0;20260414;93346;5458.0;1
LKOH;0;20260414;93347;5458.0;1
LKOH;0;20260414;93415;5459.5;1
LKOH;0;20260414;93417;5458.0;7
LKOH;0;20260414;93425;5458.5;1
LKOH;0;20260414;93425;5458.0;1
LKOH;0;20260414;93428;5458.0;12
LKOH;0;20260414;93428;5457.5;20
LKOH;0;20260414;93428;5457.5;23
LKOH;0;20260414;93428;5457.0;1
LKOH;0;20260414;93428;5457.0;3
LKOH;0;20260414;93428;5457.0;20
LKOH;0;20260414;93428;5457.0;13
LKOH;0;20260414;93428;5457.0;30
LKOH;0;20260414;93428;5457.0;1
LKOH;0;20260414;93428;5456.5;30
LKOH;0;20260414;93428;5456.5;20
LKOH;0;20260414;93428;5456.5;20
LKOH;0;20260414;93428;5456.5;50
LKOH;0;20260414;93428;5456.0;20
LKOH;0;20260414;93428;5456.0;30
LKOH;0;20260414;93428;5456.0;87
LKOH;0;20260414;93434;5457.5;1
LKOH;0;20260414;93435;5456.5;13
LKOH;0;20260414;93437;5458.0;1
LKOH;0;20260414;93443;5458.0;1
LKOH;0;20260414;93445;5458.0;1
LKOH;0;20260414;93445;5456.5;1
LKOH;0;20260414;93453;5456.5;2
LKOH;0;20260414;93453;5456.5;13
LKOH;0;20260414;93453;5456.5;35
LKOH;0;20260414;93458;5458.5;1
LKOH;0;20260414;93511;5458.5;1
LKOH;0;20260414;93545;5458.0;1
LKOH;0;20260414;93549;5458.0;1
LKOH;0;20260414;93557;5458.0;5
LKOH;0;20260414;93600;5458.0;1
LKOH;0;20260414;93611;5458.0;12
LKOH;0;20260414;93617;5459.5;2
LKOH;0;20260414;93621;5460.0;1
LKOH;0;20260414;93629;5460.5;2
LKOH;0;20260414;93634;5461.0;1
LKOH;0;20260414;93634;5460.0;1
LKOH;0;20260414;93635;5460.5;2
LKOH;0;20260414;93635;5461.0;1
LKOH;0;20260414;93637;5461.5;2
LKOH;0;20260414;93641;5461.5;5
LKOH;0;20260414;93702;5461.0;2
LKOH;0;20260414;93711;5461.5;3
LKOH;0;20260414;93711;5461.5;30
LKOH;0;20260414;93711;5461.5;1
LKOH;0;20260414;93711;5462.0;1
LKOH;0;20260414;93711;5462.0;20
LKOH;0;20260414;93711;5462.0;10
LKOH;0;20260414;93711;5462.0;1
LKOH;0;20260414;93711;5462.0;10
LKOH;0;20260414;93711;5462.0;1
LKOH;0;20260414;93730;5462.5;1
LKOH;0;20260414;93731;5462.5;1
LKOH;0;20260414;93733;5462.5;1
LKOH;0;20260414;93739;5462.0;18
LKOH;0;20260414;93739;5461.5;1
LKOH;0;20260414;93749;5460.0;1
LKOH;0;20260414;93750;5460.0;1
LKOH;0;20260414;93752;5461.0;1
LKOH;0;20260414;93754;5461.0;3
LKOH;0;20260414;93809;5461.0;1
LKOH;0;20260414;93815;5460.5;13
LKOH;0;20260414;93815;5460.5;12
LKOH;0;20260414;93853;5461.0;1
LKOH;0;20260414;93910;5460.5;1
LKOH;0;20260414;93910;5460.0;7
LKOH;0;20260414;93910;5460.0;5
LKOH;0;20260414;93930;5460.0;7
LKOH;0;20260414;93930;5460.0;3
LKOH;0;20260414;93935;5461.5;1
LKOH;0;20260414;93945;5461.5;2
LKOH;0;20260414;93952;5461.0;1
LKOH;0;20260414;93953;5461.5;4
LKOH;0;20260414;94006;5460.5;1
LKOH;0;20260414;94010;5461.5;5
LKOH;0;20260414;94018;5461.0;30
LKOH;0;20260414;94018;5461.0;20
LKOH;0;20260414;94018;5461.0;64
LKOH;0;20260414;94018;5461.0;45
LKOH;0;20260414;94018;5461.5;15
LKOH;0;20260414;94040;5460.5;1
LKOH;0;20260414;94040;5460.5;4
LKOH;0;20260414;94041;5460.0;2
LKOH;0;20260414;94050;5459.0;4
LKOH;0;20260414;94051;5457.0;3
LKOH;0;20260414;94051;5459.5;10
LKOH;0;20260414;94059;5459.5;14
LKOH;0;20260414;94103;5457.0;6
LKOH;0;20260414;94113;5458.0;1
LKOH;0;20260414;94114;5459.5;30
LKOH;0;20260414;94114;5459.5;16
LKOH;0;20260414;94114;5459.5;18
LKOH;0;20260414;94114;5459.5;27
LKOH;0;20260414;94115;5460.0;2
LKOH;0;20260414;94122;5459.5;2
LKOH;0;20260414;94125;5460.0;1
LKOH;0;20260414;94125;5460.0;1
LKOH;0;20260414;94137;5460.0;7
LKOH;0;20260414;94137;5460.5;8
LKOH;0;20260414;94143;5460.0;1
LKOH;0;20260414;94154;5460.0;1
LKOH;0;20260414;94206;5460.0;6
LKOH;0;20260414;94209;5460.0;10
LKOH;0;20260414;94214;5460.0;1
LKOH;0;20260414;94216;5460.0;2
LKOH;0;20260414;94225;5460.0;1
LKOH;0;20260414;94228;5460.0;10
LKOH;0;20260414;94229;5460.0;1
LKOH;0;20260414;94229;5460.5;10
LKOH;0;20260414;94229;5460.5;1
LKOH;0;20260414;94229;5460.5;6
LKOH;0;20260414;94229;5460.5;2
LKOH;0;20260414;94234;5460.5;1
LKOH;0;20260414;94252;5461.0;1
LKOH;0;20260414;94253;5461.0;3
LKOH;0;20260414;94257;5461.0;1
LKOH;0;20260414;94302;5461.5;10
LKOH;0;20260414;94308;5461.0;11
LKOH;0;20260414;94318;5461.0;1
LKOH;0;20260414;94357;5461.5;6
LKOH;0;20260414;94359;5461.5;1
LKOH;0;20260414;94410;5460.5;3
LKOH;0;20260414;94410;5460.5;1
LKOH;0;20260414;94419;5461.5;125
LKOH;0;20260414;94422;5461.5;3
LKOH;0;20260414;94436;5461.0;3
LKOH;0;20260414;94436;5461.0;27
LKOH;0;20260414;94436;5461.0;13
LKOH;0;20260414;94436;5461.0;1
LKOH;0;20260414;94436;5461.0;38
LKOH;0;20260414;94503;5461.5;2
LKOH;0;20260414;94505;5461.5;1
LKOH;0;20260414;94522;5460.5;27
LKOH;0;20260414;94522;5460.5;19
LKOH;0;20260414;94522;5460.0;4
LKOH;0;20260414;94534;5460.0;4
LKOH;0;20260414;94534;5460.0;1
LKOH;0;20260414;94534;5460.0;2
LKOH;0;20260414;94534;5460.0;2
LKOH;0;20260414;94536;5460.0;2
LKOH;0;20260414;94536;5460.0;2
LKOH;0;20260414;94536;5460.0;1
LKOH;0;20260414;94536;5460.0;1
LKOH;0;20260414;94539;5460.0;1
LKOH;0;20260414;94539;5460.0;1
LKOH;0;20260414;94541;5460.0;1
LKOH;0;20260414;94548;5460.0;1
LKOH;0;20260414;94548;5460.0;1
LKOH;0;20260414;94549;5460.0;1
LKOH;0;20260414;94549;5460.0;1
LKOH;0;20260414;94549;5460.0;14
LKOH;0;20260414;94549;5460.0;1
LKOH;0;20260414;94549;5460.0;1
LKOH;0;20260414;94550;5460.0;1
LKOH;0;20260414;94550;5460.0;1
LKOH;0;20260414;94550;5460.0;4
LKOH;0;20260414;94550;5460.0;4
LKOH;0;20260414;94550;5460.0;41
LKOH;0;20260414;94550;5460.0;11
LKOH;0;20260414;94550;5459.5;30
LKOH;0;20260414;94551;5459.5;70
LKOH;0;20260414;94551;5459.5;9
LKOH;0;20260414;94551;5458.0;27
LKOH;0;20260414;94551;5458.0;40
LKOH;0;20260414;94558;5457.5;4
LKOH;0;20260414;94642;5457.5;30
LKOH;0;20260414;94642;5457.5;25
LKOH;0;20260414;94642;5458.0;45
LKOH;0;20260414;94643;5458.5;1
LKOH;0;20260414;94656;5458.5;1
LKOH;0;20260414;94656;5458.5;19
LKOH;0;20260414;94722;5458.5;1
LKOH;0;20260414;94728;5458.5;1
LKOH;0;20260414;94808;5460.0;3
LKOH;0;20260414;94813;5459.0;15
LKOH;0;20260414;94816;5459.0;15
LKOH;0;20260414;94816;5459.0;2
LKOH;0;20260414;94824;5460.0;13
LKOH;0;20260414;94830;5460.0;9
LKOH;0;20260414;94832;5460.0;12
LKOH;0;20260414;94839;5459.0;5
LKOH;0;20260414;94919;5460.0;1
LKOH;0;20260414;94919;5459.5;30
LKOH;0;20260414;94919;5459.5;1
LKOH;0;20260414;94919;5459.0;13
LKOH;0;20260414;94919;5459.0;25
LKOH;0;20260414;94929;5460.0;1
LKOH;0;20260414;94929;5459.0;1
LKOH;0;20260414;94938;5459.5;1
LKOH;0;20260414;94955;5460.0;1
LKOH;0;20260414;95014;5460.0;6
LKOH;0;20260414;95033;5460.0;1
LKOH;0;20260414;95057;5459.5;3
LKOH;0;20260414;95057;5459.5;10
LKOH;0;20260414;95110;5460.0;1
LKOH;0;20260414;95114;5460.0;1
LKOH;0;20260414;95117;5459.5;1
LKOH;0;20260414;95127;5460.5;1
LKOH;0;20260414;95138;5460.5;1
LKOH;0;20260414;95200;5460.0;1
LKOH;0;20260414;95204;5459.0;1
LKOH;0;20260414;95214;5459.5;4
LKOH;0;20260414;95237;5459.5;1
LKOH;0;20260414;95241;5459.0;1
LKOH;0;20260414;95251;5459.5;1
LKOH;0;20260414;95256;5459.5;1
LKOH;0;20260414;95308;5459.0;6
LKOH;0;20260414;95308;5459.0;1
LKOH;0;20260414;95308;5459.0;1
LKOH;0;20260414;95308;5459.0;1
LKOH;0;20260414;95308;5459.0;1
LKOH;0;20260414;95328;5459.0;4
LKOH;0;20260414;95332;5459.0;5
LKOH;0;20260414;95400;5459.0;1
LKOH;0;20260414;95407;5458.5;1
LKOH;0;20260414;95408;5458.0;1
LKOH;0;20260414;95435;5457.0;2
LKOH;0;20260414;95435;5457.0;7
LKOH;0;20260414;95435;5457.0;1
LKOH;0;20260414;95439;5458.0;3
LKOH;0;20260414;95453;5457.5;1
LKOH;0;20260414;95503;5457.5;5
LKOH;0;20260414;95511;5457.5;1
LKOH;0;20260414;95512;5457.0;5
LKOH;0;20260414;95538;5457.0;1
LKOH;0;20260414;95553;5456.5;1
LKOH;0;20260414;95559;5456.5;4
LKOH;0;20260414;95559;5456.5;4
LKOH;0;20260414;95559;5457.0;4
LKOH;0;20260414;95559;5457.0;1
LKOH;0;20260414;95559;5457.0;17
LKOH;0;20260414;95606;5458.0;27
LKOH;0;20260414;95610;5458.0;3
LKOH;0;20260414;95610;5458.0;27
LKOH;0;20260414;95620;5458.0;2
LKOH;0;20260414;95624;5457.5;6
LKOH;0;20260414;95624;5457.5;4
LKOH;0;20260414;95634;5457.5;10
LKOH;0;20260414;95634;5457.5;10
LKOH;0;20260414;95642;5457.5;4
LKOH;0;20260414;95722;5458.0;5
LKOH;0;20260414;95723;5457.5;1
LKOH;0;20260414;95724;5458.5;1
LKOH;0;20260414;95734;5458.5;30
LKOH;0;20260414;95734;5459.0;118
LKOH;0;20260414;95734;5459.0;30
LKOH;0;20260414;95734;5459.0;7
LKOH;0;20260414;95734;5459.0;5
LKOH;0;20260414;95734;5459.5;1
LKOH;0;20260414;95734;5459.5;30
LKOH;0;20260414;95734;5459.5;12
LKOH;0;20260414;95734;5459.5;30
LKOH;0;20260414;95734;5460.0;30
LKOH;0;20260414;95734;5460.0;50
LKOH;0;20260414;95734;5460.0;20
LKOH;0;20260414;95734;5460.0;20
LKOH;0;20260414;95734;5460.5;8
LKOH;0;20260414;95734;5460.5;100
LKOH;0;20260414;95734;5460.5;8
LKOH;0;20260414;95734;5460.5;4
LKOH;0;20260414;95734;5460.5;30
LKOH;0;20260414;95734;5460.5;20
LKOH;0;20260414;95734;5460.5;20
LKOH;0;20260414;95734;5461.0;20
LKOH;0;20260414;95734;5461.0;20
LKOH;0;20260414;95734;5461.0;50
LKOH;0;20260414;95734;5461.5;1
LKOH;0;20260414;95734;5461.5;50
LKOH;0;20260414;95734;5461.5;20
LKOH;0;20260414;95734;5461.5;20
LKOH;0;20260414;95734;5461.5;50
LKOH;0;20260414;95734;5461.5;25
LKOH;0;20260414;95734;5462.0;59
LKOH;0;20260414;95734;5462.0;1
LKOH;0;20260414;95734;5462.0;20
LKOH;0;20260414;95734;5462.0;50
LKOH;0;20260414;95734;5462.0;30
LKOH;0;20260414;95734;5462.0;18
LKOH;0;20260414;95734;5462.5;20
LKOH;0;20260414;95734;5462.5;41
LKOH;0;20260414;95749;5458.5;2
LKOH;0;20260414;95755;5458.5;1
LKOH;0;20260414;95800;5460.5;1
LKOH;0;20260414;95838;5460.0;1
LKOH;0;20260414;95858;5460.5;2
LKOH;0;20260414;95908;5460.5;14
LKOH;0;20260414;95909;5461.0;1
LKOH;0;20260414;95932;5461.5;1
LKOH;0;20260414;95936;5461.5;1
LKOH;0;20260414;95937;5461.0;1
LKOH;0;20260414;95939;5461.0;6
LKOH;0;20260414;95948;5461.5;3
LKOH;0;20260414;95948;5462.0;1
LKOH;0;20260414;95948;5462.5;5
LKOH;0;20260414;100001;5461.0;6
LKOH;0;20260414;100001;5461.0;4
LKOH;0;20260414;100001;5460.5;43
LKOH;0;20260414;100001;5460.5;10
LKOH;0;20260414;100001;5460.5;4
LKOH;0;20260414;100001;5460.5;2
LKOH;0;20260414;100011;5460.5;1
LKOH;0;20260414;100014;5460.0;3
LKOH;0;20260414;100015;5460.0;1
LKOH;0;20260414;100018;5460.5;1
LKOH;0;20260414;100032;5459.0;5
LKOH;0;20260414;100032;5458.5;1
LKOH;0;20260414;100032;5458.0;50
LKOH;0;20260414;100041;5458.0;4
LKOH;0;20260414;100046;5458.5;30
LKOH;0;20260414;100046;5458.5;46
LKOH;0;20260414;100046;5458.5;18
LKOH;0;20260414;100046;5458.5;37
LKOH;0;20260414;100046;5458.5;25
LKOH;0;20260414;100046;5458.5;23
LKOH;0;20260414;100051;5458.5;15
LKOH;0;20260414;100051;5461.0;15
LKOH;0;20260414;100051;5460.0;15
LKOH;0;20260414;100051;5460.0;12
LKOH;0;20260414;100051;5459.5;3
LKOH;0;20260414;100051;5459.5;12
LKOH;0;20260414;100051;5459.0;3
LKOH;0;20260414;100052;5459.0;1
LKOH;0;20260414;100052;5458.5;14
LKOH;0;20260414;100052;5458.5;3
LKOH;0;20260414;100102;5458.0;18
LKOH;0;20260414;100102;5458.0;30
LKOH;0;20260414;100102;5458.0;10
LKOH;0;20260414;100102;5458.0;10
LKOH;0;20260414;100102;5458.0;9
LKOH;0;20260414;100105;5458.0;1
LKOH;0;20260414;100105;5458.0;1
LKOH;0;20260414;100109;5458.0;2
LKOH;0;20260414;100117;5458.0;3
LKOH;0;20260414;100121;5458.0;4
LKOH;0;20260414;100121;5458.0;23
LKOH;0;20260414;100121;5458.0;10
LKOH;0;20260414;100121;5457.5;17
LKOH;0;20260414;100122;5458.0;1
LKOH;0;20260414;100123;5458.0;1
LKOH;0;20260414;100131;5457.5;1
LKOH;0;20260414;100133;5457.5;30
LKOH;0;20260414;100133;5457.5;64
LKOH;0;20260414;100133;5457.5;15
LKOH;0;20260414;100133;5457.5;37
LKOH;0;20260414;100133;5457.5;35
LKOH;0;20260414;100133;5458.0;30
LKOH;0;20260414;100133;5458.0;3
LKOH;0;20260414;100133;5458.0;7
LKOH;0;20260414;100133;5458.5;12
LKOH;0;20260414;100133;5458.5;12
LKOH;0;20260414;100133;5460.5;10
LKOH;0;20260414;100133;5460.0;5
LKOH;0;20260414;100133;5460.0;15
LKOH;0;20260414;100133;5460.0;11
LKOH;0;20260414;100143;5459.0;1
LKOH;0;20260414;100146;5458.5;20
LKOH;0;20260414;100206;5459.0;1
LKOH;0;20260414;100208;5459.0;1
LKOH;0;20260414;100210;5459.0;1
LKOH;0;20260414;100220;5458.5;1
LKOH;0;20260414;100228;5459.0;1
LKOH;0;20260414;100230;5459.0;18
LKOH;0;20260414;100230;5459.0;1
LKOH;0;20260414;100230;5459.0;10
LKOH;0;20260414;100230;5459.0;99
LKOH;0;20260414;100230;5459.0;9
LKOH;0;20260414;100230;5460.0;2
LKOH;0;20260414;100230;5460.5;2
LKOH;0;20260414;100230;5461.0;42
LKOH;0;20260414;100237;5460.5;7
LKOH;0;20260414;100237;5461.0;1
LKOH;0;20260414;100238;5460.5;3
LKOH;0;20260414;100238;5460.5;6
LKOH;0;20260414;100251;5459.0;1
LKOH;0;20260414;100253;5459.0;9
LKOH;0;20260414;100253;5459.5;1
LKOH;0;20260414;100304;5459.0;30
LKOH;0;20260414;100304;5459.0;34
LKOH;0;20260414;100304;5459.0;1
LKOH;0;20260414;100305;5460.0;1
LKOH;0;20260414;100310;5459.5;1
LKOH;0;20260414;100314;5460.0;1
LKOH;0;20260414;100317;5460.5;3
LKOH;0;20260414;100324;5461.0;5
LKOH;0;20260414;100325;5459.5;1
LKOH;0;20260414;100332;5460.0;1
LKOH;0;20260414;100339;5459.5;1
LKOH;0;20260414;100340;5458.5;2
LKOH;0;20260414;100351;5459.0;1
LKOH;0;20260414;100353;5459.0;1
LKOH;0;20260414;100359;5458.5;1
LKOH;0;20260414;100401;5458.5;3
LKOH;0;20260414;100401;5460.5;1
LKOH;0;20260414;100412;5459.0;1
LKOH;0;20260414;100422;5459.5;13
LKOH;0;20260414;100427;5459.0;1
LKOH;0;20260414;100430;5459.5;2
LKOH;0;20260414;100432;5459.0;2
LKOH;0;20260414;100439;5460.0;2
LKOH;0;20260414;100443;5460.0;1
LKOH;0;20260414;100448;5459.0;3
LKOH;0;20260414;100452;5459.0;1
LKOH;0;20260414;100458;5460.5;20
LKOH;0;20260414;100507;5460.0;1
LKOH;0;20260414;100518;5460.0;1
LKOH;0;20260414;100525;5460.0;1
LKOH;0;20260414;100529;5460.0;2
LKOH;0;20260414;100531;5460.0;1
LKOH;0;20260414;100531;5460.0;36
LKOH;0;20260414;100531;5459.5;1
LKOH;0;20260414;100531;5459.5;1
LKOH;0;20260414;100531;5459.0;2
LKOH;0;20260414;100531;5459.0;1
LKOH;0;20260414;100531;5458.5;5
LKOH;0;20260414;100533;5459.5;1
LKOH;0;20260414;100533;5459.5;1
LKOH;0;20260414;100537;5458.5;1
LKOH;0;20260414;100546;5459.5;1
LKOH;0;20260414;100546;5459.5;1
LKOH;0;20260414;100551;5459.5;2
LKOH;0;20260414;100553;5459.5;3
LKOH;0;20260414;100602;5459.0;1
LKOH;0;20260414;100608;5458.5;1
LKOH;0;20260414;100610;5458.5;24
LKOH;0;20260414;100610;5458.5;13
LKOH;0;20260414;100611;5458.5;462
LKOH;0;20260414;100611;5458.5;1
LKOH;0;20260414;100611;5458.5;1
LKOH;0;20260414;100614;5458.0;15
LKOH;0;20260414;100614;5458.0;1
LKOH;0;20260414;100614;5457.0;5
LKOH;0;20260414;100614;5457.0;200
LKOH;0;20260414;100614;5457.0;25
LKOH;0;20260414;100614;5457.0;5
LKOH;0;20260414;100614;5456.5;5
LKOH;0;20260414;100614;5456.5;40
LKOH;0;20260414;100627;5456.0;4
LKOH;0;20260414;100627;5456.0;1
LKOH;0;20260414;100627;5456.0;40
LKOH;0;20260414;100627;5456.0;1
LKOH;0;20260414;100627;5455.0;2
LKOH;0;20260414;100645;5455.0;5
LKOH;0;20260414;100650;5456.0;1
LKOH;0;20260414;100651;5455.0;3
LKOH;0;20260414;100651;5455.0;5
LKOH;0;20260414;100700;5456.0;1
LKOH;0;20260414;100708;5455.5;1
LKOH;0;20260414;100713;5455.5;5
LKOH;0;20260414;100730;5456.0;1
LKOH;0;20260414;100739;5456.0;1
LKOH;0;20260414;100742;5456.0;3
LKOH;0;20260414;100752;5455.5;25
LKOH;0;20260414;100752;5455.5;2
LKOH;0;20260414;100752;5455.5;7
LKOH;0;20260414;100752;5455.0;4
LKOH;0;20260414;100752;5455.5;18
LKOH;0;20260414;100752;5455.5;3
LKOH;0;20260414;100752;5455.0;7
LKOH;0;20260414;100753;5455.0;15
LKOH;0;20260414;100753;5455.0;15
LKOH;0;20260414;100753;5455.0;21
LKOH;0;20260414;100753;5455.0;4
LKOH;0;20260414;100753;5455.0;1
LKOH;0;20260414;100753;5455.0;1
LKOH;0;20260414;100753;5455.0;30
LKOH;0;20260414;100753;5454.5;1
LKOH;0;20260414;100753;5454.5;4
LKOH;0;20260414;100753;5454.5;5
LKOH;0;20260414;100753;5454.0;26
LKOH;0;20260414;100753;5454.0;26
LKOH;0;20260414;100753;5454.0;8
LKOH;0;20260414;100753;5454.0;1
LKOH;0;20260414;100753;5453.0;1
LKOH;0;20260414;100753;5453.0;8
LKOH;0;20260414;100753;5453.0;9
LKOH;0;20260414;100753;5453.0;76
LKOH;0;20260414;100754;5453.5;8
LKOH;0;20260414;100807;5453.0;1
LKOH;0;20260414;100812;5453.5;28
LKOH;0;20260414;100815;5453.5;5
LKOH;0;20260414;100820;5453.0;25
LKOH;0;20260414;100820;5453.0;25
LKOH;0;20260414;100823;5453.0;25
LKOH;0;20260414;100823;5453.0;25
LKOH;0;20260414;100826;5453.0;6
LKOH;0;20260414;100826;5453.0;1
LKOH;0;20260414;100826;5453.0;4
LKOH;0;20260414;100826;5453.0;12
LKOH;0;20260414;100826;5453.0;5
LKOH;0;20260414;100826;5453.0;1
LKOH;0;20260414;100826;5452.0;6
LKOH;0;20260414;100826;5452.0;1
LKOH;0;20260414;100827;5452.0;4
LKOH;0;20260414;100827;5452.0;1
LKOH;0;20260414;100827;5451.0;5
LKOH;0;20260414;100843;5451.5;1
LKOH;0;20260414;100844;5451.0;1
LKOH;0;20260414;100844;5451.0;1
LKOH;0;20260414;100844;5451.0;1
LKOH;0;20260414;100857;5451.0;1
LKOH;0;20260414;100903;5450.5;1
LKOH;0;20260414;100904;5451.0;5
LKOH;0;20260414;100904;5451.0;1
LKOH;0;20260414;100904;5451.0;8
LKOH;0;20260414;100905;5451.0;8
LKOH;0;20260414;100905;5451.0;8
LKOH;0;20260414;100907;5451.5;5
LKOH;0;20260414;100909;5451.0;100
LKOH;0;20260414;100915;5451.0;5
LKOH;0;20260414;100929;5451.0;7
LKOH;0;20260414;100930;5451.5;1
LKOH;0;20260414;100930;5451.5;1
LKOH;0;20260414;100930;5451.5;28
LKOH;0;20260414;100935;5451.5;1
LKOH;0;20260414;100945;5452.5;40
LKOH;0;20260414;100946;5453.0;5
LKOH;0;20260414;100946;5453.0;50
LKOH;0;20260414;100946;5453.0;50
LKOH;0;20260414;100946;5453.0;50
LKOH;0;20260414;100946;5453.5;50
LKOH;0;20260414;100946;5453.5;50
LKOH;0;20260414;100946;5454.0;1
LKOH;0;20260414;100946;5454.0;50
LKOH;0;20260414;100946;5454.0;25
LKOH;0;20260414;100946;5454.0;74
LKOH;0;20260414;100946;5454.5;1
LKOH;0;20260414;100946;5454.5;1
LKOH;0;20260414;100946;5454.5;20
LKOH;0;20260414;100946;5454.5;30
LKOH;0;20260414;100946;5454.5;50
LKOH;0;20260414;100946;5454.5;8
LKOH;0;20260414;100946;5455.0;1
LKOH;0;20260414;100946;5455.0;20
LKOH;0;20260414;100946;5455.0;14
LKOH;0;20260414;100950;5454.5;1
LKOH;0;20260414;100952;5454.0;1
LKOH;0;20260414;100952;5454.0;2
LKOH;0;20260414;100952;5454.5;2
LKOH;0;20260414;101005;5454.0;2
LKOH;0;20260414;101005;5454.0;2
LKOH;0;20260414;101005;5454.0;21
LKOH;0;20260414;101005;5454.0;1
LKOH;0;20260414;101005;5454.0;46
LKOH;0;20260414;101005;5454.0;17
LKOH;0;20260414;101005;5454.0;1
LKOH;0;20260414;101006;5454.5;1
LKOH;0;20260414;101008;5454.5;1
LKOH;0;20260414;101009;5454.5;25
LKOH;0;20260414;101009;5454.5;8
LKOH;0;20260414;101009;5454.0;1
LKOH;0;20260414;101009;5454.0;1
LKOH;0;20260414;101009;5454.0;23
LKOH;0;20260414;101009;5454.0;14
LKOH;0;20260414;101010;5452.5;1
LKOH;0;20260414;101015;5453.5;5
LKOH;0;20260414;101018;5453.0;1
LKOH;0;20260414;101019;5454.0;1
LKOH;0;20260414;101024;5453.5;2
LKOH;0;20260414;101024;5453.5;1
LKOH;0;20260414;101025;5453.0;13
LKOH;0;20260414;101025;5453.0;12
LKOH;0;20260414;101025;5453.0;13
LKOH;0;20260414;101025;5452.5;10
LKOH;0;20260414;101025;5452.5;1
LKOH;0;20260414;101025;5452.5;1
LKOH;0;20260414;101025;5452.5;13
LKOH;0;20260414;101025;5452.5;10
LKOH;0;20260414;101025;5452.5;7
LKOH;0;20260414;101025;5452.0;1
LKOH;0;20260414;101025;5452.0;8
LKOH;0;20260414;101025;5452.0;14
LKOH;0;20260414;101025;5452.0;1
LKOH;0;20260414;101026;5452.5;9
LKOH;0;20260414;101026;5452.5;6
LKOH;0;20260414;101029;5453.5;1
LKOH;0;20260414;101034;5452.5;15
LKOH;0;20260414;101034;5452.5;30
LKOH;0;20260414;101034;5452.5;1
LKOH;0;20260414;101034;5452.5;9
LKOH;0;20260414;101035;5453.5;1
LKOH;0;20260414;101035;5452.5;1
LKOH;0;20260414;101036;5452.0;1
LKOH;0;20260414;101036;5452.0;1
LKOH;0;20260414;101040;5451.5;1
LKOH;0;20260414;101040;5451.5;24
LKOH;0;20260414;101040;5451.5;6
LKOH;0;20260414;101040;5451.5;14
LKOH;0;20260414;101040;5451.5;1
LKOH;0;20260414;101041;5451.0;109
LKOH;0;20260414;101041;5451.0;17
LKOH;0;20260414;101041;5451.0;1
LKOH;0;20260414;101041;5450.5;99
LKOH;0;20260414;101041;5450.5;1
LKOH;0;20260414;101041;5450.5;28
LKOH;0;20260414;101041;5450.0;74
LKOH;0;20260414;101041;5450.0;1
LKOH;0;20260414;101041;5450.0;15
LKOH;0;20260414;101041;5450.0;10
LKOH;0;20260414;101041;5450.0;100
LKOH;0;20260414;101041;5450.0;13
LKOH;0;20260414;101041;5450.0;10
LKOH;0;20260414;101041;5450.0;1
LKOH;0;20260414;101041;5450.0;1
LKOH;0;20260414;101041;5450.0;1
LKOH;0;20260414;101041;5450.0;1
LKOH;0;20260414;101041;5450.0;1
LKOH;0;20260414;101041;5450.0;1
LKOH;0;20260414;101041;5450.0;60
LKOH;0;20260414;101041;5450.0;18
LKOH;0;20260414;101041;5450.0;30
LKOH;0;20260414;101041;5449.5;8
LKOH;0;20260414;101042;5450.0;1
LKOH;0;20260414;101042;5450.0;1
LKOH;0;20260414;101042;5449.5;18
LKOH;0;20260414;101042;5449.0;18
LKOH;0;20260414;101043;5449.0;7
LKOH;0;20260414;101043;5450.5;1
LKOH;0;20260414;101043;5450.5;4
LKOH;0;20260414;101045;5449.0;1
LKOH;0;20260414;101045;5449.0;100
LKOH;0;20260414;101053;5449.0;6
LKOH;0;20260414;101053;5449.0;4
LKOH;0;20260414;101053;5449.0;25
LKOH;0;20260414;101053;5449.0;25
LKOH;0;20260414;101054;5449.0;3
LKOH;0;20260414;101056;5449.0;1
LKOH;0;20260414;101100;5449.0;25
LKOH;0;20260414;101100;5449.0;25
LKOH;0;20260414;101100;5449.0;25
LKOH;0;20260414;101101;5449.0;1
LKOH;0;20260414;101104;5449.0;21
LKOH;0;20260414;101114;5449.5;1
LKOH;0;20260414;101119;5449.5;1
LKOH;0;20260414;101124;5452.0;3
LKOH;0;20260414;101125;5452.5;1
LKOH;0;20260414;101125;5452.5;9
LKOH;0;20260414;101131;5454.0;1
LKOH;0;20260414;101133;5453.0;1
LKOH;0;20260414;101133;5453.0;21
LKOH;0;20260414;101141;5452.5;1
LKOH;0;20260414;101141;5452.0;1
LKOH;0;20260414;101146;5451.0;1
LKOH;0;20260414;101151;5451.0;2
LKOH;0;20260414;101152;5451.0;2
LKOH;0;20260414;101200;5452.0;7
LKOH;0;20260414;101213;5452.5;2
LKOH;0;20260414;101214;5452.5;2
LKOH;0;20260414;101214;5452.5;2
LKOH;0;20260414;101230;5454.0;1
LKOH;0;20260414;101238;5453.5;1
LKOH;0;20260414;101239;5454.0;1
LKOH;0;20260414;101239;5453.5;1
LKOH;0;20260414;101240;5453.5;1
LKOH;0;20260414;101240;5453.5;24
LKOH;0;20260414;101240;5453.5;25
LKOH;0;20260414;101240;5453.5;25
LKOH;0;20260414;101240;5453.5;25
LKOH;0;20260414;101240;5453.5;1
LKOH;0;20260414;101241;5453.0;1
LKOH;0;20260414;101241;5453.0;1
LKOH;0;20260414;101241;5452.5;4
LKOH;0;20260414;101244;5452.0;1
LKOH;0;20260414;101244;5452.0;5
LKOH;0;20260414;101248;5452.0;58
LKOH;0;20260414;101248;5452.0;21
LKOH;0;20260414;101248;5452.0;1
LKOH;0;20260414;101253;5451.5;25
LKOH;0;20260414;101253;5451.5;1
LKOH;0;20260414;101253;5452.0;30
LKOH;0;20260414;101253;5452.0;1
LKOH;0;20260414;101253;5452.0;6
LKOH;0;20260414;101253;5452.5;1
LKOH;0;20260414;101253;5452.5;30
LKOH;0;20260414;101253;5452.5;6
LKOH;0;20260414;101254;5452.0;2
LKOH;0;20260414;101254;5452.5;1
LKOH;0;20260414;101255;5451.5;12
LKOH;0;20260414;101255;5451.5;1
LKOH;0;20260414;101255;5451.5;18
LKOH;0;20260414;101255;5451.5;37
LKOH;0;20260414;101255;5451.0;4
LKOH;0;20260414;101255;5451.0;1
LKOH;0;20260414;101255;5451.0;1
LKOH;0;20260414;101255;5451.0;24
LKOH;0;20260414;101311;5451.0;1
LKOH;0;20260414;101311;5451.0;3
LKOH;0;20260414;101315;5451.0;27
LKOH;0;20260414;101315;5451.0;1
LKOH;0;20260414;101315;5451.0;1
LKOH;0;20260414;101315;5451.0;1
LKOH;0;20260414;101315;5451.0;11
LKOH;0;20260414;101315;5451.0;32
LKOH;0;20260414;101316;5449.5;1
LKOH;0;20260414;101316;5449.5;1
LKOH;0;20260414;101316;5449.5;1
LKOH;0;20260414;101316;5449.0;13
LKOH;0;20260414;101316;5449.0;1
LKOH;0;20260414;101316;5449.0;9
LKOH;0;20260414;101336;5449.5;21
LKOH;0;20260414;101338;5449.0;6
LKOH;0;20260414;101338;5449.0;1
LKOH;0;20260414;101339;5449.0;3
LKOH;0;20260414;101356;5449.0;3
LKOH;0;20260414;101358;5448.5;1
LKOH;0;20260414;101358;5448.5;1
LKOH;0;20260414;101358;5448.5;5
LKOH;0;20260414;101358;5448.5;1
LKOH;0;20260414;101359;5448.0;8
LKOH;0;20260414;101400;5448.0;1
LKOH;0;20260414;101403;5448.0;880
LKOH;0;20260414;101403;5448.0;1
LKOH;0;20260414;101403;5448.0;1
LKOH;0;20260414;101403;5448.0;1
LKOH;0;20260414;101403;5448.0;1
LKOH;0;20260414;101403;5448.0;4
LKOH;0;20260414;101405;5448.0;6
LKOH;0;20260414;101405;5448.0;31
LKOH;0;20260414;101405;5448.0;1
LKOH;0;20260414;101405;5447.5;1
LKOH;0;20260414;101405;5447.5;39
LKOH;0;20260414;101412;5446.5;24
LKOH;0;20260414;101413;5447.0;1
LKOH;0;20260414;101417;5447.0;6
LKOH;0;20260414;101418;5446.5;1
LKOH;0;20260414;101422;5447.0;1
LKOH;0;20260414;101427;5447.0;1
LKOH;0;20260414;101428;5446.5;12
LKOH;0;20260414;101428;5446.5;1
LKOH;0;20260414;101428;5446.5;1
LKOH;0;20260414;101428;5446.0;16
LKOH;0;20260414;101434;5446.5;13
LKOH;0;20260414;101436;5446.5;5
LKOH;0;20260414;101436;5446.5;5
LKOH;0;20260414;101436;5446.5;6
LKOH;0;20260414;101436;5446.5;6
LKOH;0;20260414;101448;5446.5;1
LKOH;0;20260414;101449;5446.0;32
LKOH;0;20260414;101450;5446.5;1
LKOH;0;20260414;101451;5446.5;1
LKOH;0;20260414;101451;5446.0;8
LKOH;0;20260414;101452;5446.0;14
LKOH;0;20260414;101452;5446.0;10
LKOH;0;20260414;101452;5446.0;1
LKOH;0;20260414;101452;5445.0;3
LKOH;0;20260414;101452;5445.0;12
LKOH;0;20260414;101452;5445.0;4
LKOH;0;20260414;101452;5445.0;34
LKOH;0;20260414;101456;5445.0;50
LKOH;0;20260414;101456;5445.0;10
LKOH;0;20260414;101456;5445.0;1
LKOH;0;20260414;101456;5445.0;1
LKOH;0;20260414;101456;5445.0;1
LKOH;0;20260414;101456;5445.0;1
LKOH;0;20260414;101456;5445.0;1
LKOH;0;20260414;101456;5445.0;1
LKOH;0;20260414;101456;5445.0;5
LKOH;0;20260414;101456;5445.0;5
LKOH;0;20260414;101456;5444.5;6
LKOH;0;20260414;101456;5444.5;3
LKOH;0;20260414;101456;5444.0;5
LKOH;0;20260414;101456;5444.0;2
LKOH;0;20260414;101456;5444.0;1
LKOH;0;20260414;101456;5444.0;7
LKOH;0;20260414;101504;5444.5;1
LKOH;0;20260414;101504;5445.5;1
LKOH;0;20260414;101504;5446.0;2
LKOH;0;20260414;101506;5446.5;1
LKOH;0;20260414;101509;5445.5;1
LKOH;0;20260414;101509;5445.5;9
LKOH;0;20260414;101514;5446.0;3
LKOH;0;20260414;101518;5446.5;1
LKOH;0;20260414;101524;5447.0;91
LKOH;0;20260414;101524;5447.5;22
LKOH;0;20260414;101524;5447.5;7
LKOH;0;20260414;101525;5448.0;1
LKOH;0;20260414;101530;5448.0;24
LKOH;0;20260414;101530;5448.0;39
LKOH;0;20260414;101530;5448.5;2
LKOH;0;20260414;101530;5448.5;40
LKOH;0;20260414;101531;5448.5;2
LKOH;0;20260414;101537;5448.5;28
LKOH;0;20260414;101537;5448.5;12
LKOH;0;20260414;101537;5448.5;8
LKOH;0;20260414;101538;5448.0;30
LKOH;0;20260414;101538;5448.0;1
LKOH;0;20260414;101538;5448.0;24
LKOH;0;20260414;101542;5448.5;1
LKOH;0;20260414;101543;5448.5;1
LKOH;0;20260414;101543;5448.0;1
LKOH;0;20260414;101543;5447.5;1
LKOH;0;20260414;101543;5447.0;3
LKOH;0;20260414;101543;5447.0;1
LKOH;0;20260414;101543;5447.0;6
LKOH;0;20260414;101543;5447.0;12
LKOH;0;20260414;101543;5446.5;1
LKOH;0;20260414;101543;5446.5;1
LKOH;0;20260414;101543;5446.5;11
LKOH;0;20260414;101546;5448.5;1
LKOH;0;20260414;101552;5448.5;1
LKOH;0;20260414;101552;5448.0;1
LKOH;0;20260414;101552;5448.0;2
LKOH;0;20260414;101552;5447.5;1
LKOH;0;20260414;101553;5447.5;1
LKOH;0;20260414;101553;5447.5;19
LKOH;0;20260414;101553;5447.5;20
LKOH;0;20260414;101553;5447.5;20
LKOH;0;20260414;101553;5447.5;5
LKOH;0;20260414;101553;5447.5;1
LKOH;0;20260414;101553;5447.5;14
LKOH;0;20260414;101554;5447.5;1
LKOH;0;20260414;101609;5447.5;1
LKOH;0;20260414;101610;5447.5;2
LKOH;0;20260414;101610;5447.5;16
LKOH;0;20260414;101610;5447.5;30
LKOH;0;20260414;101610;5447.5;1
LKOH;0;20260414;101610;5447.5;25
LKOH;0;20260414;101610;5447.5;21
LKOH;0;20260414;101610;5447.5;4
LKOH;0;20260414;101612;5447.5;2
LKOH;0;20260414;101612;5447.5;6
LKOH;0;20260414;101613;5447.5;2
LKOH;0;20260414;101615;5447.5;10
LKOH;0;20260414;101615;5447.5;1
LKOH;0;20260414;101627;5447.5;5
LKOH;0;20260414;101633;5447.0;1
LKOH;0;20260414;101651;5447.0;20
LKOH;0;20260414;101651;5447.5;1
LKOH;0;20260414;101700;5447.0;1
LKOH;0;20260414;101702;5447.5;2
LKOH;0;20260414;101703;5447.5;1
LKOH;0;20260414;101706;5447.5;1
LKOH;0;20260414;101706;5447.5;3
LKOH;0;20260414;101708;5447.5;1
LKOH;0;20260414;101709;5447.0;1
LKOH;0;20260414;101709;5447.0;9
LKOH;0;20260414;101717;5447.5;6
LKOH;0;20260414;101728;5447.0;2
LKOH;0;20260414;101731;5447.0;20
LKOH;0;20260414;101732;5447.0;13
LKOH;0;20260414;101732;5447.0;1
LKOH;0;20260414;101734;5447.0;1
LKOH;0;20260414;101735;5447.0;1
LKOH;0;20260414;101735;5447.5;1
LKOH;0;20260414;101737;5447.5;1
LKOH;0;20260414;101742;5446.5;1
LKOH;0;20260414;101743;5445.5;1
LKOH;0;20260414;101746;5445.5;1
LKOH;0;20260414;101747;5445.0;2
LKOH;0;20260414;101758;5445.0;1
LKOH;0;20260414;101758;5444.5;6
LKOH;0;20260414;101758;5444.5;1
LKOH;0;20260414;101758;5444.0;23
LKOH;0;20260414;101758;5444.0;1
LKOH;0;20260414;101758;5444.0;8
LKOH;0;20260414;101758;5443.5;1
LKOH;0;20260414;101758;5443.5;1
LKOH;0;20260414;101758;5443.5;18
LKOH;0;20260414;101758;5443.5;50
LKOH;0;20260414;101758;5443.5;50
LKOH;0;20260414;101758;5443.0;4
LKOH;0;20260414;101758;5443.0;1
LKOH;0;20260414;101758;5443.0;2
LKOH;0;20260414;101758;5443.0;13
LKOH;0;20260414;101758;5443.0;2
LKOH;0;20260414;101758;5443.0;1
LKOH;0;20260414;101758;5443.0;60
LKOH;0;20260414;101758;5443.0;3
LKOH;0;20260414;101759;5443.0;1
LKOH;0;20260414;101759;5443.0;17
LKOH;0;20260414;101759;5443.0;21
LKOH;0;20260414;101759;5443.0;6
LKOH;0;20260414;101759;5443.0;5
LKOH;0;20260414;101759;5443.0;21
LKOH;0;20260414;101759;5443.0;1
LKOH;0;20260414;101759;5443.0;18
LKOH;0;20260414;101759;5443.0;46
LKOH;0;20260414;101759;5443.0;64
LKOH;0;20260414;101759;5442.5;6
LKOH;0;20260414;101759;5442.5;4
LKOH;0;20260414;101759;5442.5;12
LKOH;0;20260414;101759;5442.5;3
LKOH;0;20260414;101759;5442.0;4
LKOH;0;20260414;101759;5442.0;21
LKOH;0;20260414;101759;5442.0;43
LKOH;0;20260414;101759;5441.5;1
LKOH;0;20260414;101759;5441.5;9
LKOH;0;20260414;101801;5443.0;1
LKOH;0;20260414;101802;5443.5;5
LKOH;0;20260414;101804;5444.0;3
LKOH;0;20260414;101804;5444.0;1
LKOH;0;20260414;101804;5444.0;1
LKOH;0;20260414;101804;5443.5;118
LKOH;0;20260414;101804;5443.5;12
LKOH;0;20260414;101804;5443.5;4
LKOH;0;20260414;101804;5443.5;1
LKOH;0;20260414;101804;5443.5;1
LKOH;0;20260414;101804;5443.5;3
LKOH;0;20260414;101804;5443.5;1
LKOH;0;20260414;101804;5443.0;13
LKOH;0;20260414;101804;5443.0;3
LKOH;0;20260414;101804;5443.0;19
LKOH;0;20260414;101808;5443.5;1
LKOH;0;20260414;101819;5443.5;1
LKOH;0;20260414;101822;5443.5;3
LKOH;0;20260414;101830;5444.5;2
LKOH;0;20260414;101836;5444.5;1
LKOH;0;20260414;101840;5444.0;1
LKOH;0;20260414;101841;5443.5;1
LKOH;0;20260414;101841;5443.0;5
LKOH;0;20260414;101841;5443.0;6
LKOH;0;20260414;101841;5443.0;3
LKOH;0;20260414;101841;5443.0;1
LKOH;0;20260414;101841;5443.0;36
LKOH;0;20260414;101841;5443.0;8
LKOH;0;20260414;101841;5442.0;8
LKOH;0;20260414;101841;5442.0;8
LKOH;0;20260414;101841;5442.0;12
LKOH;0;20260414;101841;5442.0;5
LKOH;0;20260414;101841;5442.0;5
LKOH;0;20260414;101841;5442.0;1
LKOH;0;20260414;101841;5441.5;1
LKOH;0;20260414;101841;5441.5;14
LKOH;0;20260414;101841;5441.0;26
LKOH;0;20260414;101841;5441.0;2
LKOH;0;20260414;101841;5441.0;47
LKOH;0;20260414;101841;5441.0;5
LKOH;0;20260414;101841;5441.0;1
LKOH;0;20260414;101841;5440.5;5
LKOH;0;20260414;101841;5440.0;5
LKOH;0;20260414;101841;5440.0;1
LKOH;0;20260414;101841;5440.0;20
LKOH;0;20260414;101841;5440.0;100
LKOH;0;20260414;101841;5440.0;2
LKOH;0;20260414;101841;5440.0;1
LKOH;0;20260414;101841;5440.0;1
LKOH;0;20260414;101841;5440.0;1
LKOH;0;20260414;101841;5440.0;1
LKOH;0;20260414;101841;5440.0;1
LKOH;0;20260414;101841;5440.0;10
LKOH;0;20260414;101841;5440.0;1
LKOH;0;20260414;101841;5440.0;40
LKOH;0;20260414;101842;5441.0;3
LKOH;0;20260414;101842;5440.0;9
LKOH;0;20260414;101842;5440.0;1
LKOH;0;20260414;101842;5440.0;1
LKOH;0;20260414;101842;5440.0;18
LKOH;0;20260414;101842;5440.0;21
LKOH;0;20260414;101846;5441.0;1
LKOH;0;20260414;101847;5440.0;25
LKOH;0;20260414;101847;5440.0;1
LKOH;0;20260414;101847;5440.0;1
LKOH;0;20260414;101847;5440.0;13
LKOH;0;20260414;101850;5440.0;1
LKOH;0;20260414;101850;5440.0;1
LKOH;0;20260414;101850;5440.0;38
LKOH;0;20260414;101851;5441.0;3
LKOH;0;20260414;101852;5440.5;35
LKOH;0;20260414;101900;5441.0;5
LKOH;0;20260414;101900;5441.0;1
LKOH;0;20260414;101900;5440.5;15
LKOH;0;20260414;101900;5440.5;1
LKOH;0;20260414;101900;5440.5;1
LKOH;0;20260414;101900;5440.5;4
LKOH;0;20260414;101900;5440.0;2
LKOH;0;20260414;101900;5440.0;1
LKOH;0;20260414;101900;5439.5;1
LKOH;0;20260414;101908;5440.5;7
LKOH;0;20260414;101908;5440.5;1
LKOH;0;20260414;101908;5440.0;1
LKOH;0;20260414;101908;5440.0;2
LKOH;0;20260414;101908;5440.0;39
LKOH;0;20260414;101909;5441.0;1
LKOH;0;20260414;101912;5440.0;40
LKOH;0;20260414;101912;5440.0;40
LKOH;0;20260414;101919;5440.0;1
LKOH;0;20260414;101920;5440.0;30
LKOH;0;20260414;101920;5440.0;1
LKOH;0;20260414;101920;5439.5;9
LKOH;0;20260414;101922;5440.5;1
LKOH;0;20260414;101924;5440.0;10
LKOH;0;20260414;101924;5440.0;18
LKOH;0;20260414;101928;5440.0;2
LKOH;0;20260414;101931;5440.0;1
LKOH;0;20260414;101932;5440.5;40
LKOH;0;20260414;101932;5440.5;1
LKOH;0;20260414;101932;5440.0;37
LKOH;0;20260414;101934;5441.0;1
LKOH;0;20260414;101940;5441.0;1
LKOH;0;20260414;101940;5441.0;1
LKOH;0;20260414;101940;5440.5;22
LKOH;0;20260414;101940;5440.5;16
LKOH;0;20260414;101940;5440.5;12
LKOH;0;20260414;101940;5440.5;28
LKOH;0;20260414;101940;5440.5;22
LKOH;0;20260414;101940;5440.5;1
LKOH;0;20260414;101940;5440.0;17
LKOH;0;20260414;101940;5441.0;41
LKOH;0;20260414;101946;5441.0;40
LKOH;0;20260414;101947;5441.5;2
LKOH;0;20260414;101953;5442.0;1
LKOH;0;20260414;101954;5441.0;9
LKOH;0;20260414;101954;5441.0;1
LKOH;0;20260414;101954;5441.0;1
LKOH;0;20260414;101954;5441.0;1
LKOH;0;20260414;101956;5440.5;1
LKOH;0;20260414;102004;5440.0;1
LKOH;0;20260414;102008;5440.0;2
LKOH;0;20260414;102011;5440.5;1
LKOH;0;20260414;102011;5441.0;5
LKOH;0;20260414;102015;5441.0;480
LKOH;0;20260414;102015;5441.0;1
LKOH;0;20260414;102015;5441.5;50
LKOH;0;20260414;102016;5443.0;1
LKOH;0;20260414;102016;5443.0;2
LKOH;0;20260414;102020;5441.5;2
LKOH;0;20260414;102020;5441.5;2
LKOH;0;20260414;102020;5441.5;2
LKOH;0;20260414;102020;5441.5;2
LKOH;0;20260414;102020;5441.5;2
LKOH;0;20260414;102021;5441.5;2
LKOH;0;20260414;102021;5441.5;1
LKOH;0;20260414;102021;5441.5;1
LKOH;0;20260414;102021;5441.5;1
LKOH;0;20260414;102021;5443.0;1
LKOH;0;20260414;102025;5443.0;1
LKOH;0;20260414;102025;5443.0;1
LKOH;0;20260414;102025;5443.0;1
LKOH;0;20260414;102025;5443.5;1
LKOH;0;20260414;102025;5445.0;17
LKOH;0;20260414;102025;5445.0;15
LKOH;0;20260414;102026;5444.5;56
LKOH;0;20260414;102026;5444.5;12
LKOH;0;20260414;102026;5444.5;30
LKOH;0;20260414;102026;5444.5;1
LKOH;0;20260414;102026;5444.5;1
LKOH;0;20260414;102026;5444.5;1
LKOH;0;20260414;102026;5444.0;9
LKOH;0;20260414;102027;5445.5;1
LKOH;0;20260414;102051;5445.0;40
LKOH;0;20260414;102051;5445.5;3
LKOH;0;20260414;102051;5445.5;1
LKOH;0;20260414;102051;5445.5;6
LKOH;0;20260414;102055;5444.5;1
LKOH;0;20260414;102055;5444.5;1
LKOH;0;20260414;102057;5445.0;2
LKOH;0;20260414;102057;5445.0;1
LKOH;0;20260414;102057;5445.0;1
LKOH;0;20260414;102101;5445.0;1
LKOH;0;20260414;102104;5445.0;14
LKOH;0;20260414;102104;5445.0;31
LKOH;0;20260414;102104;5445.0;64
LKOH;0;20260414;102105;5445.0;1
LKOH;0;20260414;102107;5445.0;1
LKOH;0;20260414;102116;5445.5;1
LKOH;0;20260414;102142;5445.5;1
LKOH;0;20260414;102152;5447.0;13
LKOH;0;20260414;102208;5447.0;1
LKOH;0;20260414;102209;5447.0;55
LKOH;0;20260414;102209;5447.0;3
LKOH;0;20260414;102209;5447.0;41
LKOH;0;20260414;102216;5446.5;30
LKOH;0;20260414;102216;5446.5;12
LKOH;0;20260414;102216;5446.5;1
LKOH;0;20260414;102216;5446.5;46
LKOH;0;20260414;102216;5446.5;1
LKOH;0;20260414;102216;5446.5;37
LKOH;0;20260414;102216;5446.0;1
LKOH;0;20260414;102216;5446.0;1
LKOH;0;20260414;102216;5446.0;9
LKOH;0;20260414;102216;5446.0;30
LKOH;0;20260414;102216;5446.0;8
LKOH;0;20260414;102216;5446.0;2
LKOH;0;20260414;102217;5446.0;3
LKOH;0;20260414;102225;5446.0;1
LKOH;0;20260414;102233;5445.5;1
LKOH;0;20260414;102243;5445.5;3
LKOH;0;20260414;102243;5445.5;5
LKOH;0;20260414;102252;5446.0;20
LKOH;0;20260414;102305;5446.0;1
LKOH;0;20260414;102305;5446.0;12
LKOH;0;20260414;102305;5446.0;1
LKOH;0;20260414;102305;5446.0;36
LKOH;0;20260414;102307;5446.0;1
LKOH;0;20260414;102308;5445.5;2
LKOH;0;20260414;102317;5445.5;1
LKOH;0;20260414;102317;5446.0;1
LKOH;0;20260414;102319;5446.0;33
LKOH;0;20260414;102319;5446.0;13
LKOH;0;20260414;102319;5446.0;13
LKOH;0;20260414;102319;5445.5;41
LKOH;0;20260414;102319;5445.5;26
LKOH;0;20260414;102319;5445.5;1
LKOH;0;20260414;102319;5445.5;1
LKOH;0;20260414;102319;5445.5;12
LKOH;0;20260414;102322;5446.0;136
LKOH;0;20260414;102322;5446.5;82
LKOH;0;20260414;102325;5446.5;1
LKOH;0;20260414;102329;5446.5;2
LKOH;0;20260414;102334;5446.5;15
LKOH;0;20260414;102334;5447.0;77
LKOH;0;20260414;102405;5447.0;1
LKOH;0;20260414;102406;5447.0;35
LKOH;0;20260414;102406;5447.0;12
LKOH;0;20260414;102408;5446.5;5
LKOH;0;20260414;102420;5446.5;8
LKOH;0;20260414;102420;5446.5;5
LKOH;0;20260414;102420;5446.5;1
LKOH;0;20260414;102420;5446.5;20
LKOH;0;20260414;102420;5446.5;5
LKOH;0;20260414;102426;5446.5;18
LKOH;0;20260414;102426;5446.5;46
LKOH;0;20260414;102426;5446.5;2
LKOH;0;20260414;102426;5446.5;13
LKOH;0;20260414;102426;5446.5;1
LKOH;0;20260414;102426;5446.0;7
LKOH;0;20260414;102426;5446.0;11
LKOH;0;20260414;102426;5446.0;1
LKOH;0;20260414;102426;5446.0;1
LKOH;0;20260414;102426;5445.5;30
LKOH;0;20260414;102426;5445.5;1
LKOH;0;20260414;102426;5445.5;1
LKOH;0;20260414;102426;5445.5;50
LKOH;0;20260414;102426;5445.5;12
LKOH;0;20260414;102426;5445.0;1
LKOH;0;20260414;102426;5445.0;1
LKOH;0;20260414;102426;5445.0;1
LKOH;0;20260414;102426;5445.0;30
LKOH;0;20260414;102426;5445.0;2
LKOH;0;20260414;102426;5445.0;1
LKOH;0;20260414;102426;5445.0;60
LKOH;0;20260414;102426;5445.0;18
LKOH;0;20260414;102426;5445.0;60
LKOH;0;20260414;102437;5445.0;1
LKOH;0;20260414;102448;5444.5;1
LKOH;0;20260414;102448;5444.5;1
LKOH;0;20260414;102448;5444.5;1
LKOH;0;20260414;102449;5444.5;1
LKOH;0;20260414;102449;5444.5;1
LKOH;0;20260414;102501;5444.5;1
LKOH;0;20260414;102502;5444.5;28
LKOH;0;20260414;102503;5445.0;2
LKOH;0;20260414;102513;5445.0;2
LKOH;0;20260414;102514;5444.5;11
LKOH;0;20260414;102514;5444.5;13
LKOH;0;20260414;102514;5444.5;2
LKOH;0;20260414;102514;5444.5;50
LKOH;0;20260414;102514;5444.5;50
LKOH;0;20260414;102514;5444.5;50
LKOH;0;20260414;102514;5444.5;1
LKOH;0;20260414;102514;5444.5;13
LKOH;0;20260414;102525;5444.5;1
LKOH;0;20260414;102537;5444.0;8
LKOH;0;20260414;102540;5444.5;4
LKOH;0;20260414;102542;5444.5;1
LKOH;0;20260414;102557;5444.0;42
LKOH;0;20260414;102557;5444.0;1
LKOH;0;20260414;102557;5444.0;40
LKOH;0;20260414;102557;5444.0;6
LKOH;0;20260414;102557;5443.5;2
LKOH;0;20260414;102557;5443.5;1
LKOH;0;20260414;102557;5443.5;1
LKOH;0;20260414;102557;5443.5;30
LKOH;0;20260414;102557;5443.0;3
LKOH;0;20260414;102557;5443.0;80
LKOH;0;20260414;102559;5444.0;29
LKOH;0;20260414;102604;5444.0;1
LKOH;0;20260414;102605;5444.0;39
LKOH;0;20260414;102613;5444.0;4
LKOH;0;20260414;102613;5444.0;1
LKOH;0;20260414;102613;5444.0;1
LKOH;0;20260414;102613;5444.0;14
LKOH;0;20260414;102618;5444.5;1
LKOH;0;20260414;102618;5444.5;1
LKOH;0;20260414;102618;5445.0;51
LKOH;0;20260414;102618;5445.0;1
LKOH;0;20260414;102618;5445.0;1
LKOH;0;20260414;102624;5445.0;76
LKOH;0;20260414;102627;5445.0;407
LKOH;0;20260414;102629;5445.0;93
LKOH;0;20260414;102633;5445.0;38
LKOH;0;20260414;102640;5445.0;2
LKOH;0;20260414;102647;5445.0;13
LKOH;0;20260414;102706;5445.0;47
LKOH;0;20260414;102706;5445.0;1
LKOH;0;20260414;102706;5445.0;1
LKOH;0;20260414;102706;5445.0;2
LKOH;0;20260414;102706;5445.0;1
LKOH;0;20260414;102706;5445.0;39
LKOH;0;20260414;102707;5445.0;14
LKOH;0;20260414;102712;5445.0;300
LKOH;0;20260414;102715;5444.5;13
LKOH;0;20260414;102715;5444.5;1
LKOH;0;20260414;102715;5444.5;26
LKOH;0;20260414;102725;5445.0;1
LKOH;0;20260414;102727;5445.0;1
LKOH;0;20260414;102742;5445.0;91
LKOH;0;20260414;102742;5445.0;1
LKOH;0;20260414;102742;5445.0;1
LKOH;0;20260414;102747;5445.0;2
LKOH;0;20260414;102750;5444.5;2
LKOH;0;20260414;102750;5444.5;12
LKOH;0;20260414;102750;5444.5;10
LKOH;0;20260414;102750;5444.5;16
LKOH;0;20260414;102750;5444.5;1
LKOH;0;20260414;102750;5444.5;1
LKOH;0;20260414;102750;5443.5;18
LKOH;0;20260414;102750;5443.5;1
LKOH;0;20260414;102750;5443.5;13
LKOH;0;20260414;102750;5443.5;6
LKOH;0;20260414;102750;5443.5;1
LKOH;0;20260414;102750;5443.0;2
LKOH;0;20260414;102801;5443.0;1
LKOH;0;20260414;102801;5443.0;1
LKOH;0;20260414;102801;5442.5;1
LKOH;0;20260414;102801;5442.5;5
LKOH;0;20260414;102801;5442.5;16
LKOH;0;20260414;102801;5442.0;3
LKOH;0;20260414;102801;5442.0;1
LKOH;0;20260414;102801;5442.0;5
LKOH;0;20260414;102802;5443.5;2
LKOH;0;20260414;102803;5442.0;29
LKOH;0;20260414;102806;5442.0;40
LKOH;0;20260414;102824;5443.0;1
LKOH;0;20260414;102826;5443.5;1
LKOH;0;20260414;102830;5444.0;1
LKOH;0;20260414;102840;5443.5;1
LKOH;0;20260414;102847;5444.0;2
LKOH;0;20260414;102851;5444.0;2
LKOH;0;20260414;102854;5444.0;1
LKOH;0;20260414;102859;5443.5;1
LKOH;0;20260414;102859;5443.5;1
LKOH;0;20260414;102906;5444.0;1
LKOH;0;20260414;102906;5444.0;25
LKOH;0;20260414;102906;5444.0;1
LKOH;0;20260414;102910;5444.5;2
LKOH;0;20260414;102913;5445.0;1
LKOH;0;20260414;102922;5444.5;1
LKOH;0;20260414;102922;5444.5;19
LKOH;0;20260414;102922;5444.5;12
LKOH;0;20260414;102923;5444.5;1
LKOH;0;20260414;102923;5444.0;2
LKOH;0;20260414;102926;5444.5;1
LKOH;0;20260414;102946;5444.5;1
LKOH;0;20260414;102959;5444.0;19
LKOH;0;20260414;103004;5444.5;1
LKOH;0;20260414;103004;5444.5;1
LKOH;0;20260414;103004;5445.0;1
LKOH;0;20260414;103004;5444.5;1
LKOH;0;20260414;103006;5444.5;1
LKOH;0;20260414;103006;5444.5;19
LKOH;0;20260414;103006;5444.5;19
LKOH;0;20260414;103014;5445.0;1
LKOH;0;20260414;103028;5444.5;39
LKOH;0;20260414;103029;5445.0;48
LKOH;0;20260414;103029;5445.0;1
LKOH;0;20260414;103029;5445.0;18
LKOH;0;20260414;103029;5445.0;33
LKOH;0;20260414;103040;5445.0;1
LKOH;0;20260414;103054;5445.0;1
LKOH;0;20260414;103056;5445.0;43
LKOH;0;20260414;103104;5445.0;32
LKOH;0;20260414;103104;5445.0;92
LKOH;0;20260414;103104;5445.0;1
LKOH;0;20260414;103104;5445.0;37
LKOH;0;20260414;103104;5445.0;3
LKOH;0;20260414;103105;5445.0;2
LKOH;0;20260414;103109;5444.5;1
LKOH;0;20260414;103109;5445.0;6
LKOH;0;20260414;103109;5445.0;2
LKOH;0;20260414;103112;5445.0;1
LKOH;0;20260414;103116;5444.5;1
LKOH;0;20260414;103118;5445.0;5
LKOH;0;20260414;103123;5445.0;1
LKOH;0;20260414;103125;5445.0;1
LKOH;0;20260414;103127;5445.0;10
LKOH;0;20260414;103128;5445.0;1
LKOH;0;20260414;103129;5445.0;39
LKOH;0;20260414;103129;5445.0;3
LKOH;0;20260414;103131;5445.0;1
LKOH;0;20260414;103131;5445.0;1
LKOH;0;20260414;103134;5445.0;1
LKOH;0;20260414;103135;5445.0;1
LKOH;0;20260414;103138;5445.0;4
LKOH;0;20260414;103140;5444.5;8
LKOH;0;20260414;103140;5444.5;8
LKOH;0;20260414;103140;5444.5;5
LKOH;0;20260414;103140;5444.5;5
LKOH;0;20260414;103140;5444.5;30
LKOH;0;20260414;103140;5444.5;5
LKOH;0;20260414;103140;5444.5;5
LKOH;0;20260414;103140;5444.5;5
LKOH;0;20260414;103140;5444.5;5
LKOH;0;20260414;103140;5444.5;13
LKOH;0;20260414;103141;5444.5;1
LKOH;0;20260414;103141;5445.0;396
LKOH;0;20260414;103141;5445.0;1
LKOH;0;20260414;103141;5445.0;4
LKOH;0;20260414;103143;5445.0;21
LKOH;0;20260414;103143;5444.5;1
LKOH;0;20260414;103146;5444.5;3
LKOH;0;20260414;103146;5444.5;4
LKOH;0;20260414;103159;5444.5;2
LKOH;0;20260414;103159;5444.5;1
LKOH;0;20260414;103203;5444.0;1
LKOH;0;20260414;103203;5444.5;1
LKOH;0;20260414;103208;5445.0;1
LKOH;0;20260414;103210;5445.0;1
LKOH;0;20260414;103211;5445.0;1
LKOH;0;20260414;103217;5444.5;41
LKOH;0;20260414;103217;5444.5;14
LKOH;0;20260414;103217;5444.5;1
LKOH;0;20260414;103221;5444.5;2
LKOH;0;20260414;103221;5444.0;1
LKOH;0;20260414;103221;5444.0;4
LKOH;0;20260414;103224;5444.5;6
LKOH;0;20260414;103224;5444.5;1
LKOH;0;20260414;103234;5444.5;1
LKOH;0;20260414;103240;5444.5;2
LKOH;0;20260414;103240;5445.0;1
LKOH;0;20260414;103249;5444.5;1
LKOH;0;20260414;103253;5444.5;10
LKOH;0;20260414;103258;5444.5;2
LKOH;0;20260414;103303;5444.0;3
LKOH;0;20260414;103303;5444.0;31
LKOH;0;20260414;103303;5444.0;1
LKOH;0;20260414;103303;5444.0;1
LKOH;0;20260414;103303;5444.0;13
LKOH;0;20260414;103303;5444.0;1
LKOH;0;20260414;103303;5444.0;13
LKOH;0;20260414;103303;5444.0;1
LKOH;0;20260414;103303;5444.0;18
LKOH;0;20260414;103303;5444.0;24
LKOH;0;20260414;103306;5444.5;3
LKOH;0;20260414;103310;5444.0;13
LKOH;0;20260414;103310;5444.0;74
LKOH;0;20260414;103315;5444.0;3
LKOH;0;20260414;103320;5444.5;1
LKOH;0;20260414;103323;5445.0;2
LKOH;0;20260414;103323;5445.0;1
LKOH;0;20260414;103327;5445.0;1
LKOH;0;20260414;103331;5444.0;2
LKOH;0;20260414;103334;5444.0;6
LKOH;0;20260414;103334;5444.0;2
LKOH;0;20260414;103334;5444.0;9
LKOH;0;20260414;103339;5443.5;1
LKOH;0;20260414;103346;5444.0;1
LKOH;0;20260414;103350;5444.0;1
LKOH;0;20260414;103400;5444.0;1
LKOH;0;20260414;103401;5444.0;1
LKOH;0;20260414;103401;5444.0;3
LKOH;0;20260414;103401;5444.0;1
LKOH;0;20260414;103404;5444.5;1
LKOH;0;20260414;103404;5444.0;11
LKOH;0;20260414;103404;5444.0;1
LKOH;0;20260414;103404;5444.0;45
LKOH;0;20260414;103404;5444.0;31
LKOH;0;20260414;103405;5443.5;1
LKOH;0;20260414;103405;5443.5;1
LKOH;0;20260414;103405;5443.5;1
LKOH;0;20260414;103405;5443.0;8
LKOH;0;20260414;103405;5442.5;29
LKOH;0;20260414;103406;5442.0;1
LKOH;0;20260414;103406;5442.0;2
LKOH;0;20260414;103406;5442.0;1
LKOH;0;20260414;103406;5442.0;1
LKOH;0;20260414;103406;5442.0;35
LKOH;0;20260414;103407;5442.5;3
LKOH;0;20260414;103414;5442.5;1
LKOH;0;20260414;103420;5442.5;1
LKOH;0;20260414;103420;5442.5;7
LKOH;0;20260414;103426;5443.0;5
LKOH;0;20260414;103429;5442.5;32
LKOH;0;20260414;103430;5442.0;1
LKOH;0;20260414;103434;5442.0;32
LKOH;0;20260414;103434;5442.0;32
LKOH;0;20260414;103434;5442.0;1
LKOH;0;20260414;103435;5442.5;1
LKOH;0;20260414;103435;5442.0;13
LKOH;0;20260414;103435;5442.0;1
LKOH;0;20260414;103435;5442.0;1
LKOH;0;20260414;103437;5442.5;1
LKOH;0;20260414;103437;5442.0;3
LKOH;0;20260414;103441;5442.5;1
LKOH;0;20260414;103444;5442.0;9
LKOH;0;20260414;103445;5442.0;8
LKOH;0;20260414;103446;5442.5;27
LKOH;0;20260414;103446;5442.5;2
LKOH;0;20260414;103446;5442.5;1
LKOH;0;20260414;103446;5442.5;13
LKOH;0;20260414;103446;5442.5;21
LKOH;0;20260414;103447;5442.5;2
LKOH;0;20260414;103447;5442.5;3
LKOH;0;20260414;103447;5442.5;37
LKOH;0;20260414;103450;5442.0;8
LKOH;0;20260414;103457;5442.0;1
LKOH;0;20260414;103500;5442.5;1
LKOH;0;20260414;103501;5442.0;22
LKOH;0;20260414;103501;5442.0;1
LKOH;0;20260414;103501;5442.0;1
LKOH;0;20260414;103501;5441.5;1
LKOH;0;20260414;103501;5441.5;1
LKOH;0;20260414;103501;5441.0;6
LKOH;0;20260414;103503;5442.0;16
LKOH;0;20260414;103503;5442.0;14
LKOH;0;20260414;103503;5442.0;3
LKOH;0;20260414;103503;5442.0;1
LKOH;0;20260414;103503;5442.0;28
LKOH;0;20260414;103504;5441.5;25
LKOH;0;20260414;103504;5441.5;25
LKOH;0;20260414;103504;5441.5;1
LKOH;0;20260414;103504;5441.5;14
LKOH;0;20260414;103509;5442.5;2
LKOH;0;20260414;103509;5442.5;1
LKOH;0;20260414;103512;5442.5;3
LKOH;0;20260414;103522;5442.5;1
LKOH;0;20260414;103522;5443.0;1
LKOH;0;20260414;103522;5443.0;15
LKOH;0;20260414;103523;5443.5;1
LKOH;0;20260414;103531;5443.5;1
LKOH;0;20260414;103534;5443.5;1
LKOH;0;20260414;103535;5443.5;1
LKOH;0;20260414;103536;5443.0;1
LKOH;0;20260414;103536;5443.0;1
LKOH;0;20260414;103536;5442.5;1
LKOH;0;20260414;103536;5442.0;1
LKOH;0;20260414;103536;5442.0;11
LKOH;0;20260414;103538;5443.0;1
LKOH;0;20260414;103538;5443.0;12
LKOH;0;20260414;103538;5442.5;1
LKOH;0;20260414;103538;5442.5;10
LKOH;0;20260414;103538;5442.0;10
LKOH;0;20260414;103538;5442.0;7
LKOH;0;20260414;103540;5442.0;12
LKOH;0;20260414;103541;5442.0;38
LKOH;0;20260414;103541;5442.0;2
LKOH;0;20260414;103548;5442.5;3
LKOH;0;20260414;103549;5442.5;1
LKOH;0;20260414;103554;5441.5;1
LKOH;0;20260414;103554;5441.5;1
LKOH;0;20260414;103554;5441.5;27
LKOH;0;20260414;103554;5441.5;11
LKOH;0;20260414;103555;5442.5;1
LKOH;0;20260414;103555;5442.5;1
LKOH;0;20260414;103555;5443.0;1
LKOH;0;20260414;103557;5443.0;1
LKOH;0;20260414;103559;5441.5;1
LKOH;0;20260414;103559;5441.5;39
LKOH;0;20260414;103602;5441.0;5
LKOH;0;20260414;103602;5441.0;10
LKOH;0;20260414;103602;5441.5;1
LKOH;0;20260414;103605;5441.5;1
LKOH;0;20260414;103605;5442.0;1
LKOH;0;20260414;103605;5441.0;24
LKOH;0;20260414;103605;5441.0;45
LKOH;0;20260414;103605;5441.0;15
LKOH;0;20260414;103605;5441.0;1
LKOH;0;20260414;103605;5440.5;100
LKOH;0;20260414;103605;5440.5;5
LKOH;0;20260414;103605;5440.5;8
LKOH;0;20260414;103611;5440.0;19
LKOH;0;20260414;103611;5440.5;2
LKOH;0;20260414;103612;5440.5;1
LKOH;0;20260414;103612;5440.5;1
LKOH;0;20260414;103615;5440.0;40
LKOH;0;20260414;103616;5440.5;1
LKOH;0;20260414;103619;5440.0;31
LKOH;0;20260414;103623;5440.0;3
LKOH;0;20260414;103626;5440.5;1
LKOH;0;20260414;103626;5441.0;1
LKOH;0;20260414;103632;5441.5;3
LKOH;0;20260414;103633;5441.5;1
LKOH;0;20260414;103633;5441.5;2
LKOH;0;20260414;103637;5441.5;1
LKOH;0;20260414;103637;5442.0;1
LKOH;0;20260414;103637;5442.0;1
LKOH;0;20260414;103640;5442.0;1
LKOH;0;20260414;103642;5443.0;1
LKOH;0;20260414;103648;5443.0;1
LKOH;0;20260414;103650;5443.0;1
LKOH;0;20260414;103653;5443.0;2
LKOH;0;20260414;103653;5443.0;1
LKOH;0;20260414;103700;5443.0;4
LKOH;0;20260414;103700;5443.5;1
LKOH;0;20260414;103700;5444.0;1
LKOH;0;20260414;103702;5444.0;3
LKOH;0;20260414;103703;5444.0;10
LKOH;0;20260414;103710;5444.0;1
LKOH;0;20260414;103711;5445.0;1
LKOH;0;20260414;103711;5445.0;1
LKOH;0;20260414;103711;5445.5;4
LKOH;0;20260414;103716;5445.0;1
LKOH;0;20260414;103716;5445.0;20
LKOH;0;20260414;103716;5444.5;30
LKOH;0;20260414;103716;5444.5;1
LKOH;0;20260414;103716;5444.5;12
LKOH;0;20260414;103716;5444.0;6
LKOH;0;20260414;103720;5445.0;5
LKOH;0;20260414;103729;5445.0;1
LKOH;0;20260414;103729;5445.0;1
LKOH;0;20260414;103729;5445.5;6
LKOH;0;20260414;103730;5445.5;1
LKOH;0;20260414;103732;5446.0;7
LKOH;0;20260414;103733;5446.0;1
LKOH;0;20260414;103737;5445.5;17
LKOH;0;20260414;103743;5446.0;2
LKOH;0;20260414;103747;5446.0;4
LKOH;0;20260414;103748;5446.0;2
LKOH;0;20260414;103749;5445.5;40
LKOH;0;20260414;103749;5445.5;185
LKOH;0;20260414;103750;5446.0;2
LKOH;0;20260414;103751;5446.0;1
LKOH;0;20260414;103756;5445.5;9
LKOH;0;20260414;103801;5446.0;1
LKOH;0;20260414;103801;5446.0;4
LKOH;0;20260414;103802;5446.0;1
LKOH;0;20260414;103802;5445.5;2
LKOH;0;20260414;103802;5445.5;40
LKOH;0;20260414;103803;5446.0;28
LKOH;0;20260414;103803;5446.0;2
LKOH;0;20260414;103803;5446.0;45
LKOH;0;20260414;103803;5446.0;1
LKOH;0;20260414;103803;5446.0;18
LKOH;0;20260414;103803;5446.0;20
LKOH;0;20260414;103807;5446.0;1
LKOH;0;20260414;103815;5446.0;1
LKOH;0;20260414;103815;5446.0;1
LKOH;0;20260414;103834;5446.0;1
LKOH;0;20260414;103834;5446.5;1
LKOH;0;20260414;103838;5446.5;2
LKOH;0;20260414;103846;5446.0;3
LKOH;0;20260414;103846;5446.0;5
LKOH;0;20260414;103846;5446.0;5
LKOH;0;20260414;103846;5446.0;5
LKOH;0;20260414;103846;5446.0;2
LKOH;0;20260414;103846;5446.0;3
LKOH;0;20260414;103855;5446.0;3
LKOH;0;20260414;103856;5445.5;4
LKOH;0;20260414;103902;5446.0;1
LKOH;0;20260414;103905;5446.0;8
LKOH;0;20260414;103905;5446.0;6
LKOH;0;20260414;103905;5446.0;22
LKOH;0;20260414;103905;5446.0;1
LKOH;0;20260414;103905;5446.0;5
LKOH;0;20260414;103905;5446.0;20
LKOH;0;20260414;103905;5446.0;15
LKOH;0;20260414;103906;5445.5;1
LKOH;0;20260414;103909;5446.0;1
LKOH;0;20260414;103911;5445.5;1
LKOH;0;20260414;103913;5446.0;3
LKOH;0;20260414;103919;5446.0;25
LKOH;0;20260414;103924;5445.5;1
LKOH;0;20260414;103924;5446.0;3
LKOH;0;20260414;103924;5446.0;4
LKOH;0;20260414;103925;5446.0;1
LKOH;0;20260414;103925;5446.5;2
LKOH;0;20260414;103925;5446.5;14
LKOH;0;20260414;103925;5446.5;1
LKOH;0;20260414;103925;5446.5;2
LKOH;0;20260414;103933;5446.5;1
LKOH;0;20260414;103945;5445.5;40
LKOH;0;20260414;103945;5445.5;1
LKOH;0;20260414;103947;5445.5;18
LKOH;0;20260414;103947;5445.5;1
LKOH;0;20260414;103947;5445.0;1
LKOH;0;20260414;103947;5443.5;1
LKOH;0;20260414;103947;5443.5;1
LKOH;0;20260414;103947;5443.0;1
LKOH;0;20260414;103947;5443.0;16
LKOH;0;20260414;103947;5443.0;2
LKOH;0;20260414;103947;5443.0;40
LKOH;0;20260414;103947;5443.0;18
LKOH;0;20260414;103947;5443.0;10
LKOH;0;20260414;103956;5443.0;2
LKOH;0;20260414;103956;5443.0;16
LKOH;0;20260414;103956;5443.0;17
LKOH;0;20260414;103956;5443.0;8
LKOH;0;20260414;103956;5443.0;9
LKOH;0;20260414;103956;5443.0;26
LKOH;0;20260414;103956;5443.0;5
LKOH;0;20260414;103957;5443.0;8
LKOH;0;20260414;103957;5443.0;1
LKOH;0;20260414;103957;5443.0;1
LKOH;0;20260414;103957;5442.5;5
LKOH;0;20260414;103957;5442.0;1
LKOH;0;20260414;103957;5441.5;1
LKOH;0;20260414;103957;5441.5;15
LKOH;0;20260414;104001;5441.0;1
LKOH;0;20260414;104001;5441.0;1
LKOH;0;20260414;104002;5441.0;32
LKOH;0;20260414;104004;5441.0;5
LKOH;0;20260414;104004;5441.0;17
LKOH;0;20260414;104004;5441.0;10
LKOH;0;20260414;104004;5441.0;7
LKOH;0;20260414;104004;5441.0;18
LKOH;0;20260414;104004;5441.0;15
LKOH;0;20260414;104004;5441.0;31
LKOH;0;20260414;104004;5441.0;5
LKOH;0;20260414;104004;5441.0;4
LKOH;0;20260414;104004;5441.0;1
LKOH;0;20260414;104004;5441.0;15
LKOH;0;20260414;104004;5441.0;1
LKOH;0;20260414;104004;5441.0;23
LKOH;0;20260414;104018;5441.0;22
LKOH;0;20260414;104018;5441.0;1
LKOH;0;20260414;104018;5441.0;1
LKOH;0;20260414;104018;5441.0;33
LKOH;0;20260414;104019;5440.5;1
LKOH;0;20260414;104021;5441.0;1
LKOH;0;20260414;104023;5441.0;1
LKOH;0;20260414;104024;5440.5;2
LKOH;0;20260414;104024;5440.0;7
LKOH;0;20260414;104024;5440.0;31
LKOH;0;20260414;104024;5440.0;29
LKOH;0;20260414;104024;5440.0;2
LKOH;0;20260414;104024;5440.0;1
LKOH;0;20260414;104024;5440.0;1
LKOH;0;20260414;104024;5440.0;1
LKOH;0;20260414;104024;5440.0;2
LKOH;0;20260414;104024;5440.0;1
LKOH;0;20260414;104024;5440.0;1
LKOH;0;20260414;104024;5440.0;1
LKOH;0;20260414;104024;5440.0;1
LKOH;0;20260414;104024;5440.5;3
LKOH;0;20260414;104039;5440.0;1
LKOH;0;20260414;104040;5441.0;1
LKOH;0;20260414;104044;5440.0;24
LKOH;0;20260414;104056;5440.5;1
LKOH;0;20260414;104057;5440.5;1
LKOH;0;20260414;104057;5440.5;1
LKOH;0;20260414;104100;5440.0;5
LKOH;0;20260414;104100;5440.0;1
LKOH;0;20260414;104100;5440.0;4
LKOH;0;20260414;104102;5440.5;4
LKOH;0;20260414;104104;5440.5;2
LKOH;0;20260414;104104;5440.0;1
LKOH;0;20260414;104104;5440.0;5
LKOH;0;20260414;104104;5440.0;1
LKOH;0;20260414;104104;5440.0;1
LKOH;0;20260414;104104;5440.0;1
LKOH;0;20260414;104104;5440.0;24
LKOH;0;20260414;104109;5440.5;1
LKOH;0;20260414;104115;5440.5;1
LKOH;0;20260414;104116;5440.0;1
LKOH;0;20260414;104124;5440.0;19
LKOH;0;20260414;104124;5440.0;15
LKOH;0;20260414;104125;5440.0;2
LKOH;0;20260414;104125;5439.5;1
LKOH;0;20260414;104125;5439.5;8
LKOH;0;20260414;104125;5439.5;8
LKOH;0;20260414;104125;5439.0;3
LKOH;0;20260414;104125;5439.0;1
LKOH;0;20260414;104125;5439.0;1
LKOH;0;20260414;104125;5438.5;2
LKOH;0;20260414;104125;5438.5;1
LKOH;0;20260414;104125;5438.5;5
LKOH;0;20260414;104125;5438.5;5
LKOH;0;20260414;104125;5438.5;3
LKOH;0;20260414;104126;5438.5;2
LKOH;0;20260414;104126;5438.5;3
LKOH;0;20260414;104126;5439.0;4
LKOH;0;20260414;104129;5438.5;1
LKOH;0;20260414;104129;5438.5;8
LKOH;0;20260414;104129;5438.5;8
LKOH;0;20260414;104129;5438.5;3
LKOH;0;20260414;104132;5438.5;8
LKOH;0;20260414;104132;5438.5;8
LKOH;0;20260414;104132;5438.5;5
LKOH;0;20260414;104132;5438.5;3
LKOH;0;20260414;104144;5438.0;2
LKOH;0;20260414;104145;5438.5;1
LKOH;0;20260414;104145;5438.5;1
LKOH;0;20260414;104145;5439.0;1
LKOH;0;20260414;104145;5439.0;3
LKOH;0;20260414;104145;5438.0;5
LKOH;0;20260414;104152;5439.0;1
LKOH;0;20260414;104155;5438.0;1
LKOH;0;20260414;104156;5439.0;2
LKOH;0;20260414;104159;5438.0;12
LKOH;0;20260414;104159;5438.0;8
LKOH;0;20260414;104159;5438.0;4
LKOH;0;20260414;104203;5438.5;1
LKOH;0;20260414;104203;5438.0;2
LKOH;0;20260414;104203;5438.0;1
LKOH;0;20260414;104203;5437.5;20
LKOH;0;20260414;104203;5437.5;1
LKOH;0;20260414;104203;5437.5;25
LKOH;0;20260414;104203;5437.0;1
LKOH;0;20260414;104203;5437.0;3
LKOH;0;20260414;104203;5437.5;2
LKOH;0;20260414;104208;5437.0;5
LKOH;0;20260414;104208;5437.0;8
LKOH;0;20260414;104208;5437.0;7
LKOH;0;20260414;104208;5437.0;1
LKOH;0;20260414;104208;5437.0;3
LKOH;0;20260414;104208;5437.0;1
LKOH;0;20260414;104208;5437.0;15
LKOH;0;20260414;104208;5436.5;1
LKOH;0;20260414;104208;5436.5;1
LKOH;0;20260414;104208;5436.5;33
LKOH;0;20260414;104209;5436.5;17
LKOH;0;20260414;104218;5437.0;31
LKOH;0;20260414;104218;5436.5;1
LKOH;0;20260414;104218;5436.5;1
LKOH;0;20260414;104218;5436.5;1
LKOH;0;20260414;104218;5436.0;4
LKOH;0;20260414;104218;5436.0;1
LKOH;0;20260414;104218;5436.0;1
LKOH;0;20260414;104218;5437.0;15
LKOH;0;20260414;104218;5436.5;2
LKOH;0;20260414;104218;5436.5;1
LKOH;0;20260414;104218;5436.5;5
LKOH;0;20260414;104218;5436.5;5
LKOH;0;20260414;104218;5436.5;1
LKOH;0;20260414;104218;5436.0;49
LKOH;0;20260414;104218;5436.0;50
LKOH;0;20260414;104218;5436.0;1
LKOH;0;20260414;104218;5436.0;1
LKOH;0;20260414;104218;5436.0;50
LKOH;0;20260414;104218;5436.0;12
LKOH;0;20260414;104218;5435.5;323
LKOH;0;20260414;104218;5435.5;2
LKOH;0;20260414;104219;5435.5;25
LKOH;0;20260414;104219;5435.5;12
LKOH;0;20260414;104219;5435.5;2
LKOH;0;20260414;104219;5435.0;1
LKOH;0;20260414;104219;5435.0;4
LKOH;0;20260414;104219;5435.0;80
LKOH;0;20260414;104219;5435.0;1
LKOH;0;20260414;104219;5435.0;14
LKOH;0;20260414;104219;5435.0;1
LKOH;0;20260414;104219;5435.0;5
LKOH;0;20260414;104219;5435.0;1
LKOH;0;20260414;104219;5435.0;8
LKOH;0;20260414;104219;5435.0;8
LKOH;0;20260414;104219;5435.0;8
LKOH;0;20260414;104219;5435.0;1
LKOH;0;20260414;104219;5435.0;1
LKOH;0;20260414;104219;5434.5;100
LKOH;0;20260414;104219;5434.5;1
LKOH;0;20260414;104219;5434.5;1
LKOH;0;20260414;104219;5434.5;8
LKOH;0;20260414;104219;5434.5;8
LKOH;0;20260414;104219;5434.5;5
LKOH;0;20260414;104219;5434.5;5
LKOH;0;20260414;104219;5434.5;25
LKOH;0;20260414;104219;5434.5;8
LKOH;0;20260414;104219;5434.5;8
LKOH;0;20260414;104219;5434.5;60
LKOH;0;20260414;104219;5434.0;1
LKOH;0;20260414;104219;5434.0;1
LKOH;0;20260414;104219;5434.0;1
LKOH;0;20260414;104219;5434.0;10
LKOH;0;20260414;104219;5434.0;1
LKOH;0;20260414;104219;5434.0;18
LKOH;0;20260414;104219;5433.5;5
LKOH;0;20260414;104219;5433.5;1
LKOH;0;20260414;104219;5433.5;20
LKOH;0;20260414;104219;5433.5;1
LKOH;0;20260414;104219;5433.5;5
LKOH;0;20260414;104219;5433.5;5
LKOH;0;20260414;104219;5433.5;5
LKOH;0;20260414;104219;5433.5;5
LKOH;0;20260414;104219;5433.5;20
LKOH;0;20260414;104231;5435.0;5
LKOH;0;20260414;104231;5434.5;1
LKOH;0;20260414;104231;5433.5;8
LKOH;0;20260414;104231;5433.5;8
LKOH;0;20260414;104231;5433.5;3
LKOH;0;20260414;104232;5435.0;1
LKOH;0;20260414;104232;5435.0;30
LKOH;0;20260414;104232;5435.5;69
LKOH;0;20260414;104237;5436.0;1
LKOH;0;20260414;104240;5436.0;2
LKOH;0;20260414;104243;5435.0;1
LKOH;0;20260414;104245;5436.0;1
LKOH;0;20260414;104245;5436.5;1
LKOH;0;20260414;104245;5436.5;1
LKOH;0;20260414;104250;5436.5;1
LKOH;0;20260414;104250;5436.5;3
LKOH;0;20260414;104251;5436.5;1
LKOH;0;20260414;104254;5435.5;1
LKOH;0;20260414;104256;5436.0;1
LKOH;0;20260414;104258;5436.5;1
LKOH;0;20260414;104258;5436.5;1
LKOH;0;20260414;104303;5436.5;1
LKOH;0;20260414;104303;5436.5;2
LKOH;0;20260414;104303;5436.5;5
LKOH;0;20260414;104308;5437.0;1
LKOH;0;20260414;104309;5437.0;6
LKOH;0;20260414;104311;5436.5;16
LKOH;0;20260414;104311;5436.5;1
LKOH;0;20260414;104312;5436.5;8
LKOH;0;20260414;104313;5436.5;2
LKOH;0;20260414;104315;5436.0;12
LKOH;0;20260414;104315;5436.0;1
LKOH;0;20260414;104315;5436.0;1
LKOH;0;20260414;104316;5436.0;4
LKOH;0;20260414;104317;5436.0;1
LKOH;0;20260414;104317;5435.5;1
LKOH;0;20260414;104328;5435.5;1
LKOH;0;20260414;104329;5435.5;1
LKOH;0;20260414;104330;5435.5;1
LKOH;0;20260414;104333;5435.5;10
LKOH;0;20260414;104335;5436.0;1
LKOH;0;20260414;104343;5436.0;2
LKOH;0;20260414;104353;5436.0;1
LKOH;0;20260414;104356;5436.0;2
LKOH;0;20260414;104359;5435.5;2
LKOH;0;20260414;104359;5436.0;20
LKOH;0;20260414;104400;5436.0;3
LKOH;0;20260414;104402;5436.0;5
LKOH;0;20260414;104402;5436.0;1
LKOH;0;20260414;104403;5436.0;3
LKOH;0;20260414;104413;5436.0;1
LKOH;0;20260414;104415;5435.5;3
LKOH;0;20260414;104415;5435.5;5
LKOH;0;20260414;104415;5435.5;5
LKOH;0;20260414;104415;5435.5;5
LKOH;0;20260414;104415;5435.5;22
LKOH;0;20260414;104415;5435.5;15
LKOH;0;20260414;104415;5435.5;15
LKOH;0;20260414;104415;5435.5;4
LKOH;0;20260414;104416;5435.5;41
LKOH;0;20260414;104420;5435.5;1
LKOH;0;20260414;104424;5435.0;40
LKOH;0;20260414;104431;5435.0;10
LKOH;0;20260414;104442;5435.5;1
LKOH;0;20260414;104443;5435.5;1
LKOH;0;20260414;104445;5435.5;1
LKOH;0;20260414;104456;5436.0;2
LKOH;0;20260414;104516;5436.0;1
LKOH;0;20260414;104517;5436.0;6
LKOH;0;20260414;104517;5436.0;2
LKOH;0;20260414;104525;5436.0;4
LKOH;0;20260414;104526;5436.0;14
LKOH;0;20260414;104527;5436.0;1
LKOH;0;20260414;104527;5436.0;1
LKOH;0;20260414;104531;5436.0;3
LKOH;0;20260414;104533;5436.0;1
LKOH;0;20260414;104536;5436.0;1
LKOH;0;20260414;104537;5436.0;6
LKOH;0;20260414;104537;5436.0;9
LKOH;0;20260414;104537;5435.5;1
LKOH;0;20260414;104542;5436.0;1
LKOH;0;20260414;104547;5435.5;7
LKOH;0;20260414;104547;5435.5;13
LKOH;0;20260414;104551;5435.5;1
LKOH;0;20260414;104559;5435.5;2
LKOH;0;20260414;104606;5435.5;2
LKOH;0;20260414;104607;5435.5;2
LKOH;0;20260414;104607;5435.5;4
LKOH;0;20260414;104618;5435.5;10
LKOH;0;20260414;104619;5435.5;1
LKOH;0;20260414;104621;5435.5;1
LKOH;0;20260414;104623;5435.5;1
LKOH;0;20260414;104633;5435.5;1
LKOH;0;20260414;104634;5435.5;1
LKOH;0;20260414;104637;5435.5;2
LKOH;0;20260414;104640;5435.5;6
LKOH;0;20260414;104640;5435.5;1
LKOH;0;20260414;104641;5435.5;1
LKOH;0;20260414;104641;5435.5;1
LKOH;0;20260414;104643;5435.5;1
LKOH;0;20260414;104650;5435.5;3
LKOH;0;20260414;104650;5435.5;1
LKOH;0;20260414;104656;5435.0;1
LKOH;0;20260414;104657;5435.5;11
LKOH;0;20260414;104658;5435.5;8
LKOH;0;20260414;104702;5435.0;2
LKOH;0;20260414;104703;5435.5;1
LKOH;0;20260414;104705;5435.5;5
LKOH;0;20260414;104707;5435.0;1
LKOH;0;20260414;104707;5435.0;1
LKOH;0;20260414;104707;5435.0;8
LKOH;0;20260414;104708;5435.5;1
LKOH;0;20260414;104712;5435.0;2
LKOH;0;20260414;104713;5435.5;5
LKOH;0;20260414;104717;5435.0;2
LKOH;0;20260414;104719;5435.0;2
LKOH;0;20260414;104721;5435.5;1
LKOH;0;20260414;104727;5435.5;1
LKOH;0;20260414;104727;5435.5;2
LKOH;0;20260414;104727;5435.5;3
LKOH;0;20260414;104733;5435.5;9
LKOH;0;20260414;104733;5435.5;9
LKOH;0;20260414;104735;5435.5;3
LKOH;0;20260414;104742;5435.5;1
LKOH;0;20260414;104746;5435.5;1
LKOH;0;20260414;104756;5435.5;1
LKOH;0;20260414;104759;5435.5;2
LKOH;0;20260414;104802;5435.5;3
LKOH;0;20260414;104802;5435.5;2
LKOH;0;20260414;104803;5436.0;2
LKOH;0;20260414;104811;5436.0;1
LKOH;0;20260414;104815;5436.0;2
LKOH;0;20260414;104815;5436.0;4
LKOH;0;20260414;104818;5436.0;1
LKOH;0;20260414;104820;5436.0;1
LKOH;0;20260414;104821;5436.0;1
LKOH;0;20260414;104822;5436.0;6
LKOH;0;20260414;104830;5436.0;1
LKOH;0;20260414;104832;5436.0;1
LKOH;0;20260414;104832;5435.5;1
LKOH;0;20260414;104832;5435.5;30
LKOH;0;20260414;104832;5435.5;3
LKOH;0;20260414;104832;5435.5;1
LKOH;0;20260414;104832;5435.5;20
LKOH;0;20260414;104833;5436.0;2
LKOH;0;20260414;104833;5436.0;1
LKOH;0;20260414;104834;5435.5;11
LKOH;0;20260414;104834;5435.5;7
LKOH;0;20260414;104843;5436.0;1
LKOH;0;20260414;104851;5436.0;1
LKOH;0;20260414;104856;5436.0;1
LKOH;0;20260414;104904;5436.0;3
LKOH;0;20260414;104905;5436.0;16
LKOH;0;20260414;104905;5436.0;1
LKOH;0;20260414;104905;5436.0;1
LKOH;0;20260414;104911;5436.0;3
LKOH;0;20260414;104912;5435.5;3
LKOH;0;20260414;104912;5435.5;10
LKOH;0;20260414;104912;5435.5;5
LKOH;0;20260414;104912;5435.5;5
LKOH;0;20260414;104912;5435.5;5
LKOH;0;20260414;104912;5435.5;5
LKOH;0;20260414;104912;5435.5;5
LKOH;0;20260414;104912;5435.5;5
LKOH;0;20260414;104912;5435.5;1
LKOH;0;20260414;104912;5435.5;1
LKOH;0;20260414;104912;5435.5;30
LKOH;0;20260414;104912;5435.5;5
LKOH;0;20260414;104912;5435.5;5
LKOH;0;20260414;104912;5435.5;5
LKOH;0;20260414;104912;5435.5;4
LKOH;0;20260414;104914;5435.5;5
LKOH;0;20260414;104914;5435.5;5
LKOH;0;20260414;104914;5435.5;3
LKOH;0;20260414;104914;5435.5;1
LKOH;0;20260414;104916;5435.5;1
LKOH;0;20260414;104920;5435.0;1
LKOH;0;20260414;104920;5435.5;1
LKOH;0;20260414;104925;5435.5;1
LKOH;0;20260414;104926;5435.5;2
LKOH;0;20260414;104928;5435.5;1
LKOH;0;20260414;104929;5435.5;45
LKOH;0;20260414;104931;5435.5;7
LKOH;0;20260414;104934;5435.0;1
LKOH;0;20260414;104939;5435.0;10
LKOH;0;20260414;104941;5435.5;1
LKOH;0;20260414;104954;5435.5;2
LKOH;0;20260414;104958;5435.5;9
LKOH;0;20260414;105004;5435.5;1
LKOH;0;20260414;105004;5435.5;5
LKOH;0;20260414;105004;5435.5;1
LKOH;0;20260414;105006;5435.0;1
LKOH;0;20260414;105008;5435.5;2
LKOH;0;20260414;105014;5435.5;7
LKOH;0;20260414;105014;5435.5;13
LKOH;0;20260414;105022;5435.5;23
LKOH;0;20260414;105022;5435.5;6
LKOH;0;20260414;105022;5435.5;6
LKOH;0;20260414;105023;5435.5;1
LKOH;0;20260414;105025;5435.5;1
LKOH;0;20260414;105026;5435.5;1
LKOH;0;20260414;105028;5435.5;1
LKOH;0;20260414;105029;5435.5;67
LKOH;0;20260414;105029;5435.5;20
LKOH;0;20260414;105029;5435.5;36
LKOH;0;20260414;105029;5435.5;37
LKOH;0;20260414;105029;5435.5;11
LKOH;0;20260414;105029;5435.5;1
LKOH;0;20260414;105029;5435.5;28
LKOH;0;20260414;105033;5435.5;1
LKOH;0;20260414;105037;5435.5;1
LKOH;0;20260414;105045;5435.5;1
LKOH;0;20260414;105046;5435.5;1
LKOH;0;20260414;105048;5435.0;49
LKOH;0;20260414;105048;5435.0;10
LKOH;0;20260414;105048;5435.0;3
LKOH;0;20260414;105049;5434.5;1
LKOH;0;20260414;105054;5435.0;2
LKOH;0;20260414;105057;5435.0;2
LKOH;0;20260414;105102;5435.0;1
LKOH;0;20260414;105103;5435.0;4
LKOH;0;20260414;105103;5435.0;2
LKOH;0;20260414;105110;5434.5;3
LKOH;0;20260414;105110;5435.0;1
LKOH;0;20260414;105113;5434.5;1
LKOH;0;20260414;105113;5434.5;1
LKOH;0;20260414;105113;5434.0;1
LKOH;0;20260414;105113;5434.0;1
LKOH;0;20260414;105113;5434.0;9
LKOH;0;20260414;105113;5433.5;1
LKOH;0;20260414;105113;5433.5;1
LKOH;0;20260414;105113;5433.5;2
LKOH;0;20260414;105113;5433.5;3
LKOH;0;20260414;105119;5434.5;3
LKOH;0;20260414;105119;5434.0;1
LKOH;0;20260414;105121;5434.5;1
LKOH;0;20260414;105122;5434.5;1
LKOH;0;20260414;105124;5434.5;5
LKOH;0;20260414;105126;5434.5;1
LKOH;0;20260414;105132;5434.0;1
LKOH;0;20260414;105132;5434.0;99
LKOH;0;20260414;105136;5434.5;4
LKOH;0;20260414;105141;5434.5;7
LKOH;0;20260414;105154;5434.0;5
LKOH;0;20260414;105154;5434.0;1
LKOH;0;20260414;105154;5434.0;4
LKOH;0;20260414;105158;5434.0;2
LKOH;0;20260414;105158;5434.0;1
LKOH;0;20260414;105200;5434.5;3
LKOH;0;20260414;105201;5434.5;4
LKOH;0;20260414;105201;5434.5;1
LKOH;0;20260414;105201;5434.5;1
LKOH;0;20260414;105201;5434.5;5
LKOH;0;20260414;105201;5434.0;1
LKOH;0;20260414;105201;5434.0;24
LKOH;0;20260414;105207;5434.0;1
LKOH;0;20260414;105212;5434.0;2
LKOH;0;20260414;105215;5434.0;1
LKOH;0;20260414;105234;5434.0;2
LKOH;0;20260414;105234;5434.0;1
LKOH;0;20260414;105234;5434.0;1
LKOH;0;20260414;105241;5434.0;3
LKOH;0;20260414;105241;5434.0;2
LKOH;0;20260414;105242;5433.5;1
LKOH;0;20260414;105246;5434.0;1
LKOH;0;20260414;105250;5433.5;1
LKOH;0;20260414;105251;5434.0;5
LKOH;0;20260414;105253;5434.0;2
LKOH;0;20260414;105253;5434.0;1
LKOH;0;20260414;105253;5434.0;2
LKOH;0;20260414;105255;5434.0;5
LKOH;0;20260414;105300;5434.0;1
LKOH;0;20260414;105300;5434.0;2
LKOH;0;20260414;105300;5434.0;3
LKOH;0;20260414;105301;5434.0;5
LKOH;0;20260414;105301;5434.0;2
LKOH;0;20260414;105304;5434.0;4
LKOH;0;20260414;105307;5434.0;2
LKOH;0;20260414;105309;5434.0;2
LKOH;0;20260414;105322;5433.5;2
LKOH;0;20260414;105327;5434.0;3
LKOH;0;20260414;105329;5434.0;2
LKOH;0;20260414;105329;5434.0;2
LKOH;0;20260414;105330;5434.0;1
LKOH;0;20260414;105330;5434.0;3
LKOH;0;20260414;105332;5434.0;1
LKOH;0;20260414;105333;5434.0;1
LKOH;0;20260414;105336;5434.0;3
LKOH;0;20260414;105336;5434.0;1
LKOH;0;20260414;105337;5434.0;22
LKOH;0;20260414;105347;5434.0;1
LKOH;0;20260414;105347;5434.0;2
LKOH;0;20260414;105357;5433.5;3
LKOH;0;20260414;105359;5434.0;8
LKOH;0;20260414;105400;5434.0;8
LKOH;0;20260414;105402;5434.0;2
LKOH;0;20260414;105402;5434.0;6
LKOH;0;20260414;105402;5434.0;1
LKOH;0;20260414;105404;5434.0;1
LKOH;0;20260414;105406;5433.5;2
LKOH;0;20260414;105409;5434.0;1
LKOH;0;20260414;105413;5434.0;1
LKOH;0;20260414;105419;5434.0;2
LKOH;0;20260414;105429;5434.0;1
LKOH;0;20260414;105438;5434.0;1
LKOH;0;20260414;105438;5434.0;1
LKOH;0;20260414;105448;5434.0;2
LKOH;0;20260414;105452;5434.0;2
LKOH;0;20260414;105452;5434.0;1
LKOH;0;20260414;105501;5434.0;14
LKOH;0;20260414;105502;5434.0;2
LKOH;0;20260414;105502;5434.0;6
LKOH;0;20260414;105503;5434.0;2
LKOH;0;20260414;105505;5434.0;1
LKOH;0;20260414;105505;5434.0;1
LKOH;0;20260414;105510;5434.0;1
LKOH;0;20260414;105510;5434.0;2
LKOH;0;20260414;105514;5433.5;1
LKOH;0;20260414;105521;5434.0;4
LKOH;0;20260414;105521;5434.0;9
LKOH;0;20260414;105521;5434.0;1
LKOH;0;20260414;105521;5434.0;1
LKOH;0;20260414;105521;5434.0;1
LKOH;0;20260414;105521;5434.0;5
LKOH;0;20260414;105521;5434.0;1
LKOH;0;20260414;105521;5434.0;4
LKOH;0;20260414;105528;5434.0;1
LKOH;0;20260414;105535;5434.0;1
LKOH;0;20260414;105546;5434.0;4
LKOH;0;20260414;105546;5434.0;1
LKOH;0;20260414;105547;5433.5;2
LKOH;0;20260414;105547;5433.5;1
LKOH;0;20260414;105547;5433.5;5
LKOH;0;20260414;105547;5433.5;1
LKOH;0;20260414;105547;5433.5;1
LKOH;0;20260414;105547;5433.5;5
LKOH;0;20260414;105547;5433.5;5
LKOH;0;20260414;105547;5433.5;5
LKOH;0;20260414;105547;5433.5;2
LKOH;0;20260414;105547;5433.5;5
LKOH;0;20260414;105547;5433.5;5
LKOH;0;20260414;105547;5433.5;2
LKOH;0;20260414;105547;5433.5;1
LKOH;0;20260414;105547;5433.5;5
LKOH;0;20260414;105547;5434.0;1
LKOH;0;20260414;105551;5433.5;1
LKOH;0;20260414;105551;5433.5;5
LKOH;0;20260414;105600;5433.5;1
LKOH;0;20260414;105600;5433.5;1
LKOH;0;20260414;105601;5433.5;2
LKOH;0;20260414;105601;5433.5;6
LKOH;0;20260414;105602;5433.5;1
LKOH;0;20260414;105603;5433.5;2
LKOH;0;20260414;105607;5433.5;33
LKOH;0;20260414;105607;5433.5;10
LKOH;0;20260414;105607;5433.5;46
LKOH;0;20260414;105607;5433.5;15
LKOH;0;20260414;105607;5433.5;15
LKOH;0;20260414;105607;5433.5;23
LKOH;0;20260414;105607;5433.5;18
LKOH;0;20260414;105607;5434.0;8
LKOH;0;20260414;105607;5434.0;82
LKOH;0;20260414;105607;5434.0;1
LKOH;0;20260414;105613;5434.0;2
LKOH;0;20260414;105619;5434.0;1
LKOH;0;20260414;105622;5433.5;1
LKOH;0;20260414;105622;5433.5;2
LKOH;0;20260414;105625;5434.0;2
LKOH;0;20260414;105626;5434.0;1
LKOH;0;20260414;105630;5434.0;44
LKOH;0;20260414;105630;5434.0;33
LKOH;0;20260414;105630;5434.0;36
LKOH;0;20260414;105647;5434.5;1
LKOH;0;20260414;105653;5434.5;1
LKOH;0;20260414;105654;5434.5;3
LKOH;0;20260414;105704;5434.5;5
LKOH;0;20260414;105704;5434.5;5
LKOH;0;20260414;105704;5434.5;3
LKOH;0;20260414;105704;5434.5;1
LKOH;0;20260414;105704;5434.5;1
LKOH;0;20260414;105709;5434.0;2
LKOH;0;20260414;105710;5434.5;5
LKOH;0;20260414;105710;5434.5;20
LKOH;0;20260414;105712;5434.0;2
LKOH;0;20260414;105728;5434.5;5
LKOH;0;20260414;105729;5434.0;1
LKOH;0;20260414;105734;5434.0;52
LKOH;0;20260414;105756;5434.5;1
LKOH;0;20260414;105800;5434.5;3
LKOH;0;20260414;105800;5434.5;2
LKOH;0;20260414;105805;5435.0;2
LKOH;0;20260414;105806;5434.5;1
LKOH;0;20260414;105820;5435.0;5
LKOH;0;20260414;105822;5435.0;2
LKOH;0;20260414;105822;5435.0;2
LKOH;0;20260414;105823;5435.0;2
LKOH;0;20260414;105823;5435.0;10
LKOH;0;20260414;105823;5435.0;1
LKOH;0;20260414;105823;5435.0;14
LKOH;0;20260414;105823;5435.0;14
LKOH;0;20260414;105823;5435.0;13
LKOH;0;20260414;105832;5435.0;9
LKOH;0;20260414;105832;5435.5;6
LKOH;0;20260414;105832;5436.0;15
LKOH;0;20260414;105832;5435.5;36
LKOH;0;20260414;105833;5435.5;4
LKOH;0;20260414;105837;5435.5;1
LKOH;0;20260414;105837;5435.5;2
LKOH;0;20260414;105845;5436.0;1
LKOH;0;20260414;105859;5436.0;1
LKOH;0;20260414;105905;5435.5;10
LKOH;0;20260414;105905;5435.5;10
LKOH;0;20260414;105905;5435.5;2
LKOH;0;20260414;105905;5435.5;1
LKOH;0;20260414;105905;5435.5;1
LKOH;0;20260414;105905;5435.0;16
LKOH;0;20260414;105908;5435.5;1
LKOH;0;20260414;105913;5435.5;20
LKOH;0;20260414;105919;5435.5;1
LKOH;0;20260414;105931;5435.0;7
LKOH;0;20260414;105931;5435.0;3
LKOH;0;20260414;105936;5435.5;1
LKOH;0;20260414;105938;5435.0;2
LKOH;0;20260414;105947;5435.5;2
LKOH;0;20260414;105954;5435.0;1
LKOH;0;20260414;105955;5435.0;6
LKOH;0;20260414;105957;5435.5;1
LKOH;0;20260414;110003;5435.5;1
LKOH;0;20260414;110003;5435.5;9
LKOH;0;20260414;110003;5435.5;1
LKOH;0;20260414;110004;5435.5;1
LKOH;0;20260414;110004;5435.5;3
LKOH;0;20260414;110005;5435.5;1
LKOH;0;20260414;110012;5435.5;1
LKOH;0;20260414;110017;5435.5;35
LKOH;0;20260414;110020;5435.5;15
LKOH;0;20260414;110020;5435.5;25
LKOH;0;20260414;110021;5436.0;3
LKOH;0;20260414;110023;5436.0;1
LKOH;0;20260414;110024;5436.0;4
LKOH;0;20260414;110030;5436.0;1
LKOH;0;20260414;110042;5436.0;1
LKOH;0;20260414;110045;5436.0;2
LKOH;0;20260414;110050;5436.0;1
LKOH;0;20260414;110056;5436.0;1
LKOH;0;20260414;110057;5436.0;1
LKOH;0;20260414;110057;5436.0;2
LKOH;0;20260414;110107;5436.0;20
LKOH;0;20260414;110107;5436.0;1
LKOH;0;20260414;110107;5436.0;3
LKOH;0;20260414;110108;5436.0;8
LKOH;0;20260414;110108;5436.0;8
LKOH;0;20260414;110114;5436.0;3
LKOH;0;20260414;110114;5436.0;7
LKOH;0;20260414;110114;5436.0;2
LKOH;0;20260414;110114;5436.5;1
LKOH;0;20260414;110114;5436.5;12
LKOH;0;20260414;110114;5436.5;21
LKOH;0;20260414;110114;5437.0;1
LKOH;0;20260414;110118;5437.0;2
LKOH;0;20260414;110118;5437.0;2
LKOH;0;20260414;110119;5437.0;3
LKOH;0;20260414;110119;5437.0;1
LKOH;0;20260414;110119;5437.0;2
LKOH;0;20260414;110129;5437.0;1
LKOH;0;20260414;110129;5437.0;1
LKOH;0;20260414;110129;5437.0;3
LKOH;0;20260414;110130;5437.0;2
LKOH;0;20260414;110135;5437.0;3
LKOH;0;20260414;110135;5437.0;3
LKOH;0;20260414;110135;5437.0;2
LKOH;0;20260414;110135;5437.0;2
LKOH;0;20260414;110139;5437.0;8
LKOH;0;20260414;110139;5437.0;8
LKOH;0;20260414;110142;5436.5;9
LKOH;0;20260414;110142;5436.5;1
LKOH;0;20260414;110142;5436.5;10
LKOH;0;20260414;110142;5436.5;9
LKOH;0;20260414;110142;5436.5;14
LKOH;0;20260414;110142;5436.5;22
LKOH;0;20260414;110142;5436.5;10
LKOH;0;20260414;110142;5436.5;20
LKOH;0;20260414;110142;5436.5;18
LKOH;0;20260414;110142;5436.5;7
LKOH;0;20260414;110146;5437.0;1
LKOH;0;20260414;110157;5437.0;1
LKOH;0;20260414;110158;5436.5;5
LKOH;0;20260414;110158;5437.0;1
LKOH;0;20260414;110203;5437.0;2
LKOH;0;20260414;110203;5437.0;2
LKOH;0;20260414;110203;5436.5;3
LKOH;0;20260414;110204;5437.0;10
LKOH;0;20260414;110209;5437.0;11
LKOH;0;20260414;110209;5437.0;11
LKOH;0;20260414;110209;5437.0;1
LKOH;0;20260414;110217;5437.0;3
LKOH;0;20260414;110219;5437.0;1
LKOH;0;20260414;110229;5437.0;2
LKOH;0;20260414;110232;5437.0;1
LKOH;0;20260414;110237;5437.0;2
LKOH;0;20260414;110239;5437.0;2
LKOH;0;20260414;110254;5436.5;1
LKOH;0;20260414;110256;5437.0;1
LKOH;0;20260414;110300;5437.0;13
LKOH;0;20260414;110300;5437.0;1
LKOH;0;20260414;110300;5437.5;1
LKOH;0;20260414;110300;5438.0;9
LKOH;0;20260414;110300;5438.0;1
LKOH;0;20260414;110300;5438.5;1
LKOH;0;20260414;110300;5438.5;24
LKOH;0;20260414;110300;5438.5;4
LKOH;0;20260414;110300;5438.5;1
LKOH;0;20260414;110304;5438.5;1
LKOH;0;20260414;110305;5438.0;1
LKOH;0;20260414;110305;5438.5;7
LKOH;0;20260414;110307;5438.5;1
LKOH;0;20260414;110318;5437.0;2
LKOH;0;20260414;110318;5437.0;5
LKOH;0;20260414;110318;5437.0;3
LKOH;0;20260414;110318;5437.0;5
LKOH;0;20260414;110318;5437.0;1
LKOH;0;20260414;110323;5437.5;1
LKOH;0;20260414;110323;5438.0;8
LKOH;0;20260414;110323;5438.0;2
LKOH;0;20260414;110325;5437.0;1
LKOH;0;20260414;110334;5438.0;1
LKOH;0;20260414;110334;5438.5;1
LKOH;0;20260414;110345;5437.5;3
LKOH;0;20260414;110348;5437.5;1
LKOH;0;20260414;110349;5437.5;1
LKOH;0;20260414;110352;5437.5;1
LKOH;0;20260414;110355;5437.0;1
LKOH;0;20260414;110355;5436.5;1
LKOH;0;20260414;110355;5436.5;1
LKOH;0;20260414;110355;5436.5;1
LKOH;0;20260414;110355;5436.0;2
LKOH;0;20260414;110355;5436.0;1
LKOH;0;20260414;110355;5436.0;1
LKOH;0;20260414;110355;5436.0;12
LKOH;0;20260414;110405;5436.5;1
LKOH;0;20260414;110405;5436.5;1
LKOH;0;20260414;110406;5436.5;3
LKOH;0;20260414;110406;5436.5;1
LKOH;0;20260414;110407;5437.0;1
LKOH;0;20260414;110415;5437.5;1
LKOH;0;20260414;110415;5437.5;1
LKOH;0;20260414;110415;5437.5;5
LKOH;0;20260414;110415;5437.5;1
LKOH;0;20260414;110425;5438.0;1
LKOH;0;20260414;110425;5438.0;2
LKOH;0;20260414;110432;5438.0;2
LKOH;0;20260414;110432;5438.0;9
LKOH;0;20260414;110436;5437.5;3
LKOH;0;20260414;110444;5438.0;10
LKOH;0;20260414;110448;5438.0;1
LKOH;0;20260414;110450;5437.5;1
LKOH;0;20260414;110507;5438.0;1
LKOH;0;20260414;110507;5438.0;1
LKOH;0;20260414;110507;5438.0;2
LKOH;0;20260414;110512;5438.0;2
LKOH;0;20260414;110517;5438.0;1
LKOH;0;20260414;110518;5438.0;1
LKOH;0;20260414;110521;5438.0;6
LKOH;0;20260414;110523;5438.0;1
LKOH;0;20260414;110527;5438.0;13
LKOH;0;20260414;110529;5438.0;1
LKOH;0;20260414;110541;5438.0;1
LKOH;0;20260414;110541;5438.0;1
LKOH;0;20260414;110549;5438.0;1
LKOH;0;20260414;110549;5438.0;7
LKOH;0;20260414;110549;5438.5;3
LKOH;0;20260414;110550;5437.5;3
LKOH;0;20260414;110552;5438.0;23
LKOH;0;20260414;110555;5438.0;1
LKOH;0;20260414;110555;5438.0;1
LKOH;0;20260414;110559;5438.5;1
LKOH;0;20260414;110559;5438.0;1
LKOH;0;20260414;110610;5438.5;2
LKOH;0;20260414;110611;5438.5;1
LKOH;0;20260414;110611;5438.5;2
LKOH;0;20260414;110636;5438.5;2
LKOH;0;20260414;110636;5438.5;1
LKOH;0;20260414;110641;5438.0;1
LKOH;0;20260414;110644;5438.5;1
LKOH;0;20260414;110711;5438.5;1
LKOH;0;20260414;110712;5438.5;2
LKOH;0;20260414;110712;5438.5;1
LKOH;0;20260414;110723;5438.5;1
LKOH;0;20260414;110726;5438.5;1
LKOH;0;20260414;110732;5438.5;1
LKOH;0;20260414;110734;5438.0;1
LKOH;0;20260414;110737;5438.5;2
LKOH;0;20260414;110742;5438.5;1
LKOH;0;20260414;110749;5438.5;1
LKOH;0;20260414;110753;5438.0;1
LKOH;0;20260414;110804;5438.0;1
LKOH;0;20260414;110816;5438.5;1
LKOH;0;20260414;110816;5438.0;1
LKOH;0;20260414;110826;5438.0;3
LKOH;0;20260414;110826;5438.0;2
LKOH;0;20260414;110826;5438.0;95
LKOH;0;20260414;110829;5438.5;1
LKOH;0;20260414;110836;5438.5;1
LKOH;0;20260414;110836;5438.5;9
LKOH;0;20260414;110846;5439.0;1
LKOH;0;20260414;110857;5438.5;1
LKOH;0;20260414;110908;5440.0;1
LKOH;0;20260414;110909;5440.0;2
LKOH;0;20260414;110909;5440.0;2
LKOH;0;20260414;110909;5441.0;2
LKOH;0;20260414;110909;5441.0;1
LKOH;0;20260414;110909;5441.5;13
LKOH;0;20260414;110909;5441.5;10
LKOH;0;20260414;110915;5442.0;1
LKOH;0;20260414;110915;5442.0;33
LKOH;0;20260414;110915;5442.0;16
LKOH;0;20260414;110915;5442.0;1
LKOH;0;20260414;110916;5442.0;2
LKOH;0;20260414;110916;5442.0;2
LKOH;0;20260414;110917;5442.0;28
LKOH;0;20260414;110917;5442.5;22
LKOH;0;20260414;110919;5441.5;8
LKOH;0;20260414;110919;5441.5;1
LKOH;0;20260414;110919;5441.5;10
LKOH;0;20260414;110919;5441.5;15
LKOH;0;20260414;110920;5442.5;25
LKOH;0;20260414;110920;5442.5;2
LKOH;0;20260414;110920;5442.5;3
LKOH;0;20260414;110920;5443.0;5
LKOH;0;20260414;110920;5443.0;1
LKOH;0;20260414;110920;5443.0;4
LKOH;0;20260414;110920;5443.5;33
LKOH;0;20260414;110920;5444.0;1
LKOH;0;20260414;110920;5444.0;29
LKOH;0;20260414;110925;5444.0;13
LKOH;0;20260414;110925;5444.0;1
LKOH;0;20260414;110925;5444.0;12
LKOH;0;20260414;110925;5444.0;6
LKOH;0;20260414;110925;5444.0;6
LKOH;0;20260414;110925;5444.0;7
LKOH;0;20260414;110925;5444.0;6
LKOH;0;20260414;110925;5444.0;1
LKOH;0;20260414;110926;5444.0;3
LKOH;0;20260414;110926;5444.0;3
LKOH;0;20260414;110926;5444.0;5
LKOH;0;20260414;110926;5444.0;5
LKOH;0;20260414;110926;5444.0;1
LKOH;0;20260414;110926;5444.0;4
LKOH;0;20260414;110926;5444.0;5
LKOH;0;20260414;110932;5443.5;79
LKOH;0;20260414;110939;5444.0;3
LKOH;0;20260414;110939;5444.0;3
LKOH;0;20260414;110939;5443.5;67
LKOH;0;20260414;110942;5444.0;1
LKOH;0;20260414;110944;5444.0;3
LKOH;0;20260414;110950;5444.0;1
LKOH;0;20260414;110953;5444.0;1
LKOH;0;20260414;110953;5444.0;1
LKOH;0;20260414;110956;5443.5;1
LKOH;0;20260414;110959;5443.5;2
LKOH;0;20260414;111001;5444.0;3
LKOH;0;20260414;111002;5444.0;3
LKOH;0;20260414;111006;5444.0;1
LKOH;0;20260414;111014;5444.0;1
LKOH;0;20260414;111014;5444.0;14
LKOH;0;20260414;111019;5444.0;5
LKOH;0;20260414;111019;5444.0;1
LKOH;0;20260414;111038;5444.0;7
LKOH;0;20260414;111038;5444.0;3
LKOH;0;20260414;111039;5444.0;3
LKOH;0;20260414;111056;5444.0;2
LKOH;0;20260414;111105;5444.5;1
LKOH;0;20260414;111111;5444.5;2
LKOH;0;20260414;111112;5444.5;1
LKOH;0;20260414;111115;5443.5;6
LKOH;0;20260414;111115;5444.0;2
LKOH;0;20260414;111118;5443.5;1
LKOH;0;20260414;111119;5443.5;1
LKOH;0;20260414;111119;5443.0;1
LKOH;0;20260414;111119;5443.0;2
LKOH;0;20260414;111121;5443.0;5
LKOH;0;20260414;111124;5443.0;1
LKOH;0;20260414;111130;5443.5;2
LKOH;0;20260414;111139;5443.0;2
LKOH;0;20260414;111148;5443.0;100
LKOH;0;20260414;111148;5443.0;14
LKOH;0;20260414;111150;5442.0;2
LKOH;0;20260414;111150;5442.5;1
LKOH;0;20260414;111157;5442.5;3
LKOH;0;20260414;111158;5442.5;10
LKOH;0;20260414;111159;5442.0;32
LKOH;0;20260414;111204;5442.5;3
LKOH;0;20260414;111204;5442.5;1
LKOH;0;20260414;111212;5442.5;1
LKOH;0;20260414;111212;5442.5;1
LKOH;0;20260414;111219;5442.0;2
LKOH;0;20260414;111220;5442.5;50
LKOH;0;20260414;111220;5442.5;15
LKOH;0;20260414;111223;5442.0;3
LKOH;0;20260414;111228;5442.5;1
LKOH;0;20260414;111239;5442.0;17
LKOH;0;20260414;111242;5442.5;1
LKOH;0;20260414;111250;5442.0;1
LKOH;0;20260414;111307;5442.5;1
LKOH;0;20260414;111307;5442.5;1
LKOH;0;20260414;111307;5442.5;1
LKOH;0;20260414;111319;5442.0;1
LKOH;0;20260414;111326;5442.5;3
LKOH;0;20260414;111327;5442.5;2
LKOH;0;20260414;111329;5442.0;1
LKOH;0;20260414;111329;5442.0;1
LKOH;0;20260414;111333;5442.0;2
LKOH;0;20260414;111336;5442.0;1
LKOH;0;20260414;111339;5441.5;3
LKOH;0;20260414;111343;5442.0;1
LKOH;0;20260414;111349;5441.5;1
LKOH;0;20260414;111351;5442.0;1
LKOH;0;20260414;111400;5441.5;1
LKOH;0;20260414;111400;5441.5;1
LKOH;0;20260414;111406;5442.0;8
LKOH;0;20260414;111407;5442.0;1
LKOH;0;20260414;111414;5442.0;1
LKOH;0;20260414;111419;5441.5;1
LKOH;0;20260414;111419;5441.5;4
LKOH;0;20260414;111423;5441.5;2
LKOH;0;20260414;111447;5442.0;2
LKOH;0;20260414;111457;5442.0;1
LKOH;0;20260414;111457;5442.0;1
LKOH;0;20260414;111459;5441.5;1
LKOH;0;20260414;111508;5442.0;4
LKOH;0;20260414;111508;5442.0;1
LKOH;0;20260414;111508;5442.0;3
LKOH;0;20260414;111512;5442.0;1
LKOH;0;20260414;111512;5442.0;50
LKOH;0;20260414;111512;5442.0;6
LKOH;0;20260414;111519;5442.0;1
LKOH;0;20260414;111519;5442.0;17
LKOH;0;20260414;111521;5442.0;1
LKOH;0;20260414;111524;5442.5;2
LKOH;0;20260414;111526;5442.5;1
LKOH;0;20260414;111533;5442.5;1
LKOH;0;20260414;111539;5442.0;1
LKOH;0;20260414;111553;5442.5;1
LKOH;0;20260414;111603;5442.5;4
LKOH;0;20260414;111603;5442.5;2
LKOH;0;20260414;111616;5442.0;1
LKOH;0;20260414;111616;5442.0;3
LKOH;0;20260414;111619;5442.0;3
LKOH;0;20260414;111620;5442.0;1
LKOH;0;20260414;111621;5442.0;2
LKOH;0;20260414;111621;5442.0;1
LKOH;0;20260414;111629;5442.0;36
LKOH;0;20260414;111634;5442.0;1
LKOH;0;20260414;111637;5442.5;1
LKOH;0;20260414;111639;5442.0;10
LKOH;0;20260414;111642;5442.0;1
LKOH;0;20260414;111655;5442.5;3
LKOH;0;20260414;111659;5442.5;1
LKOH;0;20260414;111659;5442.0;1
LKOH;0;20260414;111708;5442.5;1
LKOH;0;20260414;111708;5442.5;1
LKOH;0;20260414;111709;5442.5;1
LKOH;0;20260414;111709;5442.0;1
LKOH;0;20260414;111719;5442.0;1
LKOH;0;20260414;111720;5442.0;1
LKOH;0;20260414;111723;5442.0;7
LKOH;0;20260414;111727;5442.0;8
LKOH;0;20260414;111727;5442.0;2
LKOH;0;20260414;111727;5442.0;1
LKOH;0;20260414;111728;5441.5;222
LKOH;0;20260414;111728;5441.0;1
LKOH;0;20260414;111728;5440.5;1
LKOH;0;20260414;111728;5440.0;1
LKOH;0;20260414;111728;5440.0;4
LKOH;0;20260414;111728;5440.0;50
LKOH;0;20260414;111728;5440.0;24
LKOH;0;20260414;111728;5440.0;1
LKOH;0;20260414;111728;5440.0;96
LKOH;0;20260414;111728;5440.5;2
LKOH;0;20260414;111729;5440.0;1
LKOH;0;20260414;111739;5438.5;61
LKOH;0;20260414;111739;5438.5;1
LKOH;0;20260414;111739;5438.5;40
LKOH;0;20260414;111739;5438.0;4
LKOH;0;20260414;111740;5438.5;2
LKOH;0;20260414;111741;5438.5;2
LKOH;0;20260414;111748;5438.5;1
LKOH;0;20260414;111751;5438.5;1
LKOH;0;20260414;111756;5438.5;1
LKOH;0;20260414;111759;5438.0;2
LKOH;0;20260414;111805;5438.5;1
LKOH;0;20260414;111805;5438.5;2
LKOH;0;20260414;111807;5438.0;3
LKOH;0;20260414;111807;5438.5;1
LKOH;0;20260414;111819;5438.0;1
LKOH;0;20260414;111821;5438.5;2
LKOH;0;20260414;111826;5438.0;145
LKOH;0;20260414;111826;5438.0;40
LKOH;0;20260414;111826;5437.5;1
LKOH;0;20260414;111826;5437.5;32
LKOH;0;20260414;111826;5437.5;8
LKOH;0;20260414;111826;5437.0;1
LKOH;0;20260414;111827;5436.0;1
LKOH;0;20260414;111835;5435.5;1
LKOH;0;20260414;111835;5435.5;49
LKOH;0;20260414;111836;5435.5;1
LKOH;0;20260414;111836;5435.5;1
LKOH;0;20260414;111837;5435.0;3
LKOH;0;20260414;111837;5435.5;39
LKOH;0;20260414;111837;5435.5;19
LKOH;0;20260414;111837;5436.0;1
LKOH;0;20260414;111837;5436.0;8
LKOH;0;20260414;111837;5436.0;1
LKOH;0;20260414;111837;5436.0;1
LKOH;0;20260414;111837;5436.5;2
LKOH;0;20260414;111837;5436.5;1
LKOH;0;20260414;111837;5436.5;50
LKOH;0;20260414;111837;5436.5;118
LKOH;0;20260414;111837;5436.5;30
LKOH;0;20260414;111837;5437.0;30
LKOH;0;20260414;111837;5437.0;3
LKOH;0;20260414;111837;5437.0;1
LKOH;0;20260414;111837;5437.0;50
LKOH;0;20260414;111837;5437.0;60
LKOH;0;20260414;111837;5437.0;9
LKOH;0;20260414;111837;5437.5;30
LKOH;0;20260414;111837;5437.5;50
LKOH;0;20260414;111837;5437.5;50
LKOH;0;20260414;111837;5437.5;3
LKOH;0;20260414;111837;5437.5;1
LKOH;0;20260414;111837;5437.5;20
LKOH;0;20260414;111837;5437.5;65
LKOH;0;20260414;111837;5437.5;60
LKOH;0;20260414;111837;5438.0;815
LKOH;0;20260414;111837;5438.0;1
LKOH;0;20260414;111837;5438.0;1
LKOH;0;20260414;111837;5438.0;20
LKOH;0;20260414;111837;5438.0;60
LKOH;0;20260414;111837;5438.0;30
LKOH;0;20260414;111837;5438.0;18
LKOH;0;20260414;111837;5438.0;19
LKOH;0;20260414;111837;5438.5;1
LKOH;0;20260414;111837;5438.5;26
LKOH;0;20260414;111837;5438.5;7
LKOH;0;20260414;111837;5438.5;1
LKOH;0;20260414;111837;5438.5;142
LKOH;0;20260414;111837;5438.5;100
LKOH;0;20260414;111837;5438.5;33
LKOH;0;20260414;111837;5438.5;18
LKOH;0;20260414;111837;5438.5;1
LKOH;0;20260414;111837;5438.5;14
LKOH;0;20260414;111839;5439.0;1
LKOH;0;20260414;111839;5439.0;30
LKOH;0;20260414;111839;5439.0;9
LKOH;0;20260414;111839;5439.0;10
LKOH;0;20260414;111839;5439.0;19
LKOH;0;20260414;111839;5439.0;18
LKOH;0;20260414;111839;5438.5;36
LKOH;0;20260414;111839;5438.5;50
LKOH;0;20260414;111839;5438.5;30
LKOH;0;20260414;111839;5438.5;1
LKOH;0;20260414;111839;5438.5;60
LKOH;0;20260414;111839;5438.5;5
LKOH;0;20260414;111839;5438.0;305
LKOH;0;20260414;111847;5439.0;1
LKOH;0;20260414;111851;5439.0;1
LKOH;0;20260414;111907;5439.0;1
LKOH;0;20260414;111907;5439.0;1
LKOH;0;20260414;111907;5439.0;1
LKOH;0;20260414;111908;5439.0;6
LKOH;0;20260414;111915;5439.0;30
LKOH;0;20260414;111915;5439.0;9
LKOH;0;20260414;111915;5439.0;1
LKOH;0;20260414;111915;5439.0;18
LKOH;0;20260414;111915;5439.0;18
LKOH;0;20260414;111915;5439.0;19
LKOH;0;20260414;111915;5439.5;1
LKOH;0;20260414;111919;5439.5;9
LKOH;0;20260414;111919;5439.0;27
LKOH;0;20260414;111919;5439.0;2
LKOH;0;20260414;111920;5439.5;2
LKOH;0;20260414;111937;5440.5;1
LKOH;0;20260414;111939;5439.5;1
LKOH;0;20260414;111942;5440.5;1
LKOH;0;20260414;111943;5440.0;1
LKOH;0;20260414;111945;5440.5;1
LKOH;0;20260414;111950;5440.0;2
LKOH;0;20260414;111957;5440.0;2
LKOH;0;20260414;111957;5440.5;2
LKOH;0;20260414;111958;5440.5;1
LKOH;0;20260414;111959;5440.0;2
LKOH;0;20260414;112002;5440.5;1
LKOH;0;20260414;112003;5440.5;1
LKOH;0;20260414;112012;5439.0;6
LKOH;0;20260414;112017;5438.0;161
LKOH;0;20260414;112018;5438.0;11
LKOH;0;20260414;112018;5438.0;46
LKOH;0;20260414;112018;5438.0;29
LKOH;0;20260414;112018;5438.0;12
LKOH;0;20260414;112018;5438.0;1
LKOH;0;20260414;112019;5438.0;67
LKOH;0;20260414;112020;5438.0;40
LKOH;0;20260414;112026;5438.0;2
LKOH;0;20260414;112026;5438.0;36
LKOH;0;20260414;112026;5438.0;33
LKOH;0;20260414;112026;5438.0;1
LKOH;0;20260414;112026;5438.0;13
LKOH;0;20260414;112026;5438.0;24
LKOH;0;20260414;112026;5438.0;8
LKOH;0;20260414;112027;5438.0;9
LKOH;0;20260414;112027;5438.0;3885
LKOH;0;20260414;112027;5438.0;25
LKOH;0;20260414;112027;5438.0;56
LKOH;0;20260414;112027;5438.0;1
LKOH;0;20260414;112027;5436.0;71
LKOH;0;20260414;112027;5436.0;29
LKOH;0;20260414;112028;5435.0;1
LKOH;0;20260414;112031;5435.5;2
LKOH;0;20260414;112034;5435.5;1
LKOH;0;20260414;112036;5436.0;3
LKOH;0;20260414;112039;5435.5;8
LKOH;0;20260414;112039;5435.5;1
LKOH;0;20260414;112039;5435.5;40
LKOH;0;20260414;112039;5435.5;252
LKOH;0;20260414;112039;5435.0;17
LKOH;0;20260414;112039;5435.0;2
LKOH;0;20260414;112039;5435.0;12
LKOH;0;20260414;112039;5435.0;1
LKOH;0;20260414;112039;5435.0;10
LKOH;0;20260414;112039;5435.0;1
LKOH;0;20260414;112039;5435.0;1
LKOH;0;20260414;112039;5435.0;200
LKOH;0;20260414;112039;5435.0;28
LKOH;0;20260414;112039;5435.0;1
LKOH;0;20260414;112039;5435.0;30
LKOH;0;20260414;112039;5435.0;1
LKOH;0;20260414;112039;5434.5;1
LKOH;0;20260414;112039;5434.5;2
LKOH;0;20260414;112039;5434.5;1
LKOH;0;20260414;112039;5434.5;1
LKOH;0;20260414;112039;5434.5;1
LKOH;0;20260414;112039;5434.5;1
LKOH;0;20260414;112039;5434.5;30
LKOH;0;20260414;112039;5434.5;60
LKOH;0;20260414;112039;5434.0;3
LKOH;0;20260414;112039;5434.0;1
LKOH;0;20260414;112039;5434.0;1
LKOH;0;20260414;112039;5434.0;2
LKOH;0;20260414;112039;5434.0;1
LKOH;0;20260414;112039;5434.0;30
LKOH;0;20260414;112039;5434.0;60
LKOH;0;20260414;112039;5434.0;20
LKOH;0;20260414;112039;5434.0;100
LKOH;0;20260414;112039;5433.5;1
LKOH;0;20260414;112039;5433.5;139
LKOH;0;20260414;112046;5436.0;3
LKOH;0;20260414;112049;5435.5;252
LKOH;0;20260414;112049;5435.5;40
LKOH;0;20260414;112049;5435.0;1
LKOH;0;20260414;112049;5435.0;1
LKOH;0;20260414;112049;5434.5;1
LKOH;0;20260414;112049;5434.5;10
LKOH;0;20260414;112049;5434.0;22
LKOH;0;20260414;112049;5434.0;1
LKOH;0;20260414;112049;5434.0;22
LKOH;0;20260414;112049;5435.5;30
LKOH;0;20260414;112049;5436.0;2
LKOH;0;20260414;112056;5436.0;1
LKOH;0;20260414;112058;5433.5;33
LKOH;0;20260414;112059;5433.5;105
LKOH;0;20260414;112100;5433.5;32
LKOH;0;20260414;112100;5433.5;161
LKOH;0;20260414;112100;5433.0;1
LKOH;0;20260414;112100;5433.0;1
LKOH;0;20260414;112100;5433.0;2
LKOH;0;20260414;112100;5433.0;16
LKOH;0;20260414;112100;5433.0;5
LKOH;0;20260414;112100;5433.0;55
LKOH;0;20260414;112100;5433.0;1
LKOH;0;20260414;112100;5433.0;65
LKOH;0;20260414;112100;5433.0;34
LKOH;0;20260414;112100;5433.0;58
LKOH;0;20260414;112100;5433.0;25
LKOH;0;20260414;112100;5433.0;25
LKOH;0;20260414;112100;5433.0;5
LKOH;0;20260414;112100;5433.0;3
LKOH;0;20260414;112100;5432.5;1
LKOH;0;20260414;112100;5432.5;2
LKOH;0;20260414;112100;5432.5;70
LKOH;0;20260414;112100;5432.5;1
LKOH;0;20260414;112100;5432.5;27
LKOH;0;20260414;112100;5432.5;14
LKOH;0;20260414;112100;5432.5;41
LKOH;0;20260414;112100;5432.5;15
LKOH;0;20260414;112100;5432.5;300
LKOH;0;20260414;112100;5432.5;9
LKOH;0;20260414;112100;5432.5;9
LKOH;0;20260414;112100;5432.5;96
LKOH;0;20260414;112100;5432.5;9
LKOH;0;20260414;112100;5432.5;201
LKOH;0;20260414;112100;5432.5;76
LKOH;0;20260414;112101;5432.5;5
LKOH;0;20260414;112101;5432.5;23
LKOH;0;20260414;112101;5432.5;30
LKOH;0;20260414;112101;5432.5;74
LKOH;0;20260414;112101;5432.5;3
LKOH;0;20260414;112101;5432.5;2
LKOH;0;20260414;112101;5432.5;1
LKOH;0;20260414;112101;5432.5;4
LKOH;0;20260414;112101;5432.5;5
LKOH;0;20260414;112101;5432.5;1
LKOH;0;20260414;112101;5432.0;1
LKOH;0;20260414;112101;5432.0;1
LKOH;0;20260414;112101;5432.0;1
LKOH;0;20260414;112101;5432.0;2
LKOH;0;20260414;112101;5432.0;4
LKOH;0;20260414;112101;5432.0;1
LKOH;0;20260414;112101;5431.5;2
LKOH;0;20260414;112101;5431.5;14
LKOH;0;20260414;112101;5431.0;10
LKOH;0;20260414;112101;5431.0;5
LKOH;0;20260414;112101;5431.0;1
LKOH;0;20260414;112101;5431.0;5
LKOH;0;20260414;112101;5431.0;1
LKOH;0;20260414;112101;5431.0;2
LKOH;0;20260414;112101;5430.5;52
LKOH;0;20260414;112101;5430.5;2
LKOH;0;20260414;112101;5430.5;80
LKOH;0;20260414;112101;5430.5;1
LKOH;0;20260414;112101;5430.5;1
LKOH;0;20260414;112101;5430.5;20
LKOH;0;20260414;112101;5430.5;22
LKOH;0;20260414;112101;5430.5;3
LKOH;0;20260414;112101;5430.5;30
LKOH;0;20260414;112101;5430.5;76
LKOH;0;20260414;112101;5430.5;63
LKOH;0;20260414;112101;5430.5;1
LKOH;0;20260414;112101;5430.0;9
LKOH;0;20260414;112101;5430.0;5
LKOH;0;20260414;112101;5430.0;12
LKOH;0;20260414;112101;5430.0;5
LKOH;0;20260414;112101;5430.0;1
LKOH;0;20260414;112101;5430.0;9
LKOH;0;20260414;112101;5430.0;1
LKOH;0;20260414;112101;5430.0;2
LKOH;0;20260414;112101;5430.0;7
LKOH;0;20260414;112101;5430.0;10
LKOH;0;20260414;112101;5430.0;20
LKOH;0;20260414;112101;5430.0;1
LKOH;0;20260414;112101;5430.0;4
LKOH;0;20260414;112101;5430.0;6
LKOH;0;20260414;112101;5430.0;1
LKOH;0;20260414;112101;5430.0;10
LKOH;0;20260414;112101;5430.0;1
LKOH;0;20260414;112101;5430.0;5
LKOH;0;20260414;112101;5430.0;1
LKOH;0;20260414;112101;5430.0;1
LKOH;0;20260414;112101;5430.0;2
LKOH;0;20260414;112101;5430.0;10
LKOH;0;20260414;112101;5430.0;5
LKOH;0;20260414;112101;5430.0;9
LKOH;0;20260414;112101;5430.0;18
LKOH;0;20260414;112101;5430.0;18
LKOH;0;20260414;112101;5430.0;1
LKOH;0;20260414;112101;5430.0;2
LKOH;0;20260414;112101;5430.0;4
LKOH;0;20260414;112101;5430.0;1
LKOH;0;20260414;112101;5430.0;1
LKOH;0;20260414;112101;5430.0;9
LKOH;0;20260414;112101;5430.0;20
LKOH;0;20260414;112101;5430.0;1
LKOH;0;20260414;112101;5430.0;5
LKOH;0;20260414;112101;5430.0;1
LKOH;0;20260414;112101;5430.0;13
LKOH;0;20260414;112101;5430.0;6
LKOH;0;20260414;112101;5430.0;9
LKOH;0;20260414;112101;5429.5;35
LKOH;0;20260414;112101;5429.0;5
LKOH;0;20260414;112101;5429.0;1
LKOH;0;20260414;112101;5429.0;1
LKOH;0;20260414;112101;5428.5;1
LKOH;0;20260414;112101;5428.5;3
LKOH;0;20260414;112101;5428.5;5
LKOH;0;20260414;112101;5428.0;10
LKOH;0;20260414;112101;5428.0;16
LKOH;0;20260414;112101;5429.0;1
LKOH;0;20260414;112101;5428.0;29
LKOH;0;20260414;112101;5428.0;9
LKOH;0;20260414;112101;5428.0;2
LKOH;0;20260414;112101;5429.0;2
LKOH;0;20260414;112101;5428.0;2
LKOH;0;20260414;112101;5428.0;5
LKOH;0;20260414;112101;5428.0;2
LKOH;0;20260414;112101;5428.0;1
LKOH;0;20260414;112101;5428.0;1
LKOH;0;20260414;112101;5428.0;13
LKOH;0;20260414;112101;5427.0;2
LKOH;0;20260414;112101;5427.0;52
LKOH;0;20260414;112101;5427.5;2
LKOH;0;20260414;112101;5427.0;13
LKOH;0;20260414;112102;5427.5;2
LKOH;0;20260414;112102;5427.5;1
LKOH;0;20260414;112102;5427.5;6
LKOH;0;20260414;112102;5427.0;35
LKOH;0;20260414;112102;5427.0;7
LKOH;0;20260414;112102;5426.0;1
LKOH;0;20260414;112102;5426.0;1
LKOH;0;20260414;112102;5426.0;4
LKOH;0;20260414;112102;5426.0;30
LKOH;0;20260414;112102;5426.0;2
LKOH;0;20260414;112102;5426.0;1
LKOH;0;20260414;112102;5426.0;8
LKOH;0;20260414;112102;5426.0;8
LKOH;0;20260414;112102;5426.0;30
LKOH;0;20260414;112102;5426.0;44
LKOH;0;20260414;112102;5425.5;10
LKOH;0;20260414;112102;5425.5;4
LKOH;0;20260414;112102;5426.5;2
LKOH;0;20260414;112102;5426.0;17
LKOH;0;20260414;112102;5425.5;14
LKOH;0;20260414;112102;5425.0;1
LKOH;0;20260414;112102;5425.0;1
LKOH;0;20260414;112102;5425.0;1
LKOH;0;20260414;112102;5425.0;8
LKOH;0;20260414;112102;5425.0;1
LKOH;0;20260414;112102;5425.0;5
LKOH;0;20260414;112102;5425.0;10
LKOH;0;20260414;112102;5425.0;2
LKOH;0;20260414;112102;5425.0;10
LKOH;0;20260414;112102;5425.0;5
LKOH;0;20260414;112102;5425.0;1
LKOH;0;20260414;112102;5425.0;1
LKOH;0;20260414;112102;5425.0;4
LKOH;0;20260414;112102;5425.0;1
LKOH;0;20260414;112102;5425.0;11
LKOH;0;20260414;112102;5425.0;23
LKOH;0;20260414;112102;5425.0;1
LKOH;0;20260414;112102;5426.0;9
LKOH;0;20260414;112102;5426.0;9
LKOH;0;20260414;112102;5425.0;1
LKOH;0;20260414;112102;5425.0;12
LKOH;0;20260414;112102;5425.0;2
LKOH;0;20260414;112102;5425.0;1
LKOH;0;20260414;112102;5425.0;18
LKOH;0;20260414;112102;5425.0;1
LKOH;0;20260414;112102;5425.0;8
LKOH;0;20260414;112102;5425.0;8
LKOH;0;20260414;112102;5425.0;8
LKOH;0;20260414;112102;5425.0;1
LKOH;0;20260414;112102;5425.0;8
LKOH;0;20260414;112102;5425.0;5
LKOH;0;20260414;112102;5425.0;3
LKOH;0;20260414;112102;5425.0;13
LKOH;0;20260414;112102;5425.5;1
LKOH;0;20260414;112102;5425.5;2
LKOH;0;20260414;112102;5426.0;9
LKOH;0;20260414;112102;5425.5;9
LKOH;0;20260414;112102;5425.5;1
LKOH;0;20260414;112102;5426.0;6
LKOH;0;20260414;112102;5426.0;1
LKOH;0;20260414;112102;5426.5;1
LKOH;0;20260414;112102;5426.5;1
LKOH;0;20260414;112102;5426.5;1
LKOH;0;20260414;112102;5426.5;10
LKOH;0;20260414;112103;5427.0;1
LKOH;0;20260414;112103;5427.5;9
LKOH;0;20260414;112103;5428.0;8
LKOH;0;20260414;112103;5428.0;1
LKOH;0;20260414;112103;5427.5;1
LKOH;0;20260414;112103;5427.5;6
LKOH;0;20260414;112103;5427.5;1
LKOH;0;20260414;112104;5427.5;5
LKOH;0;20260414;112104;5427.5;1
LKOH;0;20260414;112104;5427.5;5
LKOH;0;20260414;112104;5428.0;3
LKOH;0;20260414;112104;5427.5;5
LKOH;0;20260414;112104;5427.5;4
LKOH;0;20260414;112105;5427.5;3
LKOH;0;20260414;112105;5427.0;3
LKOH;0;20260414;112105;5427.0;3
LKOH;0;20260414;112105;5427.0;1
LKOH;0;20260414;112106;5426.5;2
LKOH;0;20260414;112106;5426.5;2
LKOH;0;20260414;112106;5426.5;2
LKOH;0;20260414;112106;5426.5;2
LKOH;0;20260414;112112;5426.5;2
LKOH;0;20260414;112112;5426.5;1
LKOH;0;20260414;112112;5426.0;8
LKOH;0;20260414;112112;5426.0;9
LKOH;0;20260414;112112;5426.0;2
LKOH;0;20260414;112112;5426.0;1
LKOH;0;20260414;112112;5426.0;10
LKOH;0;20260414;112112;5425.5;18
LKOH;0;20260414;112112;5425.5;1
LKOH;0;20260414;112112;5425.5;2
LKOH;0;20260414;112112;5425.5;30
LKOH;0;20260414;112112;5425.0;9
LKOH;0;20260414;112112;5425.0;5
LKOH;0;20260414;112112;5425.0;5
LKOH;0;20260414;112112;5425.0;5
LKOH;0;20260414;112112;5425.0;3
LKOH;0;20260414;112112;5425.0;24
LKOH;0;20260414;112112;5425.0;50
LKOH;0;20260414;112112;5425.0;1
LKOH;0;20260414;112112;5425.0;30
LKOH;0;20260414;112112;5425.0;50
LKOH;0;20260414;112112;5425.0;60
LKOH;0;20260414;112112;5424.5;5
LKOH;0;20260414;112112;5424.5;10
LKOH;0;20260414;112112;5424.5;8
LKOH;0;20260414;112112;5424.5;8
LKOH;0;20260414;112112;5424.5;50
LKOH;0;20260414;112112;5424.5;1
LKOH;0;20260414;112112;5424.5;1
LKOH;0;20260414;112112;5424.5;30
LKOH;0;20260414;112112;5424.5;140
LKOH;0;20260414;112112;5424.5;60
LKOH;0;20260414;112112;5424.5;100
LKOH;0;20260414;112112;5424.5;10
LKOH;0;20260414;112112;5425.5;9
LKOH;0;20260414;112112;5425.5;7
LKOH;0;20260414;112112;5425.5;10
LKOH;0;20260414;112112;5425.5;9
LKOH;0;20260414;112112;5425.5;25
LKOH;0;20260414;112112;5425.5;3
LKOH;0;20260414;112112;5424.5;6
LKOH;0;20260414;112112;5424.5;4
LKOH;0;20260414;112112;5424.0;66
LKOH;0;20260414;112113;5424.0;22
LKOH;0;20260414;112113;5424.0;300
LKOH;0;20260414;112113;5424.0;1
LKOH;0;20260414;112113;5424.0;394
LKOH;0;20260414;112113;5424.0;76
LKOH;0;20260414;112113;5424.0;40
LKOH;0;20260414;112113;5424.0;76
LKOH;0;20260414;112113;5424.0;25
LKOH;0;20260414;112113;5424.0;50
LKOH;0;20260414;112113;5424.0;1
LKOH;0;20260414;112113;5424.0;9
LKOH;0;20260414;112113;5424.0;20
LKOH;0;20260414;112113;5424.0;4
LKOH;0;20260414;112113;5424.0;4
LKOH;0;20260414;112113;5424.0;8
LKOH;0;20260414;112113;5424.0;2
LKOH;0;20260414;112113;5424.0;12
LKOH;0;20260414;112113;5424.0;15
LKOH;0;20260414;112113;5423.5;1
LKOH;0;20260414;112113;5423.5;1
LKOH;0;20260414;112113;5423.5;1
LKOH;0;20260414;112113;5423.5;8
LKOH;0;20260414;112113;5423.5;8
LKOH;0;20260414;112113;5423.5;8
LKOH;0;20260414;112113;5423.5;8
LKOH;0;20260414;112113;5423.5;5
LKOH;0;20260414;112113;5423.0;37
LKOH;0;20260414;112114;5423.0;33
LKOH;0;20260414;112114;5423.5;6
LKOH;0;20260414;112114;5423.5;1
LKOH;0;20260414;112114;5423.0;76
LKOH;0;20260414;112114;5423.0;46
LKOH;0;20260414;112114;5423.0;1
LKOH;0;20260414;112114;5423.0;29
LKOH;0;20260414;112114;5423.0;1
LKOH;0;20260414;112114;5422.5;2
LKOH;0;20260414;112114;5422.5;2
LKOH;0;20260414;112114;5422.5;8
LKOH;0;20260414;112114;5422.5;8
LKOH;0;20260414;112114;5422.0;58
LKOH;0;20260414;112114;5422.5;2
LKOH;0;20260414;112114;5422.0;42
LKOH;0;20260414;112114;5422.0;10
LKOH;0;20260414;112114;5422.0;8
LKOH;0;20260414;112114;5422.0;15
LKOH;0;20260414;112114;5422.0;8
LKOH;0;20260414;112114;5422.0;8
LKOH;0;20260414;112114;5422.0;8
LKOH;0;20260414;112114;5422.0;8
LKOH;0;20260414;112114;5422.0;5
LKOH;0;20260414;112114;5422.0;5
LKOH;0;20260414;112114;5422.0;8
LKOH;0;20260414;112114;5422.0;8
LKOH;0;20260414;112114;5422.0;2
LKOH;0;20260414;112114;5421.5;1
LKOH;0;20260414;112115;5422.0;8
LKOH;0;20260414;112115;5421.5;2
LKOH;0;20260414;112115;5421.5;1
LKOH;0;20260414;112115;5421.5;73
LKOH;0;20260414;112115;5421.5;8
LKOH;0;20260414;112116;5422.0;2
LKOH;0;20260414;112117;5421.5;16
LKOH;0;20260414;112119;5422.0;2
LKOH;0;20260414;112122;5421.5;1
LKOH;0;20260414;112122;5421.5;6
LKOH;0;20260414;112124;5421.5;2
LKOH;0;20260414;112125;5421.5;1
LKOH;0;20260414;112126;5422.0;2
LKOH;0;20260414;112129;5422.0;24
LKOH;0;20260414;112132;5422.0;1
LKOH;0;20260414;112132;5421.5;76
LKOH;0;20260414;112133;5421.5;17
LKOH;0;20260414;112133;5421.5;25
LKOH;0;20260414;112133;5421.0;2
LKOH;0;20260414;112133;5421.0;9
LKOH;0;20260414;112133;5421.0;27
LKOH;0;20260414;112133;5421.0;18
LKOH;0;20260414;112133;5421.0;1
LKOH;0;20260414;112133;5421.0;5
LKOH;0;20260414;112133;5421.0;2
LKOH;0;20260414;112133;5421.0;1
LKOH;0;20260414;112133;5421.0;5
LKOH;0;20260414;112133;5421.0;49
LKOH;0;20260414;112133;5421.0;5
LKOH;0;20260414;112133;5420.5;1
LKOH;0;20260414;112133;5420.5;1
LKOH;0;20260414;112133;5420.5;1
LKOH;0;20260414;112133;5420.5;1
LKOH;0;20260414;112133;5420.5;2
LKOH;0;20260414;112133;5420.5;4
LKOH;0;20260414;112133;5420.0;1
LKOH;0;20260414;112133;5420.0;1
LKOH;0;20260414;112133;5420.0;10
LKOH;0;20260414;112133;5420.0;1
LKOH;0;20260414;112133;5420.0;4
LKOH;0;20260414;112133;5420.0;10
LKOH;0;20260414;112133;5420.0;12
LKOH;0;20260414;112133;5420.0;1
LKOH;0;20260414;112133;5420.0;100
LKOH;0;20260414;112133;5420.0;1
LKOH;0;20260414;112133;5420.0;4
LKOH;0;20260414;112133;5420.0;3
LKOH;0;20260414;112133;5420.0;30
LKOH;0;20260414;112133;5420.0;26
LKOH;0;20260414;112133;5420.0;76
LKOH;0;20260414;112133;5420.0;90
LKOH;0;20260414;112133;5420.0;2
LKOH;0;20260414;112133;5420.5;1
LKOH;0;20260414;112133;5420.0;4
LKOH;0;20260414;112133;5420.0;2
LKOH;0;20260414;112133;5420.0;3
LKOH;0;20260414;112133;5420.0;1
LKOH;0;20260414;112133;5420.0;70
LKOH;0;20260414;112133;5420.0;3
LKOH;0;20260414;112133;5420.0;2
LKOH;0;20260414;112133;5420.0;5
LKOH;0;20260414;112133;5420.0;9
LKOH;0;20260414;112133;5420.0;22
LKOH;0;20260414;112133;5420.0;19
LKOH;0;20260414;112133;5420.0;11
LKOH;0;20260414;112133;5420.0;1
LKOH;0;20260414;112133;5420.0;2
LKOH;0;20260414;112133;5420.0;1
LKOH;0;20260414;112133;5420.0;1
LKOH;0;20260414;112133;5420.0;1
LKOH;0;20260414;112133;5420.0;10
LKOH;0;20260414;112133;5420.0;10
LKOH;0;20260414;112133;5420.0;1
LKOH;0;20260414;112133;5420.0;1
LKOH;0;20260414;112133;5420.0;11
LKOH;0;20260414;112134;5420.0;9
LKOH;0;20260414;112134;5420.0;5
LKOH;0;20260414;112134;5420.0;10
LKOH;0;20260414;112134;5420.0;5
LKOH;0;20260414;112134;5420.0;21
LKOH;0;20260414;112134;5420.0;10
LKOH;0;20260414;112134;5420.0;50
LKOH;0;20260414;112134;5420.0;50
LKOH;0;20260414;112134;5420.0;36
LKOH;0;20260414;112136;5420.0;2
LKOH;0;20260414;112138;5420.0;3
LKOH;0;20260414;112138;5420.0;153
LKOH;0;20260414;112138;5420.0;36
LKOH;0;20260414;112138;5420.0;139
LKOH;0;20260414;112138;5420.0;1
LKOH;0;20260414;112138;5420.0;5
LKOH;0;20260414;112138;5420.0;1
LKOH;0;20260414;112138;5420.0;4
LKOH;0;20260414;112138;5420.0;1
LKOH;0;20260414;112138;5420.0;5
LKOH;0;20260414;112138;5420.0;1
LKOH;0;20260414;112138;5420.0;5
LKOH;0;20260414;112138;5420.0;10
LKOH;0;20260414;112138;5419.5;5
LKOH;0;20260414;112138;5419.5;1
LKOH;0;20260414;112138;5419.0;1
LKOH;0;20260414;112138;5419.0;1
LKOH;0;20260414;112138;5418.5;1
LKOH;0;20260414;112138;5418.5;10
LKOH;0;20260414;112138;5418.5;7
LKOH;0;20260414;112138;5419.0;1
LKOH;0;20260414;112138;5418.5;22
LKOH;0;20260414;112138;5418.5;1
LKOH;0;20260414;112138;5418.5;4
LKOH;0;20260414;112138;5418.5;1
LKOH;0;20260414;112138;5418.5;1
LKOH;0;20260414;112138;5418.5;2
LKOH;0;20260414;112138;5418.5;7
LKOH;0;20260414;112138;5418.5;7
LKOH;0;20260414;112138;5418.5;14
LKOH;0;20260414;112138;5418.0;1
LKOH;0;20260414;112138;5418.0;1
LKOH;0;20260414;112138;5418.0;9
LKOH;0;20260414;112138;5418.5;1
LKOH;0;20260414;112138;5418.0;16
LKOH;0;20260414;112138;5418.0;5
LKOH;0;20260414;112138;5418.0;1
LKOH;0;20260414;112138;5418.0;1
LKOH;0;20260414;112138;5417.5;5
LKOH;0;20260414;112138;5417.5;1
LKOH;0;20260414;112138;5417.0;1
LKOH;0;20260414;112138;5417.0;1
LKOH;0;20260414;112138;5417.0;1
LKOH;0;20260414;112138;5417.0;1
LKOH;0;20260414;112138;5416.5;1
LKOH;0;20260414;112138;5416.5;1
LKOH;0;20260414;112138;5416.5;5
LKOH;0;20260414;112138;5416.5;5
LKOH;0;20260414;112138;5416.0;1
LKOH;0;20260414;112138;5415.5;5
LKOH;0;20260414;112138;5415.5;5
LKOH;0;20260414;112138;5415.5;50
LKOH;0;20260414;112138;5415.5;213
LKOH;0;20260414;112138;5415.5;50
LKOH;0;20260414;112138;5415.0;5
LKOH;0;20260414;112138;5415.0;1
LKOH;0;20260414;112138;5415.0;10
LKOH;0;20260414;112138;5415.0;1
LKOH;0;20260414;112138;5415.0;2
LKOH;0;20260414;112138;5415.0;60
LKOH;0;20260414;112138;5415.0;1
LKOH;0;20260414;112138;5415.0;1
LKOH;0;20260414;112138;5415.0;1
LKOH;0;20260414;112138;5415.0;1
LKOH;0;20260414;112138;5415.0;8
LKOH;0;20260414;112138;5415.0;7
LKOH;0;20260414;112138;5415.0;1
LKOH;0;20260414;112138;5415.0;171
LKOH;0;20260414;112138;5414.5;1
LKOH;0;20260414;112138;5414.0;1
LKOH;0;20260414;112138;5414.0;1
LKOH;0;20260414;112138;5414.0;1
LKOH;0;20260414;112138;5414.0;8
LKOH;0;20260414;112138;5414.0;2
LKOH;0;20260414;112138;5414.0;1
LKOH;0;20260414;112138;5414.0;7
LKOH;0;20260414;112138;5414.0;1
LKOH;0;20260414;112138;5414.0;1
LKOH;0;20260414;112138;5413.5;100
LKOH;0;20260414;112138;5413.0;30
LKOH;0;20260414;112138;5413.0;10
LKOH;0;20260414;112138;5413.0;10
LKOH;0;20260414;112138;5412.5;1
LKOH;0;20260414;112138;5412.5;1
LKOH;0;20260414;112138;5412.0;1
LKOH;0;20260414;112138;5412.0;22
LKOH;0;20260414;112138;5412.0;20
LKOH;0;20260414;112138;5412.0;50
LKOH;0;20260414;112138;5412.0;9
LKOH;0;20260414;112138;5412.0;2
LKOH;0;20260414;112138;5412.0;405
LKOH;0;20260414;112138;5412.0;1
LKOH;0;20260414;112138;5412.0;18
LKOH;0;20260414;112138;5412.0;1
LKOH;0;20260414;112138;5412.0;10
LKOH;0;20260414;112138;5412.0;25
LKOH;0;20260414;112138;5414.0;2
LKOH;0;20260414;112138;5412.5;2
LKOH;0;20260414;112138;5412.5;14
LKOH;0;20260414;112138;5412.0;1
LKOH;0;20260414;112138;5412.5;1
LKOH;0;20260414;112138;5412.0;5
LKOH;0;20260414;112138;5412.5;5
LKOH;0;20260414;112138;5412.5;14
LKOH;0;20260414;112138;5412.0;18
LKOH;0;20260414;112138;5412.0;100
LKOH;0;20260414;112138;5412.0;8
LKOH;0;20260414;112138;5412.0;10
LKOH;0;20260414;112138;5412.0;1
LKOH;0;20260414;112138;5412.5;14
LKOH;0;20260414;112138;5412.5;1
LKOH;0;20260414;112138;5412.5;13
LKOH;0;20260414;112138;5412.5;17
LKOH;0;20260414;112138;5412.5;10
LKOH;0;20260414;112138;5412.5;1
LKOH;0;20260414;112138;5412.0;10
LKOH;0;20260414;112138;5412.5;1
LKOH;0;20260414;112138;5412.0;17
LKOH;0;20260414;112138;5412.0;3
LKOH;0;20260414;112138;5412.0;10
LKOH;0;20260414;112138;5412.5;2
LKOH;0;20260414;112138;5412.5;1
LKOH;0;20260414;112138;5412.5;7
LKOH;0;20260414;112138;5412.5;15
LKOH;0;20260414;112138;5412.5;5
LKOH;0;20260414;112138;5412.0;5
LKOH;0;20260414;112138;5412.5;1
LKOH;0;20260414;112138;5412.5;3
LKOH;0;20260414;112138;5412.5;2
LKOH;0;20260414;112138;5412.5;1
LKOH;0;20260414;112138;5413.0;22
LKOH;0;20260414;112138;5413.0;8
LKOH;0;20260414;112138;5413.0;1
LKOH;0;20260414;112138;5413.0;19
LKOH;0;20260414;112138;5412.5;11
LKOH;0;20260414;112138;5412.0;1
LKOH;0;20260414;112138;5412.0;1
LKOH;0;20260414;112139;5413.5;9
LKOH;0;20260414;112139;5413.0;11
LKOH;0;20260414;112139;5413.0;30
LKOH;0;20260414;112139;5413.0;9
LKOH;0;20260414;112139;5413.0;1
LKOH;0;20260414;112139;5413.0;12
LKOH;0;20260414;112139;5413.0;2
LKOH;0;20260414;112139;5413.0;5
LKOH;0;20260414;112139;5413.0;13
LKOH;0;20260414;112139;5412.5;118
LKOH;0;20260414;112139;5412.5;18
LKOH;0;20260414;112139;5412.5;1
LKOH;0;20260414;112139;5412.0;93
LKOH;0;20260414;112139;5412.0;2
LKOH;0;20260414;112139;5412.5;6
LKOH;0;20260414;112139;5412.5;13
LKOH;0;20260414;112139;5412.5;1
LKOH;0;20260414;112139;5412.0;10
LKOH;0;20260414;112139;5412.0;15
LKOH;0;20260414;112139;5412.0;2
LKOH;0;20260414;112139;5412.0;8
LKOH;0;20260414;112139;5412.0;8
LKOH;0;20260414;112139;5412.0;8
LKOH;0;20260414;112139;5412.0;8
LKOH;0;20260414;112139;5412.0;42
LKOH;0;20260414;112139;5412.0;58
LKOH;0;20260414;112139;5412.0;18
LKOH;0;20260414;112139;5412.5;5
LKOH;0;20260414;112139;5412.0;9
LKOH;0;20260414;112139;5412.5;1
LKOH;0;20260414;112139;5412.5;14
LKOH;0;20260414;112139;5412.0;4
LKOH;0;20260414;112139;5412.0;18
LKOH;0;20260414;112139;5412.5;9
LKOH;0;20260414;112139;5412.0;300
LKOH;0;20260414;112139;5412.0;27
LKOH;0;20260414;112139;5412.0;76
LKOH;0;20260414;112139;5412.0;76
LKOH;0;20260414;112139;5412.0;21
LKOH;0;20260414;112139;5412.0;21
LKOH;0;20260414;112139;5412.0;76
LKOH;0;20260414;112140;5412.0;76
LKOH;0;20260414;112140;5412.0;59
LKOH;0;20260414;112140;5412.0;17
LKOH;0;20260414;112140;5412.0;50
LKOH;0;20260414;112140;5412.0;26
LKOH;0;20260414;112140;5412.0;24
LKOH;0;20260414;112140;5412.0;52
LKOH;0;20260414;112143;5412.5;9
LKOH;0;20260414;112143;5412.5;9
LKOH;0;20260414;112143;5412.5;3
LKOH;0;20260414;112143;5412.5;6
LKOH;0;20260414;112143;5412.5;5
LKOH;0;20260414;112143;5412.5;5
LKOH;0;20260414;112143;5412.5;4
LKOH;0;20260414;112143;5412.5;9
LKOH;0;20260414;112143;5412.0;6
LKOH;0;20260414;112143;5412.5;1
LKOH;0;20260414;112144;5412.5;20
LKOH;0;20260414;112144;5412.5;13
LKOH;0;20260414;112148;5412.5;1
LKOH;0;20260414;112149;5412.5;9
LKOH;0;20260414;112149;5412.5;76
LKOH;0;20260414;112151;5414.0;10
LKOH;0;20260414;112152;5414.5;46
LKOH;0;20260414;112153;5416.0;1
LKOH;0;20260414;112156;5416.0;91
LKOH;0;20260414;112156;5416.5;60
LKOH;0;20260414;112210;5417.0;1
LKOH;0;20260414;112211;5417.0;1
LKOH;0;20260414;112211;5417.0;1
LKOH;0;20260414;112212;5417.0;3
LKOH;0;20260414;112212;5417.0;50
LKOH;0;20260414;112212;5418.0;1
LKOH;0;20260414;112212;5418.0;6
LKOH;0;20260414;112212;5418.5;76
LKOH;0;20260414;112212;5418.5;42
LKOH;0;20260414;112212;5418.5;13
LKOH;0;20260414;112212;5418.5;11
LKOH;0;20260414;112212;5418.5;10
LKOH;0;20260414;112212;5418.5;22
LKOH;0;20260414;112212;5418.5;1
LKOH;0;20260414;112213;5418.5;9
LKOH;0;20260414;112213;5418.5;11
LKOH;0;20260414;112213;5416.5;15
LKOH;0;20260414;112213;5416.5;18
LKOH;0;20260414;112213;5416.5;37
LKOH;0;20260414;112213;5416.5;4
LKOH;0;20260414;112213;5417.0;1
LKOH;0;20260414;112214;5417.0;1
LKOH;0;20260414;112214;5416.5;1
LKOH;0;20260414;112214;5416.5;46
LKOH;0;20260414;112214;5416.5;12
LKOH;0;20260414;112214;5416.5;39
LKOH;0;20260414;112215;5416.5;1
LKOH;0;20260414;112215;5416.0;19
LKOH;0;20260414;112215;5416.0;11
LKOH;0;20260414;112217;5416.0;1
LKOH;0;20260414;112218;5416.5;1
LKOH;0;20260414;112219;5416.0;2
LKOH;0;20260414;112220;5416.5;1
LKOH;0;20260414;112224;5416.5;1
LKOH;0;20260414;112227;5416.5;1
LKOH;0;20260414;112230;5416.5;18
LKOH;0;20260414;112232;5416.0;1
LKOH;0;20260414;112239;5416.0;13
LKOH;0;20260414;112239;5416.0;20
LKOH;0;20260414;112239;5416.0;18
LKOH;0;20260414;112239;5416.0;44
LKOH;0;20260414;112239;5416.0;1
LKOH;0;20260414;112239;5416.0;1
LKOH;0;20260414;112239;5416.0;12
LKOH;0;20260414;112239;5416.0;39
LKOH;0;20260414;112239;5416.0;1
LKOH;0;20260414;112239;5416.0;37
LKOH;0;20260414;112239;5416.0;12
LKOH;0;20260414;112239;5416.0;1
LKOH;0;20260414;112239;5416.0;500
LKOH;0;20260414;112239;5416.0;17
LKOH;0;20260414;112239;5416.0;18
LKOH;0;20260414;112239;5416.0;30
LKOH;0;20260414;112239;5416.0;80
LKOH;0;20260414;112242;5416.0;1
LKOH;0;20260414;112243;5416.0;2
LKOH;0;20260414;112247;5416.0;1
LKOH;0;20260414;112249;5416.0;2
LKOH;0;20260414;112249;5416.0;200
LKOH;0;20260414;112251;5416.0;7
LKOH;0;20260414;112252;5416.0;2
LKOH;0;20260414;112253;5415.5;15
LKOH;0;20260414;112253;5415.5;6
LKOH;0;20260414;112253;5415.5;9
LKOH;0;20260414;112258;5416.0;9
LKOH;0;20260414;112259;5416.0;33
LKOH;0;20260414;112259;5416.0;13
LKOH;0;20260414;112259;5416.0;9
LKOH;0;20260414;112300;5416.0;13
LKOH;0;20260414;112300;5416.0;9
LKOH;0;20260414;112300;5416.0;18
LKOH;0;20260414;112300;5416.0;37
LKOH;0;20260414;112300;5416.0;10
LKOH;0;20260414;112300;5416.0;17
LKOH;0;20260414;112300;5416.0;7
LKOH;0;20260414;112300;5416.0;4
LKOH;0;20260414;112300;5416.0;1
LKOH;0;20260414;112304;5416.0;1
LKOH;0;20260414;112304;5415.5;1
LKOH;0;20260414;112306;5416.0;14
LKOH;0;20260414;112308;5415.5;2
LKOH;0;20260414;112308;5416.0;1
LKOH;0;20260414;112314;5416.0;32
LKOH;0;20260414;112316;5416.0;2
LKOH;0;20260414;112316;5415.5;5
LKOH;0;20260414;112316;5415.5;8
LKOH;0;20260414;112316;5415.5;8
LKOH;0;20260414;112316;5415.5;8
LKOH;0;20260414;112316;5415.5;3
LKOH;0;20260414;112316;5415.5;17
LKOH;0;20260414;112316;5415.5;13
LKOH;0;20260414;112316;5415.5;1
LKOH;0;20260414;112316;5415.5;50
LKOH;0;20260414;112316;5415.5;1
LKOH;0;20260414;112316;5415.5;2
LKOH;0;20260414;112316;5415.5;2
LKOH;0;20260414;112316;5415.5;2
LKOH;0;20260414;112316;5415.0;1
LKOH;0;20260414;112317;5415.5;31
LKOH;0;20260414;112318;5415.5;5
LKOH;0;20260414;112319;5415.5;1
LKOH;0;20260414;112320;5415.0;14
LKOH;0;20260414;112320;5415.0;1
LKOH;0;20260414;112329;5415.5;31
LKOH;0;20260414;112329;5415.5;4
LKOH;0;20260414;112334;5415.5;1
LKOH;0;20260414;112334;5415.5;33
LKOH;0;20260414;112334;5416.0;266
LKOH;0;20260414;112336;5415.5;1
LKOH;0;20260414;112337;5415.5;29
LKOH;0;20260414;112338;5415.0;1
LKOH;0;20260414;112338;5415.5;2
LKOH;0;20260414;112339;5415.5;1
LKOH;0;20260414;112339;5415.5;33
LKOH;0;20260414;112341;5416.0;83
LKOH;0;20260414;112341;5416.0;33
LKOH;0;20260414;112341;5416.0;400
LKOH;0;20260414;112341;5416.0;39
LKOH;0;20260414;112341;5416.0;150
LKOH;0;20260414;112341;5416.0;180
LKOH;0;20260414;112341;5416.0;211
LKOH;0;20260414;112341;5416.0;33
LKOH;0;20260414;112341;5416.0;39
LKOH;0;20260414;112341;5416.0;150
LKOH;0;20260414;112341;5416.0;91
LKOH;0;20260414;112341;5416.0;33
LKOH;0;20260414;112341;5416.0;1
LKOH;0;20260414;112343;5416.0;3
LKOH;0;20260414;112345;5416.0;1
LKOH;0;20260414;112348;5415.5;1
LKOH;0;20260414;112349;5416.0;335
LKOH;0;20260414;112349;5416.0;65
LKOH;0;20260414;112351;5416.0;33
LKOH;0;20260414;112356;5415.5;1
LKOH;0;20260414;112356;5416.0;100
LKOH;0;20260414;112402;5416.0;8
LKOH;0;20260414;112405;5416.0;2
LKOH;0;20260414;112410;5416.0;13
LKOH;0;20260414;112412;5416.0;20
LKOH;0;20260414;112413;5416.0;58
LKOH;0;20260414;112413;5416.0;406
LKOH;0;20260414;112413;5416.0;18
LKOH;0;20260414;112413;5416.0;18
LKOH;0;20260414;112415;5416.0;1
LKOH;0;20260414;112415;5416.0;300
LKOH;0;20260414;112417;5416.0;1
LKOH;0;20260414;112424;5416.0;9
LKOH;0;20260414;112424;5416.0;4
LKOH;0;20260414;112428;5416.0;79
LKOH;0;20260414;112428;5416.0;6
LKOH;0;20260414;112428;5416.0;15
LKOH;0;20260414;112432;5416.0;1
LKOH;0;20260414;112436;5416.0;1
LKOH;0;20260414;112436;5416.0;1
LKOH;0;20260414;112442;5416.0;1
LKOH;0;20260414;112447;5416.0;1
LKOH;0;20260414;112447;5416.0;10
LKOH;0;20260414;112450;5415.5;8
LKOH;0;20260414;112450;5415.5;17
LKOH;0;20260414;112451;5416.0;1
LKOH;0;20260414;112451;5416.0;1
LKOH;0;20260414;112454;5416.0;388
LKOH;0;20260414;112454;5416.0;37
LKOH;0;20260414;112454;5416.0;19
LKOH;0;20260414;112454;5416.0;18
LKOH;0;20260414;112454;5416.0;12
LKOH;0;20260414;112454;5416.0;12
LKOH;0;20260414;112454;5416.0;1
LKOH;0;20260414;112454;5416.0;13
LKOH;0;20260414;112455;5416.0;3
LKOH;0;20260414;112457;5416.0;1
LKOH;0;20260414;112504;5416.0;211
LKOH;0;20260414;112507;5416.5;33
LKOH;0;20260414;112507;5416.5;17
LKOH;0;20260414;112507;5416.5;12
LKOH;0;20260414;112507;5416.5;1
LKOH;0;20260414;112507;5416.5;3
LKOH;0;20260414;112510;5417.0;1
LKOH;0;20260414;112511;5417.0;2
LKOH;0;20260414;112514;5417.0;3
LKOH;0;20260414;112514;5417.0;30
LKOH;0;20260414;112516;5417.5;1
LKOH;0;20260414;112520;5418.5;33
LKOH;0;20260414;112520;5419.0;42
LKOH;0;20260414;112520;5419.0;1
LKOH;0;20260414;112520;5419.0;30
LKOH;0;20260414;112520;5419.0;13
LKOH;0;20260414;112520;5419.5;1
LKOH;0;20260414;112520;5419.5;30
LKOH;0;20260414;112520;5419.5;50
LKOH;0;20260414;112520;5420.0;1
LKOH;0;20260414;112520;5420.0;30
LKOH;0;20260414;112520;5420.0;68
LKOH;0;20260414;112520;5420.5;20
LKOH;0;20260414;112520;5420.5;1
LKOH;0;20260414;112520;5420.5;1
LKOH;0;20260414;112520;5420.5;30
LKOH;0;20260414;112520;5420.5;60
LKOH;0;20260414;112520;5420.5;60
LKOH;0;20260414;112520;5420.5;29
LKOH;0;20260414;112520;5420.5;33
LKOH;0;20260414;112520;5420.5;2
LKOH;0;20260414;112520;5420.5;13
LKOH;0;20260414;112520;5420.5;18
LKOH;0;20260414;112520;5420.5;46
LKOH;0;20260414;112520;5421.0;30
LKOH;0;20260414;112520;5421.5;1
LKOH;0;20260414;112520;5421.5;30
LKOH;0;20260414;112520;5421.5;27
LKOH;0;20260414;112521;5419.5;1
LKOH;0;20260414;112528;5420.0;1
LKOH;0;20260414;112529;5420.0;5
LKOH;0;20260414;112529;5420.0;10
LKOH;0;20260414;112530;5419.5;1
LKOH;0;20260414;112533;5420.0;18
LKOH;0;20260414;112533;5420.5;33
LKOH;0;20260414;112533;5420.5;13
LKOH;0;20260414;112533;5421.0;1
LKOH;0;20260414;112533;5421.0;1
LKOH;0;20260414;112533;5421.5;30
LKOH;0;20260414;112533;5421.5;1
LKOH;0;20260414;112533;5421.5;3
LKOH;0;20260414;112533;5421.5;5
LKOH;0;20260414;112533;5421.5;33
LKOH;0;20260414;112533;5421.5;30
LKOH;0;20260414;112533;5421.5;13
LKOH;0;20260414;112533;5421.5;12
LKOH;0;20260414;112533;5421.5;7
LKOH;0;20260414;112534;5421.5;2
LKOH;0;20260414;112535;5421.0;1
LKOH;0;20260414;112538;5421.5;3
LKOH;0;20260414;112538;5421.5;7
LKOH;0;20260414;112541;5421.5;2
LKOH;0;20260414;112545;5421.5;24
LKOH;0;20260414;112545;5421.5;13
LKOH;0;20260414;112545;5421.5;18
LKOH;0;20260414;112545;5421.5;45
LKOH;0;20260414;112549;5421.5;4
LKOH;0;20260414;112553;5421.0;3
LKOH;0;20260414;112555;5421.0;4
LKOH;0;20260414;112555;5421.0;1
LKOH;0;20260414;112555;5421.0;29
LKOH;0;20260414;112555;5420.5;1
LKOH;0;20260414;112555;5420.0;2
LKOH;0;20260414;112555;5420.0;1
LKOH;0;20260414;112555;5420.0;2
LKOH;0;20260414;112555;5421.0;1
LKOH;0;20260414;112559;5420.5;10
LKOH;0;20260414;112605;5420.0;2
LKOH;0;20260414;112606;5420.0;9
LKOH;0;20260414;112609;5420.0;4
LKOH;0;20260414;112611;5420.5;1
LKOH;0;20260414;112619;5420.5;4
LKOH;0;20260414;112622;5420.5;1
LKOH;0;20260414;112622;5421.0;9
LKOH;0;20260414;112624;5421.0;1
LKOH;0;20260414;112627;5421.0;2
LKOH;0;20260414;112645;5420.5;1
LKOH;0;20260414;112708;5420.5;1
LKOH;0;20260414;112708;5420.5;1
LKOH;0;20260414;112708;5420.5;6
LKOH;0;20260414;112721;5421.0;1
LKOH;0;20260414;112722;5421.0;8
LKOH;0;20260414;112722;5421.0;1
LKOH;0;20260414;112730;5421.0;27
LKOH;0;20260414;112730;5421.0;27
LKOH;0;20260414;112732;5420.5;12
LKOH;0;20260414;112734;5421.0;1
LKOH;0;20260414;112743;5421.0;1
LKOH;0;20260414;112746;5421.0;2
LKOH;0;20260414;112746;5421.0;1
LKOH;0;20260414;112746;5421.0;2
LKOH;0;20260414;112748;5421.0;11
LKOH;0;20260414;112748;5421.0;24
LKOH;0;20260414;112748;5421.0;18
LKOH;0;20260414;112748;5421.0;46
LKOH;0;20260414;112748;5421.0;37
LKOH;0;20260414;112748;5421.0;12
LKOH;0;20260414;112748;5421.0;12
LKOH;0;20260414;112748;5421.0;1
LKOH;0;20260414;112748;5421.0;33
LKOH;0;20260414;112748;5421.0;33
LKOH;0;20260414;112749;5421.5;1
LKOH;0;20260414;112753;5421.0;2
LKOH;0;20260414;112753;5421.5;1
LKOH;0;20260414;112804;5421.0;1
LKOH;0;20260414;112807;5421.5;1
LKOH;0;20260414;112809;5421.0;2
LKOH;0;20260414;112819;5421.5;1
LKOH;0;20260414;112819;5422.0;1
LKOH;0;20260414;112819;5422.0;1
LKOH;0;20260414;112819;5422.0;4
LKOH;0;20260414;112826;5421.0;18
LKOH;0;20260414;112826;5421.0;5
LKOH;0;20260414;112826;5420.5;2
LKOH;0;20260414;112826;5420.0;33
LKOH;0;20260414;112826;5420.0;10
LKOH;0;20260414;112826;5420.0;4
LKOH;0;20260414;112826;5420.0;1
LKOH;0;20260414;112826;5420.0;88
LKOH;0;20260414;112907;5420.0;12
LKOH;0;20260414;112909;5420.5;1
LKOH;0;20260414;112909;5420.0;1
LKOH;0;20260414;112942;5420.0;1
LKOH;0;20260414;112946;5420.5;2
LKOH;0;20260414;112946;5420.5;1
LKOH;0;20260414;112956;5420.5;1
LKOH;0;20260414;112958;5420.5;1
LKOH;0;20260414;113001;5420.5;1
LKOH;0;20260414;113007;5420.0;2
LKOH;0;20260414;113007;5420.0;6
LKOH;0;20260414;113014;5420.5;3
LKOH;0;20260414;113016;5420.5;1
LKOH;0;20260414;113018;5420.5;2
LKOH;0;20260414;113021;5420.5;1
LKOH;0;20260414;113028;5420.0;2
LKOH;0;20260414;113041;5420.5;16
LKOH;0;20260414;113041;5420.5;37
LKOH;0;20260414;113041;5420.5;18
LKOH;0;20260414;113041;5420.5;1
LKOH;0;20260414;113041;5420.5;33
LKOH;0;20260414;113041;5420.5;13
LKOH;0;20260414;113041;5420.5;30
LKOH;0;20260414;113041;5420.5;17
LKOH;0;20260414;113041;5420.5;11
LKOH;0;20260414;113041;5420.5;20
LKOH;0;20260414;113041;5420.5;11
LKOH;0;20260414;113041;5420.5;3
LKOH;0;20260414;113050;5420.5;1
LKOH;0;20260414;113056;5420.5;1
LKOH;0;20260414;113100;5420.5;2
LKOH;0;20260414;113105;5420.5;46
LKOH;0;20260414;113105;5420.5;13
LKOH;0;20260414;113105;5420.5;1
LKOH;0;20260414;113105;5420.5;1
LKOH;0;20260414;113105;5420.5;1
LKOH;0;20260414;113105;5420.5;18
LKOH;0;20260414;113105;5420.5;33
LKOH;0;20260414;113105;5420.5;37
LKOH;0;20260414;113105;5420.5;6
LKOH;0;20260414;113105;5421.0;2
LKOH;0;20260414;113105;5421.0;4
LKOH;0;20260414;113105;5421.0;18
LKOH;0;20260414;113105;5421.0;1
LKOH;0;20260414;113105;5421.0;1
LKOH;0;20260414;113105;5421.0;30
LKOH;0;20260414;113105;5421.0;38
LKOH;0;20260414;113108;5420.0;2
LKOH;0;20260414;113108;5420.0;18
LKOH;0;20260414;113108;5420.0;2
LKOH;0;20260414;113108;5420.0;18
LKOH;0;20260414;113108;5420.0;20
LKOH;0;20260414;113108;5420.0;12
LKOH;0;20260414;113108;5420.0;8
LKOH;0;20260414;113108;5420.0;2
LKOH;0;20260414;113108;5420.0;10
LKOH;0;20260414;113108;5419.5;1
LKOH;0;20260414;113116;5418.5;1
LKOH;0;20260414;113118;5418.0;2
LKOH;0;20260414;113118;5418.0;1
LKOH;0;20260414;113118;5418.0;1
LKOH;0;20260414;113118;5418.0;18
LKOH;0;20260414;113118;5418.0;46
LKOH;0;20260414;113118;5417.5;1
LKOH;0;20260414;113118;5417.0;1
LKOH;0;20260414;113118;5417.0;1
LKOH;0;20260414;113118;5417.0;1
LKOH;0;20260414;113118;5416.5;11
LKOH;0;20260414;113118;5416.5;2
LKOH;0;20260414;113118;5416.5;3
LKOH;0;20260414;113121;5416.5;32
LKOH;0;20260414;113123;5416.5;15
LKOH;0;20260414;113123;5416.0;2
LKOH;0;20260414;113123;5416.0;1
LKOH;0;20260414;113123;5415.5;10
LKOH;0;20260414;113123;5415.5;50
LKOH;0;20260414;113123;5415.5;6
LKOH;0;20260414;113123;5415.5;1
LKOH;0;20260414;113123;5415.5;4
LKOH;0;20260414;113123;5415.5;5
LKOH;0;20260414;113123;5415.0;48
LKOH;0;20260414;113123;5415.0;5
LKOH;0;20260414;113123;5415.0;10
LKOH;0;20260414;113123;5415.0;10
LKOH;0;20260414;113123;5415.0;3
LKOH;0;20260414;113123;5415.0;62
LKOH;0;20260414;113127;5415.5;5
LKOH;0;20260414;113128;5415.5;4
LKOH;0;20260414;113128;5415.5;6
LKOH;0;20260414;113131;5415.0;3
LKOH;0;20260414;113134;5415.5;44
LKOH;0;20260414;113134;5415.5;10
LKOH;0;20260414;113140;5417.5;1
LKOH;0;20260414;113148;5417.5;1
LKOH;0;20260414;113152;5418.0;1
LKOH;0;20260414;113157;5418.0;1
LKOH;0;20260414;113157;5418.0;1
LKOH;0;20260414;113157;5418.0;1
LKOH;0;20260414;113157;5418.0;9
LKOH;0;20260414;113203;5418.0;1
LKOH;0;20260414;113203;5418.0;2
LKOH;0;20260414;113204;5418.0;24
LKOH;0;20260414;113205;5418.0;1
LKOH;0;20260414;113209;5418.5;2
LKOH;0;20260414;113216;5418.5;1
LKOH;0;20260414;113218;5418.5;10
LKOH;0;20260414;113218;5418.5;2
LKOH;0;20260414;113218;5418.0;225
LKOH;0;20260414;113218;5418.0;50
LKOH;0;20260414;113218;5418.0;1
LKOH;0;20260414;113218;5418.0;2
LKOH;0;20260414;113218;5418.0;1
LKOH;0;20260414;113218;5418.0;3
LKOH;0;20260414;113218;5418.0;6
LKOH;0;20260414;113218;5418.0;13
LKOH;0;20260414;113218;5418.0;9
LKOH;0;20260414;113218;5418.0;1
LKOH;0;20260414;113218;5418.5;1
LKOH;0;20260414;113219;5418.0;1
LKOH;0;20260414;113220;5418.0;1
LKOH;0;20260414;113222;5418.0;2
LKOH;0;20260414;113223;5417.5;12
LKOH;0;20260414;113223;5417.5;2
LKOH;0;20260414;113223;5417.5;75
LKOH;0;20260414;113224;5418.0;1
LKOH;0;20260414;113227;5417.5;2
LKOH;0;20260414;113227;5417.5;7
LKOH;0;20260414;113227;5417.5;17
LKOH;0;20260414;113227;5417.5;8
LKOH;0;20260414;113227;5417.5;5
LKOH;0;20260414;113227;5418.0;4
LKOH;0;20260414;113227;5417.5;23
LKOH;0;20260414;113227;5417.5;5
LKOH;0;20260414;113227;5417.5;4
LKOH;0;20260414;113227;5417.5;4
LKOH;0;20260414;113227;5417.5;4
LKOH;0;20260414;113227;5417.5;4
LKOH;0;20260414;113227;5417.5;48
LKOH;0;20260414;113227;5417.5;46
LKOH;0;20260414;113227;5417.0;8
LKOH;0;20260414;113227;5417.0;10
LKOH;0;20260414;113227;5416.5;4
LKOH;0;20260414;113228;5416.5;14
LKOH;0;20260414;113228;5416.5;3
LKOH;0;20260414;113228;5416.5;11
LKOH;0;20260414;113228;5416.5;4
LKOH;0;20260414;113228;5416.5;26
LKOH;0;20260414;113228;5416.5;17
LKOH;0;20260414;113228;5416.5;5
LKOH;0;20260414;113228;5416.5;8
LKOH;0;20260414;113232;5417.0;2
LKOH;0;20260414;113233;5416.0;2
LKOH;0;20260414;113234;5416.0;14
LKOH;0;20260414;113234;5416.0;1
LKOH;0;20260414;113234;5416.0;1
LKOH;0;20260414;113234;5416.0;1
LKOH;0;20260414;113234;5416.0;3
LKOH;0;20260414;113234;5416.0;5
LKOH;0;20260414;113234;5416.0;29
LKOH;0;20260414;113234;5416.0;11
LKOH;0;20260414;113234;5416.0;4
LKOH;0;20260414;113234;5415.5;4
LKOH;0;20260414;113234;5415.5;4
LKOH;0;20260414;113234;5415.5;2
LKOH;0;20260414;113234;5415.5;8
LKOH;0;20260414;113234;5415.5;2
LKOH;0;20260414;113234;5415.5;2
LKOH;0;20260414;113234;5415.5;1
LKOH;0;20260414;113234;5415.5;1
LKOH;0;20260414;113234;5415.5;3
LKOH;0;20260414;113234;5415.5;3
LKOH;0;20260414;113234;5415.5;16
LKOH;0;20260414;113234;5415.5;1
LKOH;0;20260414;113234;5415.5;3
LKOH;0;20260414;113234;5415.5;1
LKOH;0;20260414;113234;5415.0;15
LKOH;0;20260414;113234;5415.5;1
LKOH;0;20260414;113234;5415.0;7
LKOH;0;20260414;113234;5415.0;8
LKOH;0;20260414;113234;5415.0;5
LKOH;0;20260414;113234;5415.0;21
LKOH;0;20260414;113234;5415.0;4
LKOH;0;20260414;113235;5416.0;1
LKOH;0;20260414;113235;5416.5;8
LKOH;0;20260414;113235;5416.5;1
LKOH;0;20260414;113235;5416.5;11
LKOH;0;20260414;113235;5415.5;7
LKOH;0;20260414;113235;5415.5;4
LKOH;0;20260414;113235;5415.5;19
LKOH;0;20260414;113235;5415.5;3
LKOH;0;20260414;113235;5415.5;3
LKOH;0;20260414;113235;5415.0;38
LKOH;0;20260414;113235;5415.0;1
LKOH;0;20260414;113235;5415.0;6
LKOH;0;20260414;113235;5415.0;8
LKOH;0;20260414;113235;5415.0;10
LKOH;0;20260414;113235;5415.0;1
LKOH;0;20260414;113235;5415.0;1
LKOH;0;20260414;113236;5416.0;1
LKOH;0;20260414;113241;5415.5;10
LKOH;0;20260414;113242;5416.5;1
LKOH;0;20260414;113242;5416.5;1
LKOH;0;20260414;113242;5416.5;9
LKOH;0;20260414;113242;5417.0;11
LKOH;0;20260414;113243;5415.5;20
LKOH;0;20260414;113243;5415.5;13
LKOH;0;20260414;113243;5415.5;6
LKOH;0;20260414;113243;5415.5;1
LKOH;0;20260414;113243;5415.5;37
LKOH;0;20260414;113243;5415.5;11
LKOH;0;20260414;113243;5415.5;11
LKOH;0;20260414;113243;5415.0;4
LKOH;0;20260414;113243;5415.0;5
LKOH;0;20260414;113243;5415.0;2
LKOH;0;20260414;113243;5415.0;48
LKOH;0;20260414;113247;5415.5;30
LKOH;0;20260414;113247;5415.5;2
LKOH;0;20260414;113247;5415.0;2
LKOH;0;20260414;113247;5415.0;2
LKOH;0;20260414;113247;5415.0;30
LKOH;0;20260414;113247;5415.0;1
LKOH;0;20260414;113247;5415.0;13
LKOH;0;20260414;113247;5414.5;4
LKOH;0;20260414;113247;5414.5;30
LKOH;0;20260414;113247;5414.5;18
LKOH;0;20260414;113247;5414.0;2
LKOH;0;20260414;113247;5414.0;30
LKOH;0;20260414;113247;5414.0;10
LKOH;0;20260414;113247;5414.0;20
LKOH;0;20260414;113247;5414.0;18
LKOH;0;20260414;113247;5414.0;60
LKOH;0;20260414;113247;5414.0;1
LKOH;0;20260414;113247;5413.5;20
LKOH;0;20260414;113247;5413.5;36
LKOH;0;20260414;113247;5413.5;10
LKOH;0;20260414;113247;5413.5;1
LKOH;0;20260414;113247;5413.5;30
LKOH;0;20260414;113247;5413.5;60
LKOH;0;20260414;113247;5413.5;50
LKOH;0;20260414;113247;5413.0;100
LKOH;0;20260414;113247;5413.0;100
LKOH;0;20260414;113247;5413.0;1
LKOH;0;20260414;113247;5413.0;20
LKOH;0;20260414;113247;5413.0;1
LKOH;0;20260414;113247;5413.0;1
LKOH;0;20260414;113247;5413.0;20
LKOH;0;20260414;113247;5413.0;60
LKOH;0;20260414;113247;5413.0;1
LKOH;0;20260414;113247;5413.0;60
LKOH;0;20260414;113247;5413.0;1
LKOH;0;20260414;113247;5412.5;2
LKOH;0;20260414;113247;5412.5;1
LKOH;0;20260414;113247;5412.5;152
LKOH;0;20260414;113247;5413.5;36
LKOH;0;20260414;113247;5413.5;4
LKOH;0;20260414;113254;5414.5;3
LKOH;0;20260414;113256;5415.0;2
LKOH;0;20260414;113256;5415.5;1
LKOH;0;20260414;113259;5415.0;1
LKOH;0;20260414;113259;5415.0;9
LKOH;0;20260414;113301;5415.0;1
LKOH;0;20260414;113303;5415.0;13
LKOH;0;20260414;113303;5415.0;7
LKOH;0;20260414;113303;5415.0;1
LKOH;0;20260414;113303;5414.5;2
LKOH;0;20260414;113303;5414.5;1
LKOH;0;20260414;113303;5414.5;1
LKOH;0;20260414;113303;5414.5;30
LKOH;0;20260414;113303;5414.0;2
LKOH;0;20260414;113303;5414.0;4
LKOH;0;20260414;113303;5414.0;1
LKOH;0;20260414;113303;5414.0;30
LKOH;0;20260414;113303;5414.0;18
LKOH;0;20260414;113303;5414.0;1
LKOH;0;20260414;113303;5413.5;5
LKOH;0;20260414;113303;5413.5;10
LKOH;0;20260414;113303;5413.5;1
LKOH;0;20260414;113303;5413.5;20
LKOH;0;20260414;113303;5413.5;30
LKOH;0;20260414;113303;5413.5;20
LKOH;0;20260414;113303;5413.5;60
LKOH;0;20260414;113303;5413.5;7
LKOH;0;20260414;113306;5414.0;12
LKOH;0;20260414;113306;5414.0;9
LKOH;0;20260414;113306;5414.0;37
LKOH;0;20260414;113306;5414.0;18
LKOH;0;20260414;113306;5414.0;46
LKOH;0;20260414;113306;5413.5;13
LKOH;0;20260414;113306;5413.5;20
LKOH;0;20260414;113306;5413.0;5
LKOH;0;20260414;113306;5413.0;1
LKOH;0;20260414;113306;5413.0;20
LKOH;0;20260414;113306;5413.0;118
LKOH;0;20260414;113306;5413.0;118
LKOH;0;20260414;113306;5413.0;83
LKOH;0;20260414;113309;5413.5;1
LKOH;0;20260414;113309;5414.0;8
LKOH;0;20260414;113309;5414.0;1
LKOH;0;20260414;113309;5414.0;30
LKOH;0;20260414;113309;5414.0;10
LKOH;0;20260414;113309;5414.0;5
LKOH;0;20260414;113309;5414.5;1
LKOH;0;20260414;113309;5414.5;30
LKOH;0;20260414;113309;5414.5;60
LKOH;0;20260414;113309;5414.5;2
LKOH;0;20260414;113309;5414.5;1
LKOH;0;20260414;113309;5415.0;1
LKOH;0;20260414;113309;5415.0;30
LKOH;0;20260414;113309;5415.0;60
LKOH;0;20260414;113309;5415.0;49
LKOH;0;20260414;113309;5414.0;1
LKOH;0;20260414;113310;5414.5;1
LKOH;0;20260414;113318;5414.5;1
LKOH;0;20260414;113320;5415.0;1
LKOH;0;20260414;113320;5415.5;20
LKOH;0;20260414;113320;5415.5;1
LKOH;0;20260414;113320;5415.5;24
LKOH;0;20260414;113321;5415.5;15
LKOH;0;20260414;113321;5416.0;8
LKOH;0;20260414;113321;5416.0;1
LKOH;0;20260414;113321;5416.5;8
LKOH;0;20260414;113321;5416.5;1
LKOH;0;20260414;113321;5416.5;33
LKOH;0;20260414;113321;5416.5;300
LKOH;0;20260414;113321;5416.5;66
LKOH;0;20260414;113321;5417.0;1
LKOH;0;20260414;113321;5417.0;30
LKOH;0;20260414;113321;5417.5;30
LKOH;0;20260414;113321;5417.5;1
LKOH;0;20260414;113321;5417.5;20
LKOH;0;20260414;113321;5417.5;54
LKOH;0;20260414;113321;5415.5;25
LKOH;0;20260414;113323;5415.0;30
LKOH;0;20260414;113323;5415.0;28
LKOH;0;20260414;113323;5415.0;48
LKOH;0;20260414;113323;5415.0;1
LKOH;0;20260414;113323;5415.0;18
LKOH;0;20260414;113323;5415.0;13
LKOH;0;20260414;113323;5415.0;20
LKOH;0;20260414;113323;5415.0;200
LKOH;0;20260414;113327;5415.5;8
LKOH;0;20260414;113327;5416.0;1
LKOH;0;20260414;113327;5417.0;1
LKOH;0;20260414;113327;5417.0;44
LKOH;0;20260414;113329;5415.5;7
LKOH;0;20260414;113330;5415.0;1
LKOH;0;20260414;113331;5415.5;1
LKOH;0;20260414;113333;5415.0;5
LKOH;0;20260414;113334;5415.5;5
LKOH;0;20260414;113334;5415.5;2
LKOH;0;20260414;113337;5415.5;1
LKOH;0;20260414;113343;5415.0;8
LKOH;0;20260414;113343;5415.0;2
LKOH;0;20260414;113343;5415.0;5
LKOH;0;20260414;113343;5414.5;4
LKOH;0;20260414;113344;5415.0;9
LKOH;0;20260414;113344;5415.0;1
LKOH;0;20260414;113344;5415.0;29
LKOH;0;20260414;113344;5415.0;16
LKOH;0;20260414;113344;5415.5;30
LKOH;0;20260414;113344;5415.5;37
LKOH;0;20260414;113344;5415.5;1
LKOH;0;20260414;113344;5415.5;10
LKOH;0;20260414;113344;5415.5;10
LKOH;0;20260414;113344;5415.5;1
LKOH;0;20260414;113354;5416.5;5
LKOH;0;20260414;113357;5416.0;54
LKOH;0;20260414;113357;5416.0;1
LKOH;0;20260414;113357;5415.5;155
LKOH;0;20260414;113357;5415.5;1
LKOH;0;20260414;113357;5415.5;4
LKOH;0;20260414;113357;5415.5;1
LKOH;0;20260414;113357;5415.5;1
LKOH;0;20260414;113357;5415.0;1
LKOH;0;20260414;113357;5415.0;7
LKOH;0;20260414;113357;5414.5;15
LKOH;0;20260414;113357;5414.5;1
LKOH;0;20260414;113357;5414.5;50
LKOH;0;20260414;113357;5414.5;6
LKOH;0;20260414;113358;5415.0;1
LKOH;0;20260414;113358;5415.0;18
LKOH;0;20260414;113358;5415.5;30
LKOH;0;20260414;113358;5415.5;1
LKOH;0;20260414;113358;5415.5;41
LKOH;0;20260414;113401;5415.0;82
LKOH;0;20260414;113403;5414.5;9
LKOH;0;20260414;113403;5414.5;13
LKOH;0;20260414;113403;5414.5;1
LKOH;0;20260414;113403;5414.5;18
LKOH;0;20260414;113403;5414.0;4
LKOH;0;20260414;113403;5414.0;9
LKOH;0;20260414;113403;5414.0;1
LKOH;0;20260414;113403;5414.0;1
LKOH;0;20260414;113403;5413.5;5
LKOH;0;20260414;113403;5413.5;7
LKOH;0;20260414;113403;5413.5;5
LKOH;0;20260414;113403;5413.5;30
LKOH;0;20260414;113403;5413.5;1
LKOH;0;20260414;113403;5413.5;1
LKOH;0;20260414;113403;5413.5;1
LKOH;0;20260414;113403;5413.5;1
LKOH;0;20260414;113403;5413.0;15
LKOH;0;20260414;113403;5413.0;8
LKOH;0;20260414;113403;5413.0;8
LKOH;0;20260414;113403;5413.0;1
LKOH;0;20260414;113403;5413.0;1
LKOH;0;20260414;113403;5413.0;1
LKOH;0;20260414;113403;5413.0;14
LKOH;0;20260414;113404;5414.0;1
LKOH;0;20260414;113404;5414.0;1
LKOH;0;20260414;113404;5414.5;4
LKOH;0;20260414;113407;5414.0;5
LKOH;0;20260414;113412;5414.5;1
LKOH;0;20260414;113412;5414.5;9
LKOH;0;20260414;113414;5414.0;6
LKOH;0;20260414;113414;5414.0;1
LKOH;0;20260414;113414;5413.5;9
LKOH;0;20260414;113415;5414.5;1
LKOH;0;20260414;113418;5414.0;1
LKOH;0;20260414;113418;5414.0;4
LKOH;0;20260414;113418;5413.5;19
LKOH;0;20260414;113420;5413.5;1
LKOH;0;20260414;113420;5413.5;1
LKOH;0;20260414;113420;5413.5;1
LKOH;0;20260414;113420;5413.5;1
LKOH;0;20260414;113420;5413.0;5
LKOH;0;20260414;113420;5413.0;15
LKOH;0;20260414;113421;5413.0;1
LKOH;0;20260414;113423;5413.5;1
LKOH;0;20260414;113423;5413.0;6
LKOH;0;20260414;113423;5413.0;1
LKOH;0;20260414;113423;5413.0;1
LKOH;0;20260414;113423;5413.0;14
LKOH;0;20260414;113424;5413.0;65
LKOH;0;20260414;113424;5413.0;30
LKOH;0;20260414;113424;5413.0;10
LKOH;0;20260414;113424;5413.0;20
LKOH;0;20260414;113424;5412.5;84
LKOH;0;20260414;113425;5413.0;1
LKOH;0;20260414;113429;5414.0;1
LKOH;0;20260414;113430;5414.0;32
LKOH;0;20260414;113430;5414.0;1
LKOH;0;20260414;113430;5414.0;11
LKOH;0;20260414;113430;5414.0;222
LKOH;0;20260414;113430;5414.0;13
LKOH;0;20260414;113430;5414.0;12
LKOH;0;20260414;113432;5413.5;3
LKOH;0;20260414;113432;5413.5;1
LKOH;0;20260414;113432;5413.0;23
LKOH;0;20260414;113432;5413.0;1
LKOH;0;20260414;113435;5412.5;10
LKOH;0;20260414;113439;5413.0;1
LKOH;0;20260414;113440;5413.0;10
LKOH;0;20260414;113443;5412.5;138
LKOH;0;20260414;113447;5413.0;1
LKOH;0;20260414;113448;5412.5;1
LKOH;0;20260414;113449;5413.0;60
LKOH;0;20260414;113450;5413.0;1
LKOH;0;20260414;113451;5413.0;20
LKOH;0;20260414;113453;5413.0;62
LKOH;0;20260414;113453;5413.0;2
LKOH;0;20260414;113453;5412.5;6
LKOH;0;20260414;113453;5412.5;300
LKOH;0;20260414;113453;5412.5;40
LKOH;0;20260414;113453;5412.5;17
LKOH;0;20260414;113453;5412.5;76
LKOH;0;20260414;113453;5412.5;76
LKOH;0;20260414;113454;5412.5;76
LKOH;0;20260414;113454;5412.5;76
LKOH;0;20260414;113454;5412.5;76
LKOH;0;20260414;113454;5412.5;76
LKOH;0;20260414;113455;5412.5;76
LKOH;0;20260414;113455;5412.5;8
LKOH;0;20260414;113458;5413.0;1
LKOH;0;20260414;113458;5412.5;76
LKOH;0;20260414;113459;5412.5;417
LKOH;0;20260414;113459;5412.5;32
LKOH;0;20260414;113459;5412.5;9
LKOH;0;20260414;113459;5412.5;9
LKOH;0;20260414;113459;5412.5;9
LKOH;0;20260414;113459;5412.5;9
LKOH;0;20260414;113459;5412.5;13
LKOH;0;20260414;113459;5412.5;15
LKOH;0;20260414;113459;5412.5;33
LKOH;0;20260414;113459;5412.5;9
LKOH;0;20260414;113459;5412.5;9
LKOH;0;20260414;113459;5412.5;5
LKOH;0;20260414;113459;5412.5;9
LKOH;0;20260414;113459;5412.5;13
LKOH;0;20260414;113459;5412.5;9
LKOH;0;20260414;113501;5413.0;1
LKOH;0;20260414;113501;5413.0;1
LKOH;0;20260414;113503;5412.5;36
LKOH;0;20260414;113503;5412.5;5
LKOH;0;20260414;113503;5412.5;15
LKOH;0;20260414;113503;5412.5;5
LKOH;0;20260414;113503;5412.0;401
LKOH;0;20260414;113503;5412.0;2
LKOH;0;20260414;113503;5412.0;1
LKOH;0;20260414;113503;5412.0;1
LKOH;0;20260414;113503;5412.0;3
LKOH;0;20260414;113503;5412.0;2
LKOH;0;20260414;113503;5412.0;1
LKOH;0;20260414;113503;5412.0;10
LKOH;0;20260414;113503;5412.0;1
LKOH;0;20260414;113504;5412.5;8
LKOH;0;20260414;113505;5412.0;24
LKOH;0;20260414;113506;5412.5;4
LKOH;0;20260414;113507;5412.0;281
LKOH;0;20260414;113509;5412.0;36
LKOH;0;20260414;113509;5412.0;132
LKOH;0;20260414;113512;5412.0;80
LKOH;0;20260414;113512;5412.5;2
LKOH;0;20260414;113518;5412.5;1
LKOH;0;20260414;113519;5412.0;113
LKOH;0;20260414;113519;5412.0;149
LKOH;0;20260414;113519;5412.0;24
LKOH;0;20260414;113522;5412.5;68
LKOH;0;20260414;113522;5412.5;30
LKOH;0;20260414;113522;5412.5;33
LKOH;0;20260414;113522;5412.5;13
LKOH;0;20260414;113522;5412.5;11
LKOH;0;20260414;113522;5412.5;18
LKOH;0;20260414;113522;5412.5;46
LKOH;0;20260414;113522;5412.5;1
LKOH;0;20260414;113523;5412.5;1
LKOH;0;20260414;113523;5412.0;14
LKOH;0;20260414;113523;5412.0;252
LKOH;0;20260414;113523;5412.0;3
LKOH;0;20260414;113525;5412.0;5
LKOH;0;20260414;113526;5412.5;7
LKOH;0;20260414;113527;5412.0;1
LKOH;0;20260414;113527;5412.0;11
LKOH;0;20260414;113527;5412.0;5
LKOH;0;20260414;113527;5412.0;3
LKOH;0;20260414;113527;5412.0;16
LKOH;0;20260414;113528;5412.5;23
LKOH;0;20260414;113528;5412.5;4
LKOH;0;20260414;113528;5412.5;65
LKOH;0;20260414;113528;5412.5;45
LKOH;0;20260414;113528;5412.5;11
LKOH;0;20260414;113528;5412.5;11
LKOH;0;20260414;113528;5412.5;18
LKOH;0;20260414;113528;5412.5;2
LKOH;0;20260414;113528;5412.5;1
LKOH;0;20260414;113531;5412.5;1
LKOH;0;20260414;113531;5412.5;5
LKOH;0;20260414;113532;5412.5;14
LKOH;0;20260414;113532;5412.5;1
LKOH;0;20260414;113532;5412.5;2
LKOH;0;20260414;113532;5412.5;21
LKOH;0;20260414;113535;5412.5;6
LKOH;0;20260414;113538;5412.5;2
LKOH;0;20260414;113538;5412.5;3
LKOH;0;20260414;113540;5412.5;12
LKOH;0;20260414;113540;5412.5;23
LKOH;0;20260414;113541;5413.0;1
LKOH;0;20260414;113541;5413.0;8
LKOH;0;20260414;113541;5413.0;7
LKOH;0;20260414;113541;5413.0;1
LKOH;0;20260414;113542;5413.0;1
LKOH;0;20260414;113543;5412.5;84
LKOH;0;20260414;113544;5413.0;55
LKOH;0;20260414;113545;5412.5;2
LKOH;0;20260414;113546;5413.0;1
LKOH;0;20260414;113549;5413.0;1
LKOH;0;20260414;113552;5415.0;1
LKOH;0;20260414;113552;5415.0;2
LKOH;0;20260414;113552;5415.0;2
LKOH;0;20260414;113552;5415.0;13
LKOH;0;20260414;113552;5415.5;7
LKOH;0;20260414;113552;5415.5;30
LKOH;0;20260414;113553;5415.5;1
LKOH;0;20260414;113558;5414.5;1
LKOH;0;20260414;113559;5414.5;16
LKOH;0;20260414;113559;5414.5;18
LKOH;0;20260414;113559;5414.5;6
LKOH;0;20260414;113559;5414.5;5
LKOH;0;20260414;113603;5414.0;1
LKOH;0;20260414;113603;5414.5;4
LKOH;0;20260414;113603;5414.0;17
LKOH;0;20260414;113603;5413.5;9
LKOH;0;20260414;113603;5413.5;1
LKOH;0;20260414;113603;5413.5;1
LKOH;0;20260414;113603;5413.0;13
LKOH;0;20260414;113604;5414.0;1
LKOH;0;20260414;113607;5414.0;5
LKOH;0;20260414;113620;5415.5;1
LKOH;0;20260414;113620;5415.5;4
LKOH;0;20260414;113621;5416.0;1
LKOH;0;20260414;113621;5416.0;8
LKOH;0;20260414;113623;5415.0;5
LKOH;0;20260414;113626;5416.0;2
LKOH;0;20260414;113632;5416.0;10
LKOH;0;20260414;113635;5416.0;1
LKOH;0;20260414;113641;5416.0;15
LKOH;0;20260414;113641;5416.5;1
LKOH;0;20260414;113641;5417.0;1
LKOH;0;20260414;113641;5417.0;50
LKOH;0;20260414;113641;5417.5;1
LKOH;0;20260414;113641;5417.5;71
LKOH;0;20260414;113641;5417.5;50
LKOH;0;20260414;113641;5417.5;18
LKOH;0;20260414;113641;5417.5;50
LKOH;0;20260414;113641;5417.5;25
LKOH;0;20260414;113641;5418.0;1
LKOH;0;20260414;113641;5418.0;57
LKOH;0;20260414;113641;5418.0;1
LKOH;0;20260414;113641;5418.0;5
LKOH;0;20260414;113644;5417.5;30
LKOH;0;20260414;113644;5417.5;13
LKOH;0;20260414;113644;5417.5;1
LKOH;0;20260414;113644;5417.5;17
LKOH;0;20260414;113644;5417.5;11
LKOH;0;20260414;113644;5417.0;18
LKOH;0;20260414;113648;5417.0;1
LKOH;0;20260414;113657;5418.5;1
LKOH;0;20260414;113657;5418.5;1
LKOH;0;20260414;113657;5418.5;1
LKOH;0;20260414;113700;5417.0;6
LKOH;0;20260414;113703;5417.5;1
LKOH;0;20260414;113704;5417.0;3
LKOH;0;20260414;113710;5417.0;10
LKOH;0;20260414;113714;5417.5;5
LKOH;0;20260414;113717;5417.5;11
LKOH;0;20260414;113717;5417.5;1
LKOH;0;20260414;113720;5417.0;11
LKOH;0;20260414;113720;5417.0;1
LKOH;0;20260414;113721;5417.5;1
LKOH;0;20260414;113724;5417.0;4
LKOH;0;20260414;113724;5417.0;1
LKOH;0;20260414;113724;5417.0;5
LKOH;0;20260414;113729;5417.5;1
LKOH;0;20260414;113729;5417.5;4
LKOH;0;20260414;113731;5417.5;19
LKOH;0;20260414;113731;5417.5;9
LKOH;0;20260414;113734;5417.0;1
LKOH;0;20260414;113734;5417.0;1
LKOH;0;20260414;113734;5417.0;8
LKOH;0;20260414;113740;5417.5;1
LKOH;0;20260414;113742;5417.5;1
LKOH;0;20260414;113744;5416.5;11
LKOH;0;20260414;113744;5417.5;3
LKOH;0;20260414;113752;5417.0;10
LKOH;0;20260414;113757;5416.5;1
LKOH;0;20260414;113757;5416.0;1
LKOH;0;20260414;113757;5416.0;8
LKOH;0;20260414;113800;5416.5;1
LKOH;0;20260414;113800;5416.0;12
LKOH;0;20260414;113804;5416.5;9
LKOH;0;20260414;113805;5417.5;1
LKOH;0;20260414;113813;5417.5;3
LKOH;0;20260414;113813;5417.5;1
LKOH;0;20260414;113813;5418.0;1
LKOH;0;20260414;113813;5418.0;2
LKOH;0;20260414;113813;5418.0;11
LKOH;0;20260414;113813;5418.0;7
LKOH;0;20260414;113813;5418.0;5
LKOH;0;20260414;113813;5418.0;5
LKOH;0;20260414;113814;5418.0;3
LKOH;0;20260414;113824;5418.5;10
LKOH;0;20260414;113824;5419.0;1
LKOH;0;20260414;113824;5419.0;1
LKOH;0;20260414;113824;5418.5;3
LKOH;0;20260414;113828;5418.5;8
LKOH;0;20260414;113832;5418.0;6
LKOH;0;20260414;113835;5418.5;1
LKOH;0;20260414;113839;5418.5;1
LKOH;0;20260414;113844;5418.0;5
LKOH;0;20260414;113846;5418.5;1
LKOH;0;20260414;113846;5418.5;2
LKOH;0;20260414;113851;5418.5;4
LKOH;0;20260414;113851;5419.0;5
LKOH;0;20260414;113851;5419.0;4
LKOH;0;20260414;113851;5419.0;1
LKOH;0;20260414;113851;5419.0;1
LKOH;0;20260414;113851;5419.0;25
LKOH;0;20260414;113854;5418.0;4
LKOH;0;20260414;113856;5418.0;1
LKOH;0;20260414;113857;5419.0;1
LKOH;0;20260414;113903;5418.5;17
LKOH;0;20260414;113903;5418.0;23
LKOH;0;20260414;113904;5418.0;22
LKOH;0;20260414;113911;5418.5;2
LKOH;0;20260414;113912;5418.5;5
LKOH;0;20260414;113923;5418.0;1
LKOH;0;20260414;113923;5418.0;9
LKOH;0;20260414;113924;5418.0;1
LKOH;0;20260414;113924;5418.0;4
LKOH;0;20260414;113924;5418.5;5
LKOH;0;20260414;113925;5418.0;6
LKOH;0;20260414;113925;5418.0;1
LKOH;0;20260414;113925;5418.0;3
LKOH;0;20260414;113928;5418.0;1
LKOH;0;20260414;113929;5418.5;1
LKOH;0;20260414;113936;5418.5;1
LKOH;0;20260414;113936;5418.5;1
LKOH;0;20260414;113939;5418.5;2
LKOH;0;20260414;113940;5418.5;6
LKOH;0;20260414;113944;5418.0;6
LKOH;0;20260414;113944;5418.0;1
LKOH;0;20260414;113949;5418.0;3
LKOH;0;20260414;113949;5418.5;1
LKOH;0;20260414;113949;5418.5;19
LKOH;0;20260414;113950;5418.0;3
LKOH;0;20260414;113950;5418.0;8
LKOH;0;20260414;113950;5418.0;1
LKOH;0;20260414;113950;5417.5;25
LKOH;0;20260414;113951;5417.5;10
LKOH;0;20260414;113951;5416.5;3
LKOH;0;20260414;113951;5416.0;5
LKOH;0;20260414;113951;5416.0;2
LKOH;0;20260414;113951;5416.0;10
LKOH;0;20260414;113951;5416.0;4
LKOH;0;20260414;113951;5416.0;18
LKOH;0;20260414;113952;5416.0;16
LKOH;0;20260414;113952;5416.0;14
LKOH;0;20260414;113952;5416.0;8
LKOH;0;20260414;113952;5416.0;1
LKOH;0;20260414;113952;5416.0;4
LKOH;0;20260414;113952;5416.0;7
LKOH;0;20260414;113953;5415.0;10
LKOH;0;20260414;113953;5416.0;1
LKOH;0;20260414;113953;5415.0;5
LKOH;0;20260414;113953;5415.0;3
LKOH;0;20260414;113953;5415.0;1
LKOH;0;20260414;113953;5415.0;8
LKOH;0;20260414;113953;5415.0;7
LKOH;0;20260414;113954;5415.0;4
LKOH;0;20260414;113954;5415.0;2
LKOH;0;20260414;113954;5415.0;3
LKOH;0;20260414;113954;5415.0;3
LKOH;0;20260414;113954;5415.0;5
LKOH;0;20260414;113954;5415.0;3
LKOH;0;20260414;113954;5415.0;1
LKOH;0;20260414;113955;5415.0;4
LKOH;0;20260414;113955;5415.0;3
LKOH;0;20260414;113955;5415.0;3
LKOH;0;20260414;113955;5415.0;1
LKOH;0;20260414;113956;5414.5;3
LKOH;0;20260414;113956;5414.5;2
LKOH;0;20260414;113956;5414.5;2
LKOH;0;20260414;113956;5414.5;2
LKOH;0;20260414;114001;5415.0;1
LKOH;0;20260414;114001;5415.0;1
LKOH;0;20260414;114001;5415.5;1
LKOH;0;20260414;114001;5415.5;1
LKOH;0;20260414;114001;5415.5;1
LKOH;0;20260414;114004;5414.5;3
LKOH;0;20260414;114004;5414.5;5
LKOH;0;20260414;114004;5414.5;1
LKOH;0;20260414;114004;5414.0;12
LKOH;0;20260414;114004;5414.0;10
LKOH;0;20260414;114004;5414.0;1
LKOH;0;20260414;114004;5414.0;2
LKOH;0;20260414;114004;5414.0;1
LKOH;0;20260414;114004;5414.0;11
LKOH;0;20260414;114004;5414.0;7
LKOH;0;20260414;114004;5413.5;8
LKOH;0;20260414;114006;5415.0;1
LKOH;0;20260414;114006;5415.5;1
LKOH;0;20260414;114006;5415.5;1
LKOH;0;20260414;114022;5416.0;5
LKOH;0;20260414;114022;5415.5;13
LKOH;0;20260414;114023;5415.0;11
LKOH;0;20260414;114023;5414.5;9
LKOH;0;20260414;114023;5414.0;8
LKOH;0;20260414;114023;5414.0;2
LKOH;0;20260414;114023;5413.5;9
LKOH;0;20260414;114023;5413.5;12
LKOH;0;20260414;114024;5414.0;6
LKOH;0;20260414;114024;5413.5;18
LKOH;0;20260414;114024;5413.5;1
LKOH;0;20260414;114024;5413.5;1
LKOH;0;20260414;114024;5413.5;6
LKOH;0;20260414;114024;5413.5;6
LKOH;0;20260414;114024;5413.5;4
LKOH;0;20260414;114024;5413.5;16
LKOH;0;20260414;114024;5413.5;14
LKOH;0;20260414;114025;5413.5;12
LKOH;0;20260414;114025;5413.5;2
LKOH;0;20260414;114025;5413.5;9
LKOH;0;20260414;114025;5413.5;9
LKOH;0;20260414;114025;5413.5;8
LKOH;0;20260414;114026;5413.5;1
LKOH;0;20260414;114026;5413.5;1
LKOH;0;20260414;114026;5413.0;2
LKOH;0;20260414;114026;5413.0;1
LKOH;0;20260414;114026;5413.0;4
LKOH;0;20260414;114026;5413.0;6
LKOH;0;20260414;114026;5413.0;6
LKOH;0;20260414;114027;5413.5;1
LKOH;0;20260414;114027;5414.0;1
LKOH;0;20260414;114027;5414.5;1
LKOH;0;20260414;114027;5414.5;1
LKOH;0;20260414;114027;5413.5;3
LKOH;0;20260414;114027;5413.5;1
LKOH;0;20260414;114027;5413.0;5
LKOH;0;20260414;114027;5413.0;4
LKOH;0;20260414;114027;5413.0;3
LKOH;0;20260414;114028;5413.5;1
LKOH;0;20260414;114028;5413.5;1
LKOH;0;20260414;114028;5413.0;3
LKOH;0;20260414;114028;5413.5;1
LKOH;0;20260414;114028;5413.5;1
LKOH;0;20260414;114028;5413.5;1
LKOH;0;20260414;114028;5413.5;2
LKOH;0;20260414;114029;5413.5;2
LKOH;0;20260414;114029;5413.5;2
LKOH;0;20260414;114029;5413.5;3
LKOH;0;20260414;114035;5413.5;1
LKOH;0;20260414;114041;5414.0;1
LKOH;0;20260414;114041;5414.0;1
LKOH;0;20260414;114041;5413.5;3
LKOH;0;20260414;114041;5413.5;1
LKOH;0;20260414;114041;5413.5;1
LKOH;0;20260414;114041;5413.5;1
LKOH;0;20260414;114042;5413.0;1
LKOH;0;20260414;114042;5413.0;3
LKOH;0;20260414;114042;5413.0;2
LKOH;0;20260414;114042;5412.5;7
LKOH;0;20260414;114042;5412.5;6
LKOH;0;20260414;114042;5412.5;24
LKOH;0;20260414;114042;5412.5;33
LKOH;0;20260414;114042;5413.0;13
LKOH;0;20260414;114042;5413.0;8
LKOH;0;20260414;114042;5413.0;1
LKOH;0;20260414;114042;5413.0;30
LKOH;0;20260414;114042;5413.0;29
LKOH;0;20260414;114043;5413.0;19
LKOH;0;20260414;114043;5412.5;23
LKOH;0;20260414;114043;5412.5;21
LKOH;0;20260414;114043;5412.5;18
LKOH;0;20260414;114044;5412.5;16
LKOH;0;20260414;114044;5412.5;65
LKOH;0;20260414;114044;5412.5;7
LKOH;0;20260414;114044;5412.0;28
LKOH;0;20260414;114044;5412.0;14
LKOH;0;20260414;114044;5412.0;13
LKOH;0;20260414;114044;5412.0;11
LKOH;0;20260414;114045;5412.0;10
LKOH;0;20260414;114045;5412.0;5
LKOH;0;20260414;114045;5412.0;3
LKOH;0;20260414;114045;5412.0;6
LKOH;0;20260414;114045;5412.0;3
LKOH;0;20260414;114045;5412.0;3
LKOH;0;20260414;114045;5412.0;1
LKOH;0;20260414;114045;5412.0;1
LKOH;0;20260414;114045;5412.0;2
LKOH;0;20260414;114045;5412.0;5
LKOH;0;20260414;114046;5412.0;6
LKOH;0;20260414;114046;5412.0;5
LKOH;0;20260414;114046;5412.0;5
LKOH;0;20260414;114046;5412.0;4
LKOH;0;20260414;114047;5412.0;3
LKOH;0;20260414;114047;5412.0;3
LKOH;0;20260414;114047;5412.0;2
LKOH;0;20260414;114047;5412.0;3
LKOH;0;20260414;114047;5412.0;2
LKOH;0;20260414;114048;5412.0;2
LKOH;0;20260414;114048;5412.0;2
LKOH;0;20260414;114048;5412.0;2
LKOH;0;20260414;114050;5412.0;10
LKOH;0;20260414;114050;5412.5;1
LKOH;0;20260414;114050;5412.5;1
LKOH;0;20260414;114051;5413.0;1
LKOH;0;20260414;114057;5412.0;1
LKOH;0;20260414;114100;5413.0;1
LKOH;0;20260414;114101;5412.5;5
LKOH;0;20260414;114103;5412.0;1
LKOH;0;20260414;114104;5412.0;38
LKOH;0;20260414;114114;5412.0;15
LKOH;0;20260414;114114;5412.0;2
LKOH;0;20260414;114114;5412.0;3
LKOH;0;20260414;114114;5412.0;9
LKOH;0;20260414;114115;5412.5;35
LKOH;0;20260414;114115;5412.5;30
LKOH;0;20260414;114115;5413.0;7
LKOH;0;20260414;114115;5413.0;1
LKOH;0;20260414;114115;5413.0;30
LKOH;0;20260414;114115;5413.0;13
LKOH;0;20260414;114115;5413.5;30
LKOH;0;20260414;114115;5413.5;7
LKOH;0;20260414;114115;5413.5;1
LKOH;0;20260414;114115;5413.5;118
LKOH;0;20260414;114115;5413.5;21
LKOH;0;20260414;114115;5414.0;9
LKOH;0;20260414;114115;5414.0;30
LKOH;0;20260414;114115;5414.0;1
LKOH;0;20260414;114115;5414.0;50
LKOH;0;20260414;114115;5414.0;1
LKOH;0;20260414;114115;5414.5;7
LKOH;0;20260414;114115;5414.5;1
LKOH;0;20260414;114115;5414.5;30
LKOH;0;20260414;114115;5414.5;20
LKOH;0;20260414;114115;5414.5;60
LKOH;0;20260414;114115;5415.0;1
LKOH;0;20260414;114115;5415.0;10
LKOH;0;20260414;114115;5415.0;60
LKOH;0;20260414;114115;5415.0;20
LKOH;0;20260414;114115;5415.0;63
LKOH;0;20260414;114115;5415.0;18
LKOH;0;20260414;114115;5415.0;100
LKOH;0;20260414;114115;5415.0;25
LKOH;0;20260414;114115;5415.0;60
LKOH;0;20260414;114115;5415.5;1
LKOH;0;20260414;114115;5415.5;20
LKOH;0;20260414;114115;5415.5;18
LKOH;0;20260414;114115;5416.0;20
LKOH;0;20260414;114115;5416.0;1
LKOH;0;20260414;114115;5416.0;1
LKOH;0;20260414;114116;5414.5;2
LKOH;0;20260414;114116;5413.5;4
LKOH;0;20260414;114120;5414.0;6
LKOH;0;20260414;114120;5414.0;1
LKOH;0;20260414;114120;5413.5;9
LKOH;0;20260414;114120;5413.5;1
LKOH;0;20260414;114120;5413.5;10
LKOH;0;20260414;114121;5414.5;6
LKOH;0;20260414;114121;5413.5;4
LKOH;0;20260414;114121;5413.5;1
LKOH;0;20260414;114123;5413.5;5
LKOH;0;20260414;114124;5413.5;1
LKOH;0;20260414;114124;5413.5;1
LKOH;0;20260414;114124;5413.0;9
LKOH;0;20260414;114124;5413.0;1
LKOH;0;20260414;114124;5413.0;30
LKOH;0;20260414;114124;5413.0;6
LKOH;0;20260414;114124;5413.0;3
LKOH;0;20260414;114124;5413.0;2
LKOH;0;20260414;114124;5412.5;30
LKOH;0;20260414;114124;5412.5;20
LKOH;0;20260414;114124;5412.5;11
LKOH;0;20260414;114124;5412.5;1
LKOH;0;20260414;114124;5412.0;91
LKOH;0;20260414;114124;5412.0;2
LKOH;0;20260414;114124;5412.0;1
LKOH;0;20260414;114124;5412.0;30
LKOH;0;20260414;114124;5412.0;11
LKOH;0;20260414;114125;5414.0;2
LKOH;0;20260414;114126;5414.0;1
LKOH;0;20260414;114133;5414.0;3
LKOH;0;20260414;114138;5414.5;1
LKOH;0;20260414;114138;5414.5;1
LKOH;0;20260414;114144;5413.5;2
LKOH;0;20260414;114146;5415.0;1
LKOH;0;20260414;114147;5415.0;1
LKOH;0;20260414;114152;5413.5;1
LKOH;0;20260414;114154;5415.0;1
LKOH;0;20260414;114201;5415.0;9
LKOH;0;20260414;114201;5415.5;12
LKOH;0;20260414;114201;5415.5;13
LKOH;0;20260414;114201;5415.5;2
LKOH;0;20260414;114201;5415.5;2
LKOH;0;20260414;114201;5416.5;17
LKOH;0;20260414;114204;5415.0;1
LKOH;0;20260414;114204;5415.0;9
LKOH;0;20260414;114204;5415.0;1
LKOH;0;20260414;114204;5414.5;4
LKOH;0;20260414;114204;5415.0;1
LKOH;0;20260414;114204;5415.0;7
LKOH;0;20260414;114204;5414.5;8
LKOH;0;20260414;114204;5414.5;1
LKOH;0;20260414;114204;5414.5;1
LKOH;0;20260414;114204;5414.5;1
LKOH;0;20260414;114204;5414.5;2
LKOH;0;20260414;114204;5414.5;1
LKOH;0;20260414;114209;5416.0;1
LKOH;0;20260414;114212;5417.0;1
LKOH;0;20260414;114215;5417.0;1
LKOH;0;20260414;114224;5415.5;3
LKOH;0;20260414;114224;5415.5;1
LKOH;0;20260414;114224;5415.5;2
LKOH;0;20260414;114224;5416.5;1
LKOH;0;20260414;114224;5416.5;1
LKOH;0;20260414;114224;5417.0;1
LKOH;0;20260414;114224;5417.0;25
LKOH;0;20260414;114224;5417.0;20
LKOH;0;20260414;114224;5417.0;3
LKOH;0;20260414;114230;5416.5;1
LKOH;0;20260414;114230;5416.5;1
LKOH;0;20260414;114230;5416.0;12
LKOH;0;20260414;114230;5416.0;1
LKOH;0;20260414;114230;5416.0;1
LKOH;0;20260414;114230;5416.0;2
LKOH;0;20260414;114230;5416.0;2
LKOH;0;20260414;114230;5416.0;2
LKOH;0;20260414;114230;5415.5;1
LKOH;0;20260414;114230;5415.5;8
LKOH;0;20260414;114230;5415.5;1
LKOH;0;20260414;114230;5415.5;30
LKOH;0;20260414;114230;5415.5;1
LKOH;0;20260414;114230;5415.5;1
LKOH;0;20260414;114230;5415.0;22
LKOH;0;20260414;114230;5415.0;2
LKOH;0;20260414;114230;5415.0;1
LKOH;0;20260414;114230;5415.0;11
LKOH;0;20260414;114239;5416.5;1
LKOH;0;20260414;114243;5417.0;1
LKOH;0;20260414;114243;5417.5;1
LKOH;0;20260414;114243;5417.5;1
LKOH;0;20260414;114243;5418.0;1
LKOH;0;20260414;114244;5416.0;3
LKOH;0;20260414;114244;5416.0;1
LKOH;0;20260414;114244;5416.0;30
LKOH;0;20260414;114244;5415.5;4
LKOH;0;20260414;114244;5415.5;1
LKOH;0;20260414;114247;5417.0;1
LKOH;0;20260414;114247;5417.0;13
LKOH;0;20260414;114247;5417.0;15
LKOH;0;20260414;114250;5416.0;3
LKOH;0;20260414;114250;5416.0;1
LKOH;0;20260414;114251;5416.5;1
LKOH;0;20260414;114251;5416.5;2
LKOH;0;20260414;114254;5417.0;1
LKOH;0;20260414;114254;5417.0;1
LKOH;0;20260414;114257;5416.5;1
LKOH;0;20260414;114257;5417.0;9
LKOH;0;20260414;114304;5416.0;3
LKOH;0;20260414;114304;5416.0;1
LKOH;0;20260414;114304;5415.5;8
LKOH;0;20260414;114324;5416.5;2
LKOH;0;20260414;114324;5416.5;1
LKOH;0;20260414;114324;5416.5;1
LKOH;0;20260414;114338;5417.0;1
LKOH;0;20260414;114342;5418.0;1
LKOH;0;20260414;114342;5418.0;4
LKOH;0;20260414;114344;5417.5;1
LKOH;0;20260414;114350;5417.0;4
LKOH;0;20260414;114350;5417.0;1
LKOH;0;20260414;114352;5417.0;1
LKOH;0;20260414;114402;5418.0;1
LKOH;0;20260414;114402;5418.0;1
LKOH;0;20260414;114402;5418.0;1
LKOH;0;20260414;114402;5418.0;2
LKOH;0;20260414;114404;5417.0;3
LKOH;0;20260414;114409;5418.5;1
LKOH;0;20260414;114417;5419.0;1
LKOH;0;20260414;114417;5419.0;1
LKOH;0;20260414;114424;5418.0;1
LKOH;0;20260414;114426;5419.0;5
LKOH;0;20260414;114434;5418.0;1
LKOH;0;20260414;114441;5418.0;8
LKOH;0;20260414;114441;5418.0;1
LKOH;0;20260414;114441;5418.0;2
LKOH;0;20260414;114442;5418.5;1
LKOH;0;20260414;114442;5418.5;1
LKOH;0;20260414;114444;5418.0;3
LKOH;0;20260414;114444;5417.5;1
LKOH;0;20260414;114449;5417.0;1
LKOH;0;20260414;114450;5417.0;4
LKOH;0;20260414;114450;5417.0;1
LKOH;0;20260414;114456;5417.5;1
LKOH;0;20260414;114456;5417.5;2
LKOH;0;20260414;114500;5417.5;1
LKOH;0;20260414;114500;5418.0;3
LKOH;0;20260414;114500;5418.0;1
LKOH;0;20260414;114504;5417.5;1
LKOH;0;20260414;114504;5417.0;2
LKOH;0;20260414;114504;5417.0;1
LKOH;0;20260414;114510;5418.5;5
LKOH;0;20260414;114516;5417.5;1
LKOH;0;20260414;114516;5417.5;1
LKOH;0;20260414;114522;5418.0;10
LKOH;0;20260414;114522;5418.0;1
LKOH;0;20260414;114524;5416.5;1
LKOH;0;20260414;114524;5416.5;3
LKOH;0;20260414;114533;5418.0;1
LKOH;0;20260414;114533;5418.0;8
LKOH;0;20260414;114534;5418.5;5
LKOH;0;20260414;114544;5417.0;2
LKOH;0;20260414;114544;5417.0;1
LKOH;0;20260414;114544;5417.0;1
LKOH;0;20260414;114544;5418.0;1
LKOH;0;20260414;114546;5418.0;1
LKOH;0;20260414;114546;5418.5;8
LKOH;0;20260414;114546;5418.5;30
LKOH;0;20260414;114546;5418.5;1
LKOH;0;20260414;114546;5418.5;1
LKOH;0;20260414;114546;5418.5;9
LKOH;0;20260414;114549;5418.5;1
LKOH;0;20260414;114549;5417.0;1
LKOH;0;20260414;114550;5417.0;1
LKOH;0;20260414;114550;5417.0;1
LKOH;0;20260414;114550;5416.5;2
LKOH;0;20260414;114550;5416.5;1
LKOH;0;20260414;114555;5417.0;1
LKOH;0;20260414;114556;5418.5;1
LKOH;0;20260414;114558;5419.0;2
LKOH;0;20260414;114604;5418.5;15
LKOH;0;20260414;114615;5418.5;1
LKOH;0;20260414;114618;5419.0;1
LKOH;0;20260414;114624;5418.5;1
LKOH;0;20260414;114634;5419.0;10
LKOH;0;20260414;114644;5418.5;2
LKOH;0;20260414;114650;5418.5;5
LKOH;0;20260414;114650;5419.0;1
LKOH;0;20260414;114653;5418.5;1
LKOH;0;20260414;114653;5419.0;1
LKOH;0;20260414;114655;5418.5;2
LKOH;0;20260414;114658;5419.0;1
LKOH;0;20260414;114659;5419.0;1
LKOH;0;20260414;114659;5418.5;5
LKOH;0;20260414;114704;5418.5;5
LKOH;0;20260414;114705;5419.0;4
LKOH;0;20260414;114706;5419.0;2
LKOH;0;20260414;114708;5418.5;1
LKOH;0;20260414;114724;5418.5;1
LKOH;0;20260414;114730;5419.0;2
LKOH;0;20260414;114732;5418.5;11
LKOH;0;20260414;114732;5418.5;1
LKOH;0;20260414;114732;5418.5;1
LKOH;0;20260414;114735;5418.5;4
LKOH;0;20260414;114744;5418.0;1
LKOH;0;20260414;114744;5418.0;4
LKOH;0;20260414;114747;5418.5;1
LKOH;0;20260414;114747;5418.0;1
LKOH;0;20260414;114750;5418.0;5
LKOH;0;20260414;114753;5417.5;13
LKOH;0;20260414;114753;5417.5;30
LKOH;0;20260414;114753;5417.5;13
LKOH;0;20260414;114802;5417.5;1
LKOH;0;20260414;114804;5417.0;16
LKOH;0;20260414;114804;5417.5;5
LKOH;0;20260414;114808;5417.0;1
LKOH;0;20260414;114809;5417.0;2
LKOH;0;20260414;114821;5417.0;2
LKOH;0;20260414;114823;5417.5;1
LKOH;0;20260414;114824;5417.0;1
LKOH;0;20260414;114824;5417.0;1
LKOH;0;20260414;114824;5416.5;1
LKOH;0;20260414;114825;5417.5;1
LKOH;0;20260414;114825;5418.0;4
LKOH;0;20260414;114830;5418.0;1
LKOH;0;20260414;114839;5418.0;1
LKOH;0;20260414;114844;5417.0;1
LKOH;0;20260414;114844;5417.0;1
LKOH;0;20260414;114847;5418.0;7
LKOH;0;20260414;114850;5416.5;3
LKOH;0;20260414;114850;5416.5;1
LKOH;0;20260414;114850;5416.5;1
LKOH;0;20260414;114854;5418.0;1
LKOH;0;20260414;114854;5418.0;3
LKOH;0;20260414;114900;5417.0;30
LKOH;0;20260414;114900;5417.0;2
LKOH;0;20260414;114900;5417.0;1
LKOH;0;20260414;114900;5417.0;13
LKOH;0;20260414;114900;5416.5;4
LKOH;0;20260414;114900;5416.5;1
LKOH;0;20260414;114900;5416.5;30
LKOH;0;20260414;114900;5416.5;1
LKOH;0;20260414;114900;5416.5;1
LKOH;0;20260414;114900;5416.5;2
LKOH;0;20260414;114900;5416.5;6
LKOH;0;20260414;114900;5416.0;2
LKOH;0;20260414;114900;5416.0;1
LKOH;0;20260414;114900;5416.0;1
LKOH;0;20260414;114900;5416.0;1
LKOH;0;20260414;114900;5416.0;2
LKOH;0;20260414;114900;5416.0;62
LKOH;0;20260414;114904;5416.5;44
LKOH;0;20260414;114907;5417.5;1
LKOH;0;20260414;114907;5417.5;1
LKOH;0;20260414;114907;5417.5;2
LKOH;0;20260414;114915;5417.5;1
LKOH;0;20260414;114921;5417.0;1
LKOH;0;20260414;114921;5416.5;4
LKOH;0;20260414;114921;5417.5;10
LKOH;0;20260414;114924;5416.5;5
LKOH;0;20260414;114932;5416.5;1
LKOH;0;20260414;114936;5417.0;1
LKOH;0;20260414;114936;5416.5;1
LKOH;0;20260414;114945;5417.0;31
LKOH;0;20260414;114945;5417.0;13
LKOH;0;20260414;114945;5417.0;1
LKOH;0;20260414;114945;5417.0;30
LKOH;0;20260414;114945;5417.0;25
LKOH;0;20260414;114946;5416.5;3
LKOH;0;20260414;114946;5416.5;1
LKOH;0;20260414;114946;5416.0;96
LKOH;0;20260414;114950;5416.0;5
LKOH;0;20260414;114957;5416.5;1
LKOH;0;20260414;114959;5416.5;4
LKOH;0;20260414;115004;5416.0;53
LKOH;0;20260414;115010;5416.0;33
LKOH;0;20260414;115010;5416.0;115
LKOH;0;20260414;115010;5416.0;1
LKOH;0;20260414;115010;5415.5;2
LKOH;0;20260414;115010;5415.5;2
LKOH;0;20260414;115010;5416.0;1
LKOH;0;20260414;115014;5416.0;3
LKOH;0;20260414;115020;5416.0;2
LKOH;0;20260414;115024;5415.5;1
LKOH;0;20260414;115024;5415.5;1
LKOH;0;20260414;115024;5415.5;2
LKOH;0;20260414;115024;5415.5;36
LKOH;0;20260414;115025;5415.5;1
LKOH;0;20260414;115025;5415.5;2
LKOH;0;20260414;115025;5415.0;1
LKOH;0;20260414;115025;5415.0;1
LKOH;0;20260414;115025;5415.0;1
LKOH;0;20260414;115025;5415.0;1
LKOH;0;20260414;115025;5415.0;13
LKOH;0;20260414;115028;5415.5;30
LKOH;0;20260414;115028;5415.5;1
LKOH;0;20260414;115028;5416.0;10
LKOH;0;20260414;115028;5416.0;7
LKOH;0;20260414;115039;5416.0;1
LKOH;0;20260414;115044;5415.5;3
LKOH;0;20260414;115044;5415.0;2
LKOH;0;20260414;115044;5415.0;1
LKOH;0;20260414;115044;5415.0;5
LKOH;0;20260414;115044;5415.0;1
LKOH;0;20260414;115044;5414.5;5
LKOH;0;20260414;115050;5415.0;5
LKOH;0;20260414;115054;5416.0;32
LKOH;0;20260414;115054;5416.0;1
LKOH;0;20260414;115054;5416.5;1
LKOH;0;20260414;115054;5416.5;13
LKOH;0;20260414;115054;5417.0;1
LKOH;0;20260414;115054;5417.5;2
LKOH;0;20260414;115104;5416.0;2
LKOH;0;20260414;115104;5416.0;1
LKOH;0;20260414;115104;5415.5;4
LKOH;0;20260414;115104;5415.5;7
LKOH;0;20260414;115104;5417.0;1
LKOH;0;20260414;115115;5416.5;5
LKOH;0;20260414;115115;5416.5;1
LKOH;0;20260414;115115;5416.5;13
LKOH;0;20260414;115116;5416.5;1
LKOH;0;20260414;115116;5416.5;1
LKOH;0;20260414;115116;5416.0;37
LKOH;0;20260414;115116;5416.0;3
LKOH;0;20260414;115116;5416.0;1
LKOH;0;20260414;115116;5416.0;7
LKOH;0;20260414;115118;5417.0;1
LKOH;0;20260414;115124;5416.0;4
LKOH;0;20260414;115124;5416.0;1
LKOH;0;20260414;115124;5415.5;1
LKOH;0;20260414;115124;5415.5;6
LKOH;0;20260414;115124;5415.5;1
LKOH;0;20260414;115124;5415.5;1
LKOH;0;20260414;115124;5415.5;3
LKOH;0;20260414;115129;5416.5;1
LKOH;0;20260414;115132;5416.0;1
LKOH;0;20260414;115133;5416.5;1
LKOH;0;20260414;115144;5416.0;1
LKOH;0;20260414;115145;5416.5;5
LKOH;0;20260414;115150;5416.0;1
LKOH;0;20260414;115150;5416.0;1
LKOH;0;20260414;115150;5415.5;1
LKOH;0;20260414;115150;5415.5;1
LKOH;0;20260414;115150;5415.0;1
LKOH;0;20260414;115204;5415.0;1
LKOH;0;20260414;115204;5415.0;1
LKOH;0;20260414;115204;5415.0;1
LKOH;0;20260414;115206;5415.5;1
LKOH;0;20260414;115207;5415.0;3
LKOH;0;20260414;115207;5415.5;1
LKOH;0;20260414;115214;5415.5;1
LKOH;0;20260414;115215;5415.0;2
LKOH;0;20260414;115215;5415.0;1
LKOH;0;20260414;115215;5415.0;1
LKOH;0;20260414;115215;5414.5;7
LKOH;0;20260414;115215;5414.5;3
LKOH;0;20260414;115215;5414.5;13
LKOH;0;20260414;115215;5414.5;1
LKOH;0;20260414;115215;5414.0;10
LKOH;0;20260414;115215;5414.0;1
LKOH;0;20260414;115215;5414.0;1
LKOH;0;20260414;115215;5414.0;30
LKOH;0;20260414;115215;5414.0;10
LKOH;0;20260414;115215;5414.0;15
LKOH;0;20260414;115224;5414.0;3
LKOH;0;20260414;115224;5413.5;11
LKOH;0;20260414;115224;5413.5;2
LKOH;0;20260414;115224;5413.5;1
LKOH;0;20260414;115224;5413.5;1
LKOH;0;20260414;115224;5413.5;5
LKOH;0;20260414;115224;5413.0;2
LKOH;0;20260414;115224;5414.0;1
LKOH;0;20260414;115225;5413.0;1
LKOH;0;20260414;115226;5414.0;3
LKOH;0;20260414;115230;5414.0;1
LKOH;0;20260414;115243;5414.0;10
LKOH;0;20260414;115244;5413.5;4
LKOH;0;20260414;115250;5413.5;1
LKOH;0;20260414;115250;5414.0;1
LKOH;0;20260414;115250;5413.5;1
LKOH;0;20260414;115250;5413.0;4
LKOH;0;20260414;115254;5414.0;1
LKOH;0;20260414;115255;5414.0;2
LKOH;0;20260414;115257;5414.0;1
LKOH;0;20260414;115258;5414.0;3
LKOH;0;20260414;115258;5414.0;1
LKOH;0;20260414;115258;5414.5;9
LKOH;0;20260414;115258;5414.5;1
LKOH;0;20260414;115258;5414.5;4
LKOH;0;20260414;115303;5414.5;1
LKOH;0;20260414;115304;5414.0;7
LKOH;0;20260414;115306;5414.0;1
LKOH;0;20260414;115307;5413.5;1
LKOH;0;20260414;115310;5414.0;1
LKOH;0;20260414;115320;5414.0;5
LKOH;0;20260414;115324;5413.5;2
LKOH;0;20260414;115330;5413.5;3
LKOH;0;20260414;115330;5413.5;1
LKOH;0;20260414;115330;5413.0;6
LKOH;0;20260414;115330;5413.0;9
LKOH;0;20260414;115334;5413.5;1
LKOH;0;20260414;115338;5413.5;1
LKOH;0;20260414;115340;5413.5;1
LKOH;0;20260414;115341;5413.5;1
LKOH;0;20260414;115341;5413.5;10
LKOH;0;20260414;115344;5413.0;9
LKOH;0;20260414;115350;5413.0;5
LKOH;0;20260414;115352;5413.0;1
LKOH;0;20260414;115355;5413.5;4
LKOH;0;20260414;115359;5413.0;1
LKOH;0;20260414;115401;5413.5;1
LKOH;0;20260414;115404;5413.0;3
LKOH;0;20260414;115412;5413.0;53
LKOH;0;20260414;115412;5413.0;1
LKOH;0;20260414;115412;5413.0;2
LKOH;0;20260414;115412;5413.0;18
LKOH;0;20260414;115412;5413.0;7
LKOH;0;20260414;115413;5413.0;1
LKOH;0;20260414;115418;5413.0;2
LKOH;0;20260414;115424;5412.5;1
LKOH;0;20260414;115424;5412.5;6
LKOH;0;20260414;115424;5412.5;1
LKOH;0;20260414;115424;5412.5;1
LKOH;0;20260414;115424;5412.5;12
LKOH;0;20260414;115426;5412.5;2
LKOH;0;20260414;115426;5412.5;1
LKOH;0;20260414;115427;5413.0;2
LKOH;0;20260414;115428;5413.0;1
LKOH;0;20260414;115430;5413.0;2
LKOH;0;20260414;115444;5412.5;2
LKOH;0;20260414;115445;5413.0;1
LKOH;0;20260414;115447;5413.0;1
LKOH;0;20260414;115450;5413.0;1
LKOH;0;20260414;115450;5412.5;5
LKOH;0;20260414;115450;5413.0;1
LKOH;0;20260414;115452;5413.0;10
LKOH;0;20260414;115459;5414.0;3
LKOH;0;20260414;115504;5414.0;1
LKOH;0;20260414;115504;5414.0;1
LKOH;0;20260414;115504;5414.0;3
LKOH;0;20260414;115507;5414.5;2
LKOH;0;20260414;115518;5414.0;1
LKOH;0;20260414;115518;5414.0;1
LKOH;0;20260414;115518;5414.0;1
LKOH;0;20260414;115518;5414.0;1
LKOH;0;20260414;115518;5414.0;1
LKOH;0;20260414;115518;5414.0;21
LKOH;0;20260414;115524;5414.0;1
LKOH;0;20260414;115524;5413.5;6
LKOH;0;20260414;115524;5414.5;9
LKOH;0;20260414;115524;5414.5;1
LKOH;0;20260414;115524;5414.5;5
LKOH;0;20260414;115524;5414.5;5
LKOH;0;20260414;115524;5414.5;5
LKOH;0;20260414;115527;5414.0;4
LKOH;0;20260414;115533;5414.0;1
LKOH;0;20260414;115535;5414.5;1
LKOH;0;20260414;115535;5414.5;1
LKOH;0;20260414;115540;5414.5;1
LKOH;0;20260414;115544;5414.0;3
LKOH;0;20260414;115544;5414.0;1
LKOH;0;20260414;115544;5414.0;2
LKOH;0;20260414;115544;5413.5;2
LKOH;0;20260414;115550;5413.5;6
LKOH;0;20260414;115604;5413.5;2
LKOH;0;20260414;115617;5414.0;2
LKOH;0;20260414;115617;5414.0;1
LKOH;0;20260414;115624;5414.5;1
LKOH;0;20260414;115624;5413.5;1
LKOH;0;20260414;115631;5414.5;2
LKOH;0;20260414;115636;5414.0;1
LKOH;0;20260414;115636;5414.0;1
LKOH;0;20260414;115636;5414.0;9
LKOH;0;20260414;115636;5414.0;25
LKOH;0;20260414;115636;5413.5;3
LKOH;0;20260414;115644;5413.5;1
LKOH;0;20260414;115644;5413.5;1
LKOH;0;20260414;115644;5413.5;1
LKOH;0;20260414;115644;5413.5;7
LKOH;0;20260414;115650;5413.5;1
LKOH;0;20260414;115650;5413.5;1
LKOH;0;20260414;115650;5413.0;3
LKOH;0;20260414;115655;5414.0;1
LKOH;0;20260414;115655;5414.0;1
LKOH;0;20260414;115700;5413.5;19
LKOH;0;20260414;115704;5413.5;7
LKOH;0;20260414;115723;5414.0;30
LKOH;0;20260414;115723;5414.0;5
LKOH;0;20260414;115723;5414.0;1
LKOH;0;20260414;115723;5414.0;12
LKOH;0;20260414;115723;5413.5;1
LKOH;0;20260414;115723;5413.5;1
LKOH;0;20260414;115723;5413.5;30
LKOH;0;20260414;115723;5413.0;9
LKOH;0;20260414;115723;5413.0;1
LKOH;0;20260414;115723;5413.0;1
LKOH;0;20260414;115723;5413.0;10
LKOH;0;20260414;115723;5413.0;1
LKOH;0;20260414;115723;5413.0;30
LKOH;0;20260414;115723;5413.0;12
LKOH;0;20260414;115723;5413.0;118
LKOH;0;20260414;115723;5413.0;20
LKOH;0;20260414;115723;5413.0;60
LKOH;0;20260414;115723;5412.5;105
LKOH;0;20260414;115723;5412.5;1
LKOH;0;20260414;115723;5412.5;5
LKOH;0;20260414;115723;5412.5;10
LKOH;0;20260414;115723;5412.5;1
LKOH;0;20260414;115723;5412.5;30
LKOH;0;20260414;115723;5412.5;60
LKOH;0;20260414;115723;5412.5;20
LKOH;0;20260414;115723;5412.5;100
LKOH;0;20260414;115723;5412.0;2
LKOH;0;20260414;115723;5412.0;127
LKOH;0;20260414;115723;5412.0;1
LKOH;0;20260414;115723;5412.0;1
LKOH;0;20260414;115723;5412.0;30
LKOH;0;20260414;115723;5412.0;1
LKOH;0;20260414;115723;5412.0;1
LKOH;0;20260414;115723;5412.0;30
LKOH;0;20260414;115723;5412.0;1
LKOH;0;20260414;115723;5412.0;10
LKOH;0;20260414;115723;5412.0;50
LKOH;0;20260414;115723;5412.0;60
LKOH;0;20260414;115723;5412.0;20
LKOH;0;20260414;115723;5412.0;18
LKOH;0;20260414;115724;5412.0;5
LKOH;0;20260414;115724;5412.0;141
LKOH;0;20260414;115724;5412.0;40
LKOH;0;20260414;115724;5412.0;4
LKOH;0;20260414;115724;5412.0;35
LKOH;0;20260414;115724;5412.0;37
LKOH;0;20260414;115725;5412.5;1
LKOH;0;20260414;115725;5413.0;2
LKOH;0;20260414;115725;5413.0;1
LKOH;0;20260414;115725;5413.0;12
LKOH;0;20260414;115725;5413.0;1
LKOH;0;20260414;115725;5413.0;1
LKOH;0;20260414;115725;5413.0;3
LKOH;0;20260414;115725;5413.0;5
LKOH;0;20260414;115725;5413.0;4
LKOH;0;20260414;115732;5413.0;2
LKOH;0;20260414;115734;5413.0;2
LKOH;0;20260414;115737;5412.0;1
LKOH;0;20260414;115739;5413.0;5
LKOH;0;20260414;115739;5412.5;1
LKOH;0;20260414;115739;5412.0;108
LKOH;0;20260414;115739;5412.0;1
LKOH;0;20260414;115739;5412.0;1
LKOH;0;20260414;115739;5412.0;4
LKOH;0;20260414;115740;5413.0;1
LKOH;0;20260414;115744;5412.0;18
LKOH;0;20260414;115744;5412.0;1
LKOH;0;20260414;115744;5412.0;1
LKOH;0;20260414;115744;5412.0;19
LKOH;0;20260414;115745;5413.0;1
LKOH;0;20260414;115745;5413.5;1
LKOH;0;20260414;115745;5413.5;22
LKOH;0;20260414;115749;5412.5;2
LKOH;0;20260414;115750;5413.0;1
LKOH;0;20260414;115750;5412.5;2
LKOH;0;20260414;115750;5412.5;1
LKOH;0;20260414;115750;5412.5;2
LKOH;0;20260414;115751;5412.5;1
LKOH;0;20260414;115751;5412.5;5
LKOH;0;20260414;115751;5412.0;33
LKOH;0;20260414;115752;5413.0;1
LKOH;0;20260414;115755;5412.5;4
LKOH;0;20260414;115755;5412.0;38
LKOH;0;20260414;115759;5413.0;3
LKOH;0;20260414;115759;5413.0;1
LKOH;0;20260414;115800;5413.0;1
LKOH;0;20260414;115801;5413.0;1
LKOH;0;20260414;115804;5412.5;4
LKOH;0;20260414;115804;5412.5;1
LKOH;0;20260414;115804;5412.0;25
LKOH;0;20260414;115806;5412.5;3
LKOH;0;20260414;115806;5412.0;4
LKOH;0;20260414;115806;5412.0;3
LKOH;0;20260414;115806;5412.0;75
LKOH;0;20260414;115808;5413.0;4
LKOH;0;20260414;115809;5413.0;1
LKOH;0;20260414;115809;5413.0;6
LKOH;0;20260414;115810;5414.5;1
LKOH;0;20260414;115814;5415.0;33
LKOH;0;20260414;115816;5414.5;8
LKOH;0;20260414;115816;5414.5;1
LKOH;0;20260414;115817;5414.5;8
LKOH;0;20260414;115819;5414.5;1
LKOH;0;20260414;115819;5414.5;11
LKOH;0;20260414;115819;5414.5;1
LKOH;0;20260414;115819;5414.0;4
LKOH;0;20260414;115819;5414.0;1
LKOH;0;20260414;115819;5414.0;3
LKOH;0;20260414;115819;5414.0;1
LKOH;0;20260414;115819;5414.0;1
LKOH;0;20260414;115819;5413.5;17
LKOH;0;20260414;115824;5414.5;1
LKOH;0;20260414;115824;5414.0;1
LKOH;0;20260414;115824;5414.0;1
LKOH;0;20260414;115824;5413.5;14
LKOH;0;20260414;115824;5413.5;1
LKOH;0;20260414;115824;5413.5;12
LKOH;0;20260414;115824;5413.0;17
LKOH;0;20260414;115831;5414.0;52
LKOH;0;20260414;115831;5414.0;12
LKOH;0;20260414;115831;5414.0;3
LKOH;0;20260414;115831;5414.0;1
LKOH;0;20260414;115831;5414.0;6
LKOH;0;20260414;115841;5414.5;8
LKOH;0;20260414;115841;5414.5;1
LKOH;0;20260414;115841;5414.5;13
LKOH;0;20260414;115841;5414.5;28
LKOH;0;20260414;115843;5415.5;1
LKOH;0;20260414;115844;5415.0;1
LKOH;0;20260414;115844;5415.0;1
LKOH;0;20260414;115844;5414.5;4
LKOH;0;20260414;115844;5414.5;1
LKOH;0;20260414;115844;5414.5;9
LKOH;0;20260414;115844;5414.5;9
LKOH;0;20260414;115844;5414.5;2
LKOH;0;20260414;115844;5414.0;4
LKOH;0;20260414;115844;5415.5;6
LKOH;0;20260414;115844;5415.5;1
LKOH;0;20260414;115844;5416.0;6
LKOH;0;20260414;115847;5414.5;5
LKOH;0;20260414;115850;5415.0;1
LKOH;0;20260414;115850;5415.0;1
LKOH;0;20260414;115850;5414.5;1
LKOH;0;20260414;115850;5414.5;1
LKOH;0;20260414;115850;5414.5;1
LKOH;0;20260414;115853;5415.5;1
LKOH;0;20260414;115853;5415.5;3
LKOH;0;20260414;115855;5415.5;1
LKOH;0;20260414;115855;5415.5;2
LKOH;0;20260414;115902;5415.5;1
LKOH;0;20260414;115904;5414.5;1
LKOH;0;20260414;115904;5414.5;5
LKOH;0;20260414;115904;5414.5;1
LKOH;0;20260414;115904;5414.0;1
LKOH;0;20260414;115906;5415.5;1
LKOH;0;20260414;115914;5415.5;1
LKOH;0;20260414;115919;5416.0;1
LKOH;0;20260414;115919;5415.5;1
LKOH;0;20260414;115919;5415.5;4
LKOH;0;20260414;115919;5415.5;2
LKOH;0;20260414;115920;5415.5;1
LKOH;0;20260414;115920;5415.5;11
LKOH;0;20260414;115920;5415.5;1
LKOH;0;20260414;115920;5416.0;273
LKOH;0;20260414;115920;5416.0;1
LKOH;0;20260414;115920;5416.5;5
LKOH;0;20260414;115920;5416.5;5
LKOH;0;20260414;115920;5416.5;1
LKOH;0;20260414;115920;5416.5;30
LKOH;0;20260414;115920;5417.0;36
LKOH;0;20260414;115920;5417.0;1
LKOH;0;20260414;115920;5417.0;30
LKOH;0;20260414;115920;5417.0;6
LKOH;0;20260414;115924;5416.5;8
LKOH;0;20260414;115924;5416.5;1
LKOH;0;20260414;115924;5416.0;9
LKOH;0;20260414;115924;5416.0;1
LKOH;0;20260414;115924;5416.0;3
LKOH;0;20260414;115924;5416.0;13
LKOH;0;20260414;115924;5416.0;7
LKOH;0;20260414;115924;5416.0;1
LKOH;0;20260414;115924;5415.5;3
LKOH;0;20260414;115924;5415.5;14
LKOH;0;20260414;115924;5415.5;1
LKOH;0;20260414;115924;5415.0;11
LKOH;0;20260414;115924;5415.0;1
LKOH;0;20260414;115924;5415.0;30
LKOH;0;20260414;115927;5414.5;1
LKOH;0;20260414;115927;5414.5;20
LKOH;0;20260414;115927;5414.0;6
LKOH;0;20260414;115927;5414.0;2
LKOH;0;20260414;115927;5414.0;61
LKOH;0;20260414;115931;5414.5;2
LKOH;0;20260414;115931;5414.0;39
LKOH;0;20260414;115931;5414.0;1
LKOH;0;20260414;115931;5414.0;2
LKOH;0;20260414;115931;5414.0;4
LKOH;0;20260414;115931;5414.0;3
LKOH;0;20260414;115931;5414.0;2
LKOH;0;20260414;115931;5414.0;1
LKOH;0;20260414;115932;5415.0;1
LKOH;0;20260414;115932;5415.0;5
LKOH;0;20260414;115932;5415.0;3
LKOH;0;20260414;115932;5415.0;5
LKOH;0;20260414;115932;5415.0;30
LKOH;0;20260414;115932;5415.0;9
LKOH;0;20260414;115932;5415.0;13
LKOH;0;20260414;115932;5415.0;65
LKOH;0;20260414;115932;5415.5;1
LKOH;0;20260414;115935;5414.5;1
LKOH;0;20260414;115944;5414.5;1
LKOH;0;20260414;115944;5414.5;1
LKOH;0;20260414;115944;5414.5;44
LKOH;0;20260414;115944;5414.0;23
LKOH;0;20260414;115949;5415.0;1
LKOH;0;20260414;115950;5414.0;3
LKOH;0;20260414;115950;5414.0;1
LKOH;0;20260414;115950;5414.0;1
LKOH;0;20260414;115952;5414.0;1
LKOH;0;20260414;115958;5414.5;1
LKOH;0;20260414;120000;5414.5;7
LKOH;0;20260414;120000;5414.5;3
LKOH;0;20260414;120001;5414.0;4
LKOH;0;20260414;120002;5414.5;2
LKOH;0;20260414;120002;5414.5;3
LKOH;0;20260414;120004;5414.0;7
LKOH;0;20260414;120006;5414.5;1
LKOH;0;20260414;120016;5414.5;1
LKOH;0;20260414;120016;5414.5;1
LKOH;0;20260414;120023;5414.5;1
LKOH;0;20260414;120024;5414.0;1
LKOH;0;20260414;120028;5414.5;1
LKOH;0;20260414;120031;5414.5;1
LKOH;0;20260414;120031;5414.5;1
LKOH;0;20260414;120031;5414.5;1
LKOH;0;20260414;120035;5414.5;19
LKOH;0;20260414;120037;5415.5;3
LKOH;0;20260414;120044;5416.0;2
LKOH;0;20260414;120044;5416.0;7
LKOH;0;20260414;120048;5416.5;1
LKOH;0;20260414;120050;5416.0;5
LKOH;0;20260414;120051;5416.5;1
LKOH;0;20260414;120053;5416.5;1
LKOH;0;20260414;120055;5416.5;1
LKOH;0;20260414;120055;5417.0;1
LKOH;0;20260414;120100;5417.0;10
LKOH;0;20260414;120100;5417.0;1
LKOH;0;20260414;120100;5417.0;3
LKOH;0;20260414;120103;5417.0;5
LKOH;0;20260414;120103;5417.0;7
LKOH;0;20260414;120103;5417.0;2
LKOH;0;20260414;120104;5416.5;6
LKOH;0;20260414;120104;5416.5;1
LKOH;0;20260414;120104;5416.5;2
LKOH;0;20260414;120118;5416.5;1
LKOH;0;20260414;120118;5416.5;2
LKOH;0;20260414;120118;5416.5;2
LKOH;0;20260414;120118;5416.5;10
LKOH;0;20260414;120118;5416.5;9
LKOH;0;20260414;120118;5416.5;1
LKOH;0;20260414;120118;5416.5;4
LKOH;0;20260414;120118;5416.5;9
LKOH;0;20260414;120118;5416.5;23
LKOH;0;20260414;120122;5417.0;2
LKOH;0;20260414;120124;5416.5;16
LKOH;0;20260414;120134;5417.0;1
LKOH;0;20260414;120137;5417.0;2
LKOH;0;20260414;120137;5417.0;5
LKOH;0;20260414;120137;5417.0;5
LKOH;0;20260414;120137;5417.0;5
LKOH;0;20260414;120137;5417.0;5
LKOH;0;20260414;120137;5417.0;5
LKOH;0;20260414;120137;5417.0;2
LKOH;0;20260414;120137;5417.0;5
LKOH;0;20260414;120137;5417.0;5
LKOH;0;20260414;120137;5417.0;5
LKOH;0;20260414;120137;5417.0;5
LKOH;0;20260414;120137;5417.0;5
LKOH;0;20260414;120137;5417.0;5
LKOH;0;20260414;120137;5417.0;5
LKOH;0;20260414;120137;5417.0;5
LKOH;0;20260414;120137;5417.0;5
LKOH;0;20260414;120137;5417.0;5
LKOH;0;20260414;120137;5417.0;5
LKOH;0;20260414;120137;5417.0;5
LKOH;0;20260414;120137;5417.0;5
LKOH;0;20260414;120137;5417.5;17
LKOH;0;20260414;120138;5417.5;2
LKOH;0;20260414;120141;5417.5;1
LKOH;0;20260414;120144;5417.0;5
LKOH;0;20260414;120144;5417.0;1
LKOH;0;20260414;120144;5417.0;1
LKOH;0;20260414;120144;5417.0;12
LKOH;0;20260414;120144;5417.0;10
LKOH;0;20260414;120148;5417.5;1
LKOH;0;20260414;120148;5417.0;2
LKOH;0;20260414;120150;5417.0;5
LKOH;0;20260414;120159;5417.0;1
LKOH;0;20260414;120203;5417.0;1
LKOH;0;20260414;120203;5417.0;1
LKOH;0;20260414;120204;5416.5;1
LKOH;0;20260414;120204;5416.5;2
LKOH;0;20260414;120211;5417.0;3
LKOH;0;20260414;120215;5416.5;2
LKOH;0;20260414;120216;5416.5;5
LKOH;0;20260414;120217;5417.0;9
LKOH;0;20260414;120218;5417.0;1
LKOH;0;20260414;120224;5416.5;1
LKOH;0;20260414;120224;5416.5;1
LKOH;0;20260414;120224;5416.0;3
LKOH;0;20260414;120228;5416.5;2
LKOH;0;20260414;120228;5416.5;8
LKOH;0;20260414;120228;5416.5;12
LKOH;0;20260414;120228;5416.5;1
LKOH;0;20260414;120228;5417.0;3
LKOH;0;20260414;120228;5417.0;30
LKOH;0;20260414;120228;5417.0;1
LKOH;0;20260414;120228;5417.0;1
LKOH;0;20260414;120228;5417.0;1
LKOH;0;20260414;120228;5417.0;7
LKOH;0;20260414;120228;5417.0;1
LKOH;0;20260414;120228;5417.0;1
LKOH;0;20260414;120228;5417.0;4
LKOH;0;20260414;120228;5417.0;5
LKOH;0;20260414;120228;5417.0;1
LKOH;0;20260414;120231;5417.5;2
LKOH;0;20260414;120232;5417.5;2
LKOH;0;20260414;120232;5417.5;2
LKOH;0;20260414;120232;5417.5;2
LKOH;0;20260414;120233;5417.5;2
LKOH;0;20260414;120233;5417.5;2
LKOH;0;20260414;120239;5417.5;1
LKOH;0;20260414;120244;5417.5;2
LKOH;0;20260414;120244;5417.5;1
LKOH;0;20260414;120244;5417.0;19
LKOH;0;20260414;120245;5417.5;2
LKOH;0;20260414;120246;5417.5;1
LKOH;0;20260414;120247;5417.5;2
LKOH;0;20260414;120251;5417.0;5
LKOH;0;20260414;120252;5417.0;10
LKOH;0;20260414;120258;5417.0;1
LKOH;0;20260414;120300;5417.0;17
LKOH;0;20260414;120304;5417.5;1
LKOH;0;20260414;120304;5417.0;10
LKOH;0;20260414;120305;5417.5;1
LKOH;0;20260414;120310;5417.5;1
LKOH;0;20260414;120310;5417.5;9
LKOH;0;20260414;120312;5417.5;1
LKOH;0;20260414;120314;5417.5;1
LKOH;0;20260414;120317;5418.0;1
LKOH;0;20260414;120319;5417.5;1
LKOH;0;20260414;120319;5417.5;1
LKOH;0;20260414;120319;5417.5;3
LKOH;0;20260414;120324;5417.5;2
LKOH;0;20260414;120324;5417.5;1
LKOH;0;20260414;120324;5417.5;2
LKOH;0;20260414;120332;5417.5;1
LKOH;0;20260414;120332;5417.5;1
LKOH;0;20260414;120333;5417.0;3
LKOH;0;20260414;120333;5417.0;1
LKOH;0;20260414;120337;5417.5;1
LKOH;0;20260414;120337;5417.5;10
LKOH;0;20260414;120341;5417.0;2
LKOH;0;20260414;120344;5417.0;2
LKOH;0;20260414;120344;5417.0;5
LKOH;0;20260414;120349;5417.0;1
LKOH;0;20260414;120351;5417.0;5
LKOH;0;20260414;120356;5417.0;4
LKOH;0;20260414;120404;5417.0;3
LKOH;0;20260414;120410;5417.5;1
LKOH;0;20260414;120417;5417.5;6
LKOH;0;20260414;120417;5417.5;1
LKOH;0;20260414;120424;5417.0;2
LKOH;0;20260414;120427;5417.5;1
LKOH;0;20260414;120430;5417.5;1
LKOH;0;20260414;120431;5417.5;2
LKOH;0;20260414;120431;5417.5;1
LKOH;0;20260414;120440;5417.0;1
LKOH;0;20260414;120444;5417.0;1
LKOH;0;20260414;120445;5417.5;1
LKOH;0;20260414;120450;5417.5;1
LKOH;0;20260414;120451;5417.0;5
LKOH;0;20260414;120451;5417.5;3
LKOH;0;20260414;120451;5417.5;5
LKOH;0;20260414;120451;5417.5;2
LKOH;0;20260414;120452;5417.0;578
LKOH;0;20260414;120455;5417.5;1
LKOH;0;20260414;120455;5417.5;2
LKOH;0;20260414;120456;5417.0;2
LKOH;0;20260414;120458;5417.5;2
LKOH;0;20260414;120459;5417.5;3
LKOH;0;20260414;120459;5417.5;5
LKOH;0;20260414;120459;5417.5;3
LKOH;0;20260414;120459;5417.5;2
LKOH;0;20260414;120502;5417.0;2
LKOH;0;20260414;120503;5417.5;1
LKOH;0;20260414;120504;5417.0;155
LKOH;0;20260414;120509;5417.0;10
LKOH;0;20260414;120518;5417.5;1
LKOH;0;20260414;120519;5417.5;1
LKOH;0;20260414;120524;5417.0;3
LKOH;0;20260414;120542;5417.5;1
LKOH;0;20260414;120546;5417.5;1
LKOH;0;20260414;120550;5417.5;2
LKOH;0;20260414;120551;5417.0;5
LKOH;0;20260414;120557;5417.0;70
LKOH;0;20260414;120600;5417.5;1
LKOH;0;20260414;120600;5417.5;1
LKOH;0;20260414;120603;5417.0;14
LKOH;0;20260414;120604;5417.0;23
LKOH;0;20260414;120606;5417.0;2
LKOH;0;20260414;120609;5417.0;1
LKOH;0;20260414;120613;5417.5;4
LKOH;0;20260414;120613;5417.5;5
LKOH;0;20260414;120613;5417.5;5
LKOH;0;20260414;120613;5417.5;5
LKOH;0;20260414;120613;5417.5;5
LKOH;0;20260414;120613;5417.5;5
LKOH;0;20260414;120613;5417.5;5
LKOH;0;20260414;120613;5417.5;5
LKOH;0;20260414;120613;5417.5;5
LKOH;0;20260414;120613;5417.5;5
LKOH;0;20260414;120613;5417.5;5
LKOH;0;20260414;120613;5417.5;3
LKOH;0;20260414;120615;5417.0;1
LKOH;0;20260414;120617;5417.0;11
LKOH;0;20260414;120618;5417.5;2
LKOH;0;20260414;120618;5417.5;3
LKOH;0;20260414;120619;5417.5;1
LKOH;0;20260414;120624;5417.0;20
LKOH;0;20260414;120624;5417.5;1
LKOH;0;20260414;120624;5417.5;2
LKOH;0;20260414;120628;5417.5;1
LKOH;0;20260414;120635;5417.0;50
LKOH;0;20260414;120635;5417.0;1
LKOH;0;20260414;120644;5417.0;14
LKOH;0;20260414;120645;5417.5;1
LKOH;0;20260414;120651;5417.0;5
LKOH;0;20260414;120704;5417.0;1
LKOH;0;20260414;120705;5417.5;1
LKOH;0;20260414;120705;5417.5;4
LKOH;0;20260414;120706;5417.5;1
LKOH;0;20260414;120711;5417.5;1
LKOH;0;20260414;120722;5417.5;1
LKOH;0;20260414;120723;5417.0;4
LKOH;0;20260414;120724;5417.0;3
LKOH;0;20260414;120730;5417.5;3
LKOH;0;20260414;120730;5417.5;1
LKOH;0;20260414;120733;5417.5;1
LKOH;0;20260414;120738;5417.0;2
LKOH;0;20260414;120738;5417.5;1
LKOH;0;20260414;120744;5417.5;2
LKOH;0;20260414;120744;5417.5;5
LKOH;0;20260414;120744;5417.5;1
LKOH;0;20260414;120744;5417.5;1
LKOH;0;20260414;120744;5417.5;1
LKOH;0;20260414;120744;5417.0;5
LKOH;0;20260414;120745;5417.5;1
LKOH;0;20260414;120750;5417.5;2
LKOH;0;20260414;120751;5417.0;5
LKOH;0;20260414;120757;5417.5;1
LKOH;0;20260414;120757;5417.5;2
LKOH;0;20260414;120804;5417.0;2
LKOH;0;20260414;120807;5417.5;1
LKOH;0;20260414;120808;5417.5;1
LKOH;0;20260414;120811;5417.5;1
LKOH;0;20260414;120811;5417.5;13
LKOH;0;20260414;120811;5417.5;7
LKOH;0;20260414;120812;5417.5;26
LKOH;0;20260414;120812;5417.5;33
LKOH;0;20260414;120814;5418.0;1
LKOH;0;20260414;120815;5418.0;2
LKOH;0;20260414;120815;5418.0;50
LKOH;0;20260414;120815;5418.0;10
LKOH;0;20260414;120815;5418.0;33
LKOH;0;20260414;120815;5418.0;5
LKOH;0;20260414;120815;5418.0;28
LKOH;0;20260414;120817;5418.5;14
LKOH;0;20260414;120824;5418.5;16
LKOH;0;20260414;120824;5418.5;36
LKOH;0;20260414;120824;5418.5;1
LKOH;0;20260414;120824;5418.5;1
LKOH;0;20260414;120824;5418.0;2
LKOH;0;20260414;120824;5418.0;1
LKOH;0;20260414;120825;5419.0;1
LKOH;0;20260414;120830;5419.0;2
LKOH;0;20260414;120831;5418.5;4
LKOH;0;20260414;120839;5419.0;2
LKOH;0;20260414;120839;5419.0;1
LKOH;0;20260414;120840;5419.0;1
LKOH;0;20260414;120844;5418.5;2
LKOH;0;20260414;120851;5418.5;6
LKOH;0;20260414;120854;5419.0;3
LKOH;0;20260414;120854;5419.0;1
LKOH;0;20260414;120854;5419.0;7
LKOH;0;20260414;120904;5418.5;8
LKOH;0;20260414;120904;5418.5;5
LKOH;0;20260414;120906;5418.5;11
LKOH;0;20260414;120908;5418.5;1
LKOH;0;20260414;120908;5418.5;1
LKOH;0;20260414;120908;5418.5;2
LKOH;0;20260414;120908;5418.5;1
LKOH;0;20260414;120908;5418.5;5
LKOH;0;20260414;120909;5419.0;1
LKOH;0;20260414;120909;5419.0;4
LKOH;0;20260414;120909;5419.0;9
LKOH;0;20260414;120909;5419.5;5
LKOH;0;20260414;120909;5419.5;118
LKOH;0;20260414;120909;5419.5;1
LKOH;0;20260414;120909;5419.5;30
LKOH;0;20260414;120909;5419.5;17
LKOH;0;20260414;120909;5419.5;6
LKOH;0;20260414;120909;5419.5;1
LKOH;0;20260414;120909;5419.5;3
LKOH;0;20260414;120909;5419.5;2
LKOH;0;20260414;120909;5420.0;28
LKOH;0;20260414;120910;5420.0;35
LKOH;0;20260414;120910;5420.0;5
LKOH;0;20260414;120915;5420.0;132
LKOH;0;20260414;120915;5420.0;30
LKOH;0;20260414;120915;5420.0;10
LKOH;0;20260414;120915;5420.0;33
LKOH;0;20260414;120915;5420.0;18
LKOH;0;20260414;120915;5420.0;46
LKOH;0;20260414;120915;5420.0;8
LKOH;0;20260414;120915;5420.0;8
LKOH;0;20260414;120915;5420.0;37
LKOH;0;20260414;120915;5420.0;8
LKOH;0;20260414;120915;5420.0;4
LKOH;0;20260414;120915;5420.0;8
LKOH;0;20260414;120915;5420.5;8
LKOH;0;20260414;120915;5420.5;8
LKOH;0;20260414;120917;5420.0;11
LKOH;0;20260414;120917;5420.0;13
LKOH;0;20260414;120924;5420.0;23
LKOH;0;20260414;120924;5420.0;2
LKOH;0;20260414;120924;5419.5;2
LKOH;0;20260414;120924;5419.5;1
LKOH;0;20260414;120924;5419.5;11
LKOH;0;20260414;120924;5419.0;1
LKOH;0;20260414;120924;5419.0;1
LKOH;0;20260414;120924;5419.0;2
LKOH;0;20260414;120924;5419.0;5
LKOH;0;20260414;120924;5418.5;1
LKOH;0;20260414;120924;5418.5;3
LKOH;0;20260414;120924;5418.5;2
LKOH;0;20260414;120924;5418.5;50
LKOH;0;20260414;120924;5418.5;2
LKOH;0;20260414;120924;5418.5;50
LKOH;0;20260414;120924;5418.0;13
LKOH;0;20260414;120938;5419.0;36
LKOH;0;20260414;120938;5419.0;64
LKOH;0;20260414;120942;5419.0;1
LKOH;0;20260414;120944;5418.5;25
LKOH;0;20260414;120946;5419.0;2
LKOH;0;20260414;120951;5418.5;5
LKOH;0;20260414;120952;5419.0;1
LKOH;0;20260414;121001;5418.5;2
LKOH;0;20260414;121004;5418.5;2
LKOH;0;20260414;121010;5418.5;1
LKOH;0;20260414;121016;5419.0;26
LKOH;0;20260414;121016;5419.0;25
LKOH;0;20260414;121016;5419.0;1
LKOH;0;20260414;121016;5419.0;18
LKOH;0;20260414;121016;5419.0;46
LKOH;0;20260414;121016;5419.0;5
LKOH;0;20260414;121016;5419.0;11
LKOH;0;20260414;121016;5419.0;8
LKOH;0;20260414;121016;5419.0;8
LKOH;0;20260414;121016;5419.0;37
LKOH;0;20260414;121016;5419.0;33
LKOH;0;20260414;121016;5419.0;33
LKOH;0;20260414;121017;5419.0;147
LKOH;0;20260414;121024;5419.0;100
LKOH;0;20260414;121039;5419.0;1
LKOH;0;20260414;121044;5419.5;2
LKOH;0;20260414;121044;5419.0;1
LKOH;0;20260414;121045;5419.0;300
LKOH;0;20260414;121045;5419.0;36
LKOH;0;20260414;121045;5419.0;1
LKOH;0;20260414;121045;5419.0;40
LKOH;0;20260414;121045;5419.0;50
LKOH;0;20260414;121045;5419.0;1
LKOH;0;20260414;121051;5418.5;1
LKOH;0;20260414;121051;5418.5;4
LKOH;0;20260414;121053;5419.0;1
LKOH;0;20260414;121058;5419.0;1
LKOH;0;20260414;121104;5418.5;32
LKOH;0;20260414;121104;5418.5;1
LKOH;0;20260414;121104;5418.5;50
LKOH;0;20260414;121104;5418.0;1
LKOH;0;20260414;121104;5418.0;25
LKOH;0;20260414;121104;5418.5;36
LKOH;0;20260414;121105;5418.5;1
LKOH;0;20260414;121107;5418.5;1
LKOH;0;20260414;121110;5418.5;5
LKOH;0;20260414;121119;5418.0;1
LKOH;0;20260414;121119;5418.0;6
LKOH;0;20260414;121121;5418.5;7
LKOH;0;20260414;121121;5418.5;13
LKOH;0;20260414;121122;5418.0;390
LKOH;0;20260414;121124;5418.0;115
LKOH;0;20260414;121141;5418.5;3
LKOH;0;20260414;121151;5418.0;5
LKOH;0;20260414;121203;5418.0;157
LKOH;0;20260414;121203;5418.5;1
LKOH;0;20260414;121204;5418.5;2
LKOH;0;20260414;121204;5418.0;42
LKOH;0;20260414;121205;5418.5;1
LKOH;0;20260414;121205;5418.5;5
LKOH;0;20260414;121205;5418.5;2
LKOH;0;20260414;121206;5418.5;2
LKOH;0;20260414;121214;5418.0;285
LKOH;0;20260414;121214;5418.0;36
LKOH;0;20260414;121214;5418.0;1
LKOH;0;20260414;121214;5418.0;252
LKOH;0;20260414;121221;5418.5;1
LKOH;0;20260414;121222;5418.0;36
LKOH;0;20260414;121222;5418.0;1
LKOH;0;20260414;121222;5417.5;113
LKOH;0;20260414;121222;5417.5;3
LKOH;0;20260414;121222;5417.5;8
LKOH;0;20260414;121222;5417.5;8
LKOH;0;20260414;121224;5418.0;5
LKOH;0;20260414;121224;5417.5;9
LKOH;0;20260414;121224;5417.5;2
LKOH;0;20260414;121224;5417.5;36
LKOH;0;20260414;121224;5417.5;1
LKOH;0;20260414;121224;5417.5;2
LKOH;0;20260414;121224;5417.5;36
LKOH;0;20260414;121224;5417.0;1
LKOH;0;20260414;121224;5417.0;2
LKOH;0;20260414;121224;5417.0;2
LKOH;0;20260414;121224;5417.0;5
LKOH;0;20260414;121224;5417.0;5
LKOH;0;20260414;121224;5417.0;10
LKOH;0;20260414;121224;5417.0;1
LKOH;0;20260414;121224;5417.0;5
LKOH;0;20260414;121224;5417.0;1
LKOH;0;20260414;121224;5417.0;71
LKOH;0;20260414;121224;5417.5;36
LKOH;0;20260414;121225;5417.5;1
LKOH;0;20260414;121225;5417.0;13
LKOH;0;20260414;121225;5417.0;11
LKOH;0;20260414;121225;5417.0;11
LKOH;0;20260414;121226;5417.0;1
LKOH;0;20260414;121226;5417.0;2
LKOH;0;20260414;121227;5417.0;1
LKOH;0;20260414;121227;5417.0;2
LKOH;0;20260414;121229;5417.5;1
LKOH;0;20260414;121235;5417.0;125
LKOH;0;20260414;121236;5417.0;7
LKOH;0;20260414;121236;5417.0;7
LKOH;0;20260414;121244;5417.0;55
LKOH;0;20260414;121245;5417.0;3
LKOH;0;20260414;121245;5417.0;3
LKOH;0;20260414;121250;5417.5;1
LKOH;0;20260414;121251;5417.0;5
LKOH;0;20260414;121304;5417.0;3
LKOH;0;20260414;121305;5417.5;3
LKOH;0;20260414;121305;5417.5;2
LKOH;0;20260414;121311;5417.0;1
LKOH;0;20260414;121312;5417.0;1
LKOH;0;20260414;121312;5417.0;1
LKOH;0;20260414;121321;5417.5;1
LKOH;0;20260414;121324;5417.0;2
LKOH;0;20260414;121327;5417.0;100
LKOH;0;20260414;121328;5417.0;5
LKOH;0;20260414;121328;5417.0;6
LKOH;0;20260414;121328;5417.5;1
LKOH;0;20260414;121332;5417.5;4
LKOH;0;20260414;121334;5417.5;1
LKOH;0;20260414;121343;5417.5;1
LKOH;0;20260414;121343;5417.5;2
LKOH;0;20260414;121344;5417.0;30
LKOH;0;20260414;121345;5417.5;2
LKOH;0;20260414;121345;5417.0;2
LKOH;0;20260414;121345;5417.0;2
LKOH;0;20260414;121349;5417.0;8
LKOH;0;20260414;121351;5417.0;5
LKOH;0;20260414;121352;5417.0;2
LKOH;0;20260414;121352;5417.0;1
LKOH;0;20260414;121352;5417.0;1
LKOH;0;20260414;121354;5417.5;5
LKOH;0;20260414;121355;5417.5;31
LKOH;0;20260414;121355;5417.5;18
LKOH;0;20260414;121355;5417.5;46
LKOH;0;20260414;121355;5417.5;65
LKOH;0;20260414;121355;5417.5;1
LKOH;0;20260414;121355;5417.5;5
LKOH;0;20260414;121355;5417.5;8
LKOH;0;20260414;121355;5417.5;8
LKOH;0;20260414;121355;5417.5;8
LKOH;0;20260414;121355;5417.5;3
LKOH;0;20260414;121355;5417.5;5
LKOH;0;20260414;121355;5417.5;8
LKOH;0;20260414;121355;5417.5;8
LKOH;0;20260414;121355;5417.5;8
LKOH;0;20260414;121355;5417.5;12
LKOH;0;20260414;121355;5418.0;5
LKOH;0;20260414;121355;5418.0;1
LKOH;0;20260414;121355;5418.0;26
LKOH;0;20260414;121355;5418.0;24
LKOH;0;20260414;121355;5418.0;1
LKOH;0;20260414;121355;5418.0;4
LKOH;0;20260414;121355;5418.0;1
LKOH;0;20260414;121355;5418.0;5
LKOH;0;20260414;121355;5418.0;28
LKOH;0;20260414;121355;5418.0;1
LKOH;0;20260414;121355;5418.0;1
LKOH;0;20260414;121355;5418.0;30
LKOH;0;20260414;121355;5418.5;1
LKOH;0;20260414;121355;5418.5;1
LKOH;0;20260414;121355;5418.5;3
LKOH;0;20260414;121355;5418.5;10
LKOH;0;20260414;121355;5418.5;24
LKOH;0;20260414;121355;5418.0;11
LKOH;0;20260414;121356;5417.5;22
LKOH;0;20260414;121356;5417.5;14
LKOH;0;20260414;121356;5417.5;9
LKOH;0;20260414;121356;5417.5;1
LKOH;0;20260414;121356;5417.5;36
LKOH;0;20260414;121356;5417.5;13
LKOH;0;20260414;121357;5417.5;3
LKOH;0;20260414;121357;5417.5;4
LKOH;0;20260414;121357;5417.5;1
LKOH;0;20260414;121358;5417.5;28
LKOH;0;20260414;121358;5417.5;3
LKOH;0;20260414;121358;5417.0;58
LKOH;0;20260414;121359;5417.0;5
LKOH;0;20260414;121359;5417.0;5
LKOH;0;20260414;121359;5417.0;28
LKOH;0;20260414;121359;5417.0;28
LKOH;0;20260414;121359;5417.0;13
LKOH;0;20260414;121400;5417.0;1
LKOH;0;20260414;121400;5417.0;2
LKOH;0;20260414;121400;5417.0;28
LKOH;0;20260414;121400;5417.0;28
LKOH;0;20260414;121400;5417.0;13
LKOH;0;20260414;121401;5417.0;2
LKOH;0;20260414;121401;5417.0;2
LKOH;0;20260414;121401;5417.0;4
LKOH;0;20260414;121401;5417.0;4
LKOH;0;20260414;121404;5417.0;199
LKOH;0;20260414;121405;5417.0;11
LKOH;0;20260414;121405;5417.0;11
LKOH;0;20260414;121413;5417.5;5
LKOH;0;20260414;121415;5417.0;3
LKOH;0;20260414;121419;5417.5;3
LKOH;0;20260414;121420;5417.0;1
LKOH;0;20260414;121420;5417.0;1
LKOH;0;20260414;121424;5417.0;8
LKOH;0;20260414;121431;5417.0;4
LKOH;0;20260414;121444;5417.0;1
LKOH;0;20260414;121445;5417.5;100
LKOH;0;20260414;121446;5417.0;6
LKOH;0;20260414;121446;5417.0;6
LKOH;0;20260414;121449;5417.0;1
LKOH;0;20260414;121450;5417.5;1
LKOH;0;20260414;121451;5417.0;5
LKOH;0;20260414;121456;5417.0;8
LKOH;0;20260414;121457;5417.0;1
LKOH;0;20260414;121457;5417.0;1
LKOH;0;20260414;121504;5417.0;33
LKOH;0;20260414;121505;5417.0;2
LKOH;0;20260414;121505;5417.0;2
LKOH;0;20260414;121505;5417.0;2
LKOH;0;20260414;121509;5417.0;391
LKOH;0;20260414;121510;5417.0;20
LKOH;0;20260414;121510;5417.0;21
LKOH;0;20260414;121510;5417.0;22
LKOH;0;20260414;121511;5417.0;1
LKOH;0;20260414;121511;5417.0;1
LKOH;0;20260414;121514;5417.0;2
LKOH;0;20260414;121515;5417.0;8
LKOH;0;20260414;121515;5417.0;3
LKOH;0;20260414;121515;5417.0;1
LKOH;0;20260414;121515;5417.0;1
LKOH;0;20260414;121517;5417.5;2
LKOH;0;20260414;121517;5417.5;67
LKOH;0;20260414;121517;5417.5;2
LKOH;0;20260414;121518;5417.0;4
LKOH;0;20260414;121518;5417.0;4
LKOH;0;20260414;121519;5417.0;10
LKOH;0;20260414;121519;5417.5;1
LKOH;0;20260414;121520;5417.5;3
LKOH;0;20260414;121524;5417.0;142
LKOH;0;20260414;121525;5417.0;8
LKOH;0;20260414;121525;5417.0;9
LKOH;0;20260414;121528;5417.5;1
LKOH;0;20260414;121533;5417.5;1
LKOH;0;20260414;121533;5417.5;1
LKOH;0;20260414;121544;5417.0;5
LKOH;0;20260414;121548;5417.5;2
LKOH;0;20260414;121549;5417.5;1
LKOH;0;20260414;121551;5417.0;5
LKOH;0;20260414;121552;5417.0;1
LKOH;0;20260414;121552;5417.0;1
LKOH;0;20260414;121601;5417.5;2
LKOH;0;20260414;121604;5417.0;2
LKOH;0;20260414;121604;5417.0;4
LKOH;0;20260414;121606;5417.0;25
LKOH;0;20260414;121607;5417.0;2
LKOH;0;20260414;121607;5417.0;2
LKOH;0;20260414;121607;5417.0;25
LKOH;0;20260414;121608;5417.0;1
LKOH;0;20260414;121608;5417.0;1
LKOH;0;20260414;121609;5417.5;24
LKOH;0;20260414;121610;5417.0;1
LKOH;0;20260414;121610;5417.0;2
LKOH;0;20260414;121614;5417.5;1
LKOH;0;20260414;121614;5417.5;1
LKOH;0;20260414;121619;5417.5;1
LKOH;0;20260414;121619;5417.0;25
LKOH;0;20260414;121620;5417.0;1
LKOH;0;20260414;121620;5417.0;2
LKOH;0;20260414;121622;5417.5;10
LKOH;0;20260414;121622;5417.5;18
LKOH;0;20260414;121622;5417.5;46
LKOH;0;20260414;121622;5417.5;65
LKOH;0;20260414;121622;5417.5;8
LKOH;0;20260414;121622;5417.5;8
LKOH;0;20260414;121622;5417.5;8
LKOH;0;20260414;121622;5417.5;8
LKOH;0;20260414;121622;5417.5;8
LKOH;0;20260414;121622;5417.5;1
LKOH;0;20260414;121623;5417.0;10
LKOH;0;20260414;121623;5417.0;10
LKOH;0;20260414;121624;5417.0;78
LKOH;0;20260414;121625;5417.0;4
LKOH;0;20260414;121625;5417.0;5
LKOH;0;20260414;121628;5417.0;25
LKOH;0;20260414;121628;5417.0;25
LKOH;0;20260414;121628;5417.0;4
LKOH;0;20260414;121629;5417.0;25
LKOH;0;20260414;121629;5417.0;1
LKOH;0;20260414;121629;5417.0;2
LKOH;0;20260414;121630;5417.0;5
LKOH;0;20260414;121630;5417.0;2
LKOH;0;20260414;121630;5417.0;3
LKOH;0;20260414;121630;5417.0;6
LKOH;0;20260414;121631;5417.0;5
LKOH;0;20260414;121631;5417.0;1
LKOH;0;20260414;121631;5417.0;1
LKOH;0;20260414;121631;5417.0;5
LKOH;0;20260414;121632;5417.0;5
LKOH;0;20260414;121635;5417.5;1
LKOH;0;20260414;121636;5417.0;1
LKOH;0;20260414;121636;5417.0;1
LKOH;0;20260414;121639;5417.5;6
LKOH;0;20260414;121639;5417.5;8
LKOH;0;20260414;121639;5417.5;6
LKOH;0;20260414;121640;5417.0;1
LKOH;0;20260414;121640;5417.0;1
LKOH;0;20260414;121641;5417.5;1
LKOH;0;20260414;121644;5417.0;38
LKOH;0;20260414;121645;5417.0;25
LKOH;0;20260414;121645;5417.0;2
LKOH;0;20260414;121645;5417.0;2
LKOH;0;20260414;121646;5417.5;1
LKOH;0;20260414;121646;5417.0;1
LKOH;0;20260414;121646;5417.0;2
LKOH;0;20260414;121651;5417.0;5
LKOH;0;20260414;121658;5417.5;1
LKOH;0;20260414;121700;5417.0;20
LKOH;0;20260414;121700;5417.0;1
LKOH;0;20260414;121701;5417.0;1
LKOH;0;20260414;121701;5417.0;2
LKOH;0;20260414;121701;5417.0;6
LKOH;0;20260414;121704;5417.0;17
LKOH;0;20260414;121705;5417.0;1
LKOH;0;20260414;121705;5417.0;2
LKOH;0;20260414;121707;5417.0;40
LKOH;0;20260414;121708;5417.0;2
LKOH;0;20260414;121708;5417.0;2
LKOH;0;20260414;121714;5417.0;40
LKOH;0;20260414;121715;5417.0;2
LKOH;0;20260414;121715;5417.0;2
LKOH;0;20260414;121716;5417.0;2
LKOH;0;20260414;121716;5417.0;45
LKOH;0;20260414;121717;5417.0;3
LKOH;0;20260414;121717;5417.0;3
LKOH;0;20260414;121721;5417.0;10
LKOH;0;20260414;121724;5417.0;38
LKOH;0;20260414;121725;5417.0;2
LKOH;0;20260414;121725;5417.0;3
LKOH;0;20260414;121744;5417.0;2
LKOH;0;20260414;121750;5417.5;1
LKOH;0;20260414;121751;5417.0;5
LKOH;0;20260414;121757;5417.5;1
LKOH;0;20260414;121757;5417.5;3
LKOH;0;20260414;121758;5417.5;1
LKOH;0;20260414;121802;5417.5;1
LKOH;0;20260414;121803;5417.0;1
LKOH;0;20260414;121803;5417.0;1
LKOH;0;20260414;121804;5417.0;3
LKOH;0;20260414;121813;5417.0;90
LKOH;0;20260414;121814;5417.0;5
LKOH;0;20260414;121814;5417.0;5
LKOH;0;20260414;121824;5417.0;1
LKOH;0;20260414;121824;5417.0;25
LKOH;0;20260414;121825;5417.0;1
LKOH;0;20260414;121825;5417.0;2
LKOH;0;20260414;121839;5417.0;250
LKOH;0;20260414;121840;5417.0;2097
LKOH;0;20260414;121840;5417.0;7
LKOH;0;20260414;121840;5417.0;1
LKOH;0;20260414;121840;5417.0;2
LKOH;0;20260414;121840;5417.0;50
LKOH;0;20260414;121840;5417.0;1
LKOH;0;20260414;121840;5417.0;1
LKOH;0;20260414;121840;5417.0;1
LKOH;0;20260414;121840;5417.0;36
LKOH;0;20260414;121840;5417.0;252
LKOH;0;20260414;121840;5417.0;1
LKOH;0;20260414;121840;5417.0;1
LKOH;0;20260414;121840;5417.0;9
LKOH;0;20260414;121840;5417.0;1
LKOH;0;20260414;121840;5417.0;2
LKOH;0;20260414;121840;5417.0;1
LKOH;0;20260414;121840;5417.0;2
LKOH;0;20260414;121840;5417.0;2
LKOH;0;20260414;121840;5416.5;1
LKOH;0;20260414;121840;5416.5;2
LKOH;0;20260414;121840;5416.5;1
LKOH;0;20260414;121840;5416.5;13
LKOH;0;20260414;121840;5416.5;27
LKOH;0;20260414;121840;5416.0;10
LKOH;0;20260414;121840;5416.0;1
LKOH;0;20260414;121840;5416.0;2
LKOH;0;20260414;121840;5416.0;2
LKOH;0;20260414;121840;5416.0;1
LKOH;0;20260414;121840;5415.5;17
LKOH;0;20260414;121840;5415.5;1
LKOH;0;20260414;121840;5415.5;27
LKOH;0;20260414;121840;5416.0;80
LKOH;0;20260414;121840;5416.5;62
LKOH;0;20260414;121840;5417.0;30
LKOH;0;20260414;121840;5417.0;25
LKOH;0;20260414;121840;5417.0;28
LKOH;0;20260414;121840;5415.0;14
LKOH;0;20260414;121840;5415.0;14
LKOH;0;20260414;121840;5415.0;1
LKOH;0;20260414;121841;5415.5;1
LKOH;0;20260414;121841;5415.0;71
LKOH;0;20260414;121841;5415.0;1
LKOH;0;20260414;121841;5415.0;52
LKOH;0;20260414;121841;5415.0;3
LKOH;0;20260414;121841;5415.0;27
LKOH;0;20260414;121841;5415.0;23
LKOH;0;20260414;121841;5415.0;1
LKOH;0;20260414;121841;5415.0;1
LKOH;0;20260414;121841;5415.0;130
LKOH;0;20260414;121841;5415.0;25
LKOH;0;20260414;121841;5415.0;25
LKOH;0;20260414;121841;5415.0;25
LKOH;0;20260414;121841;5415.0;25
LKOH;0;20260414;121841;5415.0;22
LKOH;0;20260414;121841;5415.0;1
LKOH;0;20260414;121841;5415.0;2
LKOH;0;20260414;121841;5415.0;30
LKOH;0;20260414;121841;5415.0;50
LKOH;0;20260414;121841;5415.0;35
LKOH;0;20260414;121841;5415.0;1
LKOH;0;20260414;121842;5415.0;1
LKOH;0;20260414;121842;5415.0;1
LKOH;0;20260414;121842;5415.0;1
LKOH;0;20260414;121842;5415.0;13
LKOH;0;20260414;121842;5415.0;13
LKOH;0;20260414;121844;5415.0;105
LKOH;0;20260414;121844;5414.5;50
LKOH;0;20260414;121844;5414.5;2
LKOH;0;20260414;121844;5414.0;10
LKOH;0;20260414;121844;5414.0;2
LKOH;0;20260414;121844;5414.0;1
LKOH;0;20260414;121844;5414.0;1
LKOH;0;20260414;121844;5413.5;1
LKOH;0;20260414;121844;5413.5;2
LKOH;0;20260414;121844;5413.5;1
LKOH;0;20260414;121844;5413.0;2
LKOH;0;20260414;121844;5413.0;1
LKOH;0;20260414;121844;5413.0;1
LKOH;0;20260414;121844;5413.0;2
LKOH;0;20260414;121844;5413.0;9
LKOH;0;20260414;121844;5413.0;100
LKOH;0;20260414;121844;5412.5;1
LKOH;0;20260414;121844;5412.5;11
LKOH;0;20260414;121844;5412.5;1
LKOH;0;20260414;121844;5412.5;1
LKOH;0;20260414;121844;5412.5;1
LKOH;0;20260414;121844;5412.5;60
LKOH;0;20260414;121844;5412.0;382
LKOH;0;20260414;121844;5412.0;2
LKOH;0;20260414;121844;5412.0;1
LKOH;0;20260414;121844;5412.0;1
LKOH;0;20260414;121844;5412.0;2
LKOH;0;20260414;121844;5412.0;100
LKOH;0;20260414;121844;5412.0;1
LKOH;0;20260414;121844;5412.0;1
LKOH;0;20260414;121844;5412.0;60
LKOH;0;20260414;121844;5415.0;25
LKOH;0;20260414;121844;5415.0;30
LKOH;0;20260414;121844;5415.0;20
LKOH;0;20260414;121844;5415.0;20
LKOH;0;20260414;121844;5415.0;120
LKOH;0;20260414;121844;5415.0;24
LKOH;0;20260414;121844;5415.0;13
LKOH;0;20260414;121845;5412.5;21
LKOH;0;20260414;121845;5412.5;89
LKOH;0;20260414;121845;5412.5;2
LKOH;0;20260414;121845;5412.5;51
LKOH;0;20260414;121845;5412.5;51
LKOH;0;20260414;121846;5412.5;17
LKOH;0;20260414;121846;5412.5;18
LKOH;0;20260414;121847;5412.0;2
LKOH;0;20260414;121847;5412.0;2
LKOH;0;20260414;121847;5412.0;10
LKOH;0;20260414;121848;5412.0;1
LKOH;0;20260414;121848;5412.0;1
LKOH;0;20260414;121851;5412.0;5
LKOH;0;20260414;121853;5412.5;1
LKOH;0;20260414;121854;5412.0;19
LKOH;0;20260414;121855;5412.0;1
LKOH;0;20260414;121855;5412.0;2
LKOH;0;20260414;121902;5412.5;1
LKOH;0;20260414;121904;5412.0;75
LKOH;0;20260414;121904;5412.0;18
LKOH;0;20260414;121904;5412.0;44
LKOH;0;20260414;121905;5412.0;8
LKOH;0;20260414;121905;5412.0;1
LKOH;0;20260414;121905;5412.0;7
LKOH;0;20260414;121908;5412.5;1
LKOH;0;20260414;121908;5412.5;2
LKOH;0;20260414;121916;5412.0;1
LKOH;0;20260414;121916;5412.0;44
LKOH;0;20260414;121917;5412.0;2
LKOH;0;20260414;121917;5412.0;3
LKOH;0;20260414;121917;5412.0;6
LKOH;0;20260414;121918;5412.5;1
LKOH;0;20260414;121922;5412.5;1
LKOH;0;20260414;121922;5412.5;3
LKOH;0;20260414;121924;5412.0;20
LKOH;0;20260414;121925;5412.5;20
LKOH;0;20260414;121925;5412.0;2
LKOH;0;20260414;121925;5412.0;2
LKOH;0;20260414;121926;5412.0;1
LKOH;0;20260414;121926;5412.0;1
LKOH;0;20260414;121927;5412.5;1
LKOH;0;20260414;121932;5412.5;1
LKOH;0;20260414;121944;5412.0;7
LKOH;0;20260414;121951;5412.0;5
LKOH;0;20260414;122000;5412.0;7
LKOH;0;20260414;122000;5412.0;2
LKOH;0;20260414;122000;5412.0;1
LKOH;0;20260414;122000;5412.0;1
LKOH;0;20260414;122000;5412.0;8
LKOH;0;20260414;122001;5412.0;1
LKOH;0;20260414;122001;5412.0;1
LKOH;0;20260414;122004;5412.0;6
LKOH;0;20260414;122005;5412.0;1
LKOH;0;20260414;122005;5412.0;1
LKOH;0;20260414;122013;5412.5;1
LKOH;0;20260414;122020;5412.5;17
LKOH;0;20260414;122020;5412.5;1
LKOH;0;20260414;122020;5412.5;10
LKOH;0;20260414;122020;5412.5;1
LKOH;0;20260414;122020;5412.5;692
LKOH;0;20260414;122020;5412.5;8
LKOH;0;20260414;122020;5412.5;8
LKOH;0;20260414;122020;5412.5;1
LKOH;0;20260414;122020;5412.5;13
LKOH;0;20260414;122020;5413.0;1
LKOH;0;20260414;122020;5413.0;8
LKOH;0;20260414;122020;5413.0;8
LKOH;0;20260414;122020;5413.0;8
LKOH;0;20260414;122020;5413.0;8
LKOH;0;20260414;122020;5413.0;216
LKOH;0;20260414;122021;5412.5;7
LKOH;0;20260414;122021;5412.5;30
LKOH;0;20260414;122021;5412.5;18
LKOH;0;20260414;122021;5412.5;32
LKOH;0;20260414;122021;5412.5;7
LKOH;0;20260414;122021;5412.5;17
LKOH;0;20260414;122021;5412.5;33
LKOH;0;20260414;122021;5412.5;13
LKOH;0;20260414;122021;5412.5;4
LKOH;0;20260414;122022;5412.5;3
LKOH;0;20260414;122022;5412.5;3
LKOH;0;20260414;122024;5412.5;65
LKOH;0;20260414;122024;5412.5;27
LKOH;0;20260414;122024;5412.5;30
LKOH;0;20260414;122024;5412.5;38
LKOH;0;20260414;122024;5412.5;11
LKOH;0;20260414;122024;5412.0;27
LKOH;0;20260414;122024;5412.0;95
LKOH;0;20260414;122025;5412.0;5
LKOH;0;20260414;122025;5412.0;11
LKOH;0;20260414;122025;5412.0;16
LKOH;0;20260414;122026;5412.5;1
LKOH;0;20260414;122031;5413.0;1
LKOH;0;20260414;122032;5413.0;1
LKOH;0;20260414;122039;5412.5;9
LKOH;0;20260414;122039;5412.5;1
LKOH;0;20260414;122040;5412.0;1
LKOH;0;20260414;122040;5412.0;1
LKOH;0;20260414;122042;5412.5;1
LKOH;0;20260414;122042;5413.0;2
LKOH;0;20260414;122044;5412.0;77
LKOH;0;20260414;122044;5412.0;31
LKOH;0;20260414;122044;5412.0;5
LKOH;0;20260414;122044;5412.0;4
LKOH;0;20260414;122045;5412.0;1
LKOH;0;20260414;122045;5412.0;1
LKOH;0;20260414;122049;5412.0;1
LKOH;0;20260414;122051;5412.0;5
LKOH;0;20260414;122052;5412.0;77
LKOH;0;20260414;122052;5412.0;1
LKOH;0;20260414;122052;5412.0;1
LKOH;0;20260414;122053;5412.0;4
LKOH;0;20260414;122053;5412.0;4
LKOH;0;20260414;122057;5412.5;1
LKOH;0;20260414;122057;5412.5;2
LKOH;0;20260414;122059;5412.0;5
LKOH;0;20260414;122102;5412.5;3
LKOH;0;20260414;122102;5412.5;8
LKOH;0;20260414;122102;5412.5;30
LKOH;0;20260414;122102;5412.5;1
LKOH;0;20260414;122102;5412.5;33
LKOH;0;20260414;122102;5412.5;9
LKOH;0;20260414;122102;5412.5;9
LKOH;0;20260414;122102;5412.5;1
LKOH;0;20260414;122102;5413.0;134
LKOH;0;20260414;122102;5413.0;3
LKOH;0;20260414;122102;5413.0;3
LKOH;0;20260414;122102;5413.0;1
LKOH;0;20260414;122102;5413.0;8
LKOH;0;20260414;122102;5413.0;1
LKOH;0;20260414;122102;5413.0;30
LKOH;0;20260414;122102;5413.0;5
LKOH;0;20260414;122102;5413.0;1
LKOH;0;20260414;122102;5413.0;33
LKOH;0;20260414;122102;5413.5;33
LKOH;0;20260414;122102;5413.5;7
LKOH;0;20260414;122102;5413.5;6
LKOH;0;20260414;122102;5413.5;13
LKOH;0;20260414;122102;5413.5;9
LKOH;0;20260414;122102;5413.5;5
LKOH;0;20260414;122102;5413.5;15
LKOH;0;20260414;122102;5413.5;30
LKOH;0;20260414;122102;5413.5;3
LKOH;0;20260414;122102;5413.5;33
LKOH;0;20260414;122103;5414.0;8
LKOH;0;20260414;122103;5414.0;1
LKOH;0;20260414;122103;5414.0;7
LKOH;0;20260414;122103;5414.0;8
LKOH;0;20260414;122103;5414.0;8
LKOH;0;20260414;122103;5414.0;5
LKOH;0;20260414;122103;5413.5;10
LKOH;0;20260414;122104;5413.5;9
LKOH;0;20260414;122104;5413.5;9
LKOH;0;20260414;122104;5413.5;11
LKOH;0;20260414;122104;5413.5;50
LKOH;0;20260414;122104;5413.5;50
LKOH;0;20260414;122104;5413.5;50
LKOH;0;20260414;122105;5413.5;2
LKOH;0;20260414;122105;5413.5;2
LKOH;0;20260414;122106;5413.5;9
LKOH;0;20260414;122106;5413.5;5
LKOH;0;20260414;122106;5413.5;5
LKOH;0;20260414;122109;5414.0;33
LKOH;0;20260414;122109;5414.0;8
LKOH;0;20260414;122109;5415.0;1
LKOH;0;20260414;122109;5415.5;1
LKOH;0;20260414;122109;5415.5;2
LKOH;0;20260414;122109;5415.5;5
LKOH;0;20260414;122109;5414.5;30
LKOH;0;20260414;122109;5414.0;2
LKOH;0;20260414;122109;5414.0;1
LKOH;0;20260414;122109;5414.5;1
LKOH;0;20260414;122109;5414.5;15
LKOH;0;20260414;122109;5414.5;30
LKOH;0;20260414;122109;5414.5;18
LKOH;0;20260414;122109;5414.5;13
LKOH;0;20260414;122110;5414.5;2
LKOH;0;20260414;122110;5414.5;3
LKOH;0;20260414;122111;5415.0;6
LKOH;0;20260414;122111;5415.0;6
LKOH;0;20260414;122111;5415.5;8
LKOH;0;20260414;122119;5416.5;1
LKOH;0;20260414;122119;5416.5;1
LKOH;0;20260414;122119;5416.5;17
LKOH;0;20260414;122120;5416.5;2
LKOH;0;20260414;122120;5416.5;2
LKOH;0;20260414;122120;5416.5;9
LKOH;0;20260414;122120;5416.5;9
LKOH;0;20260414;122120;5416.5;3
LKOH;0;20260414;122120;5416.5;34
LKOH;0;20260414;122120;5416.5;22
LKOH;0;20260414;122121;5416.5;4
LKOH;0;20260414;122121;5416.5;4
LKOH;0;20260414;122124;5416.5;30
LKOH;0;20260414;122124;5416.5;49
LKOH;0;20260414;122125;5416.5;4
LKOH;0;20260414;122125;5416.5;5
LKOH;0;20260414;122143;5416.0;1
LKOH;0;20260414;122144;5416.0;3
LKOH;0;20260414;122151;5416.0;6
LKOH;0;20260414;122204;5416.0;1
LKOH;0;20260414;122209;5416.0;19
LKOH;0;20260414;122210;5416.0;1
LKOH;0;20260414;122210;5416.0;2
LKOH;0;20260414;122212;5416.5;1
LKOH;0;20260414;122219;5416.5;1
LKOH;0;20260414;122219;5416.5;1
LKOH;0;20260414;122219;5417.0;10
LKOH;0;20260414;122220;5416.5;1
LKOH;0;20260414;122220;5416.5;1
LKOH;0;20260414;122224;5416.5;4
LKOH;0;20260414;122224;5416.5;1
LKOH;0;20260414;122224;5416.5;4
LKOH;0;20260414;122224;5416.5;1
LKOH;0;20260414;122232;5416.5;1
LKOH;0;20260414;122233;5417.0;1
LKOH;0;20260414;122234;5416.5;6
LKOH;0;20260414;122235;5416.5;1
LKOH;0;20260414;122235;5416.5;1
LKOH;0;20260414;122238;5417.0;8
LKOH;0;20260414;122238;5417.0;2
LKOH;0;20260414;122243;5417.0;10
LKOH;0;20260414;122243;5417.0;7
LKOH;0;20260414;122243;5417.0;1
LKOH;0;20260414;122244;5417.0;1
LKOH;0;20260414;122244;5417.0;1
LKOH;0;20260414;122244;5417.0;1
LKOH;0;20260414;122244;5417.0;1
LKOH;0;20260414;122244;5417.0;1
LKOH;0;20260414;122244;5417.0;5
LKOH;0;20260414;122245;5417.0;5
LKOH;0;20260414;122245;5417.0;3
LKOH;0;20260414;122245;5417.0;1
LKOH;0;20260414;122245;5417.0;1
LKOH;0;20260414;122251;5417.5;2
LKOH;0;20260414;122252;5417.0;5
LKOH;0;20260414;122257;5417.5;1
LKOH;0;20260414;122303;5417.0;46
LKOH;0;20260414;122303;5417.0;1
LKOH;0;20260414;122303;5417.0;1
LKOH;0;20260414;122303;5416.5;8
LKOH;0;20260414;122303;5416.5;30
LKOH;0;20260414;122303;5416.5;1
LKOH;0;20260414;122303;5416.5;8
LKOH;0;20260414;122303;5416.5;1
LKOH;0;20260414;122303;5416.5;1
LKOH;0;20260414;122303;5416.5;2
LKOH;0;20260414;122303;5416.5;1
LKOH;0;20260414;122303;5416.5;13
LKOH;0;20260414;122303;5416.5;3
LKOH;0;20260414;122303;5416.5;3
LKOH;0;20260414;122303;5416.5;7
LKOH;0;20260414;122303;5416.5;22
LKOH;0;20260414;122303;5416.0;5
LKOH;0;20260414;122303;5416.0;1
LKOH;0;20260414;122303;5416.0;30
LKOH;0;20260414;122303;5416.0;13
LKOH;0;20260414;122303;5416.0;3
LKOH;0;20260414;122304;5415.5;12
LKOH;0;20260414;122304;5415.5;16
LKOH;0;20260414;122304;5415.5;12
LKOH;0;20260414;122304;5415.5;12
LKOH;0;20260414;122304;5415.5;18
LKOH;0;20260414;122304;5415.5;46
LKOH;0;20260414;122304;5415.5;4
LKOH;0;20260414;122305;5416.0;2
LKOH;0;20260414;122305;5415.5;1
LKOH;0;20260414;122305;5415.5;2
LKOH;0;20260414;122306;5415.5;3
LKOH;0;20260414;122306;5415.5;4
LKOH;0;20260414;122312;5415.5;3
LKOH;0;20260414;122322;5415.0;2
LKOH;0;20260414;122324;5414.5;1
LKOH;0;20260414;122324;5414.5;3
LKOH;0;20260414;122325;5414.5;1
LKOH;0;20260414;122325;5414.5;1
LKOH;0;20260414;122333;5415.0;1
LKOH;0;20260414;122336;5415.0;2
LKOH;0;20260414;122340;5414.5;1
LKOH;0;20260414;122340;5414.5;1
LKOH;0;20260414;122340;5414.5;1
LKOH;0;20260414;122344;5414.5;2
LKOH;0;20260414;122352;5414.5;5
LKOH;0;20260414;122402;5415.0;1
LKOH;0;20260414;122405;5414.5;2
LKOH;0;20260414;122430;5415.0;1
LKOH;0;20260414;122435;5415.0;1
LKOH;0;20260414;122436;5414.5;1
LKOH;0;20260414;122436;5414.5;1
LKOH;0;20260414;122437;5415.0;2
LKOH;0;20260414;122443;5415.0;3
LKOH;0;20260414;122445;5414.5;1
LKOH;0;20260414;122445;5414.5;1
LKOH;0;20260414;122446;5414.5;1
LKOH;0;20260414;122448;5414.5;5
LKOH;0;20260414;122452;5414.0;5
LKOH;0;20260414;122453;5414.0;1
LKOH;0;20260414;122453;5414.0;1
LKOH;0;20260414;122500;5414.5;1
LKOH;0;20260414;122504;5414.0;1
LKOH;0;20260414;122505;5414.0;4
LKOH;0;20260414;122511;5414.5;43
LKOH;0;20260414;122511;5414.5;12
LKOH;0;20260414;122512;5414.5;1
LKOH;0;20260414;122512;5414.5;1
LKOH;0;20260414;122512;5414.0;3
LKOH;0;20260414;122512;5414.0;2
LKOH;0;20260414;122516;5414.0;1
LKOH;0;20260414;122517;5414.0;1
LKOH;0;20260414;122519;5414.0;5
LKOH;0;20260414;122522;5414.5;1
LKOH;0;20260414;122525;5414.0;4
LKOH;0;20260414;122525;5414.0;2
LKOH;0;20260414;122525;5414.0;10
LKOH;0;20260414;122525;5414.0;1
LKOH;0;20260414;122525;5414.0;1
LKOH;0;20260414;122525;5414.0;1
LKOH;0;20260414;122525;5414.0;1
LKOH;0;20260414;122525;5414.0;1
LKOH;0;20260414;122528;5414.5;2
LKOH;0;20260414;122534;5414.5;1
LKOH;0;20260414;122535;5414.5;47
LKOH;0;20260414;122535;5414.5;1
LKOH;0;20260414;122535;5414.5;1
LKOH;0;20260414;122535;5414.5;29
LKOH;0;20260414;122536;5414.0;2
LKOH;0;20260414;122536;5414.0;2
LKOH;0;20260414;122536;5414.0;5
LKOH;0;20260414;122537;5414.5;1
LKOH;0;20260414;122537;5414.5;1
LKOH;0;20260414;122537;5414.5;1
LKOH;0;20260414;122537;5414.5;1
LKOH;0;20260414;122545;5414.5;25
LKOH;0;20260414;122545;5414.5;1
LKOH;0;20260414;122546;5414.5;1
LKOH;0;20260414;122546;5414.5;1
LKOH;0;20260414;122546;5414.5;1
LKOH;0;20260414;122546;5414.5;1
LKOH;0;20260414;122547;5414.0;1
LKOH;0;20260414;122552;5414.0;1
LKOH;0;20260414;122552;5414.0;2
LKOH;0;20260414;122552;5414.0;2
LKOH;0;20260414;122605;5414.0;2
LKOH;0;20260414;122610;5414.5;1
LKOH;0;20260414;122618;5414.0;3
LKOH;0;20260414;122619;5414.0;1
LKOH;0;20260414;122620;5414.5;6
LKOH;0;20260414;122621;5414.0;1
LKOH;0;20260414;122621;5414.0;1
LKOH;0;20260414;122625;5414.0;2
LKOH;0;20260414;122625;5414.0;2
LKOH;0;20260414;122625;5414.0;1
LKOH;0;20260414;122634;5414.0;3
LKOH;0;20260414;122637;5414.0;7
LKOH;0;20260414;122637;5414.0;1
LKOH;0;20260414;122637;5414.0;3
LKOH;0;20260414;122638;5414.0;1
LKOH;0;20260414;122638;5414.0;1
LKOH;0;20260414;122639;5414.5;1
LKOH;0;20260414;122645;5414.0;2
LKOH;0;20260414;122645;5414.0;2
LKOH;0;20260414;122652;5414.0;5
LKOH;0;20260414;122656;5414.5;2
LKOH;0;20260414;122700;5414.5;3
LKOH;0;20260414;122701;5414.0;1
LKOH;0;20260414;122701;5414.0;1
LKOH;0;20260414;122705;5414.0;3
LKOH;0;20260414;122707;5414.0;1
LKOH;0;20260414;122712;5414.5;9
LKOH;0;20260414;122714;5414.5;14
LKOH;0;20260414;122714;5414.5;1
LKOH;0;20260414;122714;5414.5;1
LKOH;0;20260414;122714;5415.0;20
LKOH;0;20260414;122714;5415.0;6
LKOH;0;20260414;122714;5415.0;1
LKOH;0;20260414;122714;5415.0;50
LKOH;0;20260414;122714;5415.0;1
LKOH;0;20260414;122714;5415.0;1
LKOH;0;20260414;122714;5415.0;1
LKOH;0;20260414;122714;5415.0;32
LKOH;0;20260414;122714;5415.0;7
LKOH;0;20260414;122714;5415.0;8
LKOH;0;20260414;122725;5415.0;38
LKOH;0;20260414;122726;5415.0;2
LKOH;0;20260414;122726;5415.0;2
LKOH;0;20260414;122732;5415.0;1
LKOH;0;20260414;122745;5415.0;2
LKOH;0;20260414;122752;5415.0;5
LKOH;0;20260414;122752;5415.0;19
LKOH;0;20260414;122753;5415.5;1
LKOH;0;20260414;122753;5415.0;1
LKOH;0;20260414;122753;5415.0;2
LKOH;0;20260414;122754;5415.0;2
LKOH;0;20260414;122754;5415.5;100
LKOH;0;20260414;122755;5415.0;6
LKOH;0;20260414;122755;5415.0;6
LKOH;0;20260414;122757;5415.5;5
LKOH;0;20260414;122805;5415.0;36
LKOH;0;20260414;122806;5415.0;2
LKOH;0;20260414;122806;5415.0;2
LKOH;0;20260414;122811;5415.0;1
LKOH;0;20260414;122814;5415.5;13
LKOH;0;20260414;122815;5415.0;1
LKOH;0;20260414;122815;5415.0;1
LKOH;0;20260414;122819;5415.0;10
LKOH;0;20260414;122825;5415.0;8
LKOH;0;20260414;122826;5415.0;1
LKOH;0;20260414;122826;5415.0;1
LKOH;0;20260414;122840;5415.5;1
LKOH;0;20260414;122845;5415.0;1
LKOH;0;20260414;122846;5415.5;1
LKOH;0;20260414;122852;5415.0;5
LKOH;0;20260414;122852;5415.0;2
LKOH;0;20260414;122853;5415.0;1
LKOH;0;20260414;122859;5415.5;1
LKOH;0;20260414;122903;5415.5;1974
LKOH;0;20260414;122903;5415.5;1
LKOH;0;20260414;122903;5415.5;36
LKOH;0;20260414;122903;5416.0;48
LKOH;0;20260414;122903;5416.5;1
LKOH;0;20260414;122904;5417.0;30
LKOH;0;20260414;122904;5417.0;1
LKOH;0;20260414;122904;5417.0;30
LKOH;0;20260414;122904;5417.0;13
LKOH;0;20260414;122904;5417.0;10
LKOH;0;20260414;122904;5417.0;18
LKOH;0;20260414;122904;5417.0;10
LKOH;0;20260414;122904;5417.0;35
LKOH;0;20260414;122904;5417.0;65
LKOH;0;20260414;122904;5417.0;13
LKOH;0;20260414;122905;5417.5;1
LKOH;0;20260414;122905;5417.5;1
LKOH;0;20260414;122905;5417.0;21
LKOH;0;20260414;122905;5417.0;11
LKOH;0;20260414;122905;5417.0;30
LKOH;0;20260414;122905;5417.0;13
LKOH;0;20260414;122905;5417.0;26
LKOH;0;20260414;122905;5417.0;10
LKOH;0;20260414;122905;5416.5;32
LKOH;0;20260414;122905;5416.5;30
LKOH;0;20260414;122905;5416.5;18
LKOH;0;20260414;122905;5416.5;41
LKOH;0;20260414;122905;5416.5;29
LKOH;0;20260414;122905;5416.5;3
LKOH;0;20260414;122905;5416.5;1
LKOH;0;20260414;122905;5416.5;3
LKOH;0;20260414;122905;5416.5;2
LKOH;0;20260414;122905;5416.5;19
LKOH;0;20260414;122905;5416.5;1
LKOH;0;20260414;122905;5416.0;7
LKOH;0;20260414;122905;5416.0;30
LKOH;0;20260414;122905;5416.0;36
LKOH;0;20260414;122905;5416.0;14
LKOH;0;20260414;122905;5416.5;3
LKOH;0;20260414;122905;5416.5;2
LKOH;0;20260414;122906;5416.5;14
LKOH;0;20260414;122906;5416.5;7
LKOH;0;20260414;122906;5416.5;2
LKOH;0;20260414;122906;5416.5;1
LKOH;0;20260414;122906;5416.5;9
LKOH;0;20260414;122906;5416.5;9
LKOH;0;20260414;122937;5417.0;2
LKOH;0;20260414;122944;5416.5;1
LKOH;0;20260414;122944;5416.5;2
LKOH;0;20260414;122944;5416.5;1
LKOH;0;20260414;122944;5416.5;56
LKOH;0;20260414;122945;5416.5;3
LKOH;0;20260414;122945;5416.5;3
LKOH;0;20260414;122945;5416.5;4
LKOH;0;20260414;122951;5416.5;1
LKOH;0;20260414;122952;5416.5;5
LKOH;0;20260414;122959;5416.5;24
LKOH;0;20260414;122959;5416.5;2
LKOH;0;20260414;122959;5416.5;2
LKOH;0;20260414;123000;5417.0;1
LKOH;0;20260414;123005;5416.5;1
LKOH;0;20260414;123016;5417.0;28
LKOH;0;20260414;123017;5416.5;1
LKOH;0;20260414;123017;5416.5;2
LKOH;0;20260414;123018;5416.5;11
LKOH;0;20260414;123021;5416.5;5
LKOH;0;20260414;123021;5416.5;95
LKOH;0;20260414;123022;5416.5;1
LKOH;0;20260414;123022;5416.0;7
LKOH;0;20260414;123022;5416.0;5
LKOH;0;20260414;123028;5416.5;5
LKOH;0;20260414;123034;5416.5;8
LKOH;0;20260414;123034;5416.5;7
LKOH;0;20260414;123035;5416.0;1
LKOH;0;20260414;123035;5416.0;1
LKOH;0;20260414;123052;5416.0;5
LKOH;0;20260414;123053;5416.0;3
LKOH;0;20260414;123058;5416.0;8
LKOH;0;20260414;123059;5416.0;1
LKOH;0;20260414;123059;5416.0;1
LKOH;0;20260414;123106;5416.0;1
LKOH;0;20260414;123108;5416.0;1
LKOH;0;20260414;123114;5416.5;1
LKOH;0;20260414;123131;5416.5;1
LKOH;0;20260414;123136;5416.5;2
LKOH;0;20260414;123152;5416.0;5
LKOH;0;20260414;123157;5416.5;1
LKOH;0;20260414;123202;5416.5;1
LKOH;0;20260414;123203;5416.0;11
LKOH;0;20260414;123203;5416.0;5
LKOH;0;20260414;123203;5416.0;1
LKOH;0;20260414;123203;5416.0;2
LKOH;0;20260414;123203;5415.5;6
LKOH;0;20260414;123203;5415.5;1
LKOH;0;20260414;123204;5415.5;2
LKOH;0;20260414;123204;5415.5;2
LKOH;0;20260414;123205;5416.0;2
LKOH;0;20260414;123213;5416.0;1
LKOH;0;20260414;123226;5416.0;2
LKOH;0;20260414;123231;5416.0;1
LKOH;0;20260414;123240;5416.0;1
LKOH;0;20260414;123252;5416.0;10
LKOH;0;20260414;123252;5415.5;5
LKOH;0;20260414;123253;5415.5;1
LKOH;0;20260414;123253;5415.5;1
LKOH;0;20260414;123255;5415.5;3
LKOH;0;20260414;123256;5416.0;1
LKOH;0;20260414;123257;5416.0;1
LKOH;0;20260414;123309;5416.0;1
LKOH;0;20260414;123328;5416.0;1
LKOH;0;20260414;123333;5416.0;1
LKOH;0;20260414;123339;5416.0;5
LKOH;0;20260414;123340;5415.5;1
LKOH;0;20260414;123340;5415.5;1
LKOH;0;20260414;123352;5415.5;5
LKOH;0;20260414;123401;5416.0;3
LKOH;0;20260414;123402;5416.0;1
LKOH;0;20260414;123404;5415.5;2
LKOH;0;20260414;123417;5415.5;1
LKOH;0;20260414;123424;5416.0;4
LKOH;0;20260414;123425;5415.5;1
LKOH;0;20260414;123425;5415.5;1
LKOH;0;20260414;123426;5416.0;1
LKOH;0;20260414;123434;5416.0;2
LKOH;0;20260414;123435;5416.0;12
LKOH;0;20260414;123435;5416.0;6
LKOH;0;20260414;123436;5415.5;1
LKOH;0;20260414;123436;5415.5;1
LKOH;0;20260414;123443;5416.0;2
LKOH;0;20260414;123447;5415.5;3
LKOH;0;20260414;123452;5415.5;6
LKOH;0;20260414;123454;5415.5;3
LKOH;0;20260414;123455;5416.0;10
LKOH;0;20260414;123456;5415.5;1
LKOH;0;20260414;123456;5415.5;2
LKOH;0;20260414;123504;5416.0;1
LKOH;0;20260414;123506;5415.5;1
LKOH;0;20260414;123508;5416.0;17
LKOH;0;20260414;123508;5416.0;1
LKOH;0;20260414;123508;5416.0;52
LKOH;0;20260414;123509;5416.0;1
LKOH;0;20260414;123509;5415.5;4
LKOH;0;20260414;123509;5415.5;4
LKOH;0;20260414;123511;5416.0;1
LKOH;0;20260414;123522;5416.0;2
LKOH;0;20260414;123526;5415.5;5
LKOH;0;20260414;123530;5416.0;1
LKOH;0;20260414;123542;5416.0;1
LKOH;0;20260414;123545;5416.0;3
LKOH;0;20260414;123552;5415.5;5
LKOH;0;20260414;123553;5415.5;1
LKOH;0;20260414;123553;5415.5;1
LKOH;0;20260414;123558;5416.0;5
LKOH;0;20260414;123602;5415.5;3
LKOH;0;20260414;123605;5416.0;1
LKOH;0;20260414;123606;5416.0;1
LKOH;0;20260414;123606;5416.0;1
LKOH;0;20260414;123610;5416.0;1
LKOH;0;20260414;123610;5416.0;1
LKOH;0;20260414;123614;5416.0;3
LKOH;0;20260414;123624;5415.5;26
LKOH;0;20260414;123624;5415.5;1
LKOH;0;20260414;123624;5415.5;252
LKOH;0;20260414;123624;5415.5;10
LKOH;0;20260414;123624;5415.5;211
LKOH;0;20260414;123624;5415.5;36
LKOH;0;20260414;123624;5415.5;1
LKOH;0;20260414;123624;5415.5;4
LKOH;0;20260414;123625;5415.0;17
LKOH;0;20260414;123625;5415.0;17
LKOH;0;20260414;123626;5415.0;13
LKOH;0;20260414;123626;5415.0;3
LKOH;0;20260414;123626;5415.0;1
LKOH;0;20260414;123626;5415.0;5
LKOH;0;20260414;123626;5415.0;1
LKOH;0;20260414;123626;5415.0;3
LKOH;0;20260414;123627;5415.0;1
LKOH;0;20260414;123627;5415.0;1
LKOH;0;20260414;123627;5415.5;2
LKOH;0;20260414;123633;5415.0;1
LKOH;0;20260414;123633;5415.5;1
LKOH;0;20260414;123647;5415.5;1
LKOH;0;20260414;123651;5415.5;1
LKOH;0;20260414;123652;5415.0;5
LKOH;0;20260414;123657;5415.5;5
LKOH;0;20260414;123712;5415.5;10
LKOH;0;20260414;123713;5415.0;1
LKOH;0;20260414;123713;5415.0;1
LKOH;0;20260414;123717;5415.5;4
LKOH;0;20260414;123721;5415.0;7
LKOH;0;20260414;123721;5415.0;12
LKOH;0;20260414;123722;5415.0;1
LKOH;0;20260414;123722;5415.0;2
LKOH;0;20260414;123723;5415.0;35
LKOH;0;20260414;123723;5415.0;86
LKOH;0;20260414;123723;5415.0;10
LKOH;0;20260414;123723;5415.0;1
LKOH;0;20260414;123723;5415.0;10
LKOH;0;20260414;123723;5415.0;52
LKOH;0;20260414;123724;5415.0;11
LKOH;0;20260414;123724;5415.0;11
LKOH;0;20260414;123733;5415.5;2
LKOH;0;20260414;123736;5415.5;3
LKOH;0;20260414;123736;5415.0;1
LKOH;0;20260414;123743;5415.5;2
LKOH;0;20260414;123745;5415.0;2
LKOH;0;20260414;123750;5415.5;1
LKOH;0;20260414;123752;5415.0;3
LKOH;0;20260414;123752;5415.0;2
LKOH;0;20260414;123757;5415.0;1
LKOH;0;20260414;123759;5415.5;1
LKOH;0;20260414;123759;5415.5;1
LKOH;0;20260414;123800;5415.5;1
LKOH;0;20260414;123800;5415.0;1
LKOH;0;20260414;123800;5415.0;1
LKOH;0;20260414;123802;5415.5;2
LKOH;0;20260414;123806;5415.0;1
LKOH;0;20260414;123806;5415.0;2
LKOH;0;20260414;123807;5415.5;1
LKOH;0;20260414;123807;5415.5;9
LKOH;0;20260414;123808;5415.0;1
LKOH;0;20260414;123809;5415.0;1
LKOH;0;20260414;123809;5415.0;1
LKOH;0;20260414;123815;5415.0;3
LKOH;0;20260414;123831;5415.0;18
LKOH;0;20260414;123832;5415.0;1
LKOH;0;20260414;123832;5415.0;1
LKOH;0;20260414;123846;5415.5;1
LKOH;0;20260414;123850;5415.0;2
LKOH;0;20260414;123850;5415.0;13
LKOH;0;20260414;123851;5415.0;1
LKOH;0;20260414;123851;5415.0;1
LKOH;0;20260414;123852;5415.0;5
LKOH;0;20260414;123855;5415.5;4
LKOH;0;20260414;123856;5415.5;1
LKOH;0;20260414;123900;5415.5;1
LKOH;0;20260414;123901;5415.0;60
LKOH;0;20260414;123902;5415.0;4
LKOH;0;20260414;123902;5415.0;4
LKOH;0;20260414;123903;5415.0;2
LKOH;0;20260414;123908;5415.5;1
LKOH;0;20260414;123910;5415.0;1
LKOH;0;20260414;123914;5415.0;1
LKOH;0;20260414;123917;5415.0;105
LKOH;0;20260414;123918;5415.0;6
LKOH;0;20260414;123918;5415.0;6
LKOH;0;20260414;123919;5415.0;2
LKOH;0;20260414;123922;5415.5;2
LKOH;0;20260414;123932;5415.5;4
LKOH;0;20260414;123932;5415.5;1
LKOH;0;20260414;123933;5415.0;2
LKOH;0;20260414;123942;5415.5;3
LKOH;0;20260414;123950;5415.0;1
LKOH;0;20260414;123952;5415.0;8
LKOH;0;20260414;123952;5415.0;3
LKOH;0;20260414;123952;5415.0;5
LKOH;0;20260414;123952;5415.0;1
LKOH;0;20260414;123952;5415.0;83
LKOH;0;20260414;123952;5415.0;30
LKOH;0;20260414;123952;5415.0;13
LKOH;0;20260414;123952;5415.0;36
LKOH;0;20260414;123952;5415.0;18
LKOH;0;20260414;123952;5415.0;1
LKOH;0;20260414;123952;5415.0;24
LKOH;0;20260414;123952;5414.5;1
LKOH;0;20260414;123952;5414.5;4
LKOH;0;20260414;123953;5414.5;1
LKOH;0;20260414;123953;5414.5;2
LKOH;0;20260414;123954;5414.5;7
LKOH;0;20260414;123954;5414.5;4
LKOH;0;20260414;123954;5414.5;1
LKOH;0;20260414;123954;5414.5;1
LKOH;0;20260414;123954;5414.5;10
LKOH;0;20260414;124003;5414.5;2
LKOH;0;20260414;124011;5414.5;1
LKOH;0;20260414;124013;5414.0;2
LKOH;0;20260414;124013;5414.0;1
LKOH;0;20260414;124016;5414.0;1
LKOH;0;20260414;124017;5414.5;1
LKOH;0;20260414;124018;5414.5;1
LKOH;0;20260414;124018;5414.0;1
LKOH;0;20260414;124018;5414.0;1
LKOH;0;20260414;124033;5414.0;18
LKOH;0;20260414;124034;5414.0;1
LKOH;0;20260414;124034;5414.0;1
LKOH;0;20260414;124034;5414.5;1
LKOH;0;20260414;124045;5414.5;1
LKOH;0;20260414;124048;5414.5;1
LKOH;0;20260414;124049;5414.0;2
LKOH;0;20260414;124052;5414.0;17
LKOH;0;20260414;124052;5414.0;1
LKOH;0;20260414;124052;5414.0;5
LKOH;0;20260414;124053;5414.0;1
LKOH;0;20260414;124053;5414.0;1
LKOH;0;20260414;124055;5414.5;1
LKOH;0;20260414;124058;5414.5;1
LKOH;0;20260414;124107;5414.0;5
LKOH;0;20260414;124108;5414.0;1
LKOH;0;20260414;124108;5414.0;1
LKOH;0;20260414;124113;5414.5;1
LKOH;0;20260414;124119;5414.0;3
LKOH;0;20260414;124124;5414.0;6
LKOH;0;20260414;124135;5414.5;1
LKOH;0;20260414;124140;5414.0;1
LKOH;0;20260414;124145;5414.5;38
LKOH;0;20260414;124145;5414.5;36
LKOH;0;20260414;124145;5414.5;26
LKOH;0;20260414;124146;5414.0;6
LKOH;0;20260414;124146;5414.0;6
LKOH;0;20260414;124149;5414.0;2
LKOH;0;20260414;124153;5414.0;5
LKOH;0;20260414;124155;5414.5;5
LKOH;0;20260414;124155;5414.5;1
LKOH;0;20260414;124203;5414.5;1
LKOH;0;20260414;124204;5414.0;1
LKOH;0;20260414;124204;5414.0;1
LKOH;0;20260414;124209;5414.0;2
LKOH;0;20260414;124211;5414.5;1
LKOH;0;20260414;124219;5414.0;3
LKOH;0;20260414;124223;5414.5;2
LKOH;0;20260414;124225;5414.5;1
LKOH;0;20260414;124225;5414.5;1
LKOH;0;20260414;124229;5414.5;1
LKOH;0;20260414;124241;5414.0;2
LKOH;0;20260414;124243;5414.5;1
LKOH;0;20260414;124249;5414.0;2
LKOH;0;20260414;124253;5414.0;5
LKOH;0;20260414;124253;5414.0;1
LKOH;0;20260414;124253;5414.0;1
LKOH;0;20260414;124257;5414.0;4
LKOH;0;20260414;124257;5414.0;10
LKOH;0;20260414;124308;5414.0;1
LKOH;0;20260414;124309;5414.0;1
LKOH;0;20260414;124309;5414.0;1
LKOH;0;20260414;124311;5414.0;3
LKOH;0;20260414;124319;5414.0;3
LKOH;0;20260414;124320;5414.5;1
LKOH;0;20260414;124321;5414.0;1
LKOH;0;20260414;124321;5414.5;1
LKOH;0;20260414;124324;5414.5;1
LKOH;0;20260414;124331;5414.5;2
LKOH;0;20260414;124340;5414.5;28
LKOH;0;20260414;124340;5414.5;71
LKOH;0;20260414;124340;5414.5;1
LKOH;0;20260414;124341;5414.0;6
LKOH;0;20260414;124341;5414.0;6
LKOH;0;20260414;124345;5414.5;2
LKOH;0;20260414;124348;5414.5;1
LKOH;0;20260414;124349;5414.0;2
LKOH;0;20260414;124353;5414.0;5
LKOH;0;20260414;124355;5414.5;1
LKOH;0;20260414;124400;5414.0;13
LKOH;0;20260414;124401;5414.0;1
LKOH;0;20260414;124401;5414.0;2
LKOH;0;20260414;124408;5414.5;1
LKOH;0;20260414;124408;5414.5;8
LKOH;0;20260414;124414;5414.5;1
LKOH;0;20260414;124417;5414.5;9
LKOH;0;20260414;124418;5414.0;1
LKOH;0;20260414;124418;5414.0;1
LKOH;0;20260414;124419;5414.0;3
LKOH;0;20260414;124421;5414.5;18
LKOH;0;20260414;124421;5414.5;2
LKOH;0;20260414;124422;5414.0;1
LKOH;0;20260414;124422;5414.0;1
LKOH;0;20260414;124423;5414.5;1
LKOH;0;20260414;124431;5414.5;1
LKOH;0;20260414;124432;5414.5;4
LKOH;0;20260414;124433;5414.5;3
LKOH;0;20260414;124436;5414.0;2
LKOH;0;20260414;124437;5414.0;1
LKOH;0;20260414;124437;5414.0;1
LKOH;0;20260414;124441;5414.0;78
LKOH;0;20260414;124441;5414.0;10
LKOH;0;20260414;124441;5414.0;10
LKOH;0;20260414;124441;5414.0;2
LKOH;0;20260414;124441;5414.0;18
LKOH;0;20260414;124441;5414.0;5
LKOH;0;20260414;124441;5414.0;77
LKOH;0;20260414;124442;5414.0;11
LKOH;0;20260414;124442;5414.0;11
LKOH;0;20260414;124443;5414.5;2
LKOH;0;20260414;124449;5414.0;1
LKOH;0;20260414;124449;5414.0;1
LKOH;0;20260414;124453;5414.0;1
LKOH;0;20260414;124453;5414.0;1
LKOH;0;20260414;124453;5414.0;3
LKOH;0;20260414;124501;5414.5;1
LKOH;0;20260414;124501;5414.5;10
LKOH;0;20260414;124502;5414.0;1
LKOH;0;20260414;124502;5414.0;1
LKOH;0;20260414;124506;5414.5;1
LKOH;0;20260414;124510;5414.5;24
LKOH;0;20260414;124510;5414.5;63
LKOH;0;20260414;124511;5414.5;5
LKOH;0;20260414;124511;5414.5;5
LKOH;0;20260414;124512;5415.0;3
LKOH;0;20260414;124512;5415.0;17
LKOH;0;20260414;124512;5415.0;10
LKOH;0;20260414;124512;5415.0;9
LKOH;0;20260414;124512;5415.0;11
LKOH;0;20260414;124512;5415.0;10
LKOH;0;20260414;124512;5415.0;20
LKOH;0;20260414;124513;5415.0;6
LKOH;0;20260414;124513;5415.0;1
LKOH;0;20260414;124513;5415.0;3
LKOH;0;20260414;124513;5415.0;20
LKOH;0;20260414;124513;5415.0;10
LKOH;0;20260414;124513;5415.0;20
LKOH;0;20260414;124513;5414.5;30
LKOH;0;20260414;124513;5414.5;1
LKOH;0;20260414;124513;5415.0;6
LKOH;0;20260414;124513;5415.0;4
LKOH;0;20260414;124514;5414.5;8
LKOH;0;20260414;124514;5414.5;9
LKOH;0;20260414;124515;5414.5;1
LKOH;0;20260414;124519;5414.5;3
LKOH;0;20260414;124521;5415.0;1
LKOH;0;20260414;124521;5414.5;1
LKOH;0;20260414;124540;5415.0;1
LKOH;0;20260414;124549;5414.5;2
LKOH;0;20260414;124550;5414.5;1
LKOH;0;20260414;124550;5414.5;1
LKOH;0;20260414;124553;5414.5;5
LKOH;0;20260414;124601;5415.0;2
LKOH;0;20260414;124602;5415.0;1
LKOH;0;20260414;124604;5415.0;5
LKOH;0;20260414;124610;5415.0;26
LKOH;0;20260414;124610;5415.0;24
LKOH;0;20260414;124610;5415.0;27
LKOH;0;20260414;124610;5415.0;23
LKOH;0;20260414;124610;5415.0;15
LKOH;0;20260414;124610;5415.0;35
LKOH;0;20260414;124610;5415.0;1
LKOH;0;20260414;124610;5415.5;18
LKOH;0;20260414;124610;5415.5;15
LKOH;0;20260414;124611;5415.5;3
LKOH;0;20260414;124611;5415.5;4
LKOH;0;20260414;124612;5415.5;7
LKOH;0;20260414;124612;5415.5;2
LKOH;0;20260414;124612;5415.5;5
LKOH;0;20260414;124616;5416.0;1
LKOH;0;20260414;124619;5415.5;3
LKOH;0;20260414;124624;5416.0;1
LKOH;0;20260414;124635;5415.5;1
LKOH;0;20260414;124638;5415.5;1
LKOH;0;20260414;124640;5416.0;10
LKOH;0;20260414;124641;5415.5;1
LKOH;0;20260414;124641;5415.5;1
LKOH;0;20260414;124648;5415.5;1
LKOH;0;20260414;124649;5415.5;2
LKOH;0;20260414;124649;5416.0;1
LKOH;0;20260414;124653;5415.5;5
LKOH;0;20260414;124700;5415.5;1
LKOH;0;20260414;124700;5415.5;6
LKOH;0;20260414;124701;5415.5;1
LKOH;0;20260414;124701;5415.5;1
LKOH;0;20260414;124707;5416.0;4
LKOH;0;20260414;124710;5416.0;1
LKOH;0;20260414;124710;5416.0;10
LKOH;0;20260414;124711;5415.5;1
LKOH;0;20260414;124711;5415.5;1
LKOH;0;20260414;124717;5416.0;3
LKOH;0;20260414;124718;5416.0;1
LKOH;0;20260414;124719;5415.5;3
LKOH;0;20260414;124725;5416.0;1
LKOH;0;20260414;124727;5415.5;1
LKOH;0;20260414;124733;5416.0;2
LKOH;0;20260414;124749;5415.5;2
LKOH;0;20260414;124751;5416.0;2
LKOH;0;20260414;124752;5415.5;1
LKOH;0;20260414;124752;5415.5;1
LKOH;0;20260414;124753;5415.5;2
LKOH;0;20260414;124753;5415.5;4
LKOH;0;20260414;124756;5416.0;33
LKOH;0;20260414;124757;5415.5;2
LKOH;0;20260414;124757;5415.5;2
LKOH;0;20260414;124757;5416.0;1
LKOH;0;20260414;124803;5416.0;2
LKOH;0;20260414;124806;5415.5;5
LKOH;0;20260414;124806;5415.5;15
LKOH;0;20260414;124807;5415.5;1
LKOH;0;20260414;124807;5415.5;1
LKOH;0;20260414;124814;5416.0;1
LKOH;0;20260414;124819;5415.5;1
LKOH;0;20260414;124819;5415.5;1
LKOH;0;20260414;124819;5415.5;1
LKOH;0;20260414;124819;5416.0;28
LKOH;0;20260414;124819;5416.0;1
LKOH;0;20260414;124820;5415.5;2
LKOH;0;20260414;124820;5415.5;2
LKOH;0;20260414;124825;5415.5;7
LKOH;0;20260414;124825;5415.5;10
LKOH;0;20260414;124825;5415.5;1
LKOH;0;20260414;124825;5415.5;1
LKOH;0;20260414;124825;5415.5;10
LKOH;0;20260414;124825;5415.5;1
LKOH;0;20260414;124825;5415.5;5
LKOH;0;20260414;124825;5415.0;18
LKOH;0;20260414;124825;5415.0;2
LKOH;0;20260414;124825;5415.0;5
LKOH;0;20260414;124825;5415.0;2
LKOH;0;20260414;124825;5415.0;1
LKOH;0;20260414;124825;5415.0;1
LKOH;0;20260414;124825;5415.0;1
LKOH;0;20260414;124825;5415.0;93
LKOH;0;20260414;124826;5415.5;9
LKOH;0;20260414;124826;5415.5;1
LKOH;0;20260414;124826;5415.0;7
LKOH;0;20260414;124826;5415.0;1
LKOH;0;20260414;124828;5415.5;1
LKOH;0;20260414;124828;5415.5;2
LKOH;0;20260414;124836;5415.5;1
LKOH;0;20260414;124837;5416.0;3
LKOH;0;20260414;124837;5416.0;18
LKOH;0;20260414;124837;5416.0;5
LKOH;0;20260414;124837;5416.0;1
LKOH;0;20260414;124837;5416.0;28
LKOH;0;20260414;124838;5415.5;1
LKOH;0;20260414;124838;5415.5;2
LKOH;0;20260414;124838;5415.5;3
LKOH;0;20260414;124847;5416.0;1
LKOH;0;20260414;124849;5415.5;2
LKOH;0;20260414;124853;5415.5;3
LKOH;0;20260414;124853;5415.5;2
LKOH;0;20260414;124855;5416.0;3
LKOH;0;20260414;124858;5415.5;2
LKOH;0;20260414;124859;5415.5;1
LKOH;0;20260414;124859;5415.5;1
LKOH;0;20260414;124901;5416.0;6
LKOH;0;20260414;124901;5416.0;4
LKOH;0;20260414;124910;5416.0;18
LKOH;0;20260414;124911;5415.5;1
LKOH;0;20260414;124911;5415.5;2
LKOH;0;20260414;124912;5416.0;7
LKOH;0;20260414;124919;5415.5;1
LKOH;0;20260414;124919;5415.5;2
LKOH;0;20260414;124921;5416.0;30
LKOH;0;20260414;124922;5415.5;2
LKOH;0;20260414;124922;5415.5;2
LKOH;0;20260414;124922;5416.0;1
LKOH;0;20260414;124933;5415.5;1
LKOH;0;20260414;124942;5415.5;3
LKOH;0;20260414;124942;5415.5;1
LKOH;0;20260414;124942;5415.5;1
LKOH;0;20260414;124942;5415.5;7
LKOH;0;20260414;124943;5416.0;4
LKOH;0;20260414;124943;5416.0;2
LKOH;0;20260414;124943;5415.5;1
LKOH;0;20260414;124943;5415.5;1
LKOH;0;20260414;124948;5416.0;1
LKOH;0;20260414;124949;5416.0;7
LKOH;0;20260414;124949;5416.0;18
LKOH;0;20260414;124949;5415.5;1
LKOH;0;20260414;124949;5415.5;1
LKOH;0;20260414;124950;5415.5;2
LKOH;0;20260414;124950;5415.5;1
LKOH;0;20260414;124953;5415.5;5
LKOH;0;20260414;124953;5416.0;1
LKOH;0;20260414;125003;5416.0;1
LKOH;0;20260414;125003;5416.0;8
LKOH;0;20260414;125003;5416.0;35
LKOH;0;20260414;125003;5416.0;30
LKOH;0;20260414;125003;5416.0;18
LKOH;0;20260414;125003;5416.0;1
LKOH;0;20260414;125003;5416.0;1
LKOH;0;20260414;125003;5416.0;6
LKOH;0;20260414;125004;5415.5;6
LKOH;0;20260414;125004;5415.5;4
LKOH;0;20260414;125004;5415.5;1
LKOH;0;20260414;125004;5415.0;1
LKOH;0;20260414;125019;5415.0;1
LKOH;0;20260414;125019;5415.0;2
LKOH;0;20260414;125024;5415.0;1
LKOH;0;20260414;125024;5415.0;1
LKOH;0;20260414;125024;5415.0;1
LKOH;0;20260414;125024;5415.0;1
LKOH;0;20260414;125024;5415.0;20
LKOH;0;20260414;125025;5415.0;1
LKOH;0;20260414;125025;5415.0;2
LKOH;0;20260414;125038;5415.0;2
LKOH;0;20260414;125042;5415.0;2
LKOH;0;20260414;125046;5415.5;1
LKOH;0;20260414;125047;5416.0;1
LKOH;0;20260414;125049;5415.0;1
LKOH;0;20260414;125049;5415.0;1
LKOH;0;20260414;125053;5415.0;5
LKOH;0;20260414;125054;5415.0;1
LKOH;0;20260414;125054;5415.0;1
LKOH;0;20260414;125055;5415.5;1
LKOH;0;20260414;125058;5415.0;3
LKOH;0;20260414;125059;5415.5;2
LKOH;0;20260414;125101;5415.5;1
LKOH;0;20260414;125107;5415.5;1
LKOH;0;20260414;125119;5415.0;3
LKOH;0;20260414;125120;5415.5;1
LKOH;0;20260414;125126;5415.0;3
LKOH;0;20260414;125149;5415.5;1
LKOH;0;20260414;125149;5415.5;1
LKOH;0;20260414;125150;5415.5;1
LKOH;0;20260414;125150;5415.5;1
LKOH;0;20260414;125150;5415.5;1
LKOH;0;20260414;125150;5415.0;1
LKOH;0;20260414;125153;5415.0;1
LKOH;0;20260414;125153;5415.0;1
LKOH;0;20260414;125153;5415.0;2
LKOH;0;20260414;125153;5415.0;1
LKOH;0;20260414;125154;5415.0;1
LKOH;0;20260414;125154;5415.0;1
LKOH;0;20260414;125155;5415.0;1
LKOH;0;20260414;125157;5415.0;1
LKOH;0;20260414;125157;5415.0;8
LKOH;0;20260414;125157;5415.0;1
LKOH;0;20260414;125157;5414.5;6
LKOH;0;20260414;125158;5415.0;1
LKOH;0;20260414;125158;5414.5;2
LKOH;0;20260414;125158;5414.5;1
LKOH;0;20260414;125158;5414.5;1
LKOH;0;20260414;125158;5414.5;2
LKOH;0;20260414;125219;5414.5;3
LKOH;0;20260414;125221;5415.0;1
LKOH;0;20260414;125221;5415.0;1
LKOH;0;20260414;125221;5415.0;1
LKOH;0;20260414;125228;5416.0;1
LKOH;0;20260414;125243;5416.0;1
LKOH;0;20260414;125249;5415.0;2
LKOH;0;20260414;125253;5415.0;1
LKOH;0;20260414;125253;5415.0;1
LKOH;0;20260414;125253;5415.0;3
LKOH;0;20260414;125254;5415.0;1
LKOH;0;20260414;125254;5415.0;1
LKOH;0;20260414;125254;5415.0;1
LKOH;0;20260414;125254;5415.0;1
LKOH;0;20260414;125304;5415.0;8
LKOH;0;20260414;125304;5415.0;1
LKOH;0;20260414;125304;5415.0;3
LKOH;0;20260414;125304;5415.0;1
LKOH;0;20260414;125304;5414.5;105
LKOH;0;20260414;125304;5414.5;1
LKOH;0;20260414;125304;5414.5;1
LKOH;0;20260414;125304;5414.5;5
LKOH;0;20260414;125304;5414.5;1
LKOH;0;20260414;125304;5414.5;15
LKOH;0;20260414;125304;5414.5;1
LKOH;0;20260414;125304;5414.5;1
LKOH;0;20260414;125304;5414.5;1
LKOH;0;20260414;125304;5414.5;24
LKOH;0;20260414;125304;5414.5;1
LKOH;0;20260414;125304;5414.5;5
LKOH;0;20260414;125304;5414.5;1
LKOH;0;20260414;125304;5414.5;1
LKOH;0;20260414;125304;5414.0;1
LKOH;0;20260414;125304;5414.0;16
LKOH;0;20260414;125304;5414.0;1
LKOH;0;20260414;125304;5414.0;10
LKOH;0;20260414;125304;5414.0;5
LKOH;0;20260414;125304;5414.0;1
LKOH;0;20260414;125304;5414.0;5
LKOH;0;20260414;125304;5414.0;85
LKOH;0;20260414;125305;5414.5;10
LKOH;0;20260414;125305;5414.5;10
LKOH;0;20260414;125305;5414.0;37
LKOH;0;20260414;125305;5414.0;18
LKOH;0;20260414;125305;5414.0;16
LKOH;0;20260414;125305;5414.0;17
LKOH;0;20260414;125306;5414.0;2
LKOH;0;20260414;125306;5414.0;2
LKOH;0;20260414;125306;5414.0;1
LKOH;0;20260414;125306;5414.0;2
LKOH;0;20260414;125307;5414.0;2
LKOH;0;20260414;125307;5414.0;3
LKOH;0;20260414;125307;5414.0;2
LKOH;0;20260414;125307;5414.0;3
LKOH;0;20260414;125307;5414.0;1
LKOH;0;20260414;125307;5414.0;1
LKOH;0;20260414;125307;5414.0;1
LKOH;0;20260414;125307;5414.0;1
LKOH;0;20260414;125319;5414.0;3
LKOH;0;20260414;125320;5414.0;1
LKOH;0;20260414;125326;5414.5;1
LKOH;0;20260414;125326;5414.5;1
LKOH;0;20260414;125327;5414.0;1
LKOH;0;20260414;125327;5414.0;1
LKOH;0;20260414;125328;5414.5;1
LKOH;0;20260414;125332;5414.5;1
LKOH;0;20260414;125342;5414.5;4
LKOH;0;20260414;125344;5415.0;2
LKOH;0;20260414;125345;5414.5;1
LKOH;0;20260414;125345;5414.5;1
LKOH;0;20260414;125345;5414.5;1
LKOH;0;20260414;125345;5414.5;1
LKOH;0;20260414;125347;5414.5;2
LKOH;0;20260414;125349;5414.5;2
LKOH;0;20260414;125353;5414.5;5
LKOH;0;20260414;125354;5414.5;1
LKOH;0;20260414;125354;5414.5;1
LKOH;0;20260414;125409;5414.5;1
LKOH;0;20260414;125413;5415.0;1
LKOH;0;20260414;125413;5415.0;30
LKOH;0;20260414;125413;5415.0;1
LKOH;0;20260414;125413;5414.5;37
LKOH;0;20260414;125413;5414.5;1
LKOH;0;20260414;125413;5414.5;1
LKOH;0;20260414;125413;5414.5;1
LKOH;0;20260414;125413;5414.5;30
LKOH;0;20260414;125413;5414.5;1
LKOH;0;20260414;125413;5414.5;25
LKOH;0;20260414;125413;5414.0;10
LKOH;0;20260414;125413;5414.0;1
LKOH;0;20260414;125413;5414.0;1
LKOH;0;20260414;125413;5414.0;2
LKOH;0;20260414;125413;5414.0;5
LKOH;0;20260414;125413;5414.0;1
LKOH;0;20260414;125413;5414.0;3
LKOH;0;20260414;125414;5414.0;19
LKOH;0;20260414;125414;5414.0;1
LKOH;0;20260414;125414;5414.0;18
LKOH;0;20260414;125414;5414.0;4
LKOH;0;20260414;125414;5414.0;5
LKOH;0;20260414;125414;5414.0;9
LKOH;0;20260414;125415;5414.0;1
LKOH;0;20260414;125415;5414.0;2
LKOH;0;20260414;125415;5414.0;1
LKOH;0;20260414;125415;5414.0;1
LKOH;0;20260414;125416;5414.0;1
LKOH;0;20260414;125416;5414.0;1
LKOH;0;20260414;125416;5414.0;1
LKOH;0;20260414;125416;5414.0;1
LKOH;0;20260414;125418;5414.0;4
LKOH;0;20260414;125418;5414.0;10
LKOH;0;20260414;125418;5414.0;4
LKOH;0;20260414;125419;5413.5;2
LKOH;0;20260414;125419;5413.5;2
LKOH;0;20260414;125419;5413.5;1
LKOH;0;20260414;125419;5413.5;1
LKOH;0;20260414;125419;5413.5;3
LKOH;0;20260414;125419;5414.0;3
LKOH;0;20260414;125420;5413.5;1
LKOH;0;20260414;125420;5413.5;1
LKOH;0;20260414;125420;5413.5;1
LKOH;0;20260414;125420;5413.5;1
LKOH;0;20260414;125421;5413.5;1
LKOH;0;20260414;125421;5413.5;1
LKOH;0;20260414;125425;5413.5;1
LKOH;0;20260414;125428;5413.5;94
LKOH;0;20260414;125428;5413.5;1
LKOH;0;20260414;125428;5413.5;1
LKOH;0;20260414;125428;5413.5;1
LKOH;0;20260414;125428;5413.5;1
LKOH;0;20260414;125428;5413.5;1
LKOH;0;20260414;125428;5413.5;1
LKOH;0;20260414;125428;5413.5;10
LKOH;0;20260414;125428;5413.5;5
LKOH;0;20260414;125428;5413.5;9
LKOH;0;20260414;125428;5413.5;1
LKOH;0;20260414;125428;5413.5;80
LKOH;0;20260414;125428;5413.5;12
LKOH;0;20260414;125429;5413.5;7
LKOH;0;20260414;125429;5413.5;10
LKOH;0;20260414;125429;5413.5;2
LKOH;0;20260414;125429;5413.5;1
LKOH;0;20260414;125429;5413.5;1
LKOH;0;20260414;125429;5413.5;5
LKOH;0;20260414;125429;5413.5;1
LKOH;0;20260414;125429;5413.5;27
LKOH;0;20260414;125429;5413.5;12
LKOH;0;20260414;125429;5413.5;12
LKOH;0;20260414;125430;5413.5;1
LKOH;0;20260414;125430;5413.5;2
LKOH;0;20260414;125430;5413.5;2
LKOH;0;20260414;125430;5413.5;2
LKOH;0;20260414;125431;5413.5;1
LKOH;0;20260414;125431;5413.5;2
LKOH;0;20260414;125431;5413.5;1
LKOH;0;20260414;125431;5413.5;1
LKOH;0;20260414;125432;5413.5;1
LKOH;0;20260414;125432;5413.5;1
LKOH;0;20260414;125437;5414.0;1
LKOH;0;20260414;125438;5413.5;2
LKOH;0;20260414;125439;5413.5;1
LKOH;0;20260414;125439;5413.5;1
LKOH;0;20260414;125440;5414.0;1
LKOH;0;20260414;125443;5414.0;1
LKOH;0;20260414;125444;5413.5;1
LKOH;0;20260414;125444;5413.5;1
LKOH;0;20260414;125449;5413.5;2
LKOH;0;20260414;125453;5413.5;5
LKOH;0;20260414;125501;5414.0;1
LKOH;0;20260414;125502;5413.5;1
LKOH;0;20260414;125502;5413.5;1
LKOH;0;20260414;125503;5414.0;25
LKOH;0;20260414;125504;5414.0;3
LKOH;0;20260414;125504;5414.0;3
LKOH;0;20260414;125504;5414.0;2
LKOH;0;20260414;125504;5414.0;2
LKOH;0;20260414;125505;5415.5;10
LKOH;0;20260414;125506;5414.0;1
LKOH;0;20260414;125506;5414.0;2
LKOH;0;20260414;125506;5414.0;1
LKOH;0;20260414;125506;5414.0;1
LKOH;0;20260414;125512;5414.0;3
LKOH;0;20260414;125513;5414.0;1
LKOH;0;20260414;125513;5414.0;1
LKOH;0;20260414;125519;5415.5;1
LKOH;0;20260414;125519;5415.0;3
LKOH;0;20260414;125525;5415.0;6
LKOH;0;20260414;125525;5415.0;1
LKOH;0;20260414;125525;5415.0;10
LKOH;0;20260414;125525;5415.0;18
LKOH;0;20260414;125525;5415.0;149
LKOH;0;20260414;125526;5415.0;23
LKOH;0;20260414;125526;5415.0;6
LKOH;0;20260414;125526;5415.0;18
LKOH;0;20260414;125526;5415.0;11
LKOH;0;20260414;125526;5415.0;10
LKOH;0;20260414;125526;5415.0;1
LKOH;0;20260414;125527;5415.5;18
LKOH;0;20260414;125527;5415.0;1
LKOH;0;20260414;125527;5415.0;1
LKOH;0;20260414;125527;5415.0;1
LKOH;0;20260414;125527;5415.0;1
LKOH;0;20260414;125527;5415.0;1
LKOH;0;20260414;125528;5415.0;1
LKOH;0;20260414;125528;5415.0;3
LKOH;0;20260414;125528;5415.0;1
LKOH;0;20260414;125528;5415.0;4
LKOH;0;20260414;125528;5415.0;2
LKOH;0;20260414;125528;5415.0;3
LKOH;0;20260414;125529;5415.0;1
LKOH;0;20260414;125529;5414.5;1
LKOH;0;20260414;125533;5415.5;1
LKOH;0;20260414;125538;5415.0;10
LKOH;0;20260414;125538;5414.5;17
LKOH;0;20260414;125538;5414.5;3
LKOH;0;20260414;125538;5414.5;1
LKOH;0;20260414;125538;5414.5;6
LKOH;0;20260414;125538;5414.5;1
LKOH;0;20260414;125538;5414.5;1
LKOH;0;20260414;125538;5414.5;4
LKOH;0;20260414;125538;5414.5;1
LKOH;0;20260414;125538;5414.5;136
LKOH;0;20260414;125539;5414.5;23
LKOH;0;20260414;125539;5414.5;22
LKOH;0;20260414;125539;5414.5;11
LKOH;0;20260414;125539;5414.5;8
LKOH;0;20260414;125539;5414.5;2
LKOH;0;20260414;125540;5414.5;1
LKOH;0;20260414;125540;5414.5;2
LKOH;0;20260414;125540;5414.5;2
LKOH;0;20260414;125540;5414.5;2
LKOH;0;20260414;125541;5414.5;1
LKOH;0;20260414;125541;5414.5;2
LKOH;0;20260414;125541;5414.0;1
LKOH;0;20260414;125541;5414.0;1
LKOH;0;20260414;125547;5414.5;1
LKOH;0;20260414;125549;5414.5;2
LKOH;0;20260414;125550;5414.5;1
LKOH;0;20260414;125550;5414.5;1
LKOH;0;20260414;125553;5414.5;5
LKOH;0;20260414;125553;5414.5;5
LKOH;0;20260414;125554;5414.5;1
LKOH;0;20260414;125554;5414.5;1
LKOH;0;20260414;125554;5414.0;1
LKOH;0;20260414;125554;5414.0;1
LKOH;0;20260414;125558;5415.0;2
LKOH;0;20260414;125619;5414.5;3
LKOH;0;20260414;125620;5414.5;1
LKOH;0;20260414;125620;5414.5;1
LKOH;0;20260414;125642;5414.5;5
LKOH;0;20260414;125642;5414.5;1
LKOH;0;20260414;125642;5414.5;1
LKOH;0;20260414;125642;5414.0;10
LKOH;0;20260414;125642;5414.0;1
LKOH;0;20260414;125642;5414.0;2
LKOH;0;20260414;125643;5414.0;3
LKOH;0;20260414;125643;5414.0;2
LKOH;0;20260414;125643;5414.0;2
LKOH;0;20260414;125643;5414.0;1
LKOH;0;20260414;125645;5414.5;1
LKOH;0;20260414;125645;5414.0;1
LKOH;0;20260414;125649;5414.0;2
LKOH;0;20260414;125650;5414.0;1
LKOH;0;20260414;125650;5414.0;1
LKOH;0;20260414;125652;5414.5;1
LKOH;0;20260414;125653;5414.0;2
LKOH;0;20260414;125653;5414.0;3
LKOH;0;20260414;125654;5414.0;1
LKOH;0;20260414;125654;5414.0;1
LKOH;0;20260414;125655;5414.0;1
LKOH;0;20260414;125655;5414.0;1
LKOH;0;20260414;125703;5414.0;1
LKOH;0;20260414;125703;5414.0;1
LKOH;0;20260414;125703;5414.0;1
LKOH;0;20260414;125703;5414.0;10
LKOH;0;20260414;125703;5414.0;37
LKOH;0;20260414;125704;5414.0;6
LKOH;0;20260414;125704;5414.0;6
LKOH;0;20260414;125704;5414.0;3
LKOH;0;20260414;125704;5414.0;3
LKOH;0;20260414;125704;5414.0;1
LKOH;0;20260414;125704;5414.5;1
LKOH;0;20260414;125705;5414.0;1
LKOH;0;20260414;125705;5414.0;1
LKOH;0;20260414;125705;5414.0;30
LKOH;0;20260414;125706;5414.0;4
LKOH;0;20260414;125706;5414.0;4
LKOH;0;20260414;125706;5414.0;2
LKOH;0;20260414;125706;5414.0;3
LKOH;0;20260414;125719;5414.5;10
LKOH;0;20260414;125719;5414.0;9
LKOH;0;20260414;125719;5413.5;1
LKOH;0;20260414;125719;5413.5;1
LKOH;0;20260414;125719;5413.5;1
LKOH;0;20260414;125720;5413.5;2
LKOH;0;20260414;125720;5413.5;1
LKOH;0;20260414;125720;5413.5;1
LKOH;0;20260414;125720;5413.5;1
LKOH;0;20260414;125721;5413.5;1
LKOH;0;20260414;125721;5413.5;2
LKOH;0;20260414;125722;5413.5;1
LKOH;0;20260414;125722;5413.5;1
LKOH;0;20260414;125722;5414.0;29
LKOH;0;20260414;125723;5413.5;1
LKOH;0;20260414;125723;5413.5;3
LKOH;0;20260414;125723;5413.5;1
LKOH;0;20260414;125723;5413.5;2
LKOH;0;20260414;125723;5413.5;2
LKOH;0;20260414;125723;5413.5;1
LKOH;0;20260414;125723;5413.5;1
LKOH;0;20260414;125723;5413.5;1
LKOH;0;20260414;125734;5414.0;20
LKOH;0;20260414;125734;5414.0;30
LKOH;0;20260414;125734;5414.0;10
LKOH;0;20260414;125734;5414.0;10
LKOH;0;20260414;125735;5413.5;2
LKOH;0;20260414;125735;5413.5;3
LKOH;0;20260414;125735;5414.0;1
LKOH;0;20260414;125735;5413.5;1
LKOH;0;20260414;125735;5413.5;2
LKOH;0;20260414;125736;5413.5;5
LKOH;0;20260414;125736;5413.5;1
LKOH;0;20260414;125736;5413.5;1
LKOH;0;20260414;125736;5413.5;6
LKOH;0;20260414;125736;5413.5;3
LKOH;0;20260414;125736;5413.5;3
LKOH;0;20260414;125737;5413.5;1
LKOH;0;20260414;125737;5413.5;1
LKOH;0;20260414;125737;5413.5;1
LKOH;0;20260414;125737;5413.5;1
LKOH;0;20260414;125740;5414.0;21
LKOH;0;20260414;125740;5414.0;19
LKOH;0;20260414;125740;5414.0;9
LKOH;0;20260414;125740;5414.5;1
LKOH;0;20260414;125740;5414.5;20
LKOH;0;20260414;125741;5414.0;3
LKOH;0;20260414;125741;5413.5;5
LKOH;0;20260414;125741;5413.5;3
LKOH;0;20260414;125741;5413.5;2
LKOH;0;20260414;125741;5413.5;3
LKOH;0;20260414;125742;5413.5;3
LKOH;0;20260414;125742;5413.5;4
LKOH;0;20260414;125742;5413.5;1
LKOH;0;20260414;125742;5413.5;2
LKOH;0;20260414;125743;5413.5;1
LKOH;0;20260414;125743;5413.5;1
LKOH;0;20260414;125743;5413.5;1
LKOH;0;20260414;125743;5413.5;1
LKOH;0;20260414;125745;5414.0;1
LKOH;0;20260414;125749;5414.0;2
LKOH;0;20260414;125749;5414.0;2
LKOH;0;20260414;125750;5414.0;1
LKOH;0;20260414;125750;5414.0;1
LKOH;0;20260414;125753;5414.0;5
LKOH;0;20260414;125755;5414.5;1
LKOH;0;20260414;125755;5414.0;1
LKOH;0;20260414;125755;5414.0;1
LKOH;0;20260414;125755;5414.0;1
LKOH;0;20260414;125756;5414.0;1
LKOH;0;20260414;125756;5414.0;1
LKOH;0;20260414;125759;5414.5;1
LKOH;0;20260414;125800;5414.5;1
LKOH;0;20260414;125801;5414.5;2
LKOH;0;20260414;125809;5414.0;1
LKOH;0;20260414;125810;5414.0;1
LKOH;0;20260414;125810;5414.0;1
LKOH;0;20260414;125819;5414.0;3
LKOH;0;20260414;125824;5414.5;2
LKOH;0;20260414;125842;5414.0;3
LKOH;0;20260414;125843;5414.0;1
LKOH;0;20260414;125843;5414.0;1
LKOH;0;20260414;125843;5414.0;1
LKOH;0;20260414;125843;5414.0;1
LKOH;0;20260414;125846;5414.5;1
LKOH;0;20260414;125850;5414.0;2
LKOH;0;20260414;125853;5414.0;5
LKOH;0;20260414;125854;5414.0;1
LKOH;0;20260414;125854;5414.0;1
LKOH;0;20260414;125854;5414.0;1
LKOH;0;20260414;125855;5414.5;3
LKOH;0;20260414;125857;5414.5;1
LKOH;0;20260414;125914;5414.0;1
LKOH;0;20260414;125914;5414.0;10
LKOH;0;20260414;125914;5414.0;10
LKOH;0;20260414;125914;5414.0;1
LKOH;0;20260414;125914;5414.0;5
LKOH;0;20260414;125914;5414.0;3
LKOH;0;20260414;125914;5413.5;5
LKOH;0;20260414;125915;5413.5;5
LKOH;0;20260414;125915;5413.5;5
LKOH;0;20260414;125915;5413.5;3
LKOH;0;20260414;125915;5413.5;2
LKOH;0;20260414;125920;5413.5;3
LKOH;0;20260414;125920;5413.5;1
LKOH;0;20260414;125920;5413.5;1
LKOH;0;20260414;125921;5413.5;1
LKOH;0;20260414;125921;5413.5;1
LKOH;0;20260414;125925;5413.5;30
LKOH;0;20260414;125925;5413.5;1
LKOH;0;20260414;125925;5413.5;10
LKOH;0;20260414;125925;5413.5;1
LKOH;0;20260414;125925;5413.5;3
LKOH;0;20260414;125925;5413.5;5
LKOH;0;20260414;125925;5413.5;27
LKOH;0;20260414;125925;5413.5;1
LKOH;0;20260414;125925;5413.5;100
LKOH;0;20260414;125925;5413.5;1
LKOH;0;20260414;125925;5413.5;3
LKOH;0;20260414;125925;5413.5;117
LKOH;0;20260414;125925;5413.5;120
LKOH;0;20260414;125925;5413.5;12
LKOH;0;20260414;125925;5413.5;6
LKOH;0;20260414;125925;5413.5;30
LKOH;0;20260414;125925;5413.0;333
LKOH;0;20260414;125926;5413.5;1
LKOH;0;20260414;125926;5413.0;100
LKOH;0;20260414;125926;5413.0;100
LKOH;0;20260414;125926;5413.0;44
LKOH;0;20260414;125926;5413.0;45
LKOH;0;20260414;125927;5413.0;5
LKOH;0;20260414;125927;5413.0;6
LKOH;0;20260414;125927;5413.0;6
LKOH;0;20260414;125927;5413.0;6
LKOH;0;20260414;125928;5413.0;5
LKOH;0;20260414;125928;5413.0;6
LKOH;0;20260414;125928;5413.0;4
LKOH;0;20260414;125928;5413.0;5
LKOH;0;20260414;125928;5413.5;1
LKOH;0;20260414;125929;5413.0;1
LKOH;0;20260414;125929;5413.0;2
LKOH;0;20260414;125929;5413.0;1
LKOH;0;20260414;125929;5413.0;1
LKOH;0;20260414;125930;5413.0;1
LKOH;0;20260414;125930;5413.0;2
LKOH;0;20260414;125930;5413.0;1
LKOH;0;20260414;125930;5413.0;1
LKOH;0;20260414;125932;5413.5;25
LKOH;0;20260414;125932;5413.5;50
LKOH;0;20260414;125932;5414.0;1
LKOH;0;20260414;125932;5414.0;12
LKOH;0;20260414;125932;5414.0;28
LKOH;0;20260414;125932;5414.0;1
LKOH;0;20260414;125932;5414.5;1
LKOH;0;20260414;125932;5414.5;33
LKOH;0;20260414;125932;5414.5;60
LKOH;0;20260414;125932;5415.0;8
LKOH;0;20260414;125932;5415.0;1
LKOH;0;20260414;125932;5415.0;1
LKOH;0;20260414;125932;5415.0;60
LKOH;0;20260414;125932;5415.0;50
LKOH;0;20260414;125932;5415.0;60
LKOH;0;20260414;125932;5415.5;1
LKOH;0;20260414;125932;5415.5;1
LKOH;0;20260414;125932;5415.5;30
LKOH;0;20260414;125932;5415.5;60
LKOH;0;20260414;125932;5416.0;1
LKOH;0;20260414;125932;5416.0;4
LKOH;0;20260414;125932;5416.0;30
LKOH;0;20260414;125932;5416.0;20
LKOH;0;20260414;125932;5416.5;10
LKOH;0;20260414;125932;5416.5;52
LKOH;0;20260414;125933;5413.5;1
LKOH;0;20260414;125933;5413.0;75
LKOH;0;20260414;125933;5413.5;30
LKOH;0;20260414;125933;5413.0;44
LKOH;0;20260414;125933;5413.5;1
LKOH;0;20260414;125933;5413.5;25
LKOH;0;20260414;125933;5413.0;33
LKOH;0;20260414;125933;5413.5;4
LKOH;0;20260414;125933;5413.5;8
LKOH;0;20260414;125933;5413.5;3
LKOH;0;20260414;125934;5413.5;4
LKOH;0;20260414;125934;5413.5;5
LKOH;0;20260414;125934;5413.5;1
LKOH;0;20260414;125934;5413.5;1
LKOH;0;20260414;125934;5413.0;8
LKOH;0;20260414;125934;5413.0;6
LKOH;0;20260414;125935;5413.0;1
LKOH;0;20260414;125935;5413.0;1
LKOH;0;20260414;125935;5413.0;1
LKOH;0;20260414;125935;5413.0;1
LKOH;0;20260414;125936;5413.0;1
LKOH;0;20260414;125936;5413.0;2
LKOH;0;20260414;125944;5414.0;22
LKOH;0;20260414;125944;5414.5;11
LKOH;0;20260414;125944;5414.5;1
LKOH;0;20260414;125944;5414.5;1
LKOH;0;20260414;125944;5414.5;1
LKOH;0;20260414;125944;5415.0;8
LKOH;0;20260414;125944;5415.0;1
LKOH;0;20260414;125944;5415.0;1
LKOH;0;20260414;125944;5415.5;19
LKOH;0;20260414;125944;5415.5;50
LKOH;0;20260414;125944;5415.5;1
LKOH;0;20260414;125944;5415.5;30
LKOH;0;20260414;125944;5416.0;39
LKOH;0;20260414;125944;5416.0;4
LKOH;0;20260414;125945;5414.5;24
LKOH;0;20260414;125945;5414.5;1
LKOH;0;20260414;125945;5414.0;23
LKOH;0;20260414;125945;5414.0;11
LKOH;0;20260414;125945;5414.0;11
LKOH;0;20260414;125946;5414.0;1
LKOH;0;20260414;125946;5414.0;2
LKOH;0;20260414;125946;5414.0;1
LKOH;0;20260414;125946;5414.0;1
LKOH;0;20260414;125946;5413.5;1
LKOH;0;20260414;125946;5413.5;1
LKOH;0;20260414;125946;5413.5;1
LKOH;0;20260414;125947;5413.5;1
LKOH;0;20260414;125947;5413.5;2
LKOH;0;20260414;125947;5413.5;1
LKOH;0;20260414;125947;5413.5;1
LKOH;0;20260414;125950;5413.5;2
LKOH;0;20260414;125951;5414.5;10
LKOH;0;20260414;125951;5413.5;27
LKOH;0;20260414;125951;5413.5;2
LKOH;0;20260414;125951;5413.5;1
LKOH;0;20260414;125952;5413.5;1
LKOH;0;20260414;125952;5413.5;1
LKOH;0;20260414;125952;5413.5;1
LKOH;0;20260414;125952;5413.5;3
LKOH;0;20260414;125952;5413.5;4
LKOH;0;20260414;125952;5413.5;1
LKOH;0;20260414;125952;5413.5;2
LKOH;0;20260414;125953;5413.5;5
LKOH;0;20260414;125954;5413.5;1
LKOH;0;20260414;125954;5413.5;1
LKOH;0;20260414;125955;5413.5;1
LKOH;0;20260414;125955;5413.5;1
LKOH;0;20260414;125959;5413.5;1
LKOH;0;20260414;130001;5414.5;1
LKOH;0;20260414;130002;5413.5;143
LKOH;0;20260414;130002;5413.5;5
LKOH;0;20260414;130002;5413.5;1
LKOH;0;20260414;130002;5413.5;5
LKOH;0;20260414;130002;5413.5;5
LKOH;0;20260414;130002;5413.5;1
LKOH;0;20260414;130002;5413.5;5
LKOH;0;20260414;130002;5413.5;5
LKOH;0;20260414;130002;5413.5;5
LKOH;0;20260414;130002;5413.5;5
LKOH;0;20260414;130002;5413.5;4
LKOH;0;20260414;130003;5413.5;1
LKOH;0;20260414;130003;5413.5;5
LKOH;0;20260414;130003;5413.5;5
LKOH;0;20260414;130003;5413.5;5
LKOH;0;20260414;130003;5413.5;1
LKOH;0;20260414;130003;5413.0;23
LKOH;0;20260414;130003;5413.0;7
LKOH;0;20260414;130003;5413.0;10
LKOH;0;20260414;130003;5413.0;10
LKOH;0;20260414;130003;5413.0;1
LKOH;0;20260414;130004;5413.0;1
LKOH;0;20260414;130004;5413.0;2
LKOH;0;20260414;130004;5413.0;1
LKOH;0;20260414;130004;5413.0;1
LKOH;0;20260414;130005;5413.0;1
LKOH;0;20260414;130005;5413.0;2
LKOH;0;20260414;130005;5413.0;1
LKOH;0;20260414;130005;5413.0;2
LKOH;0;20260414;130011;5413.0;1
LKOH;0;20260414;130012;5413.5;1
LKOH;0;20260414;130014;5413.0;55
LKOH;0;20260414;130015;5413.0;7
LKOH;0;20260414;130015;5413.0;8
LKOH;0;20260414;130015;5413.0;4
LKOH;0;20260414;130015;5413.0;4
LKOH;0;20260414;130015;5413.0;50
LKOH;0;20260414;130016;5413.0;1
LKOH;0;20260414;130016;5413.0;1
LKOH;0;20260414;130016;5413.0;3
LKOH;0;20260414;130016;5413.0;4
LKOH;0;20260414;130017;5413.0;6
LKOH;0;20260414;130017;5413.0;7
LKOH;0;20260414;130017;5413.5;5
LKOH;0;20260414;130018;5413.0;1
LKOH;0;20260414;130018;5413.0;2
LKOH;0;20260414;130018;5413.0;1
LKOH;0;20260414;130018;5413.0;1
LKOH;0;20260414;130020;5413.0;3
LKOH;0;20260414;130026;5413.5;4
LKOH;0;20260414;130027;5413.0;1
LKOH;0;20260414;130027;5413.0;1
LKOH;0;20260414;130032;5413.5;4
LKOH;0;20260414;130032;5414.0;1
LKOH;0;20260414;130032;5414.0;1
LKOH;0;20260414;130032;5414.0;4
LKOH;0;20260414;130033;5413.0;1
LKOH;0;20260414;130033;5413.0;1
LKOH;0;20260414;130033;5413.0;1
LKOH;0;20260414;130033;5413.0;1
LKOH;0;20260414;130042;5414.0;1
LKOH;0;20260414;130042;5414.0;1
LKOH;0;20260414;130042;5414.0;17
LKOH;0;20260414;130042;5414.0;1
LKOH;0;20260414;130043;5413.5;1
LKOH;0;20260414;130043;5413.0;3
LKOH;0;20260414;130043;5413.0;2
LKOH;0;20260414;130043;5413.0;2
LKOH;0;20260414;130043;5413.0;1
LKOH;0;20260414;130050;5413.5;3
LKOH;0;20260414;130053;5413.5;2
LKOH;0;20260414;130053;5413.5;4
LKOH;0;20260414;130054;5413.5;1
LKOH;0;20260414;130054;5413.5;2
LKOH;0;20260414;130054;5413.5;1
LKOH;0;20260414;130054;5413.5;1
LKOH;0;20260414;130100;5414.0;1
LKOH;0;20260414;130112;5414.0;1
LKOH;0;20260414;130112;5414.0;15
LKOH;0;20260414;130113;5414.0;2
LKOH;0;20260414;130113;5414.0;3
LKOH;0;20260414;130113;5414.0;1
LKOH;0;20260414;130113;5414.0;1
LKOH;0;20260414;130115;5414.5;4
LKOH;0;20260414;130115;5414.5;1
LKOH;0;20260414;130115;5414.5;3
LKOH;0;20260414;130116;5414.5;1
LKOH;0;20260414;130116;5414.5;4
LKOH;0;20260414;130116;5414.5;5
LKOH;0;20260414;130116;5414.5;1
LKOH;0;20260414;130116;5414.5;1
LKOH;0;20260414;130116;5414.5;1
LKOH;0;20260414;130116;5414.5;1
LKOH;0;20260414;130116;5414.5;2
LKOH;0;20260414;130116;5415.0;1
LKOH;0;20260414;130116;5415.0;1
LKOH;0;20260414;130116;5416.0;2
LKOH;0;20260414;130117;5416.0;8
LKOH;0;20260414;130117;5416.0;12
LKOH;0;20260414;130117;5416.0;21
LKOH;0;20260414;130117;5415.0;3
LKOH;0;20260414;130117;5415.0;3
LKOH;0;20260414;130117;5415.0;2
LKOH;0;20260414;130117;5415.0;1
LKOH;0;20260414;130118;5415.0;2
LKOH;0;20260414;130118;5415.0;3
LKOH;0;20260414;130118;5415.0;1
LKOH;0;20260414;130118;5415.0;2
LKOH;0;20260414;130119;5415.0;1
LKOH;0;20260414;130119;5415.0;1
LKOH;0;20260414;130120;5415.0;2
LKOH;0;20260414;130125;5416.0;1
LKOH;0;20260414;130126;5415.0;1
LKOH;0;20260414;130126;5415.0;1
LKOH;0;20260414;130136;5416.0;1
LKOH;0;20260414;130136;5416.0;1
LKOH;0;20260414;130150;5415.5;3
LKOH;0;20260414;130151;5415.5;1
LKOH;0;20260414;130151;5415.5;1
LKOH;0;20260414;130154;5415.5;5
LKOH;0;20260414;130202;5416.0;1
LKOH;0;20260414;130203;5415.5;1
LKOH;0;20260414;130203;5415.5;1
LKOH;0;20260414;130210;5416.0;1
LKOH;0;20260414;130210;5416.0;3
LKOH;0;20260414;130210;5416.0;1
LKOH;0;20260414;130211;5415.5;1
LKOH;0;20260414;130211;5415.5;1
LKOH;0;20260414;130212;5416.0;25
LKOH;0;20260414;130212;5416.0;21
LKOH;0;20260414;130212;5416.0;4
LKOH;0;20260414;130212;5416.0;4
LKOH;0;20260414;130212;5416.0;2
LKOH;0;20260414;130212;5416.0;4
LKOH;0;20260414;130213;5416.0;1
LKOH;0;20260414;130213;5416.0;2
LKOH;0;20260414;130213;5416.0;3
LKOH;0;20260414;130214;5416.5;10
LKOH;0;20260414;130214;5416.0;1
LKOH;0;20260414;130214;5416.0;2
LKOH;0;20260414;130214;5416.0;1
LKOH;0;20260414;130214;5416.0;1
LKOH;0;20260414;130214;5416.0;3
LKOH;0;20260414;130214;5416.0;1
LKOH;0;20260414;130215;5416.0;1
LKOH;0;20260414;130215;5416.0;1
LKOH;0;20260414;130215;5416.0;1
LKOH;0;20260414;130215;5416.0;2
LKOH;0;20260414;130220;5416.0;2
LKOH;0;20260414;130221;5416.0;1
LKOH;0;20260414;130221;5416.0;1
LKOH;0;20260414;130223;5416.5;3
LKOH;0;20260414;130224;5416.0;1
LKOH;0;20260414;130224;5416.0;1
LKOH;0;20260414;130226;5416.5;37
LKOH;0;20260414;130226;5416.5;23
LKOH;0;20260414;130227;5416.0;8
LKOH;0;20260414;130227;5416.0;8
LKOH;0;20260414;130227;5416.0;3
LKOH;0;20260414;130227;5416.0;3
LKOH;0;20260414;130228;5416.0;1
LKOH;0;20260414;130228;5416.0;1
LKOH;0;20260414;130228;5416.0;1
LKOH;0;20260414;130228;5416.0;1
LKOH;0;20260414;130229;5416.5;1
LKOH;0;20260414;130229;5416.5;5
LKOH;0;20260414;130230;5416.0;1
LKOH;0;20260414;130230;5416.0;1
LKOH;0;20260414;130237;5416.0;1
LKOH;0;20260414;130238;5416.5;5
LKOH;0;20260414;130238;5417.0;1
LKOH;0;20260414;130238;5417.0;8
LKOH;0;20260414;130239;5416.5;1
LKOH;0;20260414;130239;5416.5;1
LKOH;0;20260414;130239;5416.5;1
LKOH;0;20260414;130239;5416.5;2
LKOH;0;20260414;130242;5417.0;5
LKOH;0;20260414;130243;5417.0;5
LKOH;0;20260414;130243;5416.5;1
LKOH;0;20260414;130243;5416.5;1
LKOH;0;20260414;130243;5416.5;1
LKOH;0;20260414;130243;5416.5;1
LKOH;0;20260414;130244;5416.5;1
LKOH;0;20260414;130244;5416.5;1
LKOH;0;20260414;130247;5417.0;47
LKOH;0;20260414;130247;5417.0;3
LKOH;0;20260414;130247;5417.0;10
LKOH;0;20260414;130247;5417.0;6
LKOH;0;20260414;130248;5417.0;5
LKOH;0;20260414;130248;5417.0;1
LKOH;0;20260414;130248;5417.0;3
LKOH;0;20260414;130248;5417.0;3
LKOH;0;20260414;130249;5417.0;1
LKOH;0;20260414;130249;5417.0;2
LKOH;0;20260414;130249;5417.0;1
LKOH;0;20260414;130249;5417.0;1
LKOH;0;20260414;130250;5417.0;1
LKOH;0;20260414;130250;5417.0;1
LKOH;0;20260414;130250;5417.0;3
LKOH;0;20260414;130251;5417.0;1
LKOH;0;20260414;130251;5417.0;1
LKOH;0;20260414;130251;5417.5;1
LKOH;0;20260414;130252;5417.0;1
LKOH;0;20260414;130253;5417.0;1
LKOH;0;20260414;130253;5417.0;1
LKOH;0;20260414;130254;5417.0;5
LKOH;0;20260414;130254;5417.5;1
LKOH;0;20260414;130254;5417.5;1
LKOH;0;20260414;130257;5418.0;1
LKOH;0;20260414;130257;5418.0;1
LKOH;0;20260414;130257;5418.0;1
LKOH;0;20260414;130258;5417.5;1
LKOH;0;20260414;130258;5417.0;1
LKOH;0;20260414;130301;5417.5;1
LKOH;0;20260414;130301;5418.0;1
LKOH;0;20260414;130301;5418.0;9
LKOH;0;20260414;130301;5418.0;7
LKOH;0;20260414;130301;5418.0;1
LKOH;0;20260414;130301;5418.0;2
LKOH;0;20260414;130301;5418.0;2
LKOH;0;20260414;130301;5418.0;7
LKOH;0;20260414;130301;5418.0;1
LKOH;0;20260414;130301;5418.0;1
LKOH;0;20260414;130301;5418.5;1
LKOH;0;20260414;130301;5418.5;1
LKOH;0;20260414;130301;5418.5;5
LKOH;0;20260414;130301;5418.5;1
LKOH;0;20260414;130301;5418.5;3
LKOH;0;20260414;130301;5419.0;1
LKOH;0;20260414;130301;5418.5;22
LKOH;0;20260414;130301;5418.5;1
LKOH;0;20260414;130302;5418.5;6
LKOH;0;20260414;130302;5418.5;4
LKOH;0;20260414;130302;5418.5;2
LKOH;0;20260414;130302;5418.5;2
LKOH;0;20260414;130302;5418.5;1
LKOH;0;20260414;130302;5418.5;1
LKOH;0;20260414;130302;5418.5;1
LKOH;0;20260414;130302;5418.5;3
LKOH;0;20260414;130302;5418.5;4
LKOH;0;20260414;130302;5418.5;4
LKOH;0;20260414;130302;5418.5;9
LKOH;0;20260414;130302;5418.5;9
LKOH;0;20260414;130302;5418.5;4
LKOH;0;20260414;130302;5418.5;4
LKOH;0;20260414;130302;5418.0;4
LKOH;0;20260414;130302;5418.5;30
LKOH;0;20260414;130303;5418.0;2
LKOH;0;20260414;130303;5418.0;2
LKOH;0;20260414;130303;5418.0;10
LKOH;0;20260414;130303;5418.0;11
LKOH;0;20260414;130303;5418.5;3
LKOH;0;20260414;130303;5418.5;17
LKOH;0;20260414;130303;5418.5;20
LKOH;0;20260414;130303;5418.5;1
LKOH;0;20260414;130304;5418.0;4
LKOH;0;20260414;130304;5418.0;5
LKOH;0;20260414;130304;5418.0;4
LKOH;0;20260414;130304;5418.0;5
LKOH;0;20260414;130304;5418.0;3
LKOH;0;20260414;130304;5418.0;3
LKOH;0;20260414;130305;5418.0;6
LKOH;0;20260414;130305;5418.0;6
LKOH;0;20260414;130305;5418.5;10
LKOH;0;20260414;130305;5418.0;1
LKOH;0;20260414;130305;5418.0;1
LKOH;0;20260414;130306;5418.0;1
LKOH;0;20260414;130306;5418.0;1
LKOH;0;20260414;130306;5418.0;1
LKOH;0;20260414;130306;5418.0;1
LKOH;0;20260414;130307;5418.0;1
LKOH;0;20260414;130307;5418.0;2
LKOH;0;20260414;130307;5418.5;9
LKOH;0;20260414;130307;5418.5;1
LKOH;0;20260414;130308;5418.0;1
LKOH;0;20260414;130308;5418.0;2
LKOH;0;20260414;130308;5418.0;1
LKOH;0;20260414;130308;5418.0;1
LKOH;0;20260414;130308;5418.5;1
LKOH;0;20260414;130313;5418.5;9
LKOH;0;20260414;130314;5418.0;1
LKOH;0;20260414;130314;5418.0;2
LKOH;0;20260414;130314;5418.0;1
LKOH;0;20260414;130314;5418.0;1
LKOH;0;20260414;130314;5418.5;1
LKOH;0;20260414;130320;5417.0;1
LKOH;0;20260414;130320;5417.0;1
LKOH;0;20260414;130324;5417.5;1
LKOH;0;20260414;130324;5417.5;3
LKOH;0;20260414;130324;5417.5;1
LKOH;0;20260414;130325;5417.0;1
LKOH;0;20260414;130325;5417.0;1
LKOH;0;20260414;130327;5417.5;3
LKOH;0;20260414;130342;5417.5;6
LKOH;0;20260414;130342;5418.0;1
LKOH;0;20260414;130342;5418.5;5
LKOH;0;20260414;130343;5418.0;1
LKOH;0;20260414;130343;5418.0;2
LKOH;0;20260414;130343;5418.0;1
LKOH;0;20260414;130343;5418.0;1
LKOH;0;20260414;130344;5418.0;1
LKOH;0;20260414;130344;5418.0;1
LKOH;0;20260414;130348;5418.0;19
LKOH;0;20260414;130348;5418.0;2
LKOH;0;20260414;130348;5418.0;2
LKOH;0;20260414;130349;5418.0;1
LKOH;0;20260414;130349;5418.0;2
LKOH;0;20260414;130350;5418.0;3
LKOH;0;20260414;130351;5418.0;1
LKOH;0;20260414;130351;5418.0;1
LKOH;0;20260414;130352;5418.5;3
LKOH;0;20260414;130352;5418.5;30
LKOH;0;20260414;130353;5418.0;4
LKOH;0;20260414;130353;5418.0;4
LKOH;0;20260414;130353;5418.0;2
LKOH;0;20260414;130353;5418.0;3
LKOH;0;20260414;130354;5418.0;4
LKOH;0;20260414;130354;5418.0;5
LKOH;0;20260414;130354;5418.0;1
LKOH;0;20260414;130354;5418.0;1
LKOH;0;20260414;130355;5418.0;1
LKOH;0;20260414;130355;5418.0;1
LKOH;0;20260414;130355;5418.0;1
LKOH;0;20260414;130355;5418.0;1
LKOH;0;20260414;130405;5418.5;20
LKOH;0;20260414;130405;5418.5;6
LKOH;0;20260414;130405;5418.5;37
LKOH;0;20260414;130405;5418.5;18
LKOH;0;20260414;130405;5418.5;57
LKOH;0;20260414;130405;5418.5;6
LKOH;0;20260414;130405;5418.5;4
LKOH;0;20260414;130405;5418.5;29
LKOH;0;20260414;130405;5418.5;1
LKOH;0;20260414;130405;5418.5;10
LKOH;0;20260414;130405;5418.5;9
LKOH;0;20260414;130405;5418.5;3
LKOH;0;20260414;130406;5418.0;25
LKOH;0;20260414;130406;5418.0;2
LKOH;0;20260414;130406;5418.0;23
LKOH;0;20260414;130406;5418.0;11
LKOH;0;20260414;130406;5418.0;12
LKOH;0;20260414;130407;5418.5;1
LKOH;0;20260414;130407;5418.0;1
LKOH;0;20260414;130407;5418.0;2
LKOH;0;20260414;130407;5418.0;1
LKOH;0;20260414;130407;5418.0;2
LKOH;0;20260414;130408;5418.0;1
LKOH;0;20260414;130408;5418.0;2
LKOH;0;20260414;130408;5418.0;1
LKOH;0;20260414;130408;5418.0;1
LKOH;0;20260414;130411;5418.5;29
LKOH;0;20260414;130411;5418.5;1
LKOH;0;20260414;130412;5418.0;18
LKOH;0;20260414;130412;5418.0;4
LKOH;0;20260414;130412;5418.0;5
LKOH;0;20260414;130412;5418.0;2
LKOH;0;20260414;130412;5418.0;2
LKOH;0;20260414;130413;5418.0;2
LKOH;0;20260414;130413;5418.0;2
LKOH;0;20260414;130413;5418.0;1
LKOH;0;20260414;130413;5418.0;1
LKOH;0;20260414;130414;5418.0;1
LKOH;0;20260414;130414;5418.0;1
LKOH;0;20260414;130414;5418.0;1
LKOH;0;20260414;130414;5418.0;1
LKOH;0;20260414;130418;5418.5;1
LKOH;0;20260414;130418;5418.5;1
LKOH;0;20260414;130420;5418.0;2
LKOH;0;20260414;130425;5418.5;1
LKOH;0;20260414;130426;5418.0;1
LKOH;0;20260414;130426;5418.0;1
LKOH;0;20260414;130427;5418.5;6
LKOH;0;20260414;130433;5418.5;1
LKOH;0;20260414;130445;5418.5;3
LKOH;0;20260414;130446;5418.0;1
LKOH;0;20260414;130446;5418.0;1
LKOH;0;20260414;130446;5418.0;1
LKOH;0;20260414;130446;5418.0;1
LKOH;0;20260414;130448;5418.5;1
LKOH;0;20260414;130450;5418.0;3
LKOH;0;20260414;130451;5418.0;1
LKOH;0;20260414;130451;5418.0;1
LKOH;0;20260414;130454;5418.0;5
LKOH;0;20260414;130456;5418.5;1
LKOH;0;20260414;130503;5418.0;1
LKOH;0;20260414;130504;5418.5;1
LKOH;0;20260414;130505;5418.0;1
LKOH;0;20260414;130505;5418.0;1
LKOH;0;20260414;130505;5418.0;1
LKOH;0;20260414;130505;5418.0;1
LKOH;0;20260414;130506;5418.5;1
LKOH;0;20260414;130507;5418.5;1
LKOH;0;20260414;130515;5418.5;4
LKOH;0;20260414;130516;5418.5;2
LKOH;0;20260414;130516;5418.0;1
LKOH;0;20260414;130516;5418.0;1
LKOH;0;20260414;130520;5418.0;2
LKOH;0;20260414;130524;5418.5;1
LKOH;0;20260414;130532;5418.5;4
LKOH;0;20260414;130532;5418.5;1
LKOH;0;20260414;130532;5418.5;5
LKOH;0;20260414;130532;5418.0;1
LKOH;0;20260414;130533;5418.0;1
LKOH;0;20260414;130533;5418.0;2
LKOH;0;20260414;130533;5418.0;1
LKOH;0;20260414;130533;5418.0;1
LKOH;0;20260414;130540;5418.0;8
LKOH;0;20260414;130541;5418.0;1
LKOH;0;20260414;130541;5418.0;2
LKOH;0;20260414;130541;5418.0;1
LKOH;0;20260414;130541;5418.0;1
LKOH;0;20260414;130541;5418.5;1
LKOH;0;20260414;130541;5418.5;2
LKOH;0;20260414;130542;5418.5;6
LKOH;0;20260414;130542;5418.5;5
LKOH;0;20260414;130543;5418.0;2
LKOH;0;20260414;130543;5418.0;2
LKOH;0;20260414;130543;5418.0;1
LKOH;0;20260414;130543;5418.0;1
LKOH;0;20260414;130549;5418.0;6
LKOH;0;20260414;130549;5418.0;1
LKOH;0;20260414;130549;5418.0;2
LKOH;0;20260414;130549;5418.0;5
LKOH;0;20260414;130549;5418.5;3
LKOH;0;20260414;130550;5418.5;1
LKOH;0;20260414;130550;5418.5;11
LKOH;0;20260414;130550;5418.0;3
LKOH;0;20260414;130550;5418.0;2
LKOH;0;20260414;130550;5418.0;2
LKOH;0;20260414;130550;5418.0;1
LKOH;0;20260414;130550;5418.0;1
LKOH;0;20260414;130551;5418.5;1
LKOH;0;20260414;130551;5418.0;2
LKOH;0;20260414;130551;5418.0;3
LKOH;0;20260414;130551;5418.0;1
LKOH;0;20260414;130551;5418.0;1
LKOH;0;20260414;130552;5418.5;3
LKOH;0;20260414;130552;5418.0;1
LKOH;0;20260414;130552;5418.0;1
LKOH;0;20260414;130554;5418.0;5
LKOH;0;20260414;130555;5418.0;1
LKOH;0;20260414;130555;5418.0;1
LKOH;0;20260414;130557;5418.0;1
LKOH;0;20260414;130557;5418.5;1
LKOH;0;20260414;130558;5418.0;1
LKOH;0;20260414;130558;5418.0;1
LKOH;0;20260414;130558;5418.5;20
LKOH;0;20260414;130559;5418.0;2
LKOH;0;20260414;130559;5418.0;3
LKOH;0;20260414;130559;5418.0;1
LKOH;0;20260414;130559;5418.0;1
LKOH;0;20260414;130620;5418.0;2
LKOH;0;20260414;130623;5418.5;1
LKOH;0;20260414;130623;5418.0;100
LKOH;0;20260414;130624;5418.0;7
LKOH;0;20260414;130624;5418.0;6
LKOH;0;20260414;130624;5418.0;13
LKOH;0;20260414;130624;5418.0;1
LKOH;0;20260414;130624;5418.0;1
LKOH;0;20260414;130624;5418.0;1
LKOH;0;20260414;130624;5418.0;3
LKOH;0;20260414;130624;5418.0;6
LKOH;0;20260414;130624;5418.5;1
LKOH;0;20260414;130625;5418.0;1
LKOH;0;20260414;130625;5418.0;1
LKOH;0;20260414;130625;5418.0;1
LKOH;0;20260414;130625;5418.0;1
LKOH;0;20260414;130626;5418.0;1
LKOH;0;20260414;130626;5418.0;1
LKOH;0;20260414;130626;5418.0;1
LKOH;0;20260414;130626;5418.0;1
LKOH;0;20260414;130650;5418.0;3
LKOH;0;20260414;130654;5418.0;2
LKOH;0;20260414;130654;5418.0;1
LKOH;0;20260414;130654;5418.0;1
LKOH;0;20260414;130654;5417.5;1
LKOH;0;20260414;130655;5417.5;1
LKOH;0;20260414;130655;5417.5;1
LKOH;0;20260414;130656;5418.0;1
LKOH;0;20260414;130703;5417.5;7
LKOH;0;20260414;130703;5417.5;1
LKOH;0;20260414;130704;5417.0;1
LKOH;0;20260414;130704;5417.0;2
LKOH;0;20260414;130704;5417.0;1
LKOH;0;20260414;130704;5417.0;1
LKOH;0;20260414;130706;5417.5;1
LKOH;0;20260414;130710;5417.0;3
LKOH;0;20260414;130711;5417.5;5
LKOH;0;20260414;130711;5417.5;1
LKOH;0;20260414;130712;5417.0;1
LKOH;0;20260414;130712;5417.0;1
LKOH;0;20260414;130713;5417.5;2
LKOH;0;20260414;130713;5417.0;1
LKOH;0;20260414;130713;5417.0;1
LKOH;0;20260414;130714;5417.0;1
LKOH;0;20260414;130714;5417.0;1
LKOH;0;20260414;130722;5417.0;19
LKOH;0;20260414;130722;5417.0;1
LKOH;0;20260414;130723;5417.0;2
LKOH;0;20260414;130723;5417.0;2
LKOH;0;20260414;130723;5417.0;1
LKOH;0;20260414;130723;5417.0;1
LKOH;0;20260414;130727;5417.5;1
LKOH;0;20260414;130729;5417.5;13
LKOH;0;20260414;130730;5417.0;2
LKOH;0;20260414;130730;5417.0;3
LKOH;0;20260414;130730;5417.0;1
LKOH;0;20260414;130730;5417.0;1
LKOH;0;20260414;130730;5417.5;2
LKOH;0;20260414;130737;5417.0;1
LKOH;0;20260414;130748;5417.5;76
LKOH;0;20260414;130749;5417.0;10
LKOH;0;20260414;130749;5417.0;10
LKOH;0;20260414;130749;5417.0;5
LKOH;0;20260414;130749;5417.0;5
LKOH;0;20260414;130750;5417.5;2
LKOH;0;20260414;130750;5417.0;2
LKOH;0;20260414;130750;5417.0;1
LKOH;0;20260414;130750;5417.0;1
LKOH;0;20260414;130750;5417.0;1
LKOH;0;20260414;130750;5417.0;1
LKOH;0;20260414;130751;5417.0;1
LKOH;0;20260414;130751;5417.0;1
LKOH;0;20260414;130753;5417.0;15
LKOH;0;20260414;130753;5417.0;142
LKOH;0;20260414;130753;5417.0;4
LKOH;0;20260414;130753;5417.0;2
LKOH;0;20260414;130753;5417.0;4
LKOH;0;20260414;130753;5416.5;5
LKOH;0;20260414;130753;5416.5;1
LKOH;0;20260414;130753;5416.5;5
LKOH;0;20260414;130753;5416.5;3
LKOH;0;20260414;130753;5416.5;1
LKOH;0;20260414;130753;5416.0;1
LKOH;0;20260414;130753;5416.0;1
LKOH;0;20260414;130753;5416.0;5
LKOH;0;20260414;130753;5416.0;5
LKOH;0;20260414;130753;5416.0;1
LKOH;0;20260414;130753;5416.0;100
LKOH;0;20260414;130753;5416.0;1
LKOH;0;20260414;130753;5415.5;5
LKOH;0;20260414;130753;5415.5;1
LKOH;0;20260414;130753;5415.5;5
LKOH;0;20260414;130753;5415.5;5
LKOH;0;20260414;130753;5415.5;1
LKOH;0;20260414;130753;5415.0;1
LKOH;0;20260414;130753;5415.0;5
LKOH;0;20260414;130753;5415.0;5
LKOH;0;20260414;130753;5415.0;2
LKOH;0;20260414;130753;5415.0;5
LKOH;0;20260414;130753;5415.0;2
LKOH;0;20260414;130753;5415.0;3
LKOH;0;20260414;130753;5415.0;7
LKOH;0;20260414;130753;5415.0;1
LKOH;0;20260414;130753;5415.0;2
LKOH;0;20260414;130753;5415.0;4
LKOH;0;20260414;130753;5415.0;1
LKOH;0;20260414;130753;5415.0;1
LKOH;0;20260414;130754;5415.0;2
LKOH;0;20260414;130754;5415.0;3
LKOH;0;20260414;130754;5415.0;37
LKOH;0;20260414;130754;5415.0;6
LKOH;0;20260414;130754;5415.0;4
LKOH;0;20260414;130754;5415.0;40
LKOH;0;20260414;130754;5414.5;5
LKOH;0;20260414;130754;5414.5;5
LKOH;0;20260414;130754;5414.5;5
LKOH;0;20260414;130754;5414.5;5
LKOH;0;20260414;130754;5414.5;1
LKOH;0;20260414;130754;5414.5;3
LKOH;0;20260414;130754;5414.5;5
LKOH;0;20260414;130754;5414.5;5
LKOH;0;20260414;130754;5414.5;4
LKOH;0;20260414;130754;5414.0;2
LKOH;0;20260414;130755;5414.0;1
LKOH;0;20260414;130755;5414.0;1
LKOH;0;20260414;130755;5414.0;1
LKOH;0;20260414;130755;5414.0;4
LKOH;0;20260414;130755;5414.0;1
LKOH;0;20260414;130755;5414.0;4
LKOH;0;20260414;130756;5414.0;1
LKOH;0;20260414;130756;5414.0;4
LKOH;0;20260414;130756;5414.0;1
LKOH;0;20260414;130756;5414.0;5
LKOH;0;20260414;130757;5414.0;1
LKOH;0;20260414;130757;5414.0;1
LKOH;0;20260414;130757;5414.0;1
LKOH;0;20260414;130757;5414.0;1
LKOH;0;20260414;130758;5414.5;1
LKOH;0;20260414;130758;5414.5;4
LKOH;0;20260414;130806;5415.5;1
LKOH;0;20260414;130806;5415.5;1
LKOH;0;20260414;130806;5415.0;1
LKOH;0;20260414;130806;5415.0;1
LKOH;0;20260414;130816;5415.0;1
LKOH;0;20260414;130816;5415.0;1
LKOH;0;20260414;130816;5415.0;5
LKOH;0;20260414;130816;5415.0;5
LKOH;0;20260414;130817;5414.5;1
LKOH;0;20260414;130817;5414.5;1
LKOH;0;20260414;130817;5414.5;1
LKOH;0;20260414;130817;5414.5;1
LKOH;0;20260414;130817;5414.5;1
LKOH;0;20260414;130820;5415.0;1
LKOH;0;20260414;130820;5414.5;1
LKOH;0;20260414;130820;5414.5;1
LKOH;0;20260414;130821;5414.0;1
LKOH;0;20260414;130825;5415.0;1
LKOH;0;20260414;130826;5414.5;1
LKOH;0;20260414;130826;5414.5;1
LKOH;0;20260414;130829;5414.5;1
LKOH;0;20260414;130830;5415.0;86
LKOH;0;20260414;130830;5415.0;1
LKOH;0;20260414;130830;5415.5;3
LKOH;0;20260414;130830;5415.5;1
LKOH;0;20260414;130830;5415.5;12
LKOH;0;20260414;130830;5416.0;12
LKOH;0;20260414;130830;5416.0;1
LKOH;0;20260414;130830;5416.0;50
LKOH;0;20260414;130830;5416.5;34
LKOH;0;20260414;130831;5415.0;25
LKOH;0;20260414;130831;5415.0;16
LKOH;0;20260414;130831;5415.0;4
LKOH;0;20260414;130831;5415.0;5
LKOH;0;20260414;130831;5415.0;12
LKOH;0;20260414;130831;5415.0;8
LKOH;0;20260414;130831;5414.5;4
LKOH;0;20260414;130832;5414.5;2
LKOH;0;20260414;130832;5414.5;1
LKOH;0;20260414;130832;5414.5;2
LKOH;0;20260414;130832;5414.5;3
LKOH;0;20260414;130833;5414.5;1
LKOH;0;20260414;130833;5414.5;2
LKOH;0;20260414;130834;5415.0;1
LKOH;0;20260414;130848;5415.5;1
LKOH;0;20260414;130848;5415.5;1
LKOH;0;20260414;130848;5416.0;1
LKOH;0;20260414;130848;5416.0;16
LKOH;0;20260414;130848;5416.0;1
LKOH;0;20260414;130848;5416.5;3
LKOH;0;20260414;130849;5415.0;1
LKOH;0;20260414;130849;5415.0;1
LKOH;0;20260414;130849;5415.0;1
LKOH;0;20260414;130849;5415.0;2
LKOH;0;20260414;130849;5415.0;2
LKOH;0;20260414;130849;5415.0;1
LKOH;0;20260414;130850;5415.0;3
LKOH;0;20260414;130854;5415.0;1
LKOH;0;20260414;130854;5415.0;1
LKOH;0;20260414;130854;5415.0;2
LKOH;0;20260414;130854;5414.5;1
LKOH;0;20260414;130855;5415.0;1
LKOH;0;20260414;130855;5415.0;1
LKOH;0;20260414;130855;5415.0;1
LKOH;0;20260414;130855;5415.0;1
LKOH;0;20260414;130908;5415.5;1
LKOH;0;20260414;130915;5416.5;1
LKOH;0;20260414;130917;5417.0;1
LKOH;0;20260414;130918;5416.5;1
LKOH;0;20260414;130918;5416.5;1
LKOH;0;20260414;130920;5415.5;2
LKOH;0;20260414;130926;5415.5;1
LKOH;0;20260414;130926;5415.0;1
LKOH;0;20260414;130926;5415.0;1
LKOH;0;20260414;130926;5415.0;2
LKOH;0;20260414;130926;5416.0;1
LKOH;0;20260414;130927;5415.0;1
LKOH;0;20260414;130927;5415.0;1
LKOH;0;20260414;130927;5415.0;1
LKOH;0;20260414;130927;5415.0;1
LKOH;0;20260414;130931;5415.0;1
LKOH;0;20260414;130931;5415.0;1
LKOH;0;20260414;130931;5414.5;8
LKOH;0;20260414;130932;5414.5;1
LKOH;0;20260414;130932;5414.5;2
LKOH;0;20260414;130934;5415.0;1
LKOH;0;20260414;130939;5416.0;1
LKOH;0;20260414;130941;5416.0;1
LKOH;0;20260414;130942;5415.0;1
LKOH;0;20260414;130942;5415.0;1
LKOH;0;20260414;130942;5416.0;6
LKOH;0;20260414;130943;5415.0;1
LKOH;0;20260414;130943;5415.0;1
LKOH;0;20260414;130949;5416.0;1
LKOH;0;20260414;130950;5415.0;2
LKOH;0;20260414;130950;5415.0;1
LKOH;0;20260414;130954;5415.0;1
LKOH;0;20260414;130954;5415.0;2
LKOH;0;20260414;130954;5415.0;2
LKOH;0;20260414;130955;5415.0;2
LKOH;0;20260414;130955;5415.0;1
LKOH;0;20260414;130956;5415.0;1
LKOH;0;20260414;130956;5415.0;1
LKOH;0;20260414;131002;5416.0;1
LKOH;0;20260414;131014;5416.0;1
LKOH;0;20260414;131020;5415.0;1
LKOH;0;20260414;131020;5415.0;1
LKOH;0;20260414;131028;5416.0;1
LKOH;0;20260414;131028;5416.0;2
LKOH;0;20260414;131028;5415.0;1
LKOH;0;20260414;131028;5415.0;1
LKOH;0;20260414;131028;5415.0;1
LKOH;0;20260414;131028;5415.0;1
LKOH;0;20260414;131028;5415.0;1
LKOH;0;20260414;131028;5415.0;15
LKOH;0;20260414;131029;5415.0;1
LKOH;0;20260414;131029;5415.0;1
LKOH;0;20260414;131029;5415.0;2
LKOH;0;20260414;131029;5415.0;2
LKOH;0;20260414;131029;5415.0;1
LKOH;0;20260414;131050;5415.0;2
LKOH;0;20260414;131050;5415.0;1
LKOH;0;20260414;131051;5415.0;1
LKOH;0;20260414;131051;5415.0;1
LKOH;0;20260414;131054;5415.0;5
LKOH;0;20260414;131114;5415.5;5
LKOH;0;20260414;131114;5415.5;1
LKOH;0;20260414;131114;5415.5;1
LKOH;0;20260414;131114;5415.5;1
LKOH;0;20260414;131114;5416.0;19
LKOH;0;20260414;131114;5416.0;1
LKOH;0;20260414;131114;5416.0;2
LKOH;0;20260414;131114;5416.5;24
LKOH;0;20260414;131114;5416.5;1
LKOH;0;20260414;131114;5416.5;10
LKOH;0;20260414;131114;5417.0;1
LKOH;0;20260414;131114;5417.0;24
LKOH;0;20260414;131114;5417.0;1
LKOH;0;20260414;131114;5417.0;11
LKOH;0;20260414;131115;5417.5;2
LKOH;0;20260414;131115;5417.0;13
LKOH;0;20260414;131115;5417.0;14
LKOH;0;20260414;131115;5417.0;6
LKOH;0;20260414;131115;5417.0;7
LKOH;0;20260414;131116;5417.0;1
LKOH;0;20260414;131116;5417.0;1
LKOH;0;20260414;131116;5417.0;1
LKOH;0;20260414;131116;5417.0;1
LKOH;0;20260414;131116;5417.5;1
LKOH;0;20260414;131116;5417.0;1
LKOH;0;20260414;131116;5417.0;1
LKOH;0;20260414;131120;5417.0;2
LKOH;0;20260414;131121;5417.0;1
LKOH;0;20260414;131121;5417.0;1
LKOH;0;20260414;131141;5417.5;1
LKOH;0;20260414;131145;5417.5;2
LKOH;0;20260414;131145;5417.0;3
LKOH;0;20260414;131146;5417.0;1
LKOH;0;20260414;131146;5417.0;1
LKOH;0;20260414;131150;5417.5;2
LKOH;0;20260414;131150;5417.0;3
LKOH;0;20260414;131151;5417.0;1
LKOH;0;20260414;131151;5417.0;1
LKOH;0;20260414;131154;5417.0;5
LKOH;0;20260414;131155;5417.0;1
LKOH;0;20260414;131155;5417.0;1
LKOH;0;20260414;131156;5417.0;1
LKOH;0;20260414;131156;5417.0;1
LKOH;0;20260414;131203;5417.5;1
LKOH;0;20260414;131212;5417.0;12
LKOH;0;20260414;131213;5417.0;1
LKOH;0;20260414;131213;5417.0;2
LKOH;0;20260414;131213;5417.0;1
LKOH;0;20260414;131213;5417.0;1
LKOH;0;20260414;131220;5417.0;2
LKOH;0;20260414;131225;5417.5;1
LKOH;0;20260414;131228;5417.5;57
LKOH;0;20260414;131228;5417.5;2
LKOH;0;20260414;131228;5417.5;10
LKOH;0;20260414;131229;5417.5;9
LKOH;0;20260414;131229;5417.5;9
LKOH;0;20260414;131229;5417.5;4
LKOH;0;20260414;131229;5417.5;4
LKOH;0;20260414;131230;5417.5;1
LKOH;0;20260414;131230;5417.5;1
LKOH;0;20260414;131230;5417.5;1
LKOH;0;20260414;131230;5417.5;1
LKOH;0;20260414;131230;5417.5;1
LKOH;0;20260414;131238;5418.0;5
LKOH;0;20260414;131239;5417.5;1
LKOH;0;20260414;131239;5417.5;1
LKOH;0;20260414;131248;5418.0;1
LKOH;0;20260414;131250;5417.5;1
LKOH;0;20260414;131250;5417.5;2
LKOH;0;20260414;131254;5417.5;5
LKOH;0;20260414;131254;5417.5;4
LKOH;0;20260414;131255;5417.5;1
LKOH;0;20260414;131255;5417.5;2
LKOH;0;20260414;131255;5417.5;1
LKOH;0;20260414;131255;5417.5;1
LKOH;0;20260414;131302;5417.5;1
LKOH;0;20260414;131306;5418.0;11
LKOH;0;20260414;131306;5418.0;2
LKOH;0;20260414;131306;5418.5;2
LKOH;0;20260414;131306;5418.5;2
LKOH;0;20260414;131306;5418.5;1
LKOH;0;20260414;131306;5418.5;3
LKOH;0;20260414;131306;5419.0;32
LKOH;0;20260414;131306;5419.0;76
LKOH;0;20260414;131307;5419.0;150
LKOH;0;20260414;131307;5419.0;21
LKOH;0;20260414;131307;5419.0;2
LKOH;0;20260414;131307;5419.0;1
LKOH;0;20260414;131307;5419.5;2
LKOH;0;20260414;131307;5419.5;3
LKOH;0;20260414;131307;5419.5;1
LKOH;0;20260414;131307;5419.5;1
LKOH;0;20260414;131307;5420.0;19
LKOH;0;20260414;131307;5420.0;2
LKOH;0;20260414;131307;5420.0;1
LKOH;0;20260414;131307;5420.0;20
LKOH;0;20260414;131307;5420.0;100
LKOH;0;20260414;131307;5420.0;1
LKOH;0;20260414;131307;5421.0;19
LKOH;0;20260414;131307;5421.5;14
LKOH;0;20260414;131307;5422.0;4
LKOH;0;20260414;131307;5422.0;2
LKOH;0;20260414;131307;5422.0;5
LKOH;0;20260414;131307;5422.0;3
LKOH;0;20260414;131307;5422.0;1
LKOH;0;20260414;131307;5422.0;48
LKOH;0;20260414;131307;5421.5;2
LKOH;0;20260414;131307;5421.5;1
LKOH;0;20260414;131307;5421.0;5
LKOH;0;20260414;131307;5421.0;1
LKOH;0;20260414;131307;5421.0;4
LKOH;0;20260414;131307;5422.0;2
LKOH;0;20260414;131307;5422.0;18
LKOH;0;20260414;131307;5422.5;68
LKOH;0;20260414;131307;5422.0;1
LKOH;0;20260414;131307;5422.0;1
LKOH;0;20260414;131307;5422.0;51
LKOH;0;20260414;131307;5422.0;3
LKOH;0;20260414;131307;5422.0;2
LKOH;0;20260414;131307;5423.0;51
LKOH;0;20260414;131307;5423.5;1
LKOH;0;20260414;131307;5423.5;5
LKOH;0;20260414;131307;5423.5;18
LKOH;0;20260414;131307;5423.5;1
LKOH;0;20260414;131307;5423.5;20
LKOH;0;20260414;131307;5422.0;1
LKOH;0;20260414;131307;5423.5;1
LKOH;0;20260414;131307;5423.0;15
LKOH;0;20260414;131307;5423.0;35
LKOH;0;20260414;131307;5423.5;26
LKOH;0;20260414;131307;5423.5;3
LKOH;0;20260414;131307;5423.5;4
LKOH;0;20260414;131307;5423.0;15
LKOH;0;20260414;131307;5423.0;36
LKOH;0;20260414;131307;5423.5;25
LKOH;0;20260414;131307;5423.5;16
LKOH;0;20260414;131307;5423.5;2
LKOH;0;20260414;131307;5423.5;2
LKOH;0;20260414;131307;5423.5;14
LKOH;0;20260414;131307;5423.5;10
LKOH;0;20260414;131307;5423.5;6
LKOH;0;20260414;131308;5423.0;50
LKOH;0;20260414;131308;5423.0;26
LKOH;0;20260414;131308;5422.5;19
LKOH;0;20260414;131308;5422.5;19
LKOH;0;20260414;131308;5422.5;7
LKOH;0;20260414;131308;5422.5;6
LKOH;0;20260414;131309;5422.5;15
LKOH;0;20260414;131309;5422.5;16
LKOH;0;20260414;131309;5422.5;11
LKOH;0;20260414;131309;5422.5;12
LKOH;0;20260414;131310;5422.5;1
LKOH;0;20260414;131310;5422.5;2
LKOH;0;20260414;131310;5422.5;1
LKOH;0;20260414;131310;5422.5;2
LKOH;0;20260414;131311;5422.5;3
LKOH;0;20260414;131311;5422.5;3
LKOH;0;20260414;131311;5422.5;2
LKOH;0;20260414;131311;5422.5;2
LKOH;0;20260414;131311;5422.5;1
LKOH;0;20260414;131312;5422.5;1
LKOH;0;20260414;131312;5422.5;1
LKOH;0;20260414;131320;5422.5;2
LKOH;0;20260414;131321;5422.5;1
LKOH;0;20260414;131321;5422.5;1
LKOH;0;20260414;131322;5423.0;8
LKOH;0;20260414;131322;5423.0;7
LKOH;0;20260414;131322;5423.0;1
LKOH;0;20260414;131322;5423.0;8
LKOH;0;20260414;131322;5423.0;3
LKOH;0;20260414;131322;5423.0;3
LKOH;0;20260414;131322;5423.0;15
LKOH;0;20260414;131323;5423.0;15
LKOH;0;20260414;131323;5422.5;2
LKOH;0;20260414;131323;5423.0;2
LKOH;0;20260414;131323;5423.0;13
LKOH;0;20260414;131323;5422.5;1
LKOH;0;20260414;131323;5423.0;15
LKOH;0;20260414;131323;5423.0;5
LKOH;0;20260414;131323;5423.0;5
LKOH;0;20260414;131323;5423.0;3
LKOH;0;20260414;131323;5423.5;1
LKOH;0;20260414;131323;5423.5;1
LKOH;0;20260414;131324;5423.0;15
LKOH;0;20260414;131324;5422.5;5
LKOH;0;20260414;131324;5423.0;15
LKOH;0;20260414;131324;5422.5;2
LKOH;0;20260414;131324;5423.0;3
LKOH;0;20260414;131324;5423.0;7
LKOH;0;20260414;131324;5423.0;4
LKOH;0;20260414;131324;5423.5;1
LKOH;0;20260414;131324;5423.0;6
LKOH;0;20260414;131324;5423.0;3
LKOH;0;20260414;131324;5423.0;6
LKOH;0;20260414;131325;5423.0;15
LKOH;0;20260414;131325;5423.0;12
LKOH;0;20260414;131325;5423.0;1
LKOH;0;20260414;131325;5423.0;2
LKOH;0;20260414;131325;5423.0;3
LKOH;0;20260414;131325;5423.0;12
LKOH;0;20260414;131325;5422.5;1
LKOH;0;20260414;131325;5422.5;4
LKOH;0;20260414;131325;5423.0;15
LKOH;0;20260414;131326;5423.0;6
LKOH;0;20260414;131326;5423.0;5
LKOH;0;20260414;131326;5423.0;3
LKOH;0;20260414;131326;5423.5;1
LKOH;0;20260414;131326;5423.0;4
LKOH;0;20260414;131326;5423.0;2
LKOH;0;20260414;131326;5423.5;1
LKOH;0;20260414;131326;5423.5;8
LKOH;0;20260414;131326;5423.5;15
LKOH;0;20260414;131326;5423.0;1
LKOH;0;20260414;131326;5423.0;3
LKOH;0;20260414;131326;5423.0;2
LKOH;0;20260414;131326;5423.5;10
LKOH;0;20260414;131327;5423.0;2
LKOH;0;20260414;131327;5423.0;13
LKOH;0;20260414;131327;5422.5;5
LKOH;0;20260414;131327;5423.0;15
LKOH;0;20260414;131327;5423.0;5
LKOH;0;20260414;131327;5423.0;3
LKOH;0;20260414;131327;5423.0;5
LKOH;0;20260414;131327;5423.5;2
LKOH;0;20260414;131327;5423.0;15
LKOH;0;20260414;131328;5422.5;1
LKOH;0;20260414;131328;5423.0;15
LKOH;0;20260414;131328;5422.5;5
LKOH;0;20260414;131328;5423.0;3
LKOH;0;20260414;131328;5423.0;3
LKOH;0;20260414;131328;5423.0;7
LKOH;0;20260414;131328;5423.5;2
LKOH;0;20260414;131328;5423.0;7
LKOH;0;20260414;131328;5423.5;1
LKOH;0;20260414;131328;5423.5;7
LKOH;0;20260414;131328;5423.0;1
LKOH;0;20260414;131328;5423.0;2
LKOH;0;20260414;131328;5423.5;12
LKOH;0;20260414;131329;5423.0;1
LKOH;0;20260414;131329;5423.0;2
LKOH;0;20260414;131329;5423.5;12
LKOH;0;20260414;131329;5423.5;2
LKOH;0;20260414;131329;5423.5;4
LKOH;0;20260414;131329;5423.5;2
LKOH;0;20260414;131329;5424.0;7
LKOH;0;20260414;131329;5423.5;3
LKOH;0;20260414;131329;5423.5;12
LKOH;0;20260414;131329;5423.5;15
LKOH;0;20260414;131330;5423.0;2
LKOH;0;20260414;131330;5423.5;6
LKOH;0;20260414;131330;5423.5;3
LKOH;0;20260414;131330;5423.5;6
LKOH;0;20260414;131330;5423.5;2
LKOH;0;20260414;131330;5423.5;4
LKOH;0;20260414;131330;5423.5;9
LKOH;0;20260414;131330;5423.0;2
LKOH;0;20260414;131330;5423.5;15
LKOH;0;20260414;131330;5423.5;9
LKOH;0;20260414;131330;5423.5;3
LKOH;0;20260414;131330;5423.5;3
LKOH;0;20260414;131331;5423.5;3
LKOH;0;20260414;131331;5423.5;12
LKOH;0;20260414;131331;5423.5;3
LKOH;0;20260414;131331;5423.5;5
LKOH;0;20260414;131331;5424.0;1
LKOH;0;20260414;131331;5424.0;5
LKOH;0;20260414;131331;5424.0;1
LKOH;0;20260414;131331;5423.5;3
LKOH;0;20260414;131331;5423.5;6
LKOH;0;20260414;131331;5424.0;2
LKOH;0;20260414;131331;5424.0;4
LKOH;0;20260414;131331;5423.5;3
LKOH;0;20260414;131331;5424.0;12
LKOH;0;20260414;131332;5423.5;1
LKOH;0;20260414;131332;5423.5;2
LKOH;0;20260414;131332;5423.5;1
LKOH;0;20260414;131332;5424.0;11
LKOH;0;20260414;131332;5423.5;2
LKOH;0;20260414;131332;5423.5;2
LKOH;0;20260414;131332;5424.0;10
LKOH;0;20260414;131332;5424.0;1
LKOH;0;20260414;131332;5424.0;15
LKOH;0;20260414;131332;5424.0;3
LKOH;0;20260414;131332;5424.0;2
LKOH;0;20260414;131332;5424.5;2
LKOH;0;20260414;131332;5424.5;8
LKOH;0;20260414;131333;5424.0;2
LKOH;0;20260414;131333;5424.0;3
LKOH;0;20260414;131333;5424.0;8
LKOH;0;20260414;131333;5424.0;2
LKOH;0;20260414;131333;5424.0;6
LKOH;0;20260414;131333;5424.0;3
LKOH;0;20260414;131333;5424.0;5
LKOH;0;20260414;131333;5424.5;1
LKOH;0;20260414;131333;5424.5;33
LKOH;0;20260414;131333;5424.5;3
LKOH;0;20260414;131333;5424.5;5
LKOH;0;20260414;131333;5425.0;18
LKOH;0;20260414;131333;5425.0;80
LKOH;0;20260414;131333;5425.0;20
LKOH;0;20260414;131333;5425.5;1
LKOH;0;20260414;131333;5425.5;1
LKOH;0;20260414;131333;5425.5;24
LKOH;0;20260414;131333;5425.5;8
LKOH;0;20260414;131333;5425.5;7
LKOH;0;20260414;131333;5425.5;1
LKOH;0;20260414;131333;5425.5;14
LKOH;0;20260414;131333;5425.5;24
LKOH;0;20260414;131333;5425.5;11
LKOH;0;20260414;131333;5425.5;33
LKOH;0;20260414;131333;5426.0;5
LKOH;0;20260414;131333;5426.0;1
LKOH;0;20260414;131333;5426.0;21
LKOH;0;20260414;131333;5425.5;11
LKOH;0;20260414;131333;5425.5;3
LKOH;0;20260414;131333;5425.5;33
LKOH;0;20260414;131333;5426.5;10
LKOH;0;20260414;131333;5426.5;5
LKOH;0;20260414;131333;5427.0;5
LKOH;0;20260414;131333;5427.0;3
LKOH;0;20260414;131333;5427.0;21
LKOH;0;20260414;131333;5426.5;15
LKOH;0;20260414;131334;5426.5;6
LKOH;0;20260414;131334;5426.5;6
LKOH;0;20260414;131334;5426.5;3
LKOH;0;20260414;131334;5426.5;5
LKOH;0;20260414;131334;5426.5;8
LKOH;0;20260414;131334;5426.5;2
LKOH;0;20260414;131334;5426.5;3
LKOH;0;20260414;131334;5426.5;12
LKOH;0;20260414;131334;5426.0;9
LKOH;0;20260414;131334;5426.5;8
LKOH;0;20260414;131334;5426.5;7
LKOH;0;20260414;131335;5426.0;8
LKOH;0;20260414;131335;5426.0;8
LKOH;0;20260414;131335;5426.0;3
LKOH;0;20260414;131335;5426.0;3
LKOH;0;20260414;131336;5426.0;3
LKOH;0;20260414;131336;5426.0;4
LKOH;0;20260414;131336;5426.0;1
LKOH;0;20260414;131336;5426.0;1
LKOH;0;20260414;131337;5426.0;1
LKOH;0;20260414;131337;5426.0;1
LKOH;0;20260414;131337;5426.0;1
LKOH;0;20260414;131337;5426.0;1
LKOH;0;20260414;131338;5426.5;1
LKOH;0;20260414;131338;5426.5;2
LKOH;0;20260414;131339;5426.0;1
LKOH;0;20260414;131342;5426.0;1
LKOH;0;20260414;131342;5426.0;6
LKOH;0;20260414;131343;5426.0;1
LKOH;0;20260414;131343;5426.0;2
LKOH;0;20260414;131343;5426.0;1
LKOH;0;20260414;131343;5426.0;1
LKOH;0;20260414;131347;5423.5;1
LKOH;0;20260414;131348;5424.0;1
LKOH;0;20260414;131348;5424.0;1
LKOH;0;20260414;131348;5423.5;3
LKOH;0;20260414;131348;5423.5;11
LKOH;0;20260414;131349;5423.0;2
LKOH;0;20260414;131349;5422.0;1
LKOH;0;20260414;131349;5422.0;1
LKOH;0;20260414;131349;5422.0;1
LKOH;0;20260414;131349;5422.0;2
LKOH;0;20260414;131350;5422.0;3
LKOH;0;20260414;131352;5422.0;1
LKOH;0;20260414;131352;5422.5;24
LKOH;0;20260414;131353;5422.5;4
LKOH;0;20260414;131353;5422.5;2
LKOH;0;20260414;131353;5422.5;3
LKOH;0;20260414;131353;5422.5;1
LKOH;0;20260414;131354;5422.5;6
LKOH;0;20260414;131355;5422.5;1
LKOH;0;20260414;131355;5422.5;1
LKOH;0;20260414;131355;5422.5;1
LKOH;0;20260414;131355;5422.5;1
LKOH;0;20260414;131358;5423.0;1
LKOH;0;20260414;131358;5423.5;1
LKOH;0;20260414;131358;5423.5;1
LKOH;0;20260414;131358;5423.5;1
LKOH;0;20260414;131358;5423.5;1
LKOH;0;20260414;131358;5423.5;4
LKOH;0;20260414;131358;5423.5;4
LKOH;0;20260414;131358;5423.5;4
LKOH;0;20260414;131358;5423.5;1
LKOH;0;20260414;131358;5423.5;1
LKOH;0;20260414;131358;5424.0;1
LKOH;0;20260414;131358;5424.0;22
LKOH;0;20260414;131358;5424.0;1
LKOH;0;20260414;131358;5424.0;7
LKOH;0;20260414;131359;5422.5;2
LKOH;0;20260414;131359;5422.5;1
LKOH;0;20260414;131359;5422.5;3
LKOH;0;20260414;131359;5422.5;7
LKOH;0;20260414;131359;5422.0;3
LKOH;0;20260414;131359;5422.0;3
LKOH;0;20260414;131400;5422.0;1
LKOH;0;20260414;131400;5422.0;1
LKOH;0;20260414;131404;5422.5;4
LKOH;0;20260414;131404;5422.0;1
LKOH;0;20260414;131404;5422.0;1
LKOH;0;20260414;131406;5422.0;2
LKOH;0;20260414;131407;5421.5;1
LKOH;0;20260414;131407;5421.5;1
LKOH;0;20260414;131411;5422.5;1
LKOH;0;20260414;131411;5422.5;1
LKOH;0;20260414;131411;5422.5;19
LKOH;0;20260414;131412;5422.0;2
LKOH;0;20260414;131412;5422.5;3
LKOH;0;20260414;131412;5422.0;2
LKOH;0;20260414;131412;5422.0;1
LKOH;0;20260414;131412;5422.0;2
LKOH;0;20260414;131414;5423.0;1
LKOH;0;20260414;131415;5422.0;1
LKOH;0;20260414;131415;5422.0;1
LKOH;0;20260414;131417;5423.0;9
LKOH;0;20260414;131417;5423.0;9
LKOH;0;20260414;131417;5423.0;32
LKOH;0;20260414;131418;5422.5;6
LKOH;0;20260414;131418;5422.5;6
LKOH;0;20260414;131418;5422.5;3
LKOH;0;20260414;131418;5422.5;3
LKOH;0;20260414;131419;5422.5;1
LKOH;0;20260414;131419;5422.5;1
LKOH;0;20260414;131419;5422.5;1
LKOH;0;20260414;131419;5422.5;1
LKOH;0;20260414;131419;5422.5;12
LKOH;0;20260414;131420;5422.5;2
LKOH;0;20260414;131420;5422.5;1
LKOH;0;20260414;131420;5422.5;2
LKOH;0;20260414;131421;5423.0;1
LKOH;0;20260414;131421;5422.5;1
LKOH;0;20260414;131421;5422.5;1
LKOH;0;20260414;131432;5422.0;2
LKOH;0;20260414;131433;5422.0;1
LKOH;0;20260414;131433;5422.0;1
LKOH;0;20260414;131436;5422.0;1
LKOH;0;20260414;131447;5422.0;11
LKOH;0;20260414;131448;5421.5;1
LKOH;0;20260414;131448;5421.5;2
LKOH;0;20260414;131448;5421.5;1
LKOH;0;20260414;131448;5421.5;1
LKOH;0;20260414;131450;5421.0;3
LKOH;0;20260414;131454;5421.0;2
LKOH;0;20260414;131454;5421.0;1
LKOH;0;20260414;131454;5421.0;2
LKOH;0;20260414;131455;5421.5;1
LKOH;0;20260414;131455;5421.0;1
LKOH;0;20260414;131455;5421.0;1
LKOH;0;20260414;131455;5421.5;13
LKOH;0;20260414;131456;5421.0;2
LKOH;0;20260414;131456;5421.0;2
LKOH;0;20260414;131456;5421.0;1
LKOH;0;20260414;131456;5421.0;2
LKOH;0;20260414;131459;5421.5;1
LKOH;0;20260414;131513;5422.0;3
LKOH;0;20260414;131513;5422.0;1
LKOH;0;20260414;131514;5422.0;1
LKOH;0;20260414;131514;5422.0;1
LKOH;0;20260414;131519;5423.0;1
LKOH;0;20260414;131520;5423.0;25
LKOH;0;20260414;131520;5423.0;8
LKOH;0;20260414;131520;5423.0;3
LKOH;0;20260414;131520;5423.0;14
LKOH;0;20260414;131520;5423.0;1
LKOH;0;20260414;131520;5423.0;1
LKOH;0;20260414;131520;5422.5;2
LKOH;0;20260414;131521;5422.5;1
LKOH;0;20260414;131521;5422.0;2
LKOH;0;20260414;131521;5422.0;1
LKOH;0;20260414;131521;5422.0;1
LKOH;0;20260414;131521;5422.0;2
LKOH;0;20260414;131521;5422.0;1
LKOH;0;20260414;131521;5422.0;1
LKOH;0;20260414;131521;5422.0;1
LKOH;0;20260414;131521;5422.0;1
LKOH;0;20260414;131521;5422.0;2
LKOH;0;20260414;131522;5422.0;1
LKOH;0;20260414;131522;5422.0;1
LKOH;0;20260414;131522;5421.5;1
LKOH;0;20260414;131522;5421.5;1
LKOH;0;20260414;131522;5421.5;1
LKOH;0;20260414;131522;5421.5;1
LKOH;0;20260414;131536;5423.0;2
LKOH;0;20260414;131538;5423.0;2
LKOH;0;20260414;131539;5422.5;1
LKOH;0;20260414;131539;5422.0;1
LKOH;0;20260414;131540;5423.0;3
LKOH;0;20260414;131550;5423.0;1
LKOH;0;20260414;131550;5422.5;1
LKOH;0;20260414;131550;5422.0;2
LKOH;0;20260414;131551;5422.0;1
LKOH;0;20260414;131551;5422.0;1
LKOH;0;20260414;131551;5422.0;1
LKOH;0;20260414;131551;5422.0;1
LKOH;0;20260414;131554;5422.0;1
LKOH;0;20260414;131554;5422.0;5
LKOH;0;20260414;131555;5422.0;1
LKOH;0;20260414;131555;5422.0;1
LKOH;0;20260414;131603;5423.0;1
LKOH;0;20260414;131604;5423.0;1
LKOH;0;20260414;131620;5422.5;1
LKOH;0;20260414;131620;5423.0;7
LKOH;0;20260414;131620;5423.0;1
LKOH;0;20260414;131620;5423.0;1
LKOH;0;20260414;131620;5422.0;2
LKOH;0;20260414;131621;5422.0;2
LKOH;0;20260414;131621;5422.0;1
LKOH;0;20260414;131621;5422.0;1
LKOH;0;20260414;131621;5422.0;1
LKOH;0;20260414;131626;5423.0;1
LKOH;0;20260414;131629;5423.0;1
LKOH;0;20260414;131629;5423.0;3
LKOH;0;20260414;131629;5423.0;1
LKOH;0;20260414;131629;5423.0;1
LKOH;0;20260414;131629;5423.0;1
LKOH;0;20260414;131650;5423.0;3
LKOH;0;20260414;131651;5423.0;1
LKOH;0;20260414;131651;5423.0;1
LKOH;0;20260414;131654;5423.0;5
LKOH;0;20260414;131655;5423.0;1
LKOH;0;20260414;131655;5423.0;2
LKOH;0;20260414;131700;5423.5;1
LKOH;0;20260414;131702;5423.5;1
LKOH;0;20260414;131702;5423.5;1
LKOH;0;20260414;131702;5423.5;3
LKOH;0;20260414;131703;5423.5;20
LKOH;0;20260414;131704;5423.0;1
LKOH;0;20260414;131704;5422.5;3
LKOH;0;20260414;131704;5422.5;2
LKOH;0;20260414;131704;5422.5;2
LKOH;0;20260414;131704;5422.5;2
LKOH;0;20260414;131706;5424.0;14
LKOH;0;20260414;131706;5424.0;26
LKOH;0;20260414;131707;5424.0;10
LKOH;0;20260414;131707;5424.0;1
LKOH;0;20260414;131707;5424.0;3
LKOH;0;20260414;131707;5424.0;1
LKOH;0;20260414;131707;5424.5;3
LKOH;0;20260414;131707;5423.5;1
LKOH;0;20260414;131707;5423.5;1
LKOH;0;20260414;131707;5423.5;1
LKOH;0;20260414;131708;5423.5;5
LKOH;0;20260414;131708;5423.5;5
LKOH;0;20260414;131708;5423.5;2
LKOH;0;20260414;131708;5423.5;3
LKOH;0;20260414;131712;5424.5;7
LKOH;0;20260414;131712;5424.5;1
LKOH;0;20260414;131712;5424.5;1
LKOH;0;20260414;131712;5424.5;2
LKOH;0;20260414;131713;5424.5;1
LKOH;0;20260414;131713;5424.5;1
LKOH;0;20260414;131713;5425.0;2
LKOH;0;20260414;131713;5425.0;2
LKOH;0;20260414;131713;5425.5;1
LKOH;0;20260414;131713;5425.5;1
LKOH;0;20260414;131713;5425.5;3
LKOH;0;20260414;131713;5425.5;1
LKOH;0;20260414;131713;5425.5;7
LKOH;0;20260414;131713;5425.5;1
LKOH;0;20260414;131714;5425.5;2
LKOH;0;20260414;131714;5425.5;1
LKOH;0;20260414;131714;5425.5;1
LKOH;0;20260414;131715;5425.5;1
LKOH;0;20260414;131715;5425.5;1
LKOH;0;20260414;131718;5426.0;1
LKOH;0;20260414;131718;5426.0;17
LKOH;0;20260414;131718;5426.0;1
LKOH;0;20260414;131718;5426.0;4
LKOH;0;20260414;131718;5426.0;3
LKOH;0;20260414;131718;5426.0;2
LKOH;0;20260414;131718;5426.5;1
LKOH;0;20260414;131718;5426.5;2
LKOH;0;20260414;131718;5426.5;1
LKOH;0;20260414;131718;5426.5;2
LKOH;0;20260414;131718;5427.0;4
LKOH;0;20260414;131718;5427.0;29
LKOH;0;20260414;131719;5426.0;6
LKOH;0;20260414;131719;5426.0;1
LKOH;0;20260414;131719;5426.0;1
LKOH;0;20260414;131719;5426.0;3
LKOH;0;20260414;131719;5426.0;3
LKOH;0;20260414;131719;5426.0;2
LKOH;0;20260414;131720;5427.0;1
LKOH;0;20260414;131721;5426.5;1
LKOH;0;20260414;131721;5427.0;1
LKOH;0;20260414;131721;5426.0;2
LKOH;0;20260414;131721;5426.0;1
LKOH;0;20260414;131722;5427.0;12
LKOH;0;20260414;131722;5427.0;22
LKOH;0;20260414;131722;5427.0;1
LKOH;0;20260414;131722;5427.0;1
LKOH;0;20260414;131722;5427.0;19
LKOH;0;20260414;131722;5427.0;6
LKOH;0;20260414;131722;5426.5;1
LKOH;0;20260414;131722;5426.5;4
LKOH;0;20260414;131722;5426.5;5
LKOH;0;20260414;131723;5426.0;4
LKOH;0;20260414;131723;5426.0;3
LKOH;0;20260414;131723;5426.0;2
LKOH;0;20260414;131723;5426.0;2
LKOH;0;20260414;131723;5426.0;3
LKOH;0;20260414;131724;5426.0;1
LKOH;0;20260414;131724;5426.0;1
LKOH;0;20260414;131725;5427.0;25
LKOH;0;20260414;131725;5427.0;13
LKOH;0;20260414;131725;5427.0;12
LKOH;0;20260414;131725;5427.0;1
LKOH;0;20260414;131725;5427.0;3
LKOH;0;20260414;131725;5427.0;2
LKOH;0;20260414;131725;5427.0;3
LKOH;0;20260414;131725;5427.5;2
LKOH;0;20260414;131725;5427.5;2
LKOH;0;20260414;131725;5427.5;4
LKOH;0;20260414;131725;5428.0;8
LKOH;0;20260414;131725;5428.0;31
LKOH;0;20260414;131725;5428.0;19
LKOH;0;20260414;131725;5428.0;3
LKOH;0;20260414;131725;5428.0;17
LKOH;0;20260414;131725;5428.0;16
LKOH;0;20260414;131725;5428.0;2
LKOH;0;20260414;131725;5428.0;10
LKOH;0;20260414;131725;5428.0;10
LKOH;0;20260414;131725;5428.0;1
LKOH;0;20260414;131726;5428.5;5
LKOH;0;20260414;131726;5428.5;3
LKOH;0;20260414;131726;5428.5;8
LKOH;0;20260414;131726;5428.5;2
LKOH;0;20260414;131726;5428.5;13
LKOH;0;20260414;131726;5428.0;1
LKOH;0;20260414;131726;5428.0;1
LKOH;0;20260414;131726;5428.0;5
LKOH;0;20260414;131726;5428.0;5
LKOH;0;20260414;131727;5428.5;5
LKOH;0;20260414;131727;5428.5;5
LKOH;0;20260414;131727;5428.5;4
LKOH;0;20260414;131727;5428.5;3
LKOH;0;20260414;131727;5429.0;10
LKOH;0;20260414;131727;5429.0;4
LKOH;0;20260414;131727;5429.0;3
LKOH;0;20260414;131727;5429.0;50
LKOH;0;20260414;131727;5429.0;1
LKOH;0;20260414;131727;5429.0;1
LKOH;0;20260414;131728;5429.5;1
LKOH;0;20260414;131728;5429.5;7
LKOH;0;20260414;131728;5429.5;1
LKOH;0;20260414;131728;5429.5;3
LKOH;0;20260414;131728;5429.5;5
LKOH;0;20260414;131728;5429.5;8
LKOH;0;20260414;131728;5429.0;10
LKOH;0;20260414;131728;5429.0;3
LKOH;0;20260414;131728;5429.0;1
LKOH;0;20260414;131728;5429.0;1
LKOH;0;20260414;131728;5429.5;24
LKOH;0;20260414;131728;5429.5;24
LKOH;0;20260414;131729;5429.0;2
LKOH;0;20260414;131729;5429.0;3
LKOH;0;20260414;131729;5429.0;6
LKOH;0;20260414;131729;5429.0;4
LKOH;0;20260414;131729;5429.5;6
LKOH;0;20260414;131729;5429.5;6
LKOH;0;20260414;131729;5429.5;1
LKOH;0;20260414;131729;5429.5;3
LKOH;0;20260414;131729;5429.5;2
LKOH;0;20260414;131729;5430.0;3
LKOH;0;20260414;131729;5430.0;2
LKOH;0;20260414;131729;5430.0;50
LKOH;0;20260414;131729;5430.0;2
LKOH;0;20260414;131729;5430.0;7
LKOH;0;20260414;131729;5430.0;50
LKOH;0;20260414;131730;5429.5;3
LKOH;0;20260414;131730;5429.5;7
LKOH;0;20260414;131730;5429.5;8
LKOH;0;20260414;131731;5429.5;1
LKOH;0;20260414;131731;5429.5;6
LKOH;0;20260414;131731;5429.5;7
LKOH;0;20260414;131731;5429.5;8
LKOH;0;20260414;131731;5429.5;4
LKOH;0;20260414;131731;5429.5;4
LKOH;0;20260414;131731;5429.5;2
LKOH;0;20260414;131732;5429.5;1
LKOH;0;20260414;131732;5429.5;2
LKOH;0;20260414;131732;5429.5;2
LKOH;0;20260414;131732;5429.5;2
LKOH;0;20260414;131734;5429.0;1
LKOH;0;20260414;131734;5428.0;15
LKOH;0;20260414;131734;5428.0;104
LKOH;0;20260414;131735;5428.5;1
LKOH;0;20260414;131735;5428.5;9
LKOH;0;20260414;131735;5428.0;16
LKOH;0;20260414;131735;5428.0;7
LKOH;0;20260414;131735;5428.0;7
LKOH;0;20260414;131735;5428.0;6
LKOH;0;20260414;131736;5428.0;1
LKOH;0;20260414;131736;5428.0;1
LKOH;0;20260414;131736;5428.0;1
LKOH;0;20260414;131736;5428.0;1
LKOH;0;20260414;131737;5428.0;1
LKOH;0;20260414;131737;5428.0;1
LKOH;0;20260414;131737;5428.0;1
LKOH;0;20260414;131737;5428.0;1
LKOH;0;20260414;131737;5428.0;34
LKOH;0;20260414;131738;5428.0;4
LKOH;0;20260414;131738;5428.0;5
LKOH;0;20260414;131738;5428.0;2
LKOH;0;20260414;131738;5428.0;2
LKOH;0;20260414;131738;5428.0;1
LKOH;0;20260414;131740;5427.0;1
LKOH;0;20260414;131741;5427.0;1
LKOH;0;20260414;131741;5427.0;1
LKOH;0;20260414;131746;5427.5;1
LKOH;0;20260414;131746;5427.5;24
LKOH;0;20260414;131746;5427.5;9
LKOH;0;20260414;131746;5427.5;3
LKOH;0;20260414;131746;5427.5;2
LKOH;0;20260414;131746;5427.5;3
LKOH;0;20260414;131746;5427.5;8
LKOH;0;20260414;131746;5427.5;1
LKOH;0;20260414;131746;5427.5;24
LKOH;0;20260414;131747;5427.5;80
LKOH;0;20260414;131747;5428.0;1
LKOH;0;20260414;131747;5428.0;5
LKOH;0;20260414;131747;5428.0;2
LKOH;0;20260414;131747;5428.0;1
LKOH;0;20260414;131747;5428.0;33
LKOH;0;20260414;131747;5428.0;7
LKOH;0;20260414;131747;5428.0;7
LKOH;0;20260414;131747;5428.5;10
LKOH;0;20260414;131747;5428.5;6
LKOH;0;20260414;131747;5428.5;1
LKOH;0;20260414;131747;5428.5;1
LKOH;0;20260414;131747;5428.5;50
LKOH;0;20260414;131747;5429.0;7
LKOH;0;20260414;131747;5429.0;1
LKOH;0;20260414;131747;5429.0;50
LKOH;0;20260414;131747;5429.5;1
LKOH;0;20260414;131747;5429.5;27
LKOH;0;20260414;131748;5428.5;3
LKOH;0;20260414;131748;5428.5;1
LKOH;0;20260414;131748;5428.0;41
LKOH;0;20260414;131748;5428.0;36
LKOH;0;20260414;131748;5428.0;7
LKOH;0;20260414;131748;5428.0;7
LKOH;0;20260414;131748;5427.0;1
LKOH;0;20260414;131748;5427.0;8
LKOH;0;20260414;131748;5426.5;2
LKOH;0;20260414;131749;5426.5;1
LKOH;0;20260414;131749;5426.5;1
LKOH;0;20260414;131749;5426.5;1
LKOH;0;20260414;131749;5426.5;3
LKOH;0;20260414;131749;5426.5;2
LKOH;0;20260414;131749;5426.5;5
LKOH;0;20260414;131749;5426.5;11
LKOH;0;20260414;131749;5427.0;1
LKOH;0;20260414;131749;5427.0;1
LKOH;0;20260414;131749;5427.0;5
LKOH;0;20260414;131749;5426.5;2
LKOH;0;20260414;131749;5426.5;1
LKOH;0;20260414;131749;5426.5;3
LKOH;0;20260414;131750;5426.5;3
LKOH;0;20260414;131750;5426.5;4
LKOH;0;20260414;131750;5426.5;1
LKOH;0;20260414;131750;5426.5;1
LKOH;0;20260414;131751;5426.5;3
LKOH;0;20260414;131751;5426.5;1
LKOH;0;20260414;131751;5426.5;1
LKOH;0;20260414;131751;5426.5;1
LKOH;0;20260414;131751;5426.5;1
LKOH;0;20260414;131752;5427.5;10
LKOH;0;20260414;131752;5427.5;2
LKOH;0;20260414;131752;5426.5;2
LKOH;0;20260414;131752;5426.5;1
LKOH;0;20260414;131753;5426.5;1
LKOH;0;20260414;131753;5426.5;1
LKOH;0;20260414;131754;5427.5;1
LKOH;0;20260414;131754;5427.5;4
LKOH;0;20260414;131755;5427.5;1
LKOH;0;20260414;131755;5427.5;1
LKOH;0;20260414;131756;5428.5;5
LKOH;0;20260414;131756;5428.5;7
LKOH;0;20260414;131756;5428.5;33
LKOH;0;20260414;131756;5428.5;3
LKOH;0;20260414;131757;5427.5;6
LKOH;0;20260414;131757;5427.5;6
LKOH;0;20260414;131757;5427.5;3
LKOH;0;20260414;131757;5427.5;3
LKOH;0;20260414;131758;5427.5;1
LKOH;0;20260414;131758;5427.5;1
LKOH;0;20260414;131758;5427.5;1
LKOH;0;20260414;131758;5427.5;1
LKOH;0;20260414;131801;5429.0;1
LKOH;0;20260414;131802;5429.0;17
LKOH;0;20260414;131802;5430.0;21
LKOH;0;20260414;131802;5430.0;29
LKOH;0;20260414;131802;5430.0;9
LKOH;0;20260414;131802;5430.0;75
LKOH;0;20260414;131803;5429.5;2
LKOH;0;20260414;131803;5429.5;1
LKOH;0;20260414;131803;5429.5;2
LKOH;0;20260414;131803;5429.5;1
LKOH;0;20260414;131803;5429.5;1
LKOH;0;20260414;131804;5429.5;16
LKOH;0;20260414;131804;5429.5;9
LKOH;0;20260414;131804;5429.5;8
LKOH;0;20260414;131804;5429.5;7
LKOH;0;20260414;131804;5429.5;8
LKOH;0;20260414;131804;5430.0;2
LKOH;0;20260414;131804;5430.0;1
LKOH;0;20260414;131805;5430.0;1
LKOH;0;20260414;131805;5430.0;1
LKOH;0;20260414;131805;5430.0;1
LKOH;0;20260414;131805;5430.0;2
LKOH;0;20260414;131806;5430.0;1
LKOH;0;20260414;131806;5430.0;1
LKOH;0;20260414;131809;5430.5;8
LKOH;0;20260414;131809;5430.5;8
LKOH;0;20260414;131809;5430.5;8
LKOH;0;20260414;131809;5430.5;8
LKOH;0;20260414;131809;5430.5;8
LKOH;0;20260414;131809;5430.5;8
LKOH;0;20260414;131809;5430.5;8
LKOH;0;20260414;131809;5430.5;8
LKOH;0;20260414;131809;5430.5;7
LKOH;0;20260414;131809;5431.0;8
LKOH;0;20260414;131809;5431.0;8
LKOH;0;20260414;131809;5431.0;3
LKOH;0;20260414;131809;5431.0;1
LKOH;0;20260414;131809;5431.5;4
LKOH;0;20260414;131809;5431.5;50
LKOH;0;20260414;131809;5431.5;50
LKOH;0;20260414;131809;5431.5;1
LKOH;0;20260414;131809;5431.5;1
LKOH;0;20260414;131809;5431.5;1
LKOH;0;20260414;131809;5431.5;50
LKOH;0;20260414;131809;5432.0;8
LKOH;0;20260414;131809;5432.0;8
LKOH;0;20260414;131809;5432.0;1
LKOH;0;20260414;131809;5432.0;5
LKOH;0;20260414;131809;5432.0;50
LKOH;0;20260414;131809;5432.0;18
LKOH;0;20260414;131809;5432.0;1
LKOH;0;20260414;131809;5432.0;50
LKOH;0;20260414;131809;5432.5;12
LKOH;0;20260414;131809;5432.5;50
LKOH;0;20260414;131809;5432.5;50
LKOH;0;20260414;131809;5432.5;1
LKOH;0;20260414;131809;5432.5;120
LKOH;0;20260414;131809;5432.5;60
LKOH;0;20260414;131809;5432.5;18
LKOH;0;20260414;131809;5433.0;1
LKOH;0;20260414;131809;5433.0;2
LKOH;0;20260414;131809;5433.0;2
LKOH;0;20260414;131809;5433.0;8
LKOH;0;20260414;131809;5433.0;8
LKOH;0;20260414;131809;5433.0;2
LKOH;0;20260414;131809;5433.0;80
LKOH;0;20260414;131809;5433.0;20
LKOH;0;20260414;131809;5433.0;10
LKOH;0;20260414;131809;5433.0;1
LKOH;0;20260414;131809;5433.0;100
LKOH;0;20260414;131809;5433.0;50
LKOH;0;20260414;131809;5433.5;516
LKOH;0;20260414;131809;5432.0;3
LKOH;0;20260414;131810;5431.5;10
LKOH;0;20260414;131810;5431.5;1
LKOH;0;20260414;131810;5431.5;10
LKOH;0;20260414;131810;5431.0;188
LKOH;0;20260414;131810;5431.0;34
LKOH;0;20260414;131810;5431.0;1
LKOH;0;20260414;131810;5431.0;1
LKOH;0;20260414;131810;5430.5;131
LKOH;0;20260414;131810;5430.5;83
LKOH;0;20260414;131810;5430.5;8
LKOH;0;20260414;131810;5430.0;75
LKOH;0;20260414;131811;5430.0;11
LKOH;0;20260414;131811;5430.0;10
LKOH;0;20260414;131811;5430.0;17
LKOH;0;20260414;131811;5430.0;17
LKOH;0;20260414;131811;5430.5;7
LKOH;0;20260414;131811;5430.5;12
LKOH;0;20260414;131812;5430.0;10
LKOH;0;20260414;131812;5430.0;11
LKOH;0;20260414;131812;5430.0;4
LKOH;0;20260414;131812;5430.0;5
LKOH;0;20260414;131812;5430.0;5
LKOH;0;20260414;131812;5429.5;7
LKOH;0;20260414;131812;5429.5;1
LKOH;0;20260414;131813;5429.5;3
LKOH;0;20260414;131813;5429.5;3
LKOH;0;20260414;131813;5429.5;1
LKOH;0;20260414;131813;5429.5;1
LKOH;0;20260414;131813;5429.5;1
LKOH;0;20260414;131813;5429.5;1
LKOH;0;20260414;131814;5429.0;1
LKOH;0;20260414;131814;5429.0;1
LKOH;0;20260414;131814;5430.0;1
LKOH;0;20260414;131814;5430.5;4
LKOH;0;20260414;131814;5430.5;1
LKOH;0;20260414;131814;5430.5;1
LKOH;0;20260414;131814;5430.5;7
LKOH;0;20260414;131814;5430.5;1
LKOH;0;20260414;131815;5429.0;1
LKOH;0;20260414;131815;5429.0;1
LKOH;0;20260414;131815;5429.0;1
LKOH;0;20260414;131815;5428.5;1
LKOH;0;20260414;131815;5428.5;1
LKOH;0;20260414;131815;5428.5;1
LKOH;0;20260414;131816;5428.5;10
LKOH;0;20260414;131816;5429.0;1
LKOH;0;20260414;131816;5429.0;1
LKOH;0;20260414;131816;5429.5;1
LKOH;0;20260414;131816;5429.5;2
LKOH;0;20260414;131816;5429.5;15
LKOH;0;20260414;131817;5428.5;3
LKOH;0;20260414;131817;5428.5;2
LKOH;0;20260414;131817;5428.5;2
LKOH;0;20260414;131817;5428.5;1
LKOH;0;20260414;131819;5428.5;7
LKOH;0;20260414;131819;5428.5;25
LKOH;0;20260414;131820;5429.0;9
LKOH;0;20260414;131820;5429.0;6
LKOH;0;20260414;131820;5428.5;4
LKOH;0;20260414;131820;5428.5;4
LKOH;0;20260414;131820;5428.5;2
LKOH;0;20260414;131820;5428.5;3
LKOH;0;20260414;131821;5428.5;1
LKOH;0;20260414;131821;5428.5;1
LKOH;0;20260414;131821;5428.0;1
LKOH;0;20260414;131821;5428.0;1
LKOH;0;20260414;131821;5428.0;2
LKOH;0;20260414;131821;5428.0;1
LKOH;0;20260414;131821;5428.0;1
LKOH;0;20260414;131822;5428.0;1
LKOH;0;20260414;131822;5428.0;1
LKOH;0;20260414;131834;5430.0;1
LKOH;0;20260414;131834;5430.0;5
LKOH;0;20260414;131835;5430.0;1
LKOH;0;20260414;131835;5430.0;1
LKOH;0;20260414;131835;5430.0;1
LKOH;0;20260414;131835;5430.0;1
LKOH;0;20260414;131835;5430.5;1
LKOH;0;20260414;131845;5430.5;1
LKOH;0;20260414;131845;5430.5;1
LKOH;0;20260414;131846;5430.0;1
LKOH;0;20260414;131846;5430.0;1
LKOH;0;20260414;131847;5430.5;4
LKOH;0;20260414;131847;5430.5;10
LKOH;0;20260414;131847;5430.0;1
LKOH;0;20260414;131847;5430.0;1
LKOH;0;20260414;131848;5430.0;1
LKOH;0;20260414;131848;5430.0;1
LKOH;0;20260414;131848;5430.0;1
LKOH;0;20260414;131848;5430.0;2
LKOH;0;20260414;131850;5431.5;1
LKOH;0;20260414;131851;5430.5;3
LKOH;0;20260414;131852;5430.5;1
LKOH;0;20260414;131852;5430.5;1
LKOH;0;20260414;131852;5430.5;113
LKOH;0;20260414;131852;5430.5;1
LKOH;0;20260414;131852;5430.5;10
LKOH;0;20260414;131852;5430.5;15
LKOH;0;20260414;131852;5430.5;18
LKOH;0;20260414;131852;5430.5;23
LKOH;0;20260414;131852;5430.0;320
LKOH;0;20260414;131853;5430.0;63
LKOH;0;20260414;131853;5430.0;62
LKOH;0;20260414;131853;5430.0;29
LKOH;0;20260414;131853;5430.0;28
LKOH;0;20260414;131853;5430.0;3
LKOH;0;20260414;131853;5430.0;4
LKOH;0;20260414;131853;5430.0;3
LKOH;0;20260414;131853;5430.0;4
LKOH;0;20260414;131854;5430.0;3
LKOH;0;20260414;131854;5430.0;4
LKOH;0;20260414;131854;5430.0;3
LKOH;0;20260414;131854;5430.0;3
LKOH;0;20260414;131854;5430.0;5
LKOH;0;20260414;131855;5430.0;1
LKOH;0;20260414;131855;5430.0;1
LKOH;0;20260414;131855;5430.0;1
LKOH;0;20260414;131855;5430.0;1
LKOH;0;20260414;131856;5430.0;1
LKOH;0;20260414;131856;5430.0;2
LKOH;0;20260414;131858;5430.5;3
LKOH;0;20260414;131859;5430.0;1
LKOH;0;20260414;131859;5430.0;1
LKOH;0;20260414;131902;5430.5;2
LKOH;0;20260414;131906;5430.0;1
LKOH;0;20260414;131906;5430.0;1
LKOH;0;20260414;131913;5430.0;2
LKOH;0;20260414;131921;5430.0;1
LKOH;0;20260414;131921;5430.0;2
LKOH;0;20260414;131925;5430.5;1
LKOH;0;20260414;131933;5430.5;6
LKOH;0;20260414;131933;5430.5;5
LKOH;0;20260414;131933;5430.5;18
LKOH;0;20260414;131934;5430.0;4
LKOH;0;20260414;131934;5430.0;2
LKOH;0;20260414;131934;5430.0;2
LKOH;0;20260414;131934;5430.0;1
LKOH;0;20260414;131934;5429.0;1
LKOH;0;20260414;131934;5429.0;1
LKOH;0;20260414;131934;5428.5;1
LKOH;0;20260414;131940;5429.5;1
LKOH;0;20260414;131940;5429.5;1
LKOH;0;20260414;131940;5428.5;1
LKOH;0;20260414;131940;5428.5;1
LKOH;0;20260414;131945;5429.5;30
LKOH;0;20260414;131946;5428.5;1
LKOH;0;20260414;131946;5428.5;2
LKOH;0;20260414;131946;5428.5;2
LKOH;0;20260414;131946;5428.5;4
LKOH;0;20260414;131946;5428.5;3
LKOH;0;20260414;131947;5429.0;1
LKOH;0;20260414;131947;5429.5;1
LKOH;0;20260414;131947;5429.5;1
LKOH;0;20260414;131951;5429.5;3
LKOH;0;20260414;131954;5429.5;5
LKOH;0;20260414;131955;5429.5;1
LKOH;0;20260414;131955;5429.5;1
LKOH;0;20260414;131955;5429.5;1
LKOH;0;20260414;131955;5429.5;1
LKOH;0;20260414;132003;5429.5;2
LKOH;0;20260414;132004;5430.0;1
LKOH;0;20260414;132005;5430.0;50
LKOH;0;20260414;132006;5429.5;7
LKOH;0;20260414;132006;5429.5;7
LKOH;0;20260414;132006;5429.5;3
LKOH;0;20260414;132006;5429.5;3
LKOH;0;20260414;132013;5430.0;1
LKOH;0;20260414;132014;5429.5;13
LKOH;0;20260414;132014;5429.5;1
LKOH;0;20260414;132014;5429.5;64
LKOH;0;20260414;132014;5429.0;15
LKOH;0;20260414;132014;5429.0;1
LKOH;0;20260414;132014;5429.0;1
LKOH;0;20260414;132014;5428.5;1
LKOH;0;20260414;132014;5428.5;1
LKOH;0;20260414;132014;5428.0;1
LKOH;0;20260414;132014;5428.0;1
LKOH;0;20260414;132014;5428.0;1
LKOH;0;20260414;132014;5428.0;2
LKOH;0;20260414;132014;5428.0;66
LKOH;0;20260414;132014;5427.5;5
LKOH;0;20260414;132014;5427.5;1
LKOH;0;20260414;132014;5427.5;76
LKOH;0;20260414;132015;5428.5;1
LKOH;0;20260414;132015;5428.0;1
LKOH;0;20260414;132015;5428.0;31
LKOH;0;20260414;132015;5428.0;9
LKOH;0;20260414;132015;5427.0;31
LKOH;0;20260414;132015;5427.0;14
LKOH;0;20260414;132015;5427.0;6
LKOH;0;20260414;132015;5427.5;1
LKOH;0;20260414;132015;5427.5;1
LKOH;0;20260414;132016;5427.5;2
LKOH;0;20260414;132016;5427.5;3
LKOH;0;20260414;132016;5428.0;1
LKOH;0;20260414;132016;5428.0;1
LKOH;0;20260414;132016;5428.0;5
LKOH;0;20260414;132016;5428.5;1
LKOH;0;20260414;132016;5428.5;1
LKOH;0;20260414;132016;5429.0;1
LKOH;0;20260414;132017;5428.5;1
LKOH;0;20260414;132018;5427.5;1
LKOH;0;20260414;132018;5427.5;1
LKOH;0;20260414;132019;5427.5;1
LKOH;0;20260414;132020;5427.5;5
LKOH;0;20260414;132021;5427.5;3
LKOH;0;20260414;132021;5428.0;4
LKOH;0;20260414;132021;5428.5;1
LKOH;0;20260414;132021;5429.0;5
LKOH;0;20260414;132022;5427.5;1
LKOH;0;20260414;132022;5427.5;1
LKOH;0;20260414;132029;5429.0;6
LKOH;0;20260414;132029;5429.0;1
LKOH;0;20260414;132029;5429.0;23
LKOH;0;20260414;132030;5428.5;1
LKOH;0;20260414;132030;5428.5;2
LKOH;0;20260414;132031;5429.5;4
LKOH;0;20260414;132033;5428.5;1
LKOH;0;20260414;132033;5428.5;4
LKOH;0;20260414;132037;5429.0;1
LKOH;0;20260414;132037;5429.0;1
LKOH;0;20260414;132042;5428.5;2
LKOH;0;20260414;132051;5428.0;1
LKOH;0;20260414;132051;5428.0;1
LKOH;0;20260414;132052;5428.0;1
LKOH;0;20260414;132052;5428.0;1
LKOH;0;20260414;132054;5428.0;5
LKOH;0;20260414;132056;5428.0;4
LKOH;0;20260414;132059;5428.0;6
LKOH;0;20260414;132104;5428.0;1
LKOH;0;20260414;132105;5428.0;1
LKOH;0;20260414;132106;5428.0;1
LKOH;0;20260414;132106;5428.0;1
LKOH;0;20260414;132121;5428.0;3
LKOH;0;20260414;132130;5428.5;4
LKOH;0;20260414;132147;5428.0;25
LKOH;0;20260414;132148;5428.0;1
LKOH;0;20260414;132148;5428.0;2
LKOH;0;20260414;132151;5428.0;2
LKOH;0;20260414;132155;5428.0;5
LKOH;0;20260414;132211;5428.5;2
LKOH;0;20260414;132211;5428.5;30
LKOH;0;20260414;132211;5428.5;8
LKOH;0;20260414;132211;5428.5;15
LKOH;0;20260414;132211;5428.5;1
LKOH;0;20260414;132211;5428.5;33
LKOH;0;20260414;132211;5428.5;11
LKOH;0;20260414;132212;5428.0;6
LKOH;0;20260414;132212;5428.0;6
LKOH;0;20260414;132216;5428.5;1
LKOH;0;20260414;132216;5428.0;1
LKOH;0;20260414;132221;5428.0;3
LKOH;0;20260414;132227;5428.0;20
LKOH;0;20260414;132227;5428.0;1
LKOH;0;20260414;132228;5427.5;1
LKOH;0;20260414;132228;5427.5;2
LKOH;0;20260414;132228;5427.5;3
LKOH;0;20260414;132237;5427.5;2
LKOH;0;20260414;132244;5427.5;3
LKOH;0;20260414;132247;5427.5;1
LKOH;0;20260414;132248;5427.5;1
LKOH;0;20260414;132248;5427.5;5
LKOH;0;20260414;132248;5427.5;40
LKOH;0;20260414;132248;5427.5;3
LKOH;0;20260414;132248;5427.5;3
LKOH;0;20260414;132251;5427.5;2
LKOH;0;20260414;132255;5427.0;5
LKOH;0;20260414;132303;5427.0;13
LKOH;0;20260414;132304;5427.0;1
LKOH;0;20260414;132304;5427.0;1
LKOH;0;20260414;132304;5427.5;1
LKOH;0;20260414;132315;5427.0;1
LKOH;0;20260414;132321;5427.0;3
LKOH;0;20260414;132324;5427.5;1
LKOH;0;20260414;132331;5427.5;2
LKOH;0;20260414;132351;5427.0;2
LKOH;0;20260414;132355;5427.0;5
LKOH;0;20260414;132356;5427.0;1
LKOH;0;20260414;132356;5427.0;1
LKOH;0;20260414;132402;5427.5;1
LKOH;0;20260414;132421;5427.0;3
LKOH;0;20260414;132425;5427.5;1
LKOH;0;20260414;132425;5427.5;9
LKOH;0;20260414;132427;5427.5;3
LKOH;0;20260414;132428;5427.5;1
LKOH;0;20260414;132428;5427.5;1
LKOH;0;20260414;132436;5428.0;10
LKOH;0;20260414;132438;5428.0;1
LKOH;0;20260414;132441;5427.5;1
LKOH;0;20260414;132449;5428.0;13
LKOH;0;20260414;132449;5428.0;4
LKOH;0;20260414;132450;5427.5;1
LKOH;0;20260414;132450;5427.5;2
LKOH;0;20260414;132451;5427.5;2
LKOH;0;20260414;132455;5427.5;5
LKOH;0;20260414;132456;5427.5;7
LKOH;0;20260414;132456;5428.0;1
LKOH;0;20260414;132457;5427.5;1
LKOH;0;20260414;132457;5427.5;1
LKOH;0;20260414;132502;5427.5;10
LKOH;0;20260414;132502;5427.5;10
LKOH;0;20260414;132502;5427.5;1
LKOH;0;20260414;132502;5427.5;1
LKOH;0;20260414;132502;5427.5;64
LKOH;0;20260414;132502;5427.5;1
LKOH;0;20260414;132502;5427.5;40
LKOH;0;20260414;132502;5427.5;23
LKOH;0;20260414;132502;5427.5;6
LKOH;0;20260414;132502;5427.0;19
LKOH;0;20260414;132502;5427.5;9
LKOH;0;20260414;132502;5427.5;1
LKOH;0;20260414;132502;5427.5;9
LKOH;0;20260414;132506;5428.0;1
LKOH;0;20260414;132521;5427.5;3
LKOH;0;20260414;132526;5428.0;49
LKOH;0;20260414;132526;5428.0;1
LKOH;0;20260414;132526;5428.0;33
LKOH;0;20260414;132526;5428.0;1
LKOH;0;20260414;132527;5428.0;5
LKOH;0;20260414;132527;5428.0;5
LKOH;0;20260414;132533;5428.5;3
LKOH;0;20260414;132538;5428.5;1
LKOH;0;20260414;132548;5428.5;9
LKOH;0;20260414;132548;5428.5;1
LKOH;0;20260414;132548;5428.5;6
LKOH;0;20260414;132548;5429.0;26
LKOH;0;20260414;132548;5429.0;1
LKOH;0;20260414;132548;5429.0;3
LKOH;0;20260414;132548;5429.0;33
LKOH;0;20260414;132548;5429.0;1
LKOH;0;20260414;132548;5429.0;20
LKOH;0;20260414;132548;5428.5;1
LKOH;0;20260414;132548;5428.5;7
LKOH;0;20260414;132548;5428.0;6
LKOH;0;20260414;132548;5428.0;50
LKOH;0;20260414;132548;5428.0;10
LKOH;0;20260414;132548;5427.5;50
LKOH;0;20260414;132548;5427.5;50
LKOH;0;20260414;132548;5427.5;2
LKOH;0;20260414;132548;5427.5;3
LKOH;0;20260414;132548;5427.5;1
LKOH;0;20260414;132548;5427.5;18
LKOH;0;20260414;132548;5427.5;50
LKOH;0;20260414;132548;5427.0;7
LKOH;0;20260414;132549;5427.5;1
LKOH;0;20260414;132549;5427.5;4
LKOH;0;20260414;132549;5427.5;4
LKOH;0;20260414;132550;5427.5;15
LKOH;0;20260414;132550;5427.5;15
LKOH;0;20260414;132551;5428.0;4
LKOH;0;20260414;132551;5427.0;2
LKOH;0;20260414;132555;5427.5;1
LKOH;0;20260414;132555;5427.0;4
LKOH;0;20260414;132556;5427.5;1
LKOH;0;20260414;132556;5427.0;1
LKOH;0;20260414;132558;5428.0;1
LKOH;0;20260414;132558;5428.0;2
LKOH;0;20260414;132601;5427.5;1
LKOH;0;20260414;132603;5428.0;2
LKOH;0;20260414;132603;5428.0;1
LKOH;0;20260414;132603;5428.0;7
LKOH;0;20260414;132604;5427.5;1
LKOH;0;20260414;132604;5427.0;1
LKOH;0;20260414;132604;5428.0;1
LKOH;0;20260414;132610;5427.5;1
LKOH;0;20260414;132610;5427.0;1
LKOH;0;20260414;132614;5427.5;1
LKOH;0;20260414;132614;5427.5;50
LKOH;0;20260414;132614;5427.0;93
LKOH;0;20260414;132614;5427.0;2
LKOH;0;20260414;132614;5427.0;1
LKOH;0;20260414;132614;5427.0;24
LKOH;0;20260414;132614;5427.0;1
LKOH;0;20260414;132614;5427.0;54
LKOH;0;20260414;132614;5426.5;2
LKOH;0;20260414;132614;5426.5;1
LKOH;0;20260414;132614;5426.5;50
LKOH;0;20260414;132614;5426.5;1
LKOH;0;20260414;132614;5426.5;6
LKOH;0;20260414;132614;5426.5;5
LKOH;0;20260414;132614;5426.5;100
LKOH;0;20260414;132614;5426.5;20
LKOH;0;20260414;132614;5426.0;1
LKOH;0;20260414;132614;5426.0;15
LKOH;0;20260414;132614;5426.0;50
LKOH;0;20260414;132614;5426.0;1
LKOH;0;20260414;132614;5426.0;50
LKOH;0;20260414;132614;5426.0;20
LKOH;0;20260414;132614;5426.0;52
LKOH;0;20260414;132615;5426.5;10
LKOH;0;20260414;132615;5426.5;23
LKOH;0;20260414;132615;5426.5;17
LKOH;0;20260414;132615;5425.5;17
LKOH;0;20260414;132616;5426.0;5
LKOH;0;20260414;132620;5426.0;5
LKOH;0;20260414;132620;5426.0;15
LKOH;0;20260414;132621;5426.0;1
LKOH;0;20260414;132621;5426.0;1
LKOH;0;20260414;132621;5426.0;3
LKOH;0;20260414;132626;5426.0;6
LKOH;0;20260414;132633;5426.0;1
LKOH;0;20260414;132641;5425.5;3
LKOH;0;20260414;132641;5425.5;3
LKOH;0;20260414;132641;5425.5;3
LKOH;0;20260414;132641;5425.5;3
LKOH;0;20260414;132641;5425.5;3
LKOH;0;20260414;132641;5425.5;3
LKOH;0;20260414;132642;5425.5;3
LKOH;0;20260414;132642;5425.5;3
LKOH;0;20260414;132642;5425.5;3
LKOH;0;20260414;132642;5425.5;3
LKOH;0;20260414;132642;5425.5;3
LKOH;0;20260414;132642;5425.5;1
LKOH;0;20260414;132642;5425.5;1
LKOH;0;20260414;132643;5425.5;1
LKOH;0;20260414;132643;5425.5;2
LKOH;0;20260414;132645;5426.0;1
LKOH;0;20260414;132649;5426.0;1
LKOH;0;20260414;132650;5425.5;17
LKOH;0;20260414;132650;5425.5;1
LKOH;0;20260414;132650;5425.5;10
LKOH;0;20260414;132650;5425.5;10
LKOH;0;20260414;132650;5425.5;16
LKOH;0;20260414;132651;5425.5;3
LKOH;0;20260414;132651;5425.5;3
LKOH;0;20260414;132651;5425.5;2
LKOH;0;20260414;132652;5426.0;11
LKOH;0;20260414;132652;5426.0;9
LKOH;0;20260414;132653;5425.5;1
LKOH;0;20260414;132653;5425.5;2
LKOH;0;20260414;132655;5425.5;5
LKOH;0;20260414;132658;5426.0;2
LKOH;0;20260414;132720;5425.5;2
LKOH;0;20260414;132721;5425.5;3
LKOH;0;20260414;132726;5426.0;1
LKOH;0;20260414;132732;5426.0;3
LKOH;0;20260414;132733;5425.5;1
LKOH;0;20260414;132733;5425.5;1
LKOH;0;20260414;132751;5425.5;2
LKOH;0;20260414;132753;5426.0;1
LKOH;0;20260414;132755;5425.5;6
LKOH;0;20260414;132755;5425.5;1
LKOH;0;20260414;132755;5426.0;1
LKOH;0;20260414;132806;5425.5;2
LKOH;0;20260414;132821;5425.5;1
LKOH;0;20260414;132822;5426.0;2
LKOH;0;20260414;132837;5426.0;4
LKOH;0;20260414;132838;5425.5;1
LKOH;0;20260414;132838;5425.5;1
LKOH;0;20260414;132842;5426.0;1
LKOH;0;20260414;132845;5426.0;13
LKOH;0;20260414;132845;5426.0;1
LKOH;0;20260414;132845;5426.0;19
LKOH;0;20260414;132846;5425.5;2
LKOH;0;20260414;132846;5425.5;2
LKOH;0;20260414;132849;5425.5;7
LKOH;0;20260414;132849;5425.5;10
LKOH;0;20260414;132849;5425.5;10
LKOH;0;20260414;132849;5425.5;1
LKOH;0;20260414;132849;5425.5;1
LKOH;0;20260414;132849;5425.5;1
LKOH;0;20260414;132850;5425.5;2
LKOH;0;20260414;132850;5425.5;1
LKOH;0;20260414;132851;5425.5;2
LKOH;0;20260414;132855;5425.5;5
LKOH;0;20260414;132857;5426.0;1
LKOH;0;20260414;132857;5426.0;5
LKOH;0;20260414;132857;5426.0;1
LKOH;0;20260414;132857;5426.0;1
LKOH;0;20260414;132857;5426.5;1
LKOH;0;20260414;132857;5426.5;7
LKOH;0;20260414;132857;5426.5;2
LKOH;0;20260414;132857;5425.5;30
LKOH;0;20260414;132857;5425.5;1
LKOH;0;20260414;132857;5425.5;6
LKOH;0;20260414;132857;5425.5;1
LKOH;0;20260414;132857;5425.5;1
LKOH;0;20260414;132857;5425.0;1
LKOH;0;20260414;132857;5425.0;49
LKOH;0;20260414;132857;5425.0;2
LKOH;0;20260414;132857;5425.0;1
LKOH;0;20260414;132857;5424.5;50
LKOH;0;20260414;132857;5424.5;50
LKOH;0;20260414;132857;5424.5;50
LKOH;0;20260414;132857;5424.5;60
LKOH;0;20260414;132857;5424.5;1
LKOH;0;20260414;132857;5424.5;50
LKOH;0;20260414;132857;5424.5;25
LKOH;0;20260414;132857;5424.5;1
LKOH;0;20260414;132857;5424.0;12
LKOH;0;20260414;132858;5424.5;2
LKOH;0;20260414;132858;5424.5;1
LKOH;0;20260414;132858;5424.5;21
LKOH;0;20260414;132858;5424.5;22
LKOH;0;20260414;132901;5425.5;1
LKOH;0;20260414;132908;5426.0;1
LKOH;0;20260414;132918;5426.5;4
LKOH;0;20260414;132921;5426.0;3
LKOH;0;20260414;132928;5426.5;1
LKOH;0;20260414;132928;5426.5;4
LKOH;0;20260414;132929;5426.0;1
LKOH;0;20260414;132929;5426.0;1
LKOH;0;20260414;132939;5426.5;1
LKOH;0;20260414;132946;5426.0;1
LKOH;0;20260414;132947;5426.0;1
LKOH;0;20260414;132951;5425.5;1
LKOH;0;20260414;132951;5425.0;1
LKOH;0;20260414;132953;5425.5;1
LKOH;0;20260414;132955;5425.5;5
LKOH;0;20260414;132957;5426.0;1
LKOH;0;20260414;132957;5426.0;5
LKOH;0;20260414;132958;5425.5;1
LKOH;0;20260414;132958;5425.5;1
LKOH;0;20260414;133010;5426.0;1
LKOH;0;20260414;133021;5426.0;1
LKOH;0;20260414;133021;5426.0;1
LKOH;0;20260414;133021;5426.0;1
LKOH;0;20260414;133030;5426.5;8
LKOH;0;20260414;133030;5426.5;32
LKOH;0;20260414;133031;5426.0;1
LKOH;0;20260414;133031;5426.0;1
LKOH;0;20260414;133031;5426.0;2
LKOH;0;20260414;133034;5426.0;1
LKOH;0;20260414;133034;5426.5;5
LKOH;0;20260414;133034;5426.5;5
LKOH;0;20260414;133035;5426.0;1
LKOH;0;20260414;133035;5426.0;1
LKOH;0;20260414;133039;5426.5;1
LKOH;0;20260414;133049;5426.5;1
LKOH;0;20260414;133051;5426.0;2
LKOH;0;20260414;133055;5426.0;5
LKOH;0;20260414;133055;5426.0;1
LKOH;0;20260414;133059;5426.0;5
LKOH;0;20260414;133104;5426.5;13
LKOH;0;20260414;133104;5426.5;4
LKOH;0;20260414;133105;5426.0;1
LKOH;0;20260414;133105;5426.0;2
LKOH;0;20260414;133109;5426.5;29
LKOH;0;20260414;133109;5427.0;2
LKOH;0;20260414;133109;5427.5;15
LKOH;0;20260414;133109;5427.5;1
LKOH;0;20260414;133109;5427.5;6
LKOH;0;20260414;133109;5427.5;5
LKOH;0;20260414;133109;5428.0;9
LKOH;0;20260414;133109;5428.0;1
LKOH;0;20260414;133109;5428.0;1
LKOH;0;20260414;133109;5428.0;100
LKOH;0;20260414;133109;5428.5;1
LKOH;0;20260414;133109;5428.5;25
LKOH;0;20260414;133109;5429.0;5
LKOH;0;20260414;133109;5426.5;33
LKOH;0;20260414;133110;5428.5;33
LKOH;0;20260414;133110;5428.5;7
LKOH;0;20260414;133110;5428.5;11
LKOH;0;20260414;133110;5428.5;14
LKOH;0;20260414;133110;5429.0;118
LKOH;0;20260414;133110;5429.0;17
LKOH;0;20260414;133110;5428.5;11
LKOH;0;20260414;133110;5428.5;33
LKOH;0;20260414;133110;5429.0;18
LKOH;0;20260414;133110;5429.0;14
LKOH;0;20260414;133110;5429.0;2
LKOH;0;20260414;133110;5429.0;7
LKOH;0;20260414;133111;5429.0;12
LKOH;0;20260414;133111;5429.0;12
LKOH;0;20260414;133112;5429.0;4
LKOH;0;20260414;133112;5429.0;4
LKOH;0;20260414;133116;5429.5;2
LKOH;0;20260414;133116;5429.5;100
LKOH;0;20260414;133116;5429.5;33
LKOH;0;20260414;133116;5430.0;1
LKOH;0;20260414;133116;5430.0;2
LKOH;0;20260414;133116;5430.0;7
LKOH;0;20260414;133116;5430.0;118
LKOH;0;20260414;133116;5430.0;1
LKOH;0;20260414;133116;5430.5;18
LKOH;0;20260414;133116;5430.5;100
LKOH;0;20260414;133116;5430.5;50
LKOH;0;20260414;133116;5430.5;2
LKOH;0;20260414;133116;5430.5;1
LKOH;0;20260414;133116;5431.0;1
LKOH;0;20260414;133116;5431.0;20
LKOH;0;20260414;133116;5431.0;50
LKOH;0;20260414;133116;5431.0;60
LKOH;0;20260414;133116;5431.0;1
LKOH;0;20260414;133116;5431.0;18
LKOH;0;20260414;133116;5431.5;20
LKOH;0;20260414;133116;5431.5;50
LKOH;0;20260414;133116;5431.5;50
LKOH;0;20260414;133116;5431.5;1
LKOH;0;20260414;133116;5431.5;118
LKOH;0;20260414;133116;5431.5;60
LKOH;0;20260414;133116;5432.0;116
LKOH;0;20260414;133116;5430.5;7
LKOH;0;20260414;133117;5430.0;10
LKOH;0;20260414;133117;5430.0;13
LKOH;0;20260414;133117;5430.0;11
LKOH;0;20260414;133117;5430.0;1
LKOH;0;20260414;133117;5429.5;13
LKOH;0;20260414;133117;5429.5;17
LKOH;0;20260414;133117;5429.5;5
LKOH;0;20260414;133117;5429.5;3
LKOH;0;20260414;133117;5429.5;3
LKOH;0;20260414;133117;5429.5;2
LKOH;0;20260414;133117;5429.5;1
LKOH;0;20260414;133117;5429.0;21
LKOH;0;20260414;133117;5429.0;12
LKOH;0;20260414;133121;5430.0;7
LKOH;0;20260414;133121;5430.5;26
LKOH;0;20260414;133121;5430.5;1
LKOH;0;20260414;133121;5431.0;1
LKOH;0;20260414;133121;5431.5;50
LKOH;0;20260414;133121;5431.5;15
LKOH;0;20260414;133121;5429.5;1
LKOH;0;20260414;133121;5429.5;1
LKOH;0;20260414;133121;5429.5;1
LKOH;0;20260414;133122;5429.5;1
LKOH;0;20260414;133122;5429.0;6
LKOH;0;20260414;133122;5429.0;5
LKOH;0;20260414;133133;5430.0;2
LKOH;0;20260414;133135;5429.5;1
LKOH;0;20260414;133151;5430.0;1
LKOH;0;20260414;133151;5429.5;1
LKOH;0;20260414;133151;5429.5;1
LKOH;0;20260414;133155;5429.5;5
LKOH;0;20260414;133156;5429.5;1
LKOH;0;20260414;133156;5429.5;1
LKOH;0;20260414;133158;5430.0;5
LKOH;0;20260414;133202;5430.0;3
LKOH;0;20260414;133203;5430.5;1
LKOH;0;20260414;133221;5430.5;3
LKOH;0;20260414;133226;5431.5;50
LKOH;0;20260414;133226;5431.5;1
LKOH;0;20260414;133226;5431.5;1
LKOH;0;20260414;133226;5431.5;1
LKOH;0;20260414;133226;5432.0;20
LKOH;0;20260414;133226;5432.0;73
LKOH;0;20260414;133226;5431.5;1
LKOH;0;20260414;133226;5431.5;32
LKOH;0;20260414;133226;5431.5;7
LKOH;0;20260414;133226;5431.5;5
LKOH;0;20260414;133227;5431.5;7
LKOH;0;20260414;133227;5431.5;4
LKOH;0;20260414;133228;5431.5;7
LKOH;0;20260414;133228;5431.5;7
LKOH;0;20260414;133231;5432.0;2
LKOH;0;20260414;133242;5431.5;5
LKOH;0;20260414;133242;5431.5;1
LKOH;0;20260414;133242;5432.0;1
LKOH;0;20260414;133242;5432.0;1
LKOH;0;20260414;133245;5431.5;1
LKOH;0;20260414;133247;5432.0;239
LKOH;0;20260414;133248;5431.5;7
LKOH;0;20260414;133248;5431.5;1
LKOH;0;20260414;133248;5431.0;1
LKOH;0;20260414;133248;5431.0;2
LKOH;0;20260414;133248;5431.0;1
LKOH;0;20260414;133248;5430.5;1
LKOH;0;20260414;133248;5430.5;1
LKOH;0;20260414;133248;5430.5;3
LKOH;0;20260414;133248;5430.5;10
LKOH;0;20260414;133251;5430.5;2
LKOH;0;20260414;133254;5431.5;1
LKOH;0;20260414;133254;5431.5;9
LKOH;0;20260414;133254;5432.0;148
LKOH;0;20260414;133254;5432.0;100
LKOH;0;20260414;133254;5432.0;33
LKOH;0;20260414;133254;5432.0;1
LKOH;0;20260414;133254;5432.0;7
LKOH;0;20260414;133254;5432.0;4
LKOH;0;20260414;133254;5432.0;3
LKOH;0;20260414;133254;5432.0;1
LKOH;0;20260414;133254;5432.0;1
LKOH;0;20260414;133254;5432.0;4
LKOH;0;20260414;133254;5432.5;100
LKOH;0;20260414;133254;5432.5;18
LKOH;0;20260414;133254;5432.5;1
LKOH;0;20260414;133254;5432.5;20
LKOH;0;20260414;133254;5432.5;1
LKOH;0;20260414;133254;5433.0;2
LKOH;0;20260414;133254;5433.0;5
LKOH;0;20260414;133254;5433.0;3
LKOH;0;20260414;133254;5433.0;50
LKOH;0;20260414;133254;5433.0;1
LKOH;0;20260414;133254;5433.0;1
LKOH;0;20260414;133254;5433.0;20
LKOH;0;20260414;133254;5433.0;18
LKOH;0;20260414;133254;5433.0;60
LKOH;0;20260414;133254;5433.0;20
LKOH;0;20260414;133254;5433.0;50
LKOH;0;20260414;133254;5433.0;50
LKOH;0;20260414;133254;5433.0;60
LKOH;0;20260414;133254;5433.0;1
LKOH;0;20260414;133254;5433.5;1534
LKOH;0;20260414;133254;5433.5;20
LKOH;0;20260414;133254;5433.5;1
LKOH;0;20260414;133254;5433.5;60
LKOH;0;20260414;133254;5434.0;1
LKOH;0;20260414;133254;5434.0;20
LKOH;0;20260414;133254;5434.0;1
LKOH;0;20260414;133254;5434.0;25
LKOH;0;20260414;133254;5434.5;20
LKOH;0;20260414;133254;5434.5;1
LKOH;0;20260414;133254;5434.5;100
LKOH;0;20260414;133254;5435.0;424
LKOH;0;20260414;133254;5433.5;4
LKOH;0;20260414;133255;5432.0;1
LKOH;0;20260414;133255;5432.0;7
LKOH;0;20260414;133255;5432.0;28
LKOH;0;20260414;133255;5432.0;10
LKOH;0;20260414;133255;5431.5;12
LKOH;0;20260414;133255;5431.5;5
LKOH;0;20260414;133255;5431.5;5
LKOH;0;20260414;133255;5431.5;61
LKOH;0;20260414;133255;5431.5;32
LKOH;0;20260414;133255;5431.5;1
LKOH;0;20260414;133255;5431.5;7
LKOH;0;20260414;133255;5431.5;44
LKOH;0;20260414;133255;5431.0;1
LKOH;0;20260414;133255;5431.0;1
LKOH;0;20260414;133255;5431.0;116
LKOH;0;20260414;133255;5431.0;3
LKOH;0;20260414;133255;5431.5;7
LKOH;0;20260414;133255;5432.0;33
LKOH;0;20260414;133255;5433.0;16
LKOH;0;20260414;133255;5433.0;19
LKOH;0;20260414;133255;5433.0;22
LKOH;0;20260414;133255;5433.0;3
LKOH;0;20260414;133255;5433.0;1
LKOH;0;20260414;133255;5433.0;17
LKOH;0;20260414;133255;5433.0;10
LKOH;0;20260414;133255;5433.0;3
LKOH;0;20260414;133255;5431.0;5
LKOH;0;20260414;133256;5431.0;5
LKOH;0;20260414;133256;5431.0;4
LKOH;0;20260414;133257;5431.5;3
LKOH;0;20260414;133257;5431.5;3
LKOH;0;20260414;133304;5432.5;1
LKOH;0;20260414;133307;5433.0;2
LKOH;0;20260414;133309;5433.0;1
LKOH;0;20260414;133320;5434.0;1
LKOH;0;20260414;133320;5434.0;33
LKOH;0;20260414;133320;5434.0;10
LKOH;0;20260414;133320;5434.0;7
LKOH;0;20260414;133321;5434.0;3
LKOH;0;20260414;133321;5434.0;4
LKOH;0;20260414;133321;5434.0;3
LKOH;0;20260414;133324;5434.5;4
LKOH;0;20260414;133324;5434.5;1
LKOH;0;20260414;133324;5434.5;1
LKOH;0;20260414;133324;5434.5;33
LKOH;0;20260414;133324;5434.5;6
LKOH;0;20260414;133325;5434.0;2
LKOH;0;20260414;133325;5434.0;3
LKOH;0;20260414;133325;5434.5;2
LKOH;0;20260414;133331;5435.0;2
LKOH;0;20260414;133338;5434.5;5
LKOH;0;20260414;133340;5434.5;1
LKOH;0;20260414;133351;5435.0;1
LKOH;0;20260414;133351;5435.0;1
LKOH;0;20260414;133351;5434.5;2
LKOH;0;20260414;133352;5434.5;1
LKOH;0;20260414;133352;5434.5;1
LKOH;0;20260414;133355;5435.0;1
LKOH;0;20260414;133355;5434.5;3
LKOH;0;20260414;133355;5434.0;2
LKOH;0;20260414;133355;5434.5;24
LKOH;0;20260414;133355;5434.5;1
LKOH;0;20260414;133356;5435.0;1
LKOH;0;20260414;133356;5434.5;1
LKOH;0;20260414;133356;5434.5;2
LKOH;0;20260414;133357;5434.5;1
LKOH;0;20260414;133401;5435.0;8
LKOH;0;20260414;133406;5434.5;15
LKOH;0;20260414;133407;5434.5;1
LKOH;0;20260414;133407;5434.5;2
LKOH;0;20260414;133412;5435.0;1
LKOH;0;20260414;133414;5434.5;4
LKOH;0;20260414;133415;5435.0;1
LKOH;0;20260414;133418;5434.5;39
LKOH;0;20260414;133418;5434.5;1
LKOH;0;20260414;133418;5434.5;1
LKOH;0;20260414;133418;5434.0;32
LKOH;0;20260414;133418;5434.0;1
LKOH;0;20260414;133418;5433.5;1
LKOH;0;20260414;133418;5433.5;7
LKOH;0;20260414;133418;5433.5;118
LKOH;0;20260414;133418;5433.5;50
LKOH;0;20260414;133418;5433.0;1
LKOH;0;20260414;133418;5433.0;75
LKOH;0;20260414;133418;5433.0;222
LKOH;0;20260414;133418;5433.0;2
LKOH;0;20260414;133419;5433.0;31
LKOH;0;20260414;133419;5433.0;9
LKOH;0;20260414;133419;5432.5;11
LKOH;0;20260414;133419;5432.5;4
LKOH;0;20260414;133419;5432.5;1
LKOH;0;20260414;133419;5432.5;6
LKOH;0;20260414;133421;5432.5;3
LKOH;0;20260414;133428;5433.5;1
LKOH;0;20260414;133428;5434.0;1
LKOH;0;20260414;133436;5434.5;1
LKOH;0;20260414;133437;5433.0;1
LKOH;0;20260414;133437;5433.0;1
LKOH;0;20260414;133437;5433.0;1
LKOH;0;20260414;133437;5432.5;1
LKOH;0;20260414;133450;5434.0;1
LKOH;0;20260414;133450;5434.0;1
LKOH;0;20260414;133451;5433.5;1
LKOH;0;20260414;133451;5433.0;1
LKOH;0;20260414;133454;5433.0;1
LKOH;0;20260414;133454;5432.5;118
LKOH;0;20260414;133454;5432.5;1
LKOH;0;20260414;133454;5432.5;100
LKOH;0;20260414;133454;5432.5;7
LKOH;0;20260414;133454;5432.5;5
LKOH;0;20260414;133454;5432.5;8
LKOH;0;20260414;133454;5432.5;1
LKOH;0;20260414;133454;5432.0;20
LKOH;0;20260414;133454;5432.0;1
LKOH;0;20260414;133454;5432.0;1
LKOH;0;20260414;133454;5432.0;50
LKOH;0;20260414;133454;5432.0;1
LKOH;0;20260414;133454;5431.5;1
LKOH;0;20260414;133454;5431.5;60
LKOH;0;20260414;133454;5431.5;25
LKOH;0;20260414;133454;5431.5;100
LKOH;0;20260414;133454;5431.0;3
LKOH;0;20260414;133454;5431.0;50
LKOH;0;20260414;133454;5431.0;1
LKOH;0;20260414;133454;5431.0;60
LKOH;0;20260414;133454;5431.0;20
LKOH;0;20260414;133454;5431.0;66
LKOH;0;20260414;133454;5430.5;4
LKOH;0;20260414;133454;5430.5;20
LKOH;0;20260414;133454;5430.5;18
LKOH;0;20260414;133454;5430.5;1
LKOH;0;20260414;133454;5430.5;50
LKOH;0;20260414;133454;5430.5;52
LKOH;0;20260414;133454;5430.0;2
LKOH;0;20260414;133454;5430.0;5
LKOH;0;20260414;133454;5430.0;5
LKOH;0;20260414;133454;5430.0;50
LKOH;0;20260414;133454;5430.0;1
LKOH;0;20260414;133454;5430.0;20
LKOH;0;20260414;133454;5430.0;2
LKOH;0;20260414;133454;5430.0;50
LKOH;0;20260414;133454;5430.0;120
LKOH;0;20260414;133454;5430.0;18
LKOH;0;20260414;133454;5430.0;20
LKOH;0;20260414;133455;5429.5;1
LKOH;0;20260414;133455;5429.5;2
LKOH;0;20260414;133455;5429.5;59
LKOH;0;20260414;133455;5429.5;63
LKOH;0;20260414;133455;5429.5;5
LKOH;0;20260414;133456;5429.5;1
LKOH;0;20260414;133456;5429.5;2
LKOH;0;20260414;133459;5430.0;1
LKOH;0;20260414;133505;5430.0;1
LKOH;0;20260414;133507;5430.0;5
LKOH;0;20260414;133514;5430.0;1
LKOH;0;20260414;133516;5430.0;1
LKOH;0;20260414;133522;5429.5;3
LKOH;0;20260414;133523;5429.5;4
LKOH;0;20260414;133523;5429.5;10
LKOH;0;20260414;133523;5429.5;1
LKOH;0;20260414;133523;5429.5;1
LKOH;0;20260414;133523;5429.5;1
LKOH;0;20260414;133523;5429.0;1
LKOH;0;20260414;133523;5429.0;1
LKOH;0;20260414;133523;5429.0;1
LKOH;0;20260414;133523;5429.0;1
LKOH;0;20260414;133523;5429.0;15
LKOH;0;20260414;133523;5429.0;50
LKOH;0;20260414;133523;5429.0;1
LKOH;0;20260414;133524;5428.5;5
LKOH;0;20260414;133524;5428.5;6
LKOH;0;20260414;133527;5429.0;65
LKOH;0;20260414;133528;5428.5;3
LKOH;0;20260414;133528;5428.5;4
LKOH;0;20260414;133542;5429.0;49
LKOH;0;20260414;133543;5429.0;2
LKOH;0;20260414;133543;5428.5;1
LKOH;0;20260414;133543;5428.5;1
LKOH;0;20260414;133543;5428.5;1
LKOH;0;20260414;133543;5428.5;3
LKOH;0;20260414;133548;5429.0;3
LKOH;0;20260414;133550;5428.5;20
LKOH;0;20260414;133551;5428.5;1
LKOH;0;20260414;133551;5428.5;2
LKOH;0;20260414;133552;5428.5;2
LKOH;0;20260414;133555;5429.0;1
LKOH;0;20260414;133555;5428.5;5
LKOH;0;20260414;133555;5429.0;3
LKOH;0;20260414;133557;5429.0;194
LKOH;0;20260414;133558;5428.5;3
LKOH;0;20260414;133558;5428.5;8
LKOH;0;20260414;133558;5428.5;7
LKOH;0;20260414;133558;5428.5;4
LKOH;0;20260414;133605;5429.0;1
LKOH;0;20260414;133608;5428.5;4
LKOH;0;20260414;133608;5428.5;6
LKOH;0;20260414;133609;5428.5;1
LKOH;0;20260414;133609;5428.5;1
LKOH;0;20260414;133617;5429.0;1
LKOH;0;20260414;133622;5428.5;3
LKOH;0;20260414;133651;5429.0;1
LKOH;0;20260414;133652;5428.5;2
LKOH;0;20260414;133653;5429.0;1
LKOH;0;20260414;133655;5428.5;5
LKOH;0;20260414;133714;5429.0;37
LKOH;0;20260414;133715;5429.0;1
LKOH;0;20260414;133715;5428.5;2
LKOH;0;20260414;133715;5428.5;3
LKOH;0;20260414;133719;5428.5;2
LKOH;0;20260414;133720;5429.0;3
LKOH;0;20260414;133722;5428.5;3
LKOH;0;20260414;133723;5428.5;2
LKOH;0;20260414;133731;5428.5;1
LKOH;0;20260414;133733;5428.5;4
LKOH;0;20260414;133733;5429.0;5
LKOH;0;20260414;133734;5428.5;1
LKOH;0;20260414;133734;5428.5;1
LKOH;0;20260414;133739;5428.5;3
LKOH;0;20260414;133739;5428.5;3
LKOH;0;20260414;133752;5428.5;2
LKOH;0;20260414;133755;5428.5;1
LKOH;0;20260414;133755;5428.5;1
LKOH;0;20260414;133755;5428.0;3
LKOH;0;20260414;133756;5428.0;1
LKOH;0;20260414;133756;5428.0;1
LKOH;0;20260414;133757;5428.5;1
LKOH;0;20260414;133803;5428.5;4
LKOH;0;20260414;133803;5428.5;1
LKOH;0;20260414;133808;5429.0;1
LKOH;0;20260414;133811;5428.5;1
LKOH;0;20260414;133814;5429.0;2
LKOH;0;20260414;133822;5428.5;3
LKOH;0;20260414;133833;5428.5;1
LKOH;0;20260414;133844;5429.0;2
LKOH;0;20260414;133845;5429.0;1
LKOH;0;20260414;133845;5428.5;1
LKOH;0;20260414;133845;5428.5;1
LKOH;0;20260414;133850;5428.5;1
LKOH;0;20260414;133850;5428.5;2
LKOH;0;20260414;133852;5428.5;2
LKOH;0;20260414;133855;5428.5;1
LKOH;0;20260414;133855;5428.5;1
LKOH;0;20260414;133855;5428.5;3
LKOH;0;20260414;133900;5428.5;1
LKOH;0;20260414;133918;5429.0;1
LKOH;0;20260414;133922;5428.5;3
LKOH;0;20260414;133927;5429.0;1
LKOH;0;20260414;133928;5428.5;1
LKOH;0;20260414;133928;5428.5;1
LKOH;0;20260414;133929;5429.0;5
LKOH;0;20260414;133935;5428.5;1
LKOH;0;20260414;133940;5429.0;100
LKOH;0;20260414;133940;5429.0;1
LKOH;0;20260414;133940;5429.0;3
LKOH;0;20260414;133940;5428.5;1
LKOH;0;20260414;133940;5428.5;4
LKOH;0;20260414;133940;5428.5;1
LKOH;0;20260414;133940;5428.5;5
LKOH;0;20260414;133952;5428.5;2
LKOH;0;20260414;133955;5428.5;5
LKOH;0;20260414;133956;5428.5;1
LKOH;0;20260414;133956;5428.5;1
LKOH;0;20260414;134020;5428.5;2
LKOH;0;20260414;134022;5428.5;3
LKOH;0;20260414;134027;5428.5;2
LKOH;0;20260414;134031;5429.0;1
LKOH;0;20260414;134037;5429.0;14
LKOH;0;20260414;134037;5429.5;1
LKOH;0;20260414;134037;5429.5;1
LKOH;0;20260414;134037;5429.5;2
LKOH;0;20260414;134037;5429.5;1
LKOH;0;20260414;134037;5429.5;7
LKOH;0;20260414;134037;5429.5;1
LKOH;0;20260414;134037;5429.5;1
LKOH;0;20260414;134037;5430.0;19
LKOH;0;20260414;134038;5429.0;3
LKOH;0;20260414;134038;5429.0;2
LKOH;0;20260414;134038;5429.0;1
LKOH;0;20260414;134039;5429.5;1
LKOH;0;20260414;134052;5429.0;3
LKOH;0;20260414;134053;5429.5;1
LKOH;0;20260414;134055;5429.5;1
LKOH;0;20260414;134055;5429.5;1
LKOH;0;20260414;134055;5429.0;4
LKOH;0;20260414;134058;5430.0;10
LKOH;0;20260414;134058;5429.5;1
LKOH;0;20260414;134059;5429.0;1
LKOH;0;20260414;134122;5429.0;2
LKOH;0;20260414;134152;5429.0;3
LKOH;0;20260414;134156;5429.0;5
LKOH;0;20260414;134211;5429.5;1
LKOH;0;20260414;134214;5430.0;46
LKOH;0;20260414;134214;5430.0;6
LKOH;0;20260414;134214;5430.0;6
LKOH;0;20260414;134215;5430.0;766
LKOH;0;20260414;134215;5430.0;3
LKOH;0;20260414;134215;5430.5;3
LKOH;0;20260414;134216;5432.5;43
LKOH;0;20260414;134216;5432.5;25
LKOH;0;20260414;134216;5432.5;7
LKOH;0;20260414;134216;5432.5;11
LKOH;0;20260414;134216;5433.0;25
LKOH;0;20260414;134216;5433.0;13
LKOH;0;20260414;134216;5433.0;13
LKOH;0;20260414;134216;5433.0;5
LKOH;0;20260414;134216;5433.0;5
LKOH;0;20260414;134216;5433.0;13
LKOH;0;20260414;134216;5433.0;5
LKOH;0;20260414;134216;5433.0;36
LKOH;0;20260414;134216;5434.0;5
LKOH;0;20260414;134216;5434.5;71
LKOH;0;20260414;134216;5434.5;29
LKOH;0;20260414;134216;5434.5;1
LKOH;0;20260414;134216;5434.5;9
LKOH;0;20260414;134216;5434.5;48
LKOH;0;20260414;134216;5434.5;5
LKOH;0;20260414;134216;5434.5;2
LKOH;0;20260414;134216;5434.5;17
LKOH;0;20260414;134216;5434.5;33
LKOH;0;20260414;134216;5434.5;5
LKOH;0;20260414;134216;5435.0;38
LKOH;0;20260414;134216;5434.5;33
LKOH;0;20260414;134216;5434.5;33
LKOH;0;20260414;134216;5434.5;33
LKOH;0;20260414;134217;5435.0;76
LKOH;0;20260414;134217;5435.0;2
LKOH;0;20260414;134217;5435.0;76
LKOH;0;20260414;134217;5434.5;4
LKOH;0;20260414;134217;5435.0;10
LKOH;0;20260414;134217;5435.0;4
LKOH;0;20260414;134217;5435.0;2
LKOH;0;20260414;134217;5435.0;1
LKOH;0;20260414;134217;5435.0;1
LKOH;0;20260414;134217;5435.0;2
LKOH;0;20260414;134217;5435.0;76
LKOH;0;20260414;134217;5435.0;76
LKOH;0;20260414;134218;5435.0;76
LKOH;0;20260414;134218;5435.0;76
LKOH;0;20260414;134218;5434.5;30
LKOH;0;20260414;134218;5434.5;31
LKOH;0;20260414;134218;5435.0;76
LKOH;0;20260414;134218;5435.0;76
LKOH;0;20260414;134219;5434.5;7
LKOH;0;20260414;134219;5434.5;8
LKOH;0;20260414;134219;5434.5;2
LKOH;0;20260414;134219;5434.5;10
LKOH;0;20260414;134219;5434.5;3
LKOH;0;20260414;134220;5434.5;5
LKOH;0;20260414;134220;5434.5;6
LKOH;0;20260414;134220;5434.5;11
LKOH;0;20260414;134221;5435.0;50
LKOH;0;20260414;134222;5434.5;3
LKOH;0;20260414;134222;5434.5;1
LKOH;0;20260414;134222;5434.5;3
LKOH;0;20260414;134222;5434.5;2
LKOH;0;20260414;134223;5435.0;50
LKOH;0;20260414;134224;5434.5;3
LKOH;0;20260414;134224;5434.5;3
LKOH;0;20260414;134225;5435.0;3
LKOH;0;20260414;134225;5435.0;50
LKOH;0;20260414;134225;5435.0;50
LKOH;0;20260414;134225;5434.5;2
LKOH;0;20260414;134225;5434.5;3
LKOH;0;20260414;134226;5434.5;2
LKOH;0;20260414;134226;5434.5;3
LKOH;0;20260414;134237;5434.5;2
LKOH;0;20260414;134252;5434.5;1
LKOH;0;20260414;134252;5434.5;1
LKOH;0;20260414;134252;5434.0;1
LKOH;0;20260414;134253;5434.0;1
LKOH;0;20260414;134253;5434.0;1
LKOH;0;20260414;134256;5434.0;5
LKOH;0;20260414;134312;5433.5;1
LKOH;0;20260414;134317;5434.0;1
LKOH;0;20260414;134317;5434.0;33
LKOH;0;20260414;134317;5434.0;7
LKOH;0;20260414;134317;5434.5;1
LKOH;0;20260414;134317;5434.5;7
LKOH;0;20260414;134317;5434.5;30
LKOH;0;20260414;134317;5434.5;2
LKOH;0;20260414;134317;5434.5;2
LKOH;0;20260414;134317;5434.5;1
LKOH;0;20260414;134317;5434.5;4
LKOH;0;20260414;134317;5434.5;1
LKOH;0;20260414;134317;5434.5;5
LKOH;0;20260414;134317;5435.0;641
LKOH;0;20260414;134317;5435.0;20
LKOH;0;20260414;134317;5435.0;16
LKOH;0;20260414;134318;5434.0;30
LKOH;0;20260414;134318;5434.0;9
LKOH;0;20260414;134318;5434.0;2
LKOH;0;20260414;134318;5434.0;9
LKOH;0;20260414;134318;5434.0;1
LKOH;0;20260414;134318;5434.0;9
LKOH;0;20260414;134318;5434.0;22
LKOH;0;20260414;134319;5434.0;2
LKOH;0;20260414;134319;5434.0;2
LKOH;0;20260414;134319;5434.0;1
LKOH;0;20260414;134322;5434.0;2
LKOH;0;20260414;134330;5434.5;1
LKOH;0;20260414;134330;5434.5;1
LKOH;0;20260414;134330;5435.0;98
LKOH;0;20260414;134331;5434.0;5
LKOH;0;20260414;134331;5434.0;1
LKOH;0;20260414;134331;5434.0;5
LKOH;0;20260414;134334;5434.0;4
LKOH;0;20260414;134342;5434.5;2
LKOH;0;20260414;134352;5434.0;3
LKOH;0;20260414;134356;5434.0;5
LKOH;0;20260414;134357;5434.0;1
LKOH;0;20260414;134357;5434.0;1
LKOH;0;20260414;134358;5435.0;5
LKOH;0;20260414;134359;5435.0;45
LKOH;0;20260414;134359;5435.0;100
LKOH;0;20260414;134359;5435.0;3
LKOH;0;20260414;134359;5435.0;1
LKOH;0;20260414;134359;5435.0;9
LKOH;0;20260414;134400;5435.0;8
LKOH;0;20260414;134400;5435.0;9
LKOH;0;20260414;134412;5435.0;1
LKOH;0;20260414;134420;5436.0;1
LKOH;0;20260414;134420;5436.0;4
LKOH;0;20260414;134420;5436.0;2
LKOH;0;20260414;134420;5436.0;9
LKOH;0;20260414;134421;5435.0;1
LKOH;0;20260414;134421;5435.0;1
LKOH;0;20260414;134422;5435.0;2
LKOH;0;20260414;134422;5436.0;1
LKOH;0;20260414;134423;5436.0;1
LKOH;0;20260414;134427;5435.5;1
LKOH;0;20260414;134427;5435.5;1
LKOH;0;20260414;134427;5435.0;2
LKOH;0;20260414;134428;5435.5;1
LKOH;0;20260414;134428;5435.5;1
LKOH;0;20260414;134442;5437.0;1
LKOH;0;20260414;134442;5437.0;1
LKOH;0;20260414;134444;5436.0;1
LKOH;0;20260414;134444;5436.0;1
LKOH;0;20260414;134444;5436.0;1
LKOH;0;20260414;134444;5436.0;8
LKOH;0;20260414;134444;5436.0;64
LKOH;0;20260414;134444;5436.0;26
LKOH;0;20260414;134444;5436.0;25
LKOH;0;20260414;134444;5435.5;1
LKOH;0;20260414;134444;5435.5;13
LKOH;0;20260414;134444;5435.5;8
LKOH;0;20260414;134444;5435.5;16
LKOH;0;20260414;134444;5435.5;1
LKOH;0;20260414;134444;5435.5;30
LKOH;0;20260414;134444;5435.0;6
LKOH;0;20260414;134444;5435.0;2
LKOH;0;20260414;134444;5435.0;1
LKOH;0;20260414;134444;5435.0;3
LKOH;0;20260414;134444;5435.0;30
LKOH;0;20260414;134444;5435.0;76
LKOH;0;20260414;134444;5435.0;1
LKOH;0;20260414;134444;5435.0;18
LKOH;0;20260414;134444;5434.5;4
LKOH;0;20260414;134444;5434.5;1
LKOH;0;20260414;134444;5434.5;30
LKOH;0;20260414;134444;5434.5;18
LKOH;0;20260414;134444;5434.5;20
LKOH;0;20260414;134444;5434.5;100
LKOH;0;20260414;134444;5434.5;60
LKOH;0;20260414;134444;5434.0;3
LKOH;0;20260414;134444;5434.0;6
LKOH;0;20260414;134444;5434.0;2
LKOH;0;20260414;134444;5434.0;1
LKOH;0;20260414;134444;5434.0;1
LKOH;0;20260414;134444;5434.0;30
LKOH;0;20260414;134444;5434.0;6
LKOH;0;20260414;134444;5435.0;1
LKOH;0;20260414;134444;5434.5;34
LKOH;0;20260414;134444;5434.5;6
LKOH;0;20260414;134444;5434.0;8
LKOH;0;20260414;134444;5434.0;15
LKOH;0;20260414;134444;5434.0;4
LKOH;0;20260414;134449;5435.0;1
LKOH;0;20260414;134449;5435.5;1
LKOH;0;20260414;134450;5434.5;9
LKOH;0;20260414;134450;5434.5;40
LKOH;0;20260414;134450;5434.0;1
LKOH;0;20260414;134450;5434.0;1
LKOH;0;20260414;134450;5434.0;9
LKOH;0;20260414;134450;5434.0;7
LKOH;0;20260414;134450;5434.0;9
LKOH;0;20260414;134450;5433.5;1
LKOH;0;20260414;134450;5433.5;11
LKOH;0;20260414;134450;5433.5;2
LKOH;0;20260414;134450;5433.5;50
LKOH;0;20260414;134450;5433.5;1
LKOH;0;20260414;134450;5433.5;2
LKOH;0;20260414;134450;5433.5;18
LKOH;0;20260414;134450;5433.5;50
LKOH;0;20260414;134450;5433.0;2
LKOH;0;20260414;134450;5433.0;60
LKOH;0;20260414;134450;5433.0;18
LKOH;0;20260414;134450;5433.0;50
LKOH;0;20260414;134450;5433.0;25
LKOH;0;20260414;134450;5433.0;1
LKOH;0;20260414;134450;5433.0;70
LKOH;0;20260414;134450;5433.0;100
LKOH;0;20260414;134450;5432.5;6
LKOH;0;20260414;134450;5432.5;10
LKOH;0;20260414;134450;5432.5;2
LKOH;0;20260414;134451;5432.5;9
LKOH;0;20260414;134451;5432.0;31
LKOH;0;20260414;134451;5432.0;22
LKOH;0;20260414;134452;5432.5;2
LKOH;0;20260414;134452;5432.0;1
LKOH;0;20260414;134456;5432.5;5
LKOH;0;20260414;134456;5433.0;1
LKOH;0;20260414;134459;5433.5;1
LKOH;0;20260414;134504;5434.0;4
LKOH;0;20260414;134505;5435.0;1
LKOH;0;20260414;134505;5435.0;1
LKOH;0;20260414;134505;5436.0;10
LKOH;0;20260414;134506;5436.5;4
LKOH;0;20260414;134508;5436.5;1
LKOH;0;20260414;134510;5436.0;26
LKOH;0;20260414;134510;5436.0;25
LKOH;0;20260414;134510;5436.0;9
LKOH;0;20260414;134510;5436.0;1
LKOH;0;20260414;134510;5436.0;222
LKOH;0;20260414;134510;5435.5;1
LKOH;0;20260414;134510;5435.0;1
LKOH;0;20260414;134510;5435.0;4
LKOH;0;20260414;134511;5436.5;1
LKOH;0;20260414;134511;5436.0;9
LKOH;0;20260414;134511;5436.0;7
LKOH;0;20260414;134511;5436.0;17
LKOH;0;20260414;134513;5436.5;1
LKOH;0;20260414;134515;5436.5;5
LKOH;0;20260414;134515;5436.0;10
LKOH;0;20260414;134516;5436.0;1
LKOH;0;20260414;134516;5436.0;1
LKOH;0;20260414;134518;5436.0;25
LKOH;0;20260414;134518;5436.0;5
LKOH;0;20260414;134519;5436.0;1
LKOH;0;20260414;134519;5436.0;2
LKOH;0;20260414;134519;5436.0;2
LKOH;0;20260414;134522;5436.0;2
LKOH;0;20260414;134527;5436.0;29
LKOH;0;20260414;134527;5436.0;50
LKOH;0;20260414;134527;5435.0;2
LKOH;0;20260414;134527;5436.0;27
LKOH;0;20260414;134528;5434.5;4
LKOH;0;20260414;134528;5434.5;5
LKOH;0;20260414;134529;5434.5;1
LKOH;0;20260414;134529;5434.5;1
LKOH;0;20260414;134533;5434.5;4
LKOH;0;20260414;134546;5435.0;1
LKOH;0;20260414;134547;5434.0;1
LKOH;0;20260414;134547;5434.0;1
LKOH;0;20260414;134548;5435.0;1
LKOH;0;20260414;134552;5435.0;3
LKOH;0;20260414;134552;5435.5;1
LKOH;0;20260414;134552;5435.5;1
LKOH;0;20260414;134552;5436.5;9
LKOH;0;20260414;134552;5437.0;2
LKOH;0;20260414;134552;5437.5;36
LKOH;0;20260414;134552;5436.5;28
LKOH;0;20260414;134552;5436.5;5
LKOH;0;20260414;134552;5438.0;5
LKOH;0;20260414;134552;5438.0;1
LKOH;0;20260414;134552;5438.5;21
LKOH;0;20260414;134552;5438.0;3
LKOH;0;20260414;134552;5438.5;9
LKOH;0;20260414;134552;5438.5;2
LKOH;0;20260414;134552;5439.0;58
LKOH;0;20260414;134553;5439.0;62
LKOH;0;20260414;134553;5439.0;2
LKOH;0;20260414;134553;5439.0;1
LKOH;0;20260414;134553;5439.5;11
LKOH;0;20260414;134553;5439.0;2
LKOH;0;20260414;134553;5439.5;75
LKOH;0;20260414;134553;5439.5;1
LKOH;0;20260414;134553;5439.0;2
LKOH;0;20260414;134554;5439.0;13
LKOH;0;20260414;134554;5439.0;14
LKOH;0;20260414;134554;5439.5;13
LKOH;0;20260414;134554;5439.5;1
LKOH;0;20260414;134554;5439.5;26
LKOH;0;20260414;134554;5440.0;1
LKOH;0;20260414;134554;5440.0;1
LKOH;0;20260414;134554;5440.0;7
LKOH;0;20260414;134554;5440.0;4
LKOH;0;20260414;134554;5440.5;1
LKOH;0;20260414;134554;5440.5;5
LKOH;0;20260414;134554;5441.0;74
LKOH;0;20260414;134554;5441.0;26
LKOH;0;20260414;134554;5441.0;30
LKOH;0;20260414;134554;5441.0;12
LKOH;0;20260414;134555;5441.0;21
LKOH;0;20260414;134555;5441.0;3
LKOH;0;20260414;134555;5441.5;25
LKOH;0;20260414;134555;5441.5;3
LKOH;0;20260414;134555;5442.0;2
LKOH;0;20260414;134555;5442.0;22
LKOH;0;20260414;134555;5441.0;33
LKOH;0;20260414;134556;5441.5;8
LKOH;0;20260414;134556;5441.5;8
LKOH;0;20260414;134556;5441.5;5
LKOH;0;20260414;134556;5442.0;28
LKOH;0;20260414;134556;5442.0;45
LKOH;0;20260414;134556;5442.0;5
LKOH;0;20260414;134556;5442.0;33
LKOH;0;20260414;134556;5442.0;30
LKOH;0;20260414;134556;5442.0;1
LKOH;0;20260414;134556;5442.0;4
LKOH;0;20260414;134556;5442.0;22
LKOH;0;20260414;134556;5442.0;6
LKOH;0;20260414;134556;5442.0;48
LKOH;0;20260414;134556;5442.0;5
LKOH;0;20260414;134557;5442.0;12
LKOH;0;20260414;134557;5442.0;13
LKOH;0;20260414;134559;5442.5;1
LKOH;0;20260414;134600;5441.0;30
LKOH;0;20260414;134600;5440.0;20
LKOH;0;20260414;134601;5440.0;2
LKOH;0;20260414;134601;5440.0;2
LKOH;0;20260414;134601;5440.0;2
LKOH;0;20260414;134602;5440.5;1
LKOH;0;20260414;134602;5440.5;1
LKOH;0;20260414;134603;5441.0;30
LKOH;0;20260414;134603;5441.0;7
LKOH;0;20260414;134604;5441.0;1
LKOH;0;20260414;134604;5441.0;3
LKOH;0;20260414;134604;5441.0;2
LKOH;0;20260414;134604;5441.0;34
LKOH;0;20260414;134604;5441.0;73
LKOH;0;20260414;134605;5441.0;6
LKOH;0;20260414;134605;5441.0;6
LKOH;0;20260414;134610;5441.5;1
LKOH;0;20260414;134610;5441.5;6
LKOH;0;20260414;134610;5441.0;2
LKOH;0;20260414;134611;5441.5;1
LKOH;0;20260414;134611;5441.5;1
LKOH;0;20260414;134617;5441.5;6
LKOH;0;20260414;134618;5441.0;1
LKOH;0;20260414;134618;5441.0;1
LKOH;0;20260414;134622;5441.5;3
LKOH;0;20260414;134622;5441.5;2
LKOH;0;20260414;134622;5441.5;13
LKOH;0;20260414;134622;5441.5;7
LKOH;0;20260414;134622;5441.5;43
LKOH;0;20260414;134622;5441.0;2
LKOH;0;20260414;134623;5441.5;21
LKOH;0;20260414;134623;5441.5;11
LKOH;0;20260414;134623;5441.5;1
LKOH;0;20260414;134623;5441.5;9
LKOH;0;20260414;134623;5441.5;3
LKOH;0;20260414;134623;5441.0;1
LKOH;0;20260414;134624;5441.0;5
LKOH;0;20260414;134624;5441.0;5
LKOH;0;20260414;134631;5441.5;3
LKOH;0;20260414;134635;5441.5;33
LKOH;0;20260414;134635;5441.5;20
LKOH;0;20260414;134635;5441.0;2
LKOH;0;20260414;134635;5441.0;76
LKOH;0;20260414;134635;5441.0;9
LKOH;0;20260414;134635;5440.5;1
LKOH;0;20260414;134635;5440.5;10
LKOH;0;20260414;134635;5440.5;25
LKOH;0;20260414;134635;5440.0;34
LKOH;0;20260414;134636;5440.5;12
LKOH;0;20260414;134636;5440.5;12
LKOH;0;20260414;134637;5441.0;10
LKOH;0;20260414;134637;5441.0;1
LKOH;0;20260414;134640;5441.5;1
LKOH;0;20260414;134640;5441.5;2
LKOH;0;20260414;134641;5441.5;1
LKOH;0;20260414;134641;5441.5;1
LKOH;0;20260414;134641;5441.5;20
LKOH;0;20260414;134641;5441.5;25
LKOH;0;20260414;134641;5441.5;36
LKOH;0;20260414;134641;5441.5;1
LKOH;0;20260414;134641;5441.5;9
LKOH;0;20260414;134641;5441.0;7
LKOH;0;20260414;134641;5441.0;2
LKOH;0;20260414;134642;5441.5;5
LKOH;0;20260414;134642;5441.5;6
LKOH;0;20260414;134645;5441.5;25
LKOH;0;20260414;134645;5441.0;4
LKOH;0;20260414;134645;5440.0;1
LKOH;0;20260414;134645;5439.5;8
LKOH;0;20260414;134645;5439.5;25
LKOH;0;20260414;134645;5439.5;118
LKOH;0;20260414;134645;5439.0;16
LKOH;0;20260414;134645;5439.0;68
LKOH;0;20260414;134645;5438.0;45
LKOH;0;20260414;134645;5437.5;20
LKOH;0;20260414;134645;5437.5;30
LKOH;0;20260414;134645;5437.5;18
LKOH;0;20260414;134645;5437.5;22
LKOH;0;20260414;134645;5438.0;2
LKOH;0;20260414;134646;5439.0;22
LKOH;0;20260414;134646;5439.0;14
LKOH;0;20260414;134646;5438.5;8
LKOH;0;20260414;134647;5440.0;25
LKOH;0;20260414;134648;5440.0;2
LKOH;0;20260414;134648;5440.0;1
LKOH;0;20260414;134649;5440.5;17
LKOH;0;20260414;134650;5440.5;1
LKOH;0;20260414;134650;5440.5;1
LKOH;0;20260414;134652;5441.5;3
LKOH;0;20260414;134653;5442.0;10
LKOH;0;20260414;134653;5442.0;1
LKOH;0;20260414;134653;5442.0;1
LKOH;0;20260414;134653;5442.5;12
LKOH;0;20260414;134653;5442.5;52
LKOH;0;20260414;134654;5442.5;76
LKOH;0;20260414;134654;5442.5;76
LKOH;0;20260414;134654;5442.5;25
LKOH;0;20260414;134654;5442.5;76
LKOH;0;20260414;134654;5442.5;25
LKOH;0;20260414;134654;5442.5;25
LKOH;0;20260414;134654;5442.5;3
LKOH;0;20260414;134654;5442.5;25
LKOH;0;20260414;134654;5442.5;9
LKOH;0;20260414;134654;5442.0;1
LKOH;0;20260414;134654;5442.0;3
LKOH;0;20260414;134654;5442.0;5
LKOH;0;20260414;134654;5442.5;76
LKOH;0;20260414;134655;5442.5;12
LKOH;0;20260414;134655;5442.0;16
LKOH;0;20260414;134655;5442.0;6
LKOH;0;20260414;134655;5442.0;10
LKOH;0;20260414;134655;5442.0;1
LKOH;0;20260414;134656;5442.5;4
LKOH;0;20260414;134656;5442.5;4
LKOH;0;20260414;134656;5442.0;5
LKOH;0;20260414;134656;5442.5;9
LKOH;0;20260414;134656;5442.0;5
LKOH;0;20260414;134656;5442.0;6
LKOH;0;20260414;134656;5442.5;3
LKOH;0;20260414;134656;5442.5;30
LKOH;0;20260414;134656;5442.5;3
LKOH;0;20260414;134656;5443.0;1
LKOH;0;20260414;134656;5443.0;2
LKOH;0;20260414;134657;5444.0;1
LKOH;0;20260414;134657;5444.0;3
LKOH;0;20260414;134657;5444.0;1
LKOH;0;20260414;134657;5444.0;52
LKOH;0;20260414;134657;5444.0;19
LKOH;0;20260414;134657;5444.0;7
LKOH;0;20260414;134657;5444.0;22
LKOH;0;20260414;134657;5444.0;2
LKOH;0;20260414;134657;5444.5;2
LKOH;0;20260414;134657;5445.0;12
LKOH;0;20260414;134657;5445.0;12
LKOH;0;20260414;134657;5445.0;74
LKOH;0;20260414;134657;5445.0;74
LKOH;0;20260414;134657;5445.0;76
LKOH;0;20260414;134657;5445.0;10
LKOH;0;20260414;134657;5445.0;58
LKOH;0;20260414;134657;5445.0;100
LKOH;0;20260414;134657;5445.0;30
LKOH;0;20260414;134657;5445.0;1
LKOH;0;20260414;134657;5444.5;36
LKOH;0;20260414;134657;5444.5;10
LKOH;0;20260414;134657;5444.5;8
LKOH;0;20260414;134657;5444.5;55
LKOH;0;20260414;134657;5445.0;25
LKOH;0;20260414;134657;5445.0;25
LKOH;0;20260414;134657;5445.0;25
LKOH;0;20260414;134657;5445.0;25
LKOH;0;20260414;134657;5445.0;25
LKOH;0;20260414;134657;5445.0;4
LKOH;0;20260414;134657;5445.0;3
LKOH;0;20260414;134657;5445.0;5
LKOH;0;20260414;134658;5445.0;3
LKOH;0;20260414;134658;5446.0;4
LKOH;0;20260414;134658;5446.0;1
LKOH;0;20260414;134658;5446.0;3
LKOH;0;20260414;134658;5445.5;41
LKOH;0;20260414;134658;5446.0;23
LKOH;0;20260414;134658;5445.5;16
LKOH;0;20260414;134659;5446.0;30
LKOH;0;20260414;134700;5446.5;1
LKOH;0;20260414;134700;5446.0;2
LKOH;0;20260414;134700;5446.0;1
LKOH;0;20260414;134700;5445.5;1
LKOH;0;20260414;134701;5446.0;20
LKOH;0;20260414;134701;5446.0;2
LKOH;0;20260414;134701;5446.0;1
LKOH;0;20260414;134702;5446.0;1
LKOH;0;20260414;134702;5446.5;3
LKOH;0;20260414;134702;5446.5;9
LKOH;0;20260414;134702;5446.5;4
LKOH;0;20260414;134702;5447.0;10
LKOH;0;20260414;134702;5447.0;50
LKOH;0;20260414;134702;5447.0;1
LKOH;0;20260414;134702;5447.0;11
LKOH;0;20260414;134702;5447.5;5
LKOH;0;20260414;134702;5447.5;2
LKOH;0;20260414;134702;5447.5;4
LKOH;0;20260414;134702;5447.5;3
LKOH;0;20260414;134702;5448.0;2
LKOH;0;20260414;134702;5448.0;76
LKOH;0;20260414;134702;5448.0;22
LKOH;0;20260414;134702;5448.0;2
LKOH;0;20260414;134702;5448.0;2
LKOH;0;20260414;134702;5448.5;1
LKOH;0;20260414;134702;5448.5;17
LKOH;0;20260414;134702;5448.0;1
LKOH;0;20260414;134702;5448.5;1
LKOH;0;20260414;134702;5449.0;3
LKOH;0;20260414;134702;5448.5;43
LKOH;0;20260414;134703;5448.5;1
LKOH;0;20260414;134703;5449.0;2
LKOH;0;20260414;134703;5449.0;30
LKOH;0;20260414;134703;5449.0;2
LKOH;0;20260414;134703;5449.0;11
LKOH;0;20260414;134703;5449.0;14
LKOH;0;20260414;134703;5449.0;31
LKOH;0;20260414;134703;5448.5;1
LKOH;0;20260414;134704;5448.5;8
LKOH;0;20260414;134704;5448.5;6
LKOH;0;20260414;134704;5448.5;4
LKOH;0;20260414;134704;5448.5;10
LKOH;0;20260414;134704;5449.0;50
LKOH;0;20260414;134704;5449.0;26
LKOH;0;20260414;134704;5448.5;9
LKOH;0;20260414;134704;5448.5;4
LKOH;0;20260414;134704;5448.5;3
LKOH;0;20260414;134704;5448.5;2
LKOH;0;20260414;134705;5448.5;5
LKOH;0;20260414;134705;5448.5;5
LKOH;0;20260414;134706;5449.0;16
LKOH;0;20260414;134706;5449.0;8
LKOH;0;20260414;134706;5449.0;8
LKOH;0;20260414;134707;5448.5;1
LKOH;0;20260414;134707;5448.0;2
LKOH;0;20260414;134707;5448.5;31
LKOH;0;20260414;134708;5448.5;1
LKOH;0;20260414;134708;5448.5;1
LKOH;0;20260414;134709;5448.5;9
LKOH;0;20260414;134709;5448.5;11
LKOH;0;20260414;134709;5448.0;1
LKOH;0;20260414;134709;5448.0;2
LKOH;0;20260414;134710;5449.0;4
LKOH;0;20260414;134710;5448.5;1
LKOH;0;20260414;134710;5448.0;1
LKOH;0;20260414;134710;5448.5;1
LKOH;0;20260414;134711;5448.5;1
LKOH;0;20260414;134711;5449.0;74
LKOH;0;20260414;134711;5449.0;74
LKOH;0;20260414;134711;5449.0;3
LKOH;0;20260414;134711;5449.0;3
LKOH;0;20260414;134711;5449.0;3
LKOH;0;20260414;134711;5449.0;13
LKOH;0;20260414;134711;5449.0;1
LKOH;0;20260414;134711;5449.0;4
LKOH;0;20260414;134711;5449.0;4
LKOH;0;20260414;134711;5449.5;1
LKOH;0;20260414;134711;5449.5;1
LKOH;0;20260414;134711;5449.5;7
LKOH;0;20260414;134711;5449.5;8
LKOH;0;20260414;134711;5449.5;3
LKOH;0;20260414;134711;5450.0;2
LKOH;0;20260414;134711;5450.0;3
LKOH;0;20260414;134711;5450.0;17
LKOH;0;20260414;134711;5450.0;1
LKOH;0;20260414;134711;5450.0;1
LKOH;0;20260414;134711;5450.0;20
LKOH;0;20260414;134711;5450.0;6
LKOH;0;20260414;134711;5450.0;14
LKOH;0;20260414;134711;5450.0;12
LKOH;0;20260414;134711;5450.0;2
LKOH;0;20260414;134711;5450.0;3
LKOH;0;20260414;134712;5450.0;7
LKOH;0;20260414;134712;5450.0;69
LKOH;0;20260414;134712;5450.0;76
LKOH;0;20260414;134712;5450.0;37
LKOH;0;20260414;134712;5450.0;18
LKOH;0;20260414;134712;5450.0;6
LKOH;0;20260414;134712;5450.0;13
LKOH;0;20260414;134712;5450.0;25
LKOH;0;20260414;134712;5450.0;2
LKOH;0;20260414;134712;5450.0;1
LKOH;0;20260414;134712;5450.0;4
LKOH;0;20260414;134712;5450.0;5
LKOH;0;20260414;134712;5450.5;3
LKOH;0;20260414;134712;5451.0;12
LKOH;0;20260414;134712;5451.0;4
LKOH;0;20260414;134712;5450.5;3
LKOH;0;20260414;134712;5450.5;10
LKOH;0;20260414;134712;5451.5;2
LKOH;0;20260414;134712;5451.5;50
LKOH;0;20260414;134712;5451.5;5
LKOH;0;20260414;134712;5451.5;19
LKOH;0;20260414;134712;5451.5;3
LKOH;0;20260414;134712;5451.5;4
LKOH;0;20260414;134712;5451.5;22
LKOH;0;20260414;134712;5451.5;24
LKOH;0;20260414;134712;5451.5;1
LKOH;0;20260414;134712;5451.5;25
LKOH;0;20260414;134712;5451.5;7
LKOH;0;20260414;134712;5451.5;1
LKOH;0;20260414;134712;5451.5;16
LKOH;0;20260414;134712;5451.5;4
LKOH;0;20260414;134712;5452.0;4
LKOH;0;20260414;134712;5451.5;33
LKOH;0;20260414;134712;5451.5;7
LKOH;0;20260414;134712;5452.0;36
LKOH;0;20260414;134712;5451.5;33
LKOH;0;20260414;134713;5452.0;3
LKOH;0;20260414;134713;5452.0;57
LKOH;0;20260414;134713;5452.0;7
LKOH;0;20260414;134713;5452.0;12
LKOH;0;20260414;134713;5452.0;21
LKOH;0;20260414;134713;5452.0;13
LKOH;0;20260414;134713;5452.5;17
LKOH;0;20260414;134713;5452.5;1
LKOH;0;20260414;134713;5452.5;12
LKOH;0;20260414;134713;5453.0;4
LKOH;0;20260414;134713;5453.0;8
LKOH;0;20260414;134713;5452.0;33
LKOH;0;20260414;134713;5453.0;22
LKOH;0;20260414;134713;5453.0;33
LKOH;0;20260414;134713;5453.0;3
LKOH;0;20260414;134713;5453.5;3
LKOH;0;20260414;134713;5454.0;15
LKOH;0;20260414;134714;5453.0;10
LKOH;0;20260414;134714;5453.0;2
LKOH;0;20260414;134714;5453.0;1
LKOH;0;20260414;134715;5453.5;18
LKOH;0;20260414;134715;5453.5;5
LKOH;0;20260414;134715;5453.5;25
LKOH;0;20260414;134715;5454.0;1
LKOH;0;20260414;134715;5454.0;4
LKOH;0;20260414;134715;5454.5;1
LKOH;0;20260414;134715;5454.5;32
LKOH;0;20260414;134715;5454.5;1
LKOH;0;20260414;134715;5454.5;33
LKOH;0;20260414;134715;5454.5;3
LKOH;0;20260414;134715;5455.0;7
LKOH;0;20260414;134715;5454.5;1
LKOH;0;20260414;134716;5454.0;1
LKOH;0;20260414;134716;5454.0;2
LKOH;0;20260414;134717;5454.0;4
LKOH;0;20260414;134717;5454.0;5
LKOH;0;20260414;134717;5454.5;50
LKOH;0;20260414;134717;5454.5;11
LKOH;0;20260414;134717;5454.5;19
LKOH;0;20260414;134717;5454.5;1
LKOH;0;20260414;134718;5454.5;1
LKOH;0;20260414;134718;5454.0;4
LKOH;0;20260414;134718;5454.0;5
LKOH;0;20260414;134718;5454.5;23
LKOH;0;20260414;134718;5454.5;23
LKOH;0;20260414;134719;5454.0;1
LKOH;0;20260414;134719;5454.0;2
LKOH;0;20260414;134719;5454.5;3
LKOH;0;20260414;134719;5454.5;27
LKOH;0;20260414;134719;5454.0;9
LKOH;0;20260414;134720;5454.0;9
LKOH;0;20260414;134720;5454.0;28
LKOH;0;20260414;134720;5454.0;1
LKOH;0;20260414;134720;5454.0;1
LKOH;0;20260414;134721;5454.0;9
LKOH;0;20260414;134721;5454.0;9
LKOH;0;20260414;134721;5454.0;20
LKOH;0;20260414;134721;5454.0;4
LKOH;0;20260414;134721;5454.0;4
LKOH;0;20260414;134722;5454.0;2
LKOH;0;20260414;134722;5454.0;2
LKOH;0;20260414;134722;5454.0;33
LKOH;0;20260414;134722;5454.0;67
LKOH;0;20260414;134722;5454.0;8
LKOH;0;20260414;134722;5454.0;10
LKOH;0;20260414;134722;5454.0;10
LKOH;0;20260414;134722;5454.0;6
LKOH;0;20260414;134722;5454.0;40
LKOH;0;20260414;134722;5454.0;20
LKOH;0;20260414;134722;5453.5;33
LKOH;0;20260414;134722;5453.0;14
LKOH;0;20260414;134722;5453.0;2
LKOH;0;20260414;134723;5453.0;2
LKOH;0;20260414;134723;5453.0;2
LKOH;0;20260414;134724;5453.5;26
LKOH;0;20260414;134724;5453.5;10
LKOH;0;20260414;134724;5453.0;11
LKOH;0;20260414;134724;5453.0;12
LKOH;0;20260414;134724;5453.0;3
LKOH;0;20260414;134724;5453.0;4
LKOH;0;20260414;134724;5453.0;8
LKOH;0;20260414;134725;5450.0;1
LKOH;0;20260414;134725;5450.0;2
LKOH;0;20260414;134725;5450.5;5
LKOH;0;20260414;134726;5450.0;1
LKOH;0;20260414;134726;5449.0;2
LKOH;0;20260414;134727;5449.5;7
LKOH;0;20260414;134727;5449.0;2
LKOH;0;20260414;134728;5449.0;1
LKOH;0;20260414;134728;5449.0;1
LKOH;0;20260414;134728;5449.5;20
LKOH;0;20260414;134728;5450.5;6
LKOH;0;20260414;134728;5450.5;15
LKOH;0;20260414;134729;5450.5;1
LKOH;0;20260414;134729;5450.5;1
LKOH;0;20260414;134730;5450.5;1
LKOH;0;20260414;134730;5450.5;1
LKOH;0;20260414;134730;5450.0;1
LKOH;0;20260414;134731;5449.0;5
LKOH;0;20260414;134731;5449.0;8
LKOH;0;20260414;134731;5449.0;5
LKOH;0;20260414;134731;5449.5;1
LKOH;0;20260414;134732;5449.5;1
LKOH;0;20260414;134732;5450.0;1
LKOH;0;20260414;134734;5450.0;1
LKOH;0;20260414;134734;5450.0;8
LKOH;0;20260414;134734;5450.0;11
LKOH;0;20260414;134735;5449.0;1
LKOH;0;20260414;134735;5449.0;1
LKOH;0;20260414;134737;5449.5;2
LKOH;0;20260414;134737;5449.5;2
LKOH;0;20260414;134738;5450.5;7
LKOH;0;20260414;134738;5450.5;1
LKOH;0;20260414;134738;5450.5;1
LKOH;0;20260414;134738;5450.5;16
LKOH;0;20260414;134738;5450.5;25
LKOH;0;20260414;134738;5450.5;2
LKOH;0;20260414;134739;5450.5;1
LKOH;0;20260414;134740;5450.5;1
LKOH;0;20260414;134740;5450.5;2
LKOH;0;20260414;134745;5450.5;1
LKOH;0;20260414;134745;5451.0;7
LKOH;0;20260414;134745;5451.0;2
LKOH;0;20260414;134748;5451.5;1
LKOH;0;20260414;134751;5452.0;40
LKOH;0;20260414;134752;5451.5;3
LKOH;0;20260414;134752;5451.5;3
LKOH;0;20260414;134752;5451.5;3
LKOH;0;20260414;134753;5451.5;5
LKOH;0;20260414;134755;5451.5;1
LKOH;0;20260414;134756;5451.5;1
LKOH;0;20260414;134756;5451.5;5
LKOH;0;20260414;134756;5451.5;55
LKOH;0;20260414;134757;5451.5;2
LKOH;0;20260414;134757;5451.5;1
LKOH;0;20260414;134757;5451.5;4
LKOH;0;20260414;134757;5452.0;1
LKOH;0;20260414;134759;5451.5;2
LKOH;0;20260414;134800;5452.0;1
LKOH;0;20260414;134801;5451.5;1
LKOH;0;20260414;134804;5452.0;1
LKOH;0;20260414;134806;5451.5;10
LKOH;0;20260414;134807;5451.5;1
LKOH;0;20260414;134807;5451.5;1
LKOH;0;20260414;134807;5452.0;28
LKOH;0;20260414;134807;5452.0;11
LKOH;0;20260414;134807;5452.0;17
LKOH;0;20260414;134807;5452.0;3
LKOH;0;20260414;134807;5452.0;22
LKOH;0;20260414;134807;5452.0;28
LKOH;0;20260414;134808;5452.0;28
LKOH;0;20260414;134808;5452.0;2
LKOH;0;20260414;134808;5452.0;23
LKOH;0;20260414;134808;5451.5;1
LKOH;0;20260414;134808;5451.5;2
LKOH;0;20260414;134809;5452.0;25
LKOH;0;20260414;134809;5452.0;8
LKOH;0;20260414;134809;5452.0;7
LKOH;0;20260414;134810;5452.5;1
LKOH;0;20260414;134810;5452.5;1
LKOH;0;20260414;134810;5453.0;1
LKOH;0;20260414;134810;5453.0;74
LKOH;0;20260414;134810;5453.0;25
LKOH;0;20260414;134810;5453.0;1
LKOH;0;20260414;134810;5453.5;15
LKOH;0;20260414;134810;5453.5;33
LKOH;0;20260414;134810;5453.5;85
LKOH;0;20260414;134810;5454.0;50
LKOH;0;20260414;134810;5454.0;1
LKOH;0;20260414;134810;5454.0;25
LKOH;0;20260414;134811;5454.0;25
LKOH;0;20260414;134811;5454.0;10
LKOH;0;20260414;134811;5454.0;5
LKOH;0;20260414;134811;5454.0;1
LKOH;0;20260414;134811;5454.0;50
LKOH;0;20260414;134811;5454.5;36
LKOH;0;20260414;134811;5454.5;121
LKOH;0;20260414;134811;5454.5;300
LKOH;0;20260414;134811;5454.0;30
LKOH;0;20260414;134811;5454.0;1
LKOH;0;20260414;134811;5454.0;5
LKOH;0;20260414;134811;5454.0;8
LKOH;0;20260414;134811;5454.0;1
LKOH;0;20260414;134811;5453.5;3
LKOH;0;20260414;134811;5454.5;76
LKOH;0;20260414;134811;5454.0;1
LKOH;0;20260414;134811;5453.5;4
LKOH;0;20260414;134811;5454.5;9
LKOH;0;20260414;134811;5454.5;76
LKOH;0;20260414;134811;5454.5;76
LKOH;0;20260414;134811;5454.0;4
LKOH;0;20260414;134811;5454.0;5
LKOH;0;20260414;134812;5454.5;76
LKOH;0;20260414;134812;5454.5;76
LKOH;0;20260414;134812;5454.5;76
LKOH;0;20260414;134812;5454.0;2
LKOH;0;20260414;134812;5454.0;8
LKOH;0;20260414;134812;5454.0;5
LKOH;0;20260414;134812;5454.0;18
LKOH;0;20260414;134812;5454.0;26
LKOH;0;20260414;134812;5454.0;38
LKOH;0;20260414;134812;5454.0;21
LKOH;0;20260414;134813;5454.0;7
LKOH;0;20260414;134813;5454.0;2
LKOH;0;20260414;134813;5454.0;5
LKOH;0;20260414;134814;5454.0;6
LKOH;0;20260414;134814;5454.0;6
LKOH;0;20260414;134815;5454.0;1
LKOH;0;20260414;134819;5454.5;10
LKOH;0;20260414;134819;5454.5;27
LKOH;0;20260414;134820;5454.0;1
LKOH;0;20260414;134820;5454.0;1
LKOH;0;20260414;134821;5454.0;1
LKOH;0;20260414;134821;5454.0;2
LKOH;0;20260414;134821;5454.0;1
LKOH;0;20260414;134822;5454.5;9
LKOH;0;20260414;134822;5454.0;2
LKOH;0;20260414;134824;5454.5;1
LKOH;0;20260414;134827;5454.0;1
LKOH;0;20260414;134828;5454.0;1
LKOH;0;20260414;134828;5454.0;1
LKOH;0;20260414;134828;5454.0;19
LKOH;0;20260414;134828;5454.0;8
LKOH;0;20260414;134828;5452.0;8
LKOH;0;20260414;134829;5451.0;1
LKOH;0;20260414;134829;5451.0;2
LKOH;0;20260414;134829;5451.5;1
LKOH;0;20260414;134832;5453.5;7
LKOH;0;20260414;134833;5454.0;1
LKOH;0;20260414;134834;5454.0;45
LKOH;0;20260414;134834;5454.0;17
LKOH;0;20260414;134834;5454.0;12
LKOH;0;20260414;134835;5454.5;5
LKOH;0;20260414;134835;5454.5;5
LKOH;0;20260414;134835;5454.0;5
LKOH;0;20260414;134835;5454.0;5
LKOH;0;20260414;134835;5454.5;21
LKOH;0;20260414;134835;5454.5;10
LKOH;0;20260414;134835;5454.5;2
LKOH;0;20260414;134835;5454.5;2
LKOH;0;20260414;134835;5455.0;3
LKOH;0;20260414;134835;5455.0;26
LKOH;0;20260414;134835;5455.0;2
LKOH;0;20260414;134835;5455.0;2
LKOH;0;20260414;134836;5455.0;20
LKOH;0;20260414;134836;5455.0;2
LKOH;0;20260414;134836;5455.0;1
LKOH;0;20260414;134836;5455.0;30
LKOH;0;20260414;134836;5455.0;10
LKOH;0;20260414;134836;5455.0;1
LKOH;0;20260414;134836;5455.0;5
LKOH;0;20260414;134836;5455.0;7
LKOH;0;20260414;134836;5455.0;3
LKOH;0;20260414;134836;5455.0;2
LKOH;0;20260414;134836;5455.0;1
LKOH;0;20260414;134836;5455.0;1
LKOH;0;20260414;134836;5455.0;1
LKOH;0;20260414;134836;5455.0;2
LKOH;0;20260414;134836;5455.5;6
LKOH;0;20260414;134836;5455.5;70
LKOH;0;20260414;134836;5455.5;78
LKOH;0;20260414;134836;5455.5;2
LKOH;0;20260414;134836;5455.5;10
LKOH;0;20260414;134836;5455.5;4
LKOH;0;20260414;134837;5455.5;11
LKOH;0;20260414;134837;5455.5;2
LKOH;0;20260414;134837;5455.5;13
LKOH;0;20260414;134838;5455.5;1
LKOH;0;20260414;134838;5455.5;1
LKOH;0;20260414;134839;5456.0;1
LKOH;0;20260414;134842;5456.0;5
LKOH;0;20260414;134842;5456.0;2
LKOH;0;20260414;134842;5456.0;12
LKOH;0;20260414;134843;5455.5;1
LKOH;0;20260414;134843;5455.5;1
LKOH;0;20260414;134844;5456.0;21
LKOH;0;20260414;134844;5456.0;1
LKOH;0;20260414;134844;5456.0;33
LKOH;0;20260414;134844;5456.0;10
LKOH;0;20260414;134845;5456.0;5
LKOH;0;20260414;134845;5456.0;1
LKOH;0;20260414;134845;5456.0;2
LKOH;0;20260414;134846;5456.0;2
LKOH;0;20260414;134846;5456.0;3
LKOH;0;20260414;134846;5456.5;10
LKOH;0;20260414;134846;5456.5;3
LKOH;0;20260414;134846;5456.5;7
LKOH;0;20260414;134846;5456.5;58
LKOH;0;20260414;134846;5456.5;22
LKOH;0;20260414;134847;5456.0;5
LKOH;0;20260414;134847;5456.0;6
LKOH;0;20260414;134847;5456.0;1
LKOH;0;20260414;134848;5456.5;7
LKOH;0;20260414;134852;5456.0;3
LKOH;0;20260414;134854;5456.0;1
LKOH;0;20260414;134854;5456.0;7
LKOH;0;20260414;134855;5456.0;1
LKOH;0;20260414;134855;5456.0;1
LKOH;0;20260414;134856;5456.0;1
LKOH;0;20260414;134856;5456.0;4
LKOH;0;20260414;134857;5456.0;33
LKOH;0;20260414;134858;5456.0;2
LKOH;0;20260414;134858;5456.0;2
LKOH;0;20260414;134858;5456.0;1
LKOH;0;20260414;134859;5456.0;27
LKOH;0;20260414;134859;5456.0;27
LKOH;0;20260414;134859;5456.0;1
LKOH;0;20260414;134859;5456.0;1
LKOH;0;20260414;134859;5456.0;9
LKOH;0;20260414;134859;5456.0;9
LKOH;0;20260414;134859;5456.0;13
LKOH;0;20260414;134859;5456.0;13
LKOH;0;20260414;134859;5456.0;15
LKOH;0;20260414;134900;5456.0;15
LKOH;0;20260414;134900;5456.0;1
LKOH;0;20260414;134900;5456.0;2
LKOH;0;20260414;134900;5456.0;27
LKOH;0;20260414;134900;5456.0;27
LKOH;0;20260414;134901;5456.0;6
LKOH;0;20260414;134901;5456.0;6
LKOH;0;20260414;134901;5456.0;11
LKOH;0;20260414;134901;5456.0;28
LKOH;0;20260414;134901;5456.0;3
LKOH;0;20260414;134901;5455.5;17
LKOH;0;20260414;134902;5455.5;3
LKOH;0;20260414;134902;5455.5;2
LKOH;0;20260414;134902;5455.5;3
LKOH;0;20260414;134902;5455.5;4
LKOH;0;20260414;134906;5456.0;1
LKOH;0;20260414;134907;5456.0;1
LKOH;0;20260414;134910;5456.0;46
LKOH;0;20260414;134910;5456.0;10
LKOH;0;20260414;134910;5456.0;18
LKOH;0;20260414;134910;5456.0;11
LKOH;0;20260414;134910;5456.0;7
LKOH;0;20260414;134911;5455.5;3
LKOH;0;20260414;134911;5455.5;3
LKOH;0;20260414;134911;5455.5;2
LKOH;0;20260414;134911;5455.5;3
LKOH;0;20260414;134913;5455.5;1
LKOH;0;20260414;134914;5455.5;8
LKOH;0;20260414;134914;5455.5;14
LKOH;0;20260414;134915;5455.5;1
LKOH;0;20260414;134915;5455.5;1
LKOH;0;20260414;134919;5455.5;10
LKOH;0;20260414;134919;5455.5;14
LKOH;0;20260414;134919;5456.0;20
LKOH;0;20260414;134919;5455.5;6
LKOH;0;20260414;134920;5455.5;1
LKOH;0;20260414;134920;5455.5;1
LKOH;0;20260414;134920;5456.0;35
LKOH;0;20260414;134920;5456.0;3
LKOH;0;20260414;134920;5456.0;30
LKOH;0;20260414;134920;5456.0;2
LKOH;0;20260414;134921;5455.5;2
LKOH;0;20260414;134921;5455.5;2
LKOH;0;20260414;134922;5455.5;3
LKOH;0;20260414;134922;5455.5;4
LKOH;0;20260414;134922;5455.5;2
LKOH;0;20260414;134924;5455.5;1
LKOH;0;20260414;134924;5454.5;5
LKOH;0;20260414;134924;5454.5;10
LKOH;0;20260414;134925;5454.5;1
LKOH;0;20260414;134925;5454.5;2
LKOH;0;20260414;134926;5454.5;2
LKOH;0;20260414;134927;5454.5;13
LKOH;0;20260414;134929;5454.5;8
LKOH;0;20260414;134930;5452.5;1
LKOH;0;20260414;134930;5452.5;1
LKOH;0;20260414;134931;5452.5;8
LKOH;0;20260414;134931;5452.0;1
LKOH;0;20260414;134931;5452.0;12
LKOH;0;20260414;134931;5452.0;7
LKOH;0;20260414;134931;5452.0;4
LKOH;0;20260414;134931;5451.5;1
LKOH;0;20260414;134931;5451.5;76
LKOH;0;20260414;134931;5451.5;1
LKOH;0;20260414;134931;5451.0;1
LKOH;0;20260414;134931;5451.0;222
LKOH;0;20260414;134931;5451.0;50
LKOH;0;20260414;134931;5451.0;1
LKOH;0;20260414;134931;5450.5;1
LKOH;0;20260414;134931;5450.5;30
LKOH;0;20260414;134931;5450.5;55
LKOH;0;20260414;134931;5450.5;8
LKOH;0;20260414;134931;5450.5;8
LKOH;0;20260414;134931;5450.5;10
LKOH;0;20260414;134931;5450.5;8
LKOH;0;20260414;134931;5450.5;19
LKOH;0;20260414;134932;5451.0;1
LKOH;0;20260414;134935;5451.5;2
LKOH;0;20260414;134935;5452.0;2
LKOH;0;20260414;134940;5451.5;8
LKOH;0;20260414;134940;5451.5;42
LKOH;0;20260414;134941;5451.5;3
LKOH;0;20260414;134941;5451.5;3
LKOH;0;20260414;134942;5451.5;204
LKOH;0;20260414;134942;5451.5;8
LKOH;0;20260414;134942;5451.0;1
LKOH;0;20260414;134942;5451.0;1
LKOH;0;20260414;134942;5451.0;1
LKOH;0;20260414;134942;5451.0;12
LKOH;0;20260414;134942;5450.5;23
LKOH;0;20260414;134942;5451.5;15
LKOH;0;20260414;134943;5452.0;1
LKOH;0;20260414;134943;5451.5;13
LKOH;0;20260414;134943;5451.5;14
LKOH;0;20260414;134944;5451.5;1
LKOH;0;20260414;134944;5451.5;1
LKOH;0;20260414;134944;5451.5;7
LKOH;0;20260414;134945;5451.5;20
LKOH;0;20260414;134945;5451.5;7
LKOH;0;20260414;134946;5451.5;1
LKOH;0;20260414;134946;5451.5;2
LKOH;0;20260414;134947;5452.0;4
LKOH;0;20260414;134947;5452.0;1
LKOH;0;20260414;134948;5451.5;1
LKOH;0;20260414;134948;5451.5;1
LKOH;0;20260414;134952;5451.5;3
LKOH;0;20260414;134953;5451.5;8
LKOH;0;20260414;134953;5451.5;8
LKOH;0;20260414;134953;5451.5;4
LKOH;0;20260414;134953;5451.5;1
LKOH;0;20260414;134954;5451.5;3
LKOH;0;20260414;134954;5451.5;1
LKOH;0;20260414;134956;5451.5;5
LKOH;0;20260414;134958;5452.0;1
LKOH;0;20260414;134959;5451.5;1
LKOH;0;20260414;135000;5451.5;3
LKOH;0;20260414;135000;5452.0;27
LKOH;0;20260414;135001;5452.0;28
LKOH;0;20260414;135001;5452.0;6
LKOH;0;20260414;135001;5452.0;10
LKOH;0;20260414;135001;5452.0;12
LKOH;0;20260414;135001;5452.0;9
LKOH;0;20260414;135001;5452.0;27
LKOH;0;20260414;135001;5451.5;1
LKOH;0;20260414;135001;5451.5;1
LKOH;0;20260414;135002;5451.5;2
LKOH;0;20260414;135002;5451.5;3
LKOH;0;20260414;135002;5451.5;5
LKOH;0;20260414;135002;5452.0;25
LKOH;0;20260414;135002;5452.0;22
LKOH;0;20260414;135002;5452.0;1
LKOH;0;20260414;135003;5452.0;1
LKOH;0;20260414;135003;5452.5;12
LKOH;0;20260414;135004;5452.5;3
LKOH;0;20260414;135004;5452.5;3
LKOH;0;20260414;135004;5453.0;10
LKOH;0;20260414;135004;5453.5;10
LKOH;0;20260414;135004;5454.0;2
LKOH;0;20260414;135004;5454.0;1
LKOH;0;20260414;135005;5454.0;2
LKOH;0;20260414;135005;5453.5;2
LKOH;0;20260414;135005;5453.5;2
LKOH;0;20260414;135005;5454.0;5
LKOH;0;20260414;135011;5454.0;1
LKOH;0;20260414;135011;5453.5;1
LKOH;0;20260414;135012;5454.0;1
LKOH;0;20260414;135012;5454.0;3
LKOH;0;20260414;135012;5454.0;1
LKOH;0;20260414;135014;5454.0;16
LKOH;0;20260414;135014;5454.5;10
LKOH;0;20260414;135014;5454.5;1
LKOH;0;20260414;135014;5454.5;16
LKOH;0;20260414;135014;5454.5;13
LKOH;0;20260414;135014;5454.5;4
LKOH;0;20260414;135014;5455.0;10
LKOH;0;20260414;135014;5455.0;50
LKOH;0;20260414;135014;5455.0;12
LKOH;0;20260414;135014;5454.5;8
LKOH;0;20260414;135014;5454.5;17
LKOH;0;20260414;135014;5454.5;8
LKOH;0;20260414;135014;5455.0;5
LKOH;0;20260414;135014;5455.0;8
LKOH;0;20260414;135014;5455.0;5
LKOH;0;20260414;135014;5455.0;28
LKOH;0;20260414;135014;5455.5;1
LKOH;0;20260414;135015;5456.0;1
LKOH;0;20260414;135015;5456.0;15
LKOH;0;20260414;135015;5456.0;1
LKOH;0;20260414;135015;5456.0;32
LKOH;0;20260414;135015;5455.5;12
LKOH;0;20260414;135015;5455.5;1
LKOH;0;20260414;135015;5455.5;8
LKOH;0;20260414;135015;5455.0;2
LKOH;0;20260414;135015;5455.0;7
LKOH;0;20260414;135015;5455.5;1
LKOH;0;20260414;135015;5455.5;2
LKOH;0;20260414;135016;5455.5;8
LKOH;0;20260414;135016;5455.0;2
LKOH;0;20260414;135016;5455.0;14
LKOH;0;20260414;135016;5455.0;2
LKOH;0;20260414;135016;5455.0;5
LKOH;0;20260414;135017;5456.0;50
LKOH;0;20260414;135018;5455.5;2
LKOH;0;20260414;135018;5455.5;1
LKOH;0;20260414;135018;5455.5;2
LKOH;0;20260414;135018;5456.0;1
LKOH;0;20260414;135022;5455.5;2
LKOH;0;20260414;135026;5455.5;1
LKOH;0;20260414;135030;5455.5;1
LKOH;0;20260414;135031;5456.0;1
LKOH;0;20260414;135046;5456.0;1
LKOH;0;20260414;135051;5456.0;1
LKOH;0;20260414;135052;5455.5;3
LKOH;0;20260414;135053;5455.5;1
LKOH;0;20260414;135053;5455.5;1
LKOH;0;20260414;135054;5455.5;1
LKOH;0;20260414;135056;5455.5;5
LKOH;0;20260414;135056;5456.0;14
LKOH;0;20260414;135056;5456.0;10
LKOH;0;20260414;135056;5456.0;52
LKOH;0;20260414;135056;5456.0;76
LKOH;0;20260414;135056;5456.0;22
LKOH;0;20260414;135056;5456.0;18
LKOH;0;20260414;135056;5456.0;14
LKOH;0;20260414;135056;5456.0;22
LKOH;0;20260414;135057;5455.5;4
LKOH;0;20260414;135057;5455.5;5
LKOH;0;20260414;135058;5455.5;8
LKOH;0;20260414;135058;5455.5;8
LKOH;0;20260414;135107;5456.0;5
LKOH;0;20260414;135108;5455.5;7
LKOH;0;20260414;135109;5455.5;1
LKOH;0;20260414;135109;5455.5;1
LKOH;0;20260414;135109;5456.0;50
LKOH;0;20260414;135109;5456.0;349
LKOH;0;20260414;135110;5456.0;1
LKOH;0;20260414;135110;5455.5;2
LKOH;0;20260414;135110;5455.5;3
LKOH;0;20260414;135111;5455.5;19
LKOH;0;20260414;135111;5455.5;20
LKOH;0;20260414;135111;5455.5;1
LKOH;0;20260414;135116;5455.5;1
LKOH;0;20260414;135122;5455.5;2
LKOH;0;20260414;135124;5455.5;2
LKOH;0;20260414;135134;5456.0;1
LKOH;0;20260414;135137;5455.5;1
LKOH;0;20260414;135142;5456.0;18
LKOH;0;20260414;135143;5455.5;1
LKOH;0;20260414;135143;5455.5;2
LKOH;0;20260414;135143;5455.5;4
LKOH;0;20260414;135144;5455.5;3
LKOH;0;20260414;135144;5456.0;54
LKOH;0;20260414;135144;5456.0;300
LKOH;0;20260414;135144;5456.0;10
LKOH;0;20260414;135144;5456.0;34
LKOH;0;20260414;135144;5456.0;18
LKOH;0;20260414;135144;5456.0;14
LKOH;0;20260414;135144;5456.0;33
LKOH;0;20260414;135144;5456.0;25
LKOH;0;20260414;135144;5456.0;1
LKOH;0;20260414;135144;5456.0;13
LKOH;0;20260414;135144;5456.0;14
LKOH;0;20260414;135144;5456.0;1
LKOH;0;20260414;135144;5456.0;1
LKOH;0;20260414;135144;5456.0;15
LKOH;0;20260414;135144;5456.0;64
LKOH;0;20260414;135144;5456.0;30
LKOH;0;20260414;135144;5456.5;1
LKOH;0;20260414;135144;5456.5;5
LKOH;0;20260414;135144;5456.5;1
LKOH;0;20260414;135144;5456.5;2
LKOH;0;20260414;135144;5456.5;1
LKOH;0;20260414;135144;5456.5;18
LKOH;0;20260414;135144;5456.5;30
LKOH;0;20260414;135144;5456.5;1
LKOH;0;20260414;135144;5456.5;3
LKOH;0;20260414;135144;5456.5;1
LKOH;0;20260414;135144;5457.0;10
LKOH;0;20260414;135144;5457.0;1
LKOH;0;20260414;135144;5457.0;30
LKOH;0;20260414;135144;5457.0;50
LKOH;0;20260414;135144;5457.0;20
LKOH;0;20260414;135144;5457.0;18
LKOH;0;20260414;135144;5457.0;1
LKOH;0;20260414;135144;5457.0;1
LKOH;0;20260414;135144;5457.0;20
LKOH;0;20260414;135144;5457.0;1
LKOH;0;20260414;135144;5457.5;2
LKOH;0;20260414;135144;5457.5;20
LKOH;0;20260414;135144;5457.5;1
LKOH;0;20260414;135144;5457.5;30
LKOH;0;20260414;135144;5457.5;60
LKOH;0;20260414;135144;5457.5;20
LKOH;0;20260414;135144;5458.0;5
LKOH;0;20260414;135144;5458.0;10
LKOH;0;20260414;135144;5458.0;10
LKOH;0;20260414;135144;5457.0;9
LKOH;0;20260414;135144;5457.0;1
LKOH;0;20260414;135144;5457.0;1
LKOH;0;20260414;135145;5457.5;40
LKOH;0;20260414;135145;5457.5;33
LKOH;0;20260414;135145;5457.5;35
LKOH;0;20260414;135145;5457.5;21
LKOH;0;20260414;135145;5457.5;15
LKOH;0;20260414;135145;5457.5;10
LKOH;0;20260414;135145;5457.5;3
LKOH;0;20260414;135145;5457.5;30
LKOH;0;20260414;135145;5457.5;42
LKOH;0;20260414;135145;5457.5;14
LKOH;0;20260414;135145;5458.0;10
LKOH;0;20260414;135146;5457.5;2
LKOH;0;20260414;135146;5457.5;3
LKOH;0;20260414;135146;5457.5;6
LKOH;0;20260414;135146;5457.5;6
LKOH;0;20260414;135152;5457.5;3
LKOH;0;20260414;135154;5458.0;13
LKOH;0;20260414;135154;5458.0;15
LKOH;0;20260414;135155;5457.5;1
LKOH;0;20260414;135155;5457.5;2
LKOH;0;20260414;135156;5457.5;4
LKOH;0;20260414;135156;5457.5;1
LKOH;0;20260414;135157;5457.5;1
LKOH;0;20260414;135158;5457.5;2
LKOH;0;20260414;135159;5457.5;1
LKOH;0;20260414;135204;5458.0;62
LKOH;0;20260414;135204;5458.0;14
LKOH;0;20260414;135205;5457.5;5
LKOH;0;20260414;135205;5457.5;5
LKOH;0;20260414;135208;5457.5;28
LKOH;0;20260414;135209;5457.5;1
LKOH;0;20260414;135209;5457.5;1
LKOH;0;20260414;135209;5457.5;1
LKOH;0;20260414;135211;5457.5;1
LKOH;0;20260414;135211;5457.5;9
LKOH;0;20260414;135216;5457.5;6
LKOH;0;20260414;135217;5457.5;1
LKOH;0;20260414;135217;5457.5;1
LKOH;0;20260414;135220;5457.5;1
LKOH;0;20260414;135222;5457.5;2
LKOH;0;20260414;135226;5457.5;1
LKOH;0;20260414;135229;5457.5;4
LKOH;0;20260414;135229;5458.0;3
LKOH;0;20260414;135233;5457.5;12
LKOH;0;20260414;135234;5457.5;1
LKOH;0;20260414;135234;5457.5;1
LKOH;0;20260414;135235;5457.5;1
LKOH;0;20260414;135235;5457.5;2
LKOH;0;20260414;135236;5457.5;8
LKOH;0;20260414;135236;5457.5;14
LKOH;0;20260414;135237;5457.5;1
LKOH;0;20260414;135237;5457.5;1
LKOH;0;20260414;135238;5458.0;1
LKOH;0;20260414;135241;5457.5;2
LKOH;0;20260414;135247;5457.5;1
LKOH;0;20260414;135248;5457.5;1
LKOH;0;20260414;135248;5457.5;1
LKOH;0;20260414;135249;5457.5;30
LKOH;0;20260414;135249;5458.0;31
LKOH;0;20260414;135249;5458.0;1
LKOH;0;20260414;135249;5458.0;38
LKOH;0;20260414;135249;5457.5;6
LKOH;0;20260414;135249;5457.5;1
LKOH;0;20260414;135249;5457.5;2
LKOH;0;20260414;135250;5457.5;3
LKOH;0;20260414;135250;5457.5;4
LKOH;0;20260414;135252;5457.5;8
LKOH;0;20260414;135252;5457.5;30
LKOH;0;20260414;135252;5457.5;3
LKOH;0;20260414;135253;5457.5;1
LKOH;0;20260414;135253;5457.5;1
LKOH;0;20260414;135254;5457.5;2
LKOH;0;20260414;135254;5457.5;2
LKOH;0;20260414;135255;5458.0;1
LKOH;0;20260414;135255;5457.5;37
LKOH;0;20260414;135256;5457.5;2
LKOH;0;20260414;135256;5457.5;2
LKOH;0;20260414;135256;5458.0;5
LKOH;0;20260414;135256;5457.5;5
LKOH;0;20260414;135258;5457.5;1
LKOH;0;20260414;135301;5458.0;1
LKOH;0;20260414;135303;5457.5;12
LKOH;0;20260414;135303;5457.5;2
LKOH;0;20260414;135304;5457.5;1
LKOH;0;20260414;135304;5457.5;2
LKOH;0;20260414;135304;5458.0;1
LKOH;0;20260414;135305;5457.5;1
LKOH;0;20260414;135306;5457.5;35
LKOH;0;20260414;135307;5457.5;30
LKOH;0;20260414;135307;5457.5;2
LKOH;0;20260414;135307;5457.5;2
LKOH;0;20260414;135307;5457.5;10
LKOH;0;20260414;135307;5457.5;7
LKOH;0;20260414;135307;5457.5;1
LKOH;0;20260414;135308;5457.5;1
LKOH;0;20260414;135308;5457.5;2
LKOH;0;20260414;135309;5457.5;1
LKOH;0;20260414;135309;5457.5;1
LKOH;0;20260414;135319;5457.5;1
LKOH;0;20260414;135320;5457.5;25
LKOH;0;20260414;135320;5457.5;1
LKOH;0;20260414;135321;5457.5;52
LKOH;0;20260414;135321;5457.5;3
LKOH;0;20260414;135321;5457.5;1
LKOH;0;20260414;135321;5457.5;2
LKOH;0;20260414;135322;5457.5;3
LKOH;0;20260414;135322;5457.5;3
LKOH;0;20260414;135322;5457.5;1
LKOH;0;20260414;135323;5457.5;2
LKOH;0;20260414;135326;5457.5;1
LKOH;0;20260414;135327;5457.5;2
LKOH;0;20260414;135331;5457.5;7
LKOH;0;20260414;135331;5457.5;1
LKOH;0;20260414;135331;5457.5;1
LKOH;0;20260414;135332;5458.0;4
LKOH;0;20260414;135332;5458.0;1
LKOH;0;20260414;135332;5458.0;2
LKOH;0;20260414;135332;5458.0;2
LKOH;0;20260414;135332;5458.0;40
LKOH;0;20260414;135332;5458.0;1
LKOH;0;20260414;135332;5458.0;11
LKOH;0;20260414;135332;5458.0;7
LKOH;0;20260414;135332;5458.0;26
LKOH;0;20260414;135332;5458.0;13
LKOH;0;20260414;135332;5458.0;30
LKOH;0;20260414;135333;5457.5;3
LKOH;0;20260414;135333;5457.5;4
LKOH;0;20260414;135334;5457.5;3
LKOH;0;20260414;135334;5457.5;4
LKOH;0;20260414;135334;5457.5;1
LKOH;0;20260414;135336;5457.5;1
LKOH;0;20260414;135339;5457.5;50
LKOH;0;20260414;135340;5458.0;1
LKOH;0;20260414;135340;5457.5;3
LKOH;0;20260414;135340;5457.5;4
LKOH;0;20260414;135342;5458.0;1
LKOH;0;20260414;135345;5458.0;1
LKOH;0;20260414;135345;5458.0;61
LKOH;0;20260414;135346;5457.5;3
LKOH;0;20260414;135346;5457.5;4
LKOH;0;20260414;135347;5458.0;1
LKOH;0;20260414;135348;5457.5;49
LKOH;0;20260414;135349;5457.5;3
LKOH;0;20260414;135349;5457.5;3
LKOH;0;20260414;135350;5457.5;100
LKOH;0;20260414;135350;5458.0;1
LKOH;0;20260414;135350;5457.5;8
LKOH;0;20260414;135350;5457.5;20
LKOH;0;20260414;135351;5457.5;5
LKOH;0;20260414;135351;5457.5;6
LKOH;0;20260414;135352;5457.5;1
LKOH;0;20260414;135352;5457.5;1
LKOH;0;20260414;135353;5457.5;3
LKOH;0;20260414;135353;5458.0;2
LKOH;0;20260414;135354;5457.5;1
LKOH;0;20260414;135354;5457.5;1
LKOH;0;20260414;135355;5458.0;76
LKOH;0;20260414;135355;5458.0;76
LKOH;0;20260414;135356;5457.5;4
LKOH;0;20260414;135356;5457.5;1
LKOH;0;20260414;135356;5457.5;3
LKOH;0;20260414;135356;5457.5;6
LKOH;0;20260414;135357;5457.5;4
LKOH;0;20260414;135357;5457.5;4
LKOH;0;20260414;135357;5458.0;9
LKOH;0;20260414;135358;5457.5;1
LKOH;0;20260414;135358;5457.5;1
LKOH;0;20260414;135401;5457.5;20
LKOH;0;20260414;135402;5457.5;1
LKOH;0;20260414;135402;5457.5;1
LKOH;0;20260414;135403;5457.5;1
LKOH;0;20260414;135403;5458.0;1
LKOH;0;20260414;135405;5457.5;200
LKOH;0;20260414;135405;5457.5;13
LKOH;0;20260414;135405;5457.5;8
LKOH;0;20260414;135405;5457.5;29
LKOH;0;20260414;135405;5457.5;30
LKOH;0;20260414;135405;5457.5;18
LKOH;0;20260414;135405;5457.5;50
LKOH;0;20260414;135405;5457.5;50
LKOH;0;20260414;135405;5457.5;50
LKOH;0;20260414;135405;5457.5;50
LKOH;0;20260414;135405;5457.5;1
LKOH;0;20260414;135405;5457.5;3
LKOH;0;20260414;135406;5457.5;1
LKOH;0;20260414;135406;5457.5;7
LKOH;0;20260414;135406;5457.5;8
LKOH;0;20260414;135406;5457.5;8
LKOH;0;20260414;135406;5457.0;1
LKOH;0;20260414;135406;5457.0;10
LKOH;0;20260414;135406;5457.0;12
LKOH;0;20260414;135406;5457.5;8
LKOH;0;20260414;135407;5457.5;8
LKOH;0;20260414;135407;5457.5;1
LKOH;0;20260414;135407;5457.5;7
LKOH;0;20260414;135407;5457.5;8
LKOH;0;20260414;135407;5457.0;17
LKOH;0;20260414;135407;5457.0;18
LKOH;0;20260414;135407;5457.5;3
LKOH;0;20260414;135407;5457.5;5
LKOH;0;20260414;135408;5457.5;8
LKOH;0;20260414;135408;5457.0;1
LKOH;0;20260414;135408;5457.0;2
LKOH;0;20260414;135409;5457.0;1
LKOH;0;20260414;135409;5457.0;2
LKOH;0;20260414;135412;5457.0;50
LKOH;0;20260414;135412;5457.0;3
LKOH;0;20260414;135412;5457.0;3
LKOH;0;20260414;135418;5457.5;1
LKOH;0;20260414;135421;5457.0;100
LKOH;0;20260414;135422;5457.0;3
LKOH;0;20260414;135422;5457.0;2
LKOH;0;20260414;135422;5457.0;6
LKOH;0;20260414;135423;5457.0;2
LKOH;0;20260414;135427;5457.0;6
LKOH;0;20260414;135428;5457.5;2
LKOH;0;20260414;135428;5457.0;20
LKOH;0;20260414;135429;5457.0;1
LKOH;0;20260414;135429;5457.0;2
LKOH;0;20260414;135440;5457.0;10
LKOH;0;20260414;135441;5457.5;1
LKOH;0;20260414;135441;5457.0;1
LKOH;0;20260414;135441;5457.0;1
LKOH;0;20260414;135442;5457.0;20
LKOH;0;20260414;135443;5457.0;1
LKOH;0;20260414;135443;5457.0;1
LKOH;0;20260414;135445;5457.0;25
LKOH;0;20260414;135446;5457.0;1
LKOH;0;20260414;135446;5457.0;2
LKOH;0;20260414;135451;5457.5;33
LKOH;0;20260414;135451;5457.5;43
LKOH;0;20260414;135451;5457.5;6
LKOH;0;20260414;135452;5457.0;4
LKOH;0;20260414;135452;5457.0;4
LKOH;0;20260414;135453;5457.0;3
LKOH;0;20260414;135456;5457.5;1
LKOH;0;20260414;135456;5457.0;5
LKOH;0;20260414;135457;5457.0;1
LKOH;0;20260414;135457;5457.0;1
LKOH;0;20260414;135500;5457.5;6
LKOH;0;20260414;135500;5457.5;6
LKOH;0;20260414;135501;5457.5;2
LKOH;0;20260414;135501;5457.5;2
LKOH;0;20260414;135501;5457.0;1
LKOH;0;20260414;135501;5457.0;25
LKOH;0;20260414;135501;5457.0;1
LKOH;0;20260414;135501;5457.0;1
LKOH;0;20260414;135502;5457.0;25
LKOH;0;20260414;135502;5457.0;1
LKOH;0;20260414;135502;5457.0;1
LKOH;0;20260414;135503;5457.0;1
LKOH;0;20260414;135503;5457.0;2
LKOH;0;20260414;135504;5457.5;19
LKOH;0;20260414;135504;5457.5;12
LKOH;0;20260414;135504;5457.5;6
LKOH;0;20260414;135504;5457.5;1
LKOH;0;20260414;135504;5457.5;13
LKOH;0;20260414;135504;5457.5;11
LKOH;0;20260414;135505;5457.0;5
LKOH;0;20260414;135505;5457.0;2
LKOH;0;20260414;135505;5457.0;2
LKOH;0;20260414;135506;5457.0;1
LKOH;0;20260414;135506;5457.0;2
LKOH;0;20260414;135512;5457.0;2
LKOH;0;20260414;135514;5457.5;74
LKOH;0;20260414;135514;5457.5;74
LKOH;0;20260414;135515;5457.5;41
LKOH;0;20260414;135515;5457.5;15
LKOH;0;20260414;135515;5457.5;20
LKOH;0;20260414;135515;5457.5;5
LKOH;0;20260414;135515;5457.5;1
LKOH;0;20260414;135515;5457.5;1
LKOH;0;20260414;135515;5457.5;1
LKOH;0;20260414;135515;5457.5;68
LKOH;0;20260414;135515;5457.0;3
LKOH;0;20260414;135515;5457.5;76
LKOH;0;20260414;135515;5457.5;76
LKOH;0;20260414;135515;5457.0;4
LKOH;0;20260414;135515;5457.0;5
LKOH;0;20260414;135516;5457.0;1
LKOH;0;20260414;135516;5457.0;21
LKOH;0;20260414;135516;5457.0;21
LKOH;0;20260414;135523;5457.0;2
LKOH;0;20260414;135528;5457.5;76
LKOH;0;20260414;135529;5457.0;4
LKOH;0;20260414;135529;5457.0;5
LKOH;0;20260414;135529;5457.0;3
LKOH;0;20260414;135533;5457.0;1
LKOH;0;20260414;135539;5457.5;1
LKOH;0;20260414;135539;5457.0;11
LKOH;0;20260414;135539;5457.0;6
LKOH;0;20260414;135539;5457.0;1
LKOH;0;20260414;135539;5457.0;30
LKOH;0;20260414;135539;5457.0;13
LKOH;0;20260414;135539;5457.0;26
LKOH;0;20260414;135539;5457.0;63
LKOH;0;20260414;135540;5457.5;4
LKOH;0;20260414;135540;5457.0;1
LKOH;0;20260414;135540;5457.0;1
LKOH;0;20260414;135540;5457.0;1
LKOH;0;20260414;135540;5457.0;5
LKOH;0;20260414;135540;5457.0;9
LKOH;0;20260414;135553;5457.0;3
LKOH;0;20260414;135556;5457.0;1
LKOH;0;20260414;135556;5457.0;4
LKOH;0;20260414;135557;5457.0;1
LKOH;0;20260414;135557;5457.0;1
LKOH;0;20260414;135558;5457.5;9
LKOH;0;20260414;135604;5457.0;2
LKOH;0;20260414;135605;5457.0;1
LKOH;0;20260414;135614;5457.0;24
LKOH;0;20260414;135614;5457.0;6
LKOH;0;20260414;135615;5457.0;2
LKOH;0;20260414;135615;5457.0;2
LKOH;0;20260414;135616;5457.0;6
LKOH;0;20260414;135616;5457.0;4
LKOH;0;20260414;135617;5457.0;1
LKOH;0;20260414;135617;5457.0;1
LKOH;0;20260414;135622;5457.0;50
LKOH;0;20260414;135623;5457.0;2
LKOH;0;20260414;135623;5457.5;1
LKOH;0;20260414;135623;5457.0;2
LKOH;0;20260414;135623;5457.0;3
LKOH;0;20260414;135637;5457.5;50
LKOH;0;20260414;135637;5457.5;5
LKOH;0;20260414;135637;5458.0;73
LKOH;0;20260414;135637;5458.0;1
LKOH;0;20260414;135637;5458.0;10
LKOH;0;20260414;135637;5458.0;25
LKOH;0;20260414;135637;5458.0;1
LKOH;0;20260414;135637;5458.0;15
LKOH;0;20260414;135637;5458.0;100
LKOH;0;20260414;135637;5458.0;2
LKOH;0;20260414;135637;5458.0;1
LKOH;0;20260414;135637;5458.0;13
LKOH;0;20260414;135637;5458.0;20
LKOH;0;20260414;135637;5458.0;30
LKOH;0;20260414;135637;5458.0;2
LKOH;0;20260414;135637;5458.0;1
LKOH;0;20260414;135637;5458.0;10
LKOH;0;20260414;135637;5458.0;222
LKOH;0;20260414;135637;5458.0;10
LKOH;0;20260414;135637;5458.0;16
LKOH;0;20260414;135638;5458.0;5
LKOH;0;20260414;135638;5458.0;54
LKOH;0;20260414;135638;5458.0;26
LKOH;0;20260414;135638;5458.0;9
LKOH;0;20260414;135638;5457.5;16
LKOH;0;20260414;135638;5457.5;14
LKOH;0;20260414;135638;5457.5;2
LKOH;0;20260414;135639;5457.5;10
LKOH;0;20260414;135639;5457.5;12
LKOH;0;20260414;135639;5457.5;1
LKOH;0;20260414;135639;5457.5;22
LKOH;0;20260414;135641;5457.5;50
LKOH;0;20260414;135642;5457.5;3
LKOH;0;20260414;135642;5457.5;4
LKOH;0;20260414;135642;5457.5;9
LKOH;0;20260414;135648;5458.0;38
LKOH;0;20260414;135648;5458.0;1
LKOH;0;20260414;135649;5458.0;2
LKOH;0;20260414;135649;5458.0;3
LKOH;0;20260414;135653;5458.0;3
LKOH;0;20260414;135656;5458.0;5
LKOH;0;20260414;135657;5458.5;4
LKOH;0;20260414;135657;5458.5;4
LKOH;0;20260414;135658;5458.5;1
LKOH;0;20260414;135658;5458.0;1
LKOH;0;20260414;135658;5458.0;1
LKOH;0;20260414;135658;5458.0;1
LKOH;0;20260414;135700;5458.5;1
LKOH;0;20260414;135700;5458.5;7
LKOH;0;20260414;135700;5458.5;8
LKOH;0;20260414;135700;5458.5;4
LKOH;0;20260414;135700;5458.5;4
LKOH;0;20260414;135700;5458.0;1
LKOH;0;20260414;135700;5458.0;1
LKOH;0;20260414;135703;5458.0;1
LKOH;0;20260414;135706;5458.5;76
LKOH;0;20260414;135707;5458.0;4
LKOH;0;20260414;135707;5458.0;5
LKOH;0;20260414;135709;5458.5;1
LKOH;0;20260414;135709;5458.5;1
LKOH;0;20260414;135710;5459.0;17
LKOH;0;20260414;135711;5458.5;1
LKOH;0;20260414;135711;5458.5;2
LKOH;0;20260414;135712;5459.0;33
LKOH;0;20260414;135712;5459.0;13
LKOH;0;20260414;135712;5459.0;33
LKOH;0;20260414;135712;5459.0;4
LKOH;0;20260414;135712;5459.0;1
LKOH;0;20260414;135712;5459.0;8
LKOH;0;20260414;135712;5459.0;9
LKOH;0;20260414;135713;5458.5;1
LKOH;0;20260414;135713;5458.5;2
LKOH;0;20260414;135713;5458.5;4
LKOH;0;20260414;135713;5458.5;3
LKOH;0;20260414;135713;5458.5;1
LKOH;0;20260414;135715;5459.0;2
LKOH;0;20260414;135716;5459.0;11
LKOH;0;20260414;135716;5459.0;1
LKOH;0;20260414;135716;5459.0;1
LKOH;0;20260414;135716;5459.5;64
LKOH;0;20260414;135717;5459.0;3
LKOH;0;20260414;135717;5459.0;4
LKOH;0;20260414;135717;5459.0;5
LKOH;0;20260414;135718;5459.0;18
LKOH;0;20260414;135718;5459.0;30
LKOH;0;20260414;135719;5459.0;2
LKOH;0;20260414;135719;5459.0;3
LKOH;0;20260414;135723;5459.0;2
LKOH;0;20260414;135730;5459.0;1
LKOH;0;20260414;135739;5459.5;36
LKOH;0;20260414;135739;5459.5;40
LKOH;0;20260414;135740;5459.0;4
LKOH;0;20260414;135740;5459.0;1
LKOH;0;20260414;135740;5459.0;4
LKOH;0;20260414;135743;5459.5;2
LKOH;0;20260414;135752;5459.5;1
LKOH;0;20260414;135753;5459.5;1
LKOH;0;20260414;135753;5459.0;3
LKOH;0;20260414;135755;5459.0;1
LKOH;0;20260414;135756;5459.0;5
LKOH;0;20260414;135759;5459.5;1
LKOH;0;20260414;135800;5459.0;1
LKOH;0;20260414;135800;5459.0;1
LKOH;0;20260414;135808;5459.5;23
LKOH;0;20260414;135808;5459.5;2
LKOH;0;20260414;135808;5459.5;1
LKOH;0;20260414;135808;5460.0;3
LKOH;0;20260414;135808;5460.0;73
LKOH;0;20260414;135808;5460.0;13
LKOH;0;20260414;135808;5460.0;9
LKOH;0;20260414;135808;5460.0;5
LKOH;0;20260414;135808;5460.0;1
LKOH;0;20260414;135808;5460.0;6
LKOH;0;20260414;135808;5460.0;1
LKOH;0;20260414;135808;5460.0;1
LKOH;0;20260414;135809;5459.5;1
LKOH;0;20260414;135809;5459.5;1
LKOH;0;20260414;135809;5459.5;6
LKOH;0;20260414;135809;5459.5;7
LKOH;0;20260414;135821;5460.0;3
LKOH;0;20260414;135823;5459.5;2
LKOH;0;20260414;135832;5460.0;76
LKOH;0;20260414;135833;5459.5;4
LKOH;0;20260414;135833;5459.5;5
LKOH;0;20260414;135835;5460.0;76
LKOH;0;20260414;135835;5460.0;36
LKOH;0;20260414;135835;5460.0;10
LKOH;0;20260414;135835;5460.0;1
LKOH;0;20260414;135835;5460.0;12
LKOH;0;20260414;135835;5460.0;1
LKOH;0;20260414;135835;5460.0;6
LKOH;0;20260414;135835;5460.0;1
LKOH;0;20260414;135835;5460.0;9
LKOH;0;20260414;135835;5460.0;11
LKOH;0;20260414;135835;5460.0;10
LKOH;0;20260414;135835;5460.0;3
LKOH;0;20260414;135835;5460.0;2
LKOH;0;20260414;135835;5460.0;2
LKOH;0;20260414;135835;5460.0;1
LKOH;0;20260414;135835;5460.0;5
LKOH;0;20260414;135835;5460.0;42
LKOH;0;20260414;135835;5460.0;9
LKOH;0;20260414;135835;5460.0;49
LKOH;0;20260414;135835;5460.0;27
LKOH;0;20260414;135835;5460.0;23
LKOH;0;20260414;135835;5460.0;41
LKOH;0;20260414;135836;5459.5;4
LKOH;0;20260414;135836;5459.5;4
LKOH;0;20260414;135836;5459.5;9
LKOH;0;20260414;135836;5459.5;1
LKOH;0;20260414;135836;5459.5;6
LKOH;0;20260414;135836;5459.5;17
LKOH;0;20260414;135846;5459.5;1
LKOH;0;20260414;135852;5459.5;1
LKOH;0;20260414;135853;5459.5;3
LKOH;0;20260414;135856;5459.5;5
LKOH;0;20260414;135857;5459.5;1
LKOH;0;20260414;135857;5459.5;1
LKOH;0;20260414;135857;5459.5;1
LKOH;0;20260414;135902;5459.5;1
LKOH;0;20260414;135905;5459.5;74
LKOH;0;20260414;135906;5459.5;4
LKOH;0;20260414;135906;5459.5;4
LKOH;0;20260414;135908;5460.0;9
LKOH;0;20260414;135908;5460.0;27
LKOH;0;20260414;135909;5459.5;2
LKOH;0;20260414;135909;5459.5;2
LKOH;0;20260414;135910;5459.5;10
LKOH;0;20260414;135910;5459.5;89
LKOH;0;20260414;135911;5459.0;1
LKOH;0;20260414;135911;5459.0;1
LKOH;0;20260414;135911;5459.0;1
LKOH;0;20260414;135911;5459.0;2
LKOH;0;20260414;135911;5459.0;6
LKOH;0;20260414;135913;5459.5;2
LKOH;0;20260414;135915;5459.0;3
LKOH;0;20260414;135916;5459.0;10
LKOH;0;20260414;135916;5459.0;1
LKOH;0;20260414;135916;5459.0;1
LKOH;0;20260414;135917;5459.5;1
LKOH;0;20260414;135919;5459.0;1
LKOH;0;20260414;135922;5459.5;1
LKOH;0;20260414;135922;5459.0;9
LKOH;0;20260414;135922;5459.0;27
LKOH;0;20260414;135922;5459.0;33
LKOH;0;20260414;135922;5459.0;13
LKOH;0;20260414;135922;5459.0;1
LKOH;0;20260414;135923;5459.0;27
LKOH;0;20260414;135923;5459.0;27
LKOH;0;20260414;135923;5459.0;1
LKOH;0;20260414;135923;5459.0;9
LKOH;0;20260414;135923;5459.0;39
LKOH;0;20260414;135923;5459.0;45
LKOH;0;20260414;135923;5459.0;2
LKOH;0;20260414;135923;5459.0;9
LKOH;0;20260414;135923;5459.0;39
LKOH;0;20260414;135923;5459.0;39
LKOH;0;20260414;135923;5459.0;4
LKOH;0;20260414;135923;5459.0;36
LKOH;0;20260414;135923;5459.0;1
LKOH;0;20260414;135923;5458.5;5
LKOH;0;20260414;135923;5458.5;30
LKOH;0;20260414;135923;5458.5;18
LKOH;0;20260414;135923;5458.5;1
LKOH;0;20260414;135923;5458.5;1
LKOH;0;20260414;135923;5458.5;15
LKOH;0;20260414;135923;5458.5;1
LKOH;0;20260414;135923;5458.5;2
LKOH;0;20260414;135923;5458.5;2
LKOH;0;20260414;135924;5458.5;22
LKOH;0;20260414;135924;5458.5;22
LKOH;0;20260414;135930;5459.0;1
LKOH;0;20260414;135949;5459.0;4
LKOH;0;20260414;135953;5458.0;3
LKOH;0;20260414;135954;5458.5;5
LKOH;0;20260414;135954;5458.5;45
LKOH;0;20260414;135954;5458.5;9
LKOH;0;20260414;135955;5458.0;1
LKOH;0;20260414;135955;5458.0;1
LKOH;0;20260414;135956;5458.0;2
LKOH;0;20260414;135956;5458.0;1
LKOH;0;20260414;135956;5457.5;3
LKOH;0;20260414;135956;5457.5;1
LKOH;0;20260414;135956;5457.0;5
LKOH;0;20260414;135956;5457.0;1
LKOH;0;20260414;135956;5456.5;94
LKOH;0;20260414;135956;5457.0;18
LKOH;0;20260414;135956;5457.0;50
LKOH;0;20260414;135956;5457.0;8
LKOH;0;20260414;135956;5456.5;5
LKOH;0;20260414;135957;5456.5;5
LKOH;0;20260414;135957;5456.5;6
LKOH;0;20260414;135957;5456.5;4
LKOH;0;20260414;135957;5456.5;4
LKOH;0;20260414;135958;5457.0;1
LKOH;0;20260414;140000;5457.0;4
LKOH;0;20260414;140000;5457.0;2
LKOH;0;20260414;140000;5457.0;1
LKOH;0;20260414;140001;5456.5;1
LKOH;0;20260414;140001;5456.5;1
LKOH;0;20260414;140002;5457.0;14
LKOH;0;20260414;140002;5457.0;40
LKOH;0;20260414;140002;5457.5;20
LKOH;0;20260414;140002;5457.0;3
LKOH;0;20260414;140002;5457.0;2
LKOH;0;20260414;140002;5457.0;1
LKOH;0;20260414;140002;5457.0;7
LKOH;0;20260414;140002;5457.0;2
LKOH;0;20260414;140002;5457.0;4
LKOH;0;20260414;140003;5457.5;4
LKOH;0;20260414;140003;5458.0;6
LKOH;0;20260414;140003;5458.0;1
LKOH;0;20260414;140003;5458.0;1
LKOH;0;20260414;140005;5458.5;18
LKOH;0;20260414;140005;5458.5;5
LKOH;0;20260414;140005;5458.5;7
LKOH;0;20260414;140005;5459.0;2
LKOH;0;20260414;140005;5459.0;89
LKOH;0;20260414;140006;5458.5;1
LKOH;0;20260414;140006;5458.5;2
LKOH;0;20260414;140007;5458.5;5
LKOH;0;20260414;140007;5458.5;1
LKOH;0;20260414;140007;5458.5;1
LKOH;0;20260414;140007;5458.5;4
LKOH;0;20260414;140009;5458.5;8
LKOH;0;20260414;140010;5459.0;1
LKOH;0;20260414;140011;5459.0;1
LKOH;0;20260414;140011;5459.0;2
LKOH;0;20260414;140011;5458.5;69
LKOH;0;20260414;140011;5458.5;11
LKOH;0;20260414;140012;5459.0;1
LKOH;0;20260414;140012;5458.0;5
LKOH;0;20260414;140012;5458.0;2
LKOH;0;20260414;140012;5458.0;2
LKOH;0;20260414;140012;5458.0;1
LKOH;0;20260414;140013;5458.0;3
LKOH;0;20260414;140015;5458.0;17
LKOH;0;20260414;140015;5458.0;1
LKOH;0;20260414;140015;5457.5;2
LKOH;0;20260414;140016;5457.5;1
LKOH;0;20260414;140016;5457.5;1
LKOH;0;20260414;140016;5457.5;1
LKOH;0;20260414;140016;5458.0;30
LKOH;0;20260414;140016;5458.0;1
LKOH;0;20260414;140016;5458.0;2
LKOH;0;20260414;140016;5458.5;1
LKOH;0;20260414;140016;5458.5;30
LKOH;0;20260414;140016;5458.5;2
LKOH;0;20260414;140016;5458.5;10
LKOH;0;20260414;140017;5458.0;2
LKOH;0;20260414;140017;5458.0;2
LKOH;0;20260414;140017;5458.0;1
LKOH;0;20260414;140017;5457.5;1
LKOH;0;20260414;140017;5457.5;3
LKOH;0;20260414;140017;5457.5;1
LKOH;0;20260414;140018;5458.0;30
LKOH;0;20260414;140018;5458.0;1
LKOH;0;20260414;140019;5458.0;2
LKOH;0;20260414;140019;5458.0;2
LKOH;0;20260414;140020;5458.5;1
LKOH;0;20260414;140020;5458.0;2
LKOH;0;20260414;140021;5458.5;1
LKOH;0;20260414;140022;5457.5;1
LKOH;0;20260414;140022;5457.5;1
LKOH;0;20260414;140026;5458.0;1
LKOH;0;20260414;140026;5458.5;1
LKOH;0;20260414;140026;5458.5;1
LKOH;0;20260414;140026;5458.5;7
LKOH;0;20260414;140027;5457.5;1
LKOH;0;20260414;140027;5457.0;1
LKOH;0;20260414;140028;5457.5;1
LKOH;0;20260414;140028;5458.0;1
LKOH;0;20260414;140028;5458.5;4
LKOH;0;20260414;140030;5458.5;60
LKOH;0;20260414;140030;5458.5;11
LKOH;0;20260414;140030;5458.5;5
LKOH;0;20260414;140030;5458.5;14
LKOH;0;20260414;140030;5458.5;5
LKOH;0;20260414;140030;5459.0;56
LKOH;0;20260414;140030;5459.0;1
LKOH;0;20260414;140030;5459.0;76
LKOH;0;20260414;140031;5458.5;4
LKOH;0;20260414;140031;5458.5;58
LKOH;0;20260414;140031;5458.5;1
LKOH;0;20260414;140031;5458.5;13
LKOH;0;20260414;140031;5458.5;76
LKOH;0;20260414;140031;5458.0;30
LKOH;0;20260414;140031;5458.0;1
LKOH;0;20260414;140031;5458.0;5
LKOH;0;20260414;140032;5457.5;8
LKOH;0;20260414;140032;5457.5;8
LKOH;0;20260414;140033;5457.0;10
LKOH;0;20260414;140033;5457.0;7
LKOH;0;20260414;140033;5457.0;3
LKOH;0;20260414;140034;5458.0;1
LKOH;0;20260414;140036;5458.0;31
LKOH;0;20260414;140036;5458.0;1
LKOH;0;20260414;140036;5458.0;1
LKOH;0;20260414;140037;5458.0;1
LKOH;0;20260414;140037;5458.0;1
LKOH;0;20260414;140037;5458.0;2
LKOH;0;20260414;140038;5458.5;1
LKOH;0;20260414;140038;5459.0;8
LKOH;0;20260414;140038;5459.0;64
LKOH;0;20260414;140038;5459.0;76
LKOH;0;20260414;140038;5459.0;73
LKOH;0;20260414;140038;5459.0;215
LKOH;0;20260414;140038;5459.0;2
LKOH;0;20260414;140038;5459.0;4
LKOH;0;20260414;140038;5459.5;1
LKOH;0;20260414;140038;5459.5;5
LKOH;0;20260414;140038;5459.5;1
LKOH;0;20260414;140038;5459.5;4
LKOH;0;20260414;140039;5458.5;8
LKOH;0;20260414;140039;5458.5;8
LKOH;0;20260414;140040;5458.5;13
LKOH;0;20260414;140040;5458.5;4
LKOH;0;20260414;140040;5458.5;1
LKOH;0;20260414;140040;5458.0;7
LKOH;0;20260414;140042;5458.5;10
LKOH;0;20260414;140043;5458.0;1
LKOH;0;20260414;140043;5458.0;1
LKOH;0;20260414;140045;5458.0;17
LKOH;0;20260414;140045;5458.0;3
LKOH;0;20260414;140046;5458.0;1
LKOH;0;20260414;140046;5458.0;1
LKOH;0;20260414;140052;5458.0;2
LKOH;0;20260414;140053;5457.5;2
LKOH;0;20260414;140057;5457.5;1
LKOH;0;20260414;140057;5457.5;4
LKOH;0;20260414;140107;5458.0;1
LKOH;0;20260414;140107;5458.0;1
LKOH;0;20260414;140107;5458.0;8
LKOH;0;20260414;140108;5457.0;1
LKOH;0;20260414;140108;5457.0;1
LKOH;0;20260414;140115;5457.0;1
LKOH;0;20260414;140115;5457.0;10
LKOH;0;20260414;140116;5456.5;1
LKOH;0;20260414;140116;5456.5;1
LKOH;0;20260414;140123;5456.5;3
LKOH;0;20260414;140125;5457.0;1
LKOH;0;20260414;140129;5456.5;91
LKOH;0;20260414;140129;5456.5;9
LKOH;0;20260414;140130;5456.5;5
LKOH;0;20260414;140130;5456.5;6
LKOH;0;20260414;140132;5456.5;2
LKOH;0;20260414;140141;5457.0;1
LKOH;0;20260414;140141;5457.0;64
LKOH;0;20260414;140141;5457.0;12
LKOH;0;20260414;140142;5456.5;4
LKOH;0;20260414;140142;5456.5;5
LKOH;0;20260414;140147;5457.5;1
LKOH;0;20260414;140147;5457.0;50
LKOH;0;20260414;140147;5457.0;13
LKOH;0;20260414;140147;5457.0;1
LKOH;0;20260414;140147;5457.0;40
LKOH;0;20260414;140148;5456.5;6
LKOH;0;20260414;140148;5456.5;6
LKOH;0;20260414;140149;5456.5;100
LKOH;0;20260414;140150;5456.5;1
LKOH;0;20260414;140150;5456.5;2
LKOH;0;20260414;140150;5456.5;2
LKOH;0;20260414;140150;5456.0;6
LKOH;0;20260414;140150;5456.5;1
LKOH;0;20260414;140150;5456.5;30
LKOH;0;20260414;140150;5456.5;13
LKOH;0;20260414;140151;5455.5;1
LKOH;0;20260414;140151;5455.5;1
LKOH;0;20260414;140151;5455.0;1
LKOH;0;20260414;140151;5455.0;7
LKOH;0;20260414;140151;5455.0;10
LKOH;0;20260414;140151;5455.0;2
LKOH;0;20260414;140151;5455.0;3
LKOH;0;20260414;140152;5455.0;10
LKOH;0;20260414;140152;5455.0;1
LKOH;0;20260414;140152;5455.0;1
LKOH;0;20260414;140153;5455.5;2
LKOH;0;20260414;140157;5455.5;5
LKOH;0;20260414;140158;5455.5;1
LKOH;0;20260414;140158;5455.5;1
LKOH;0;20260414;140159;5456.0;1
LKOH;0;20260414;140159;5456.0;1
LKOH;0;20260414;140203;5456.0;1
LKOH;0;20260414;140203;5456.0;76
LKOH;0;20260414;140203;5455.5;1
LKOH;0;20260414;140203;5455.5;1
LKOH;0;20260414;140204;5455.0;1
LKOH;0;20260414;140204;5455.0;3
LKOH;0;20260414;140204;5455.0;5
LKOH;0;20260414;140209;5454.5;1
LKOH;0;20260414;140222;5454.5;15
LKOH;0;20260414;140222;5455.0;1
LKOH;0;20260414;140222;5455.0;14
LKOH;0;20260414;140222;5455.0;1
LKOH;0;20260414;140222;5455.0;2
LKOH;0;20260414;140222;5455.0;2
LKOH;0;20260414;140222;5455.0;1
LKOH;0;20260414;140222;5455.5;40
LKOH;0;20260414;140223;5454.5;4
LKOH;0;20260414;140223;5454.5;4
LKOH;0;20260414;140223;5454.5;3
LKOH;0;20260414;140234;5455.5;1
LKOH;0;20260414;140236;5455.0;13
LKOH;0;20260414;140236;5455.0;1
LKOH;0;20260414;140236;5455.0;1
LKOH;0;20260414;140237;5455.0;1
LKOH;0;20260414;140237;5455.0;1
LKOH;0;20260414;140243;5455.5;25
LKOH;0;20260414;140243;5455.5;25
LKOH;0;20260414;140243;5455.5;49
LKOH;0;20260414;140243;5455.5;9
LKOH;0;20260414;140243;5455.5;1
LKOH;0;20260414;140243;5456.0;2
LKOH;0;20260414;140243;5457.0;74
LKOH;0;20260414;140243;5457.0;26
LKOH;0;20260414;140244;5457.5;13
LKOH;0;20260414;140244;5457.0;1
LKOH;0;20260414;140244;5457.0;2
LKOH;0;20260414;140246;5457.0;11
LKOH;0;20260414;140246;5457.0;11
LKOH;0;20260414;140246;5457.0;5
LKOH;0;20260414;140247;5457.5;76
LKOH;0;20260414;140248;5457.0;4
LKOH;0;20260414;140248;5457.0;5
LKOH;0;20260414;140252;5457.5;76
LKOH;0;20260414;140252;5457.5;34
LKOH;0;20260414;140253;5458.0;2
LKOH;0;20260414;140253;5458.0;28
LKOH;0;20260414;140253;5458.0;1
LKOH;0;20260414;140253;5458.0;76
LKOH;0;20260414;140253;5458.0;76
LKOH;0;20260414;140253;5458.0;13
LKOH;0;20260414;140253;5457.5;4
LKOH;0;20260414;140253;5457.5;5
LKOH;0;20260414;140254;5457.0;13
LKOH;0;20260414;140254;5456.5;2
LKOH;0;20260414;140254;5456.5;10
LKOH;0;20260414;140257;5456.5;1
LKOH;0;20260414;140257;5456.5;4
LKOH;0;20260414;140300;5457.0;1
LKOH;0;20260414;140304;5457.5;1
LKOH;0;20260414;140304;5457.5;12
LKOH;0;20260414;140304;5457.0;5
LKOH;0;20260414;140304;5457.0;1
LKOH;0;20260414;140304;5457.0;1
LKOH;0;20260414;140305;5457.5;52
LKOH;0;20260414;140305;5457.5;9
LKOH;0;20260414;140305;5457.5;19
LKOH;0;20260414;140305;5457.5;3
LKOH;0;20260414;140305;5457.5;4
LKOH;0;20260414;140305;5458.0;5
LKOH;0;20260414;140305;5458.0;4
LKOH;0;20260414;140306;5458.5;1
LKOH;0;20260414;140306;5458.5;1
LKOH;0;20260414;140318;5459.0;15
LKOH;0;20260414;140319;5459.0;61
LKOH;0;20260414;140319;5458.5;1
LKOH;0;20260414;140319;5458.5;1
LKOH;0;20260414;140320;5458.5;3
LKOH;0;20260414;140320;5458.5;4
LKOH;0;20260414;140323;5458.5;3
LKOH;0;20260414;140324;5458.5;25
LKOH;0;20260414;140324;5458.5;61
LKOH;0;20260414;140325;5457.5;2
LKOH;0;20260414;140325;5457.0;1
LKOH;0;20260414;140326;5457.0;4
LKOH;0;20260414;140326;5457.0;3
LKOH;0;20260414;140326;5457.0;2
LKOH;0;20260414;140326;5457.0;1
LKOH;0;20260414;140326;5456.5;1
LKOH;0;20260414;140326;5456.5;217
LKOH;0;20260414;140327;5456.0;13
LKOH;0;20260414;140327;5456.0;12
LKOH;0;20260414;140350;5456.0;12
LKOH;0;20260414;140350;5456.0;20
LKOH;0;20260414;140351;5455.0;1
LKOH;0;20260414;140351;5455.0;2
LKOH;0;20260414;140353;5455.0;2
LKOH;0;20260414;140356;5455.0;1
LKOH;0;20260414;140357;5455.0;1
LKOH;0;20260414;140357;5455.0;4
LKOH;0;20260414;140411;5455.0;1
LKOH;0;20260414;140411;5455.0;24
LKOH;0;20260414;140411;5455.5;1
LKOH;0;20260414;140411;5455.5;4
LKOH;0;20260414;140412;5454.5;2
LKOH;0;20260414;140412;5454.5;2
LKOH;0;20260414;140423;5454.5;3
LKOH;0;20260414;140425;5455.0;1
LKOH;0;20260414;140429;5455.0;1
LKOH;0;20260414;140430;5455.0;1
LKOH;0;20260414;140436;5454.5;5
LKOH;0;20260414;140437;5454.5;1
LKOH;0;20260414;140437;5454.5;1
LKOH;0;20260414;140442;5455.0;1
LKOH;0;20260414;140442;5455.0;1
LKOH;0;20260414;140451;5455.0;2
LKOH;0;20260414;140451;5455.0;1
LKOH;0;20260414;140453;5454.5;2
LKOH;0;20260414;140457;5454.5;1
LKOH;0;20260414;140457;5454.0;1
LKOH;0;20260414;140457;5453.5;1
LKOH;0;20260414;140457;5453.5;1
LKOH;0;20260414;140457;5453.5;1
LKOH;0;20260414;140457;5453.5;1
LKOH;0;20260414;140505;5454.0;2
LKOH;0;20260414;140506;5454.0;48
LKOH;0;20260414;140506;5454.0;1
LKOH;0;20260414;140506;5454.0;5
LKOH;0;20260414;140506;5454.0;32
LKOH;0;20260414;140507;5454.0;5
LKOH;0;20260414;140507;5453.5;6
LKOH;0;20260414;140512;5454.0;1
LKOH;0;20260414;140516;5454.0;1
LKOH;0;20260414;140523;5454.0;3
LKOH;0;20260414;140525;5454.5;8
LKOH;0;20260414;140528;5454.0;2
LKOH;0;20260414;140530;5454.5;1
LKOH;0;20260414;140531;5454.0;1
LKOH;0;20260414;140531;5454.0;1
LKOH;0;20260414;140532;5454.0;1
LKOH;0;20260414;140533;5454.5;6
LKOH;0;20260414;140533;5454.5;15
LKOH;0;20260414;140533;5454.5;50
LKOH;0;20260414;140533;5454.5;1
LKOH;0;20260414;140533;5455.0;1
LKOH;0;20260414;140533;5455.0;10
LKOH;0;20260414;140533;5455.0;1
LKOH;0;20260414;140533;5455.0;44
LKOH;0;20260414;140533;5455.0;10
LKOH;0;20260414;140533;5455.5;1
LKOH;0;20260414;140533;5455.5;120
LKOH;0;20260414;140533;5456.0;51
LKOH;0;20260414;140533;5456.0;17
LKOH;0;20260414;140533;5456.0;40
LKOH;0;20260414;140533;5456.5;1
LKOH;0;20260414;140533;5457.0;3
LKOH;0;20260414;140533;5457.5;73
LKOH;0;20260414;140533;5457.5;27
LKOH;0;20260414;140533;5457.5;16
LKOH;0;20260414;140533;5458.5;14
LKOH;0;20260414;140533;5458.5;19
LKOH;0;20260414;140533;5457.0;10
LKOH;0;20260414;140533;5458.0;11
LKOH;0;20260414;140533;5459.0;64
LKOH;0;20260414;140533;5459.0;5
LKOH;0;20260414;140533;5458.5;1
LKOH;0;20260414;140533;5458.5;2
LKOH;0;20260414;140533;5458.5;14
LKOH;0;20260414;140533;5458.5;17
LKOH;0;20260414;140533;5459.0;76
LKOH;0;20260414;140533;5459.0;76
LKOH;0;20260414;140533;5459.0;76
LKOH;0;20260414;140534;5459.0;76
LKOH;0;20260414;140534;5458.5;10
LKOH;0;20260414;140534;5458.5;11
LKOH;0;20260414;140534;5458.5;5
LKOH;0;20260414;140535;5458.5;22
LKOH;0;20260414;140535;5458.5;22
LKOH;0;20260414;140536;5458.5;1
LKOH;0;20260414;140536;5458.5;2
LKOH;0;20260414;140537;5458.5;14
LKOH;0;20260414;140548;5459.0;1
LKOH;0;20260414;140549;5458.5;27
LKOH;0;20260414;140549;5458.5;77
LKOH;0;20260414;140549;5458.5;15
LKOH;0;20260414;140549;5458.5;76
LKOH;0;20260414;140549;5458.0;35
LKOH;0;20260414;140549;5458.5;30
LKOH;0;20260414;140549;5458.5;50
LKOH;0;20260414;140549;5458.5;118
LKOH;0;20260414;140549;5458.5;24
LKOH;0;20260414;140550;5457.5;2
LKOH;0;20260414;140550;5457.5;2
LKOH;0;20260414;140551;5457.5;13
LKOH;0;20260414;140551;5457.5;23
LKOH;0;20260414;140551;5457.5;24
LKOH;0;20260414;140552;5457.5;1
LKOH;0;20260414;140552;5457.5;1
LKOH;0;20260414;140553;5457.5;2
LKOH;0;20260414;140554;5458.0;1
LKOH;0;20260414;140557;5457.5;5
LKOH;0;20260414;140603;5458.0;1
LKOH;0;20260414;140603;5457.5;2
LKOH;0;20260414;140605;5457.5;2
LKOH;0;20260414;140606;5457.5;1
LKOH;0;20260414;140606;5457.5;1
LKOH;0;20260414;140607;5457.5;2
LKOH;0;20260414;140610;5457.5;1
LKOH;0;20260414;140613;5458.0;7
LKOH;0;20260414;140616;5458.0;1
LKOH;0;20260414;140622;5458.0;1
LKOH;0;20260414;140623;5457.5;3
LKOH;0;20260414;140632;5458.0;1
LKOH;0;20260414;140633;5457.5;3
LKOH;0;20260414;140634;5458.0;1
LKOH;0;20260414;140634;5457.5;1
LKOH;0;20260414;140634;5457.5;1
LKOH;0;20260414;140634;5457.5;58
LKOH;0;20260414;140634;5457.5;76
LKOH;0;20260414;140635;5457.0;1
LKOH;0;20260414;140635;5457.0;2
LKOH;0;20260414;140635;5457.0;3
LKOH;0;20260414;140636;5457.0;4
LKOH;0;20260414;140636;5457.0;4
LKOH;0;20260414;140637;5457.0;5
LKOH;0;20260414;140638;5457.5;1
LKOH;0;20260414;140639;5457.0;1
LKOH;0;20260414;140649;5457.0;1
LKOH;0;20260414;140650;5456.5;1
LKOH;0;20260414;140650;5456.0;1
LKOH;0;20260414;140653;5456.0;1
LKOH;0;20260414;140653;5456.0;1
LKOH;0;20260414;140654;5456.0;11
LKOH;0;20260414;140657;5455.5;6
LKOH;0;20260414;140658;5455.5;1
LKOH;0;20260414;140658;5455.5;1
LKOH;0;20260414;140658;5456.0;1
LKOH;0;20260414;140709;5456.0;1
LKOH;0;20260414;140717;5455.5;1
LKOH;0;20260414;140717;5456.0;25
LKOH;0;20260414;140718;5456.0;15
LKOH;0;20260414;140718;5456.0;2
LKOH;0;20260414;140718;5456.0;2
LKOH;0;20260414;140718;5457.0;1
LKOH;0;20260414;140718;5457.0;2
LKOH;0;20260414;140719;5457.0;1
LKOH;0;20260414;140719;5457.0;1
LKOH;0;20260414;140722;5457.5;1
LKOH;0;20260414;140723;5457.0;3
LKOH;0;20260414;140727;5457.0;1
LKOH;0;20260414;140727;5456.5;3
LKOH;0;20260414;140735;5456.5;1
LKOH;0;20260414;140741;5457.5;3
LKOH;0;20260414;140744;5456.5;1
LKOH;0;20260414;140747;5456.5;7
LKOH;0;20260414;140747;5456.5;43
LKOH;0;20260414;140748;5456.5;179
LKOH;0;20260414;140748;5456.0;11
LKOH;0;20260414;140748;5456.0;2
LKOH;0;20260414;140748;5455.5;1
LKOH;0;20260414;140748;5455.5;7
LKOH;0;20260414;140748;5455.5;50
LKOH;0;20260414;140748;5456.0;15
LKOH;0;20260414;140748;5456.0;3
LKOH;0;20260414;140748;5456.0;4
LKOH;0;20260414;140749;5456.0;100
LKOH;0;20260414;140749;5456.0;13
LKOH;0;20260414;140749;5456.0;14
LKOH;0;20260414;140750;5456.0;6
LKOH;0;20260414;140750;5456.0;6
LKOH;0;20260414;140751;5456.5;2
LKOH;0;20260414;140751;5456.5;1
LKOH;0;20260414;140752;5456.0;1
LKOH;0;20260414;140752;5456.0;1
LKOH;0;20260414;140753;5456.0;2
LKOH;0;20260414;140757;5456.0;5
LKOH;0;20260414;140800;5456.0;9
LKOH;0;20260414;140801;5456.0;1
LKOH;0;20260414;140801;5456.0;1
LKOH;0;20260414;140802;5456.5;27
LKOH;0;20260414;140802;5456.5;12
LKOH;0;20260414;140802;5456.5;11
LKOH;0;20260414;140802;5456.0;2
LKOH;0;20260414;140802;5456.0;3
LKOH;0;20260414;140804;5456.0;1
LKOH;0;20260414;140812;5456.0;1
LKOH;0;20260414;140823;5456.0;3
LKOH;0;20260414;140825;5456.5;1
LKOH;0;20260414;140826;5456.0;31
LKOH;0;20260414;140826;5456.0;1
LKOH;0;20260414;140826;5455.5;1
LKOH;0;20260414;140826;5455.5;75
LKOH;0;20260414;140826;5455.0;12
LKOH;0;20260414;140826;5455.0;12
LKOH;0;20260414;140826;5455.0;30
LKOH;0;20260414;140826;5455.0;68
LKOH;0;20260414;140827;5454.5;13
LKOH;0;20260414;140827;5454.5;1
LKOH;0;20260414;140827;5454.5;12
LKOH;0;20260414;140827;5454.5;1
LKOH;0;20260414;140830;5455.0;6
LKOH;0;20260414;140853;5455.0;8
LKOH;0;20260414;140853;5454.5;2
LKOH;0;20260414;140854;5454.5;1
LKOH;0;20260414;140854;5454.5;1
LKOH;0;20260414;140857;5454.0;5
LKOH;0;20260414;140904;5454.0;1
LKOH;0;20260414;140908;5455.0;1
LKOH;0;20260414;140911;5455.0;1
LKOH;0;20260414;140914;5454.0;1
LKOH;0;20260414;140914;5454.0;1
LKOH;0;20260414;140914;5454.0;1
LKOH;0;20260414;140914;5454.0;7
LKOH;0;20260414;140914;5453.5;1
LKOH;0;20260414;140914;5453.5;1
LKOH;0;20260414;140914;5453.5;8
LKOH;0;20260414;140915;5453.5;1
LKOH;0;20260414;140915;5453.5;2
LKOH;0;20260414;140923;5453.5;2
LKOH;0;20260414;140923;5453.5;1
LKOH;0;20260414;140927;5454.0;7
LKOH;0;20260414;140927;5454.0;50
LKOH;0;20260414;140927;5454.0;1
LKOH;0;20260414;140927;5453.5;3
LKOH;0;20260414;140927;5453.5;4
LKOH;0;20260414;140927;5454.0;2
LKOH;0;20260414;140928;5454.0;1
LKOH;0;20260414;140938;5454.0;6
LKOH;0;20260414;140939;5453.5;1
LKOH;0;20260414;140943;5454.0;4
LKOH;0;20260414;140944;5453.5;1
LKOH;0;20260414;140944;5453.5;1
LKOH;0;20260414;140953;5453.5;2
LKOH;0;20260414;140957;5453.5;5
LKOH;0;20260414;141003;5453.5;205
LKOH;0;20260414;141003;5453.5;45
LKOH;0;20260414;141004;5453.5;1
LKOH;0;20260414;141004;5453.5;14
LKOH;0;20260414;141004;5453.5;4
LKOH;0;20260414;141004;5453.5;1
LKOH;0;20260414;141004;5453.5;9
LKOH;0;20260414;141013;5453.5;24
LKOH;0;20260414;141013;5453.5;1
LKOH;0;20260414;141013;5453.5;2
LKOH;0;20260414;141017;5453.5;2
LKOH;0;20260414;141023;5453.5;3
LKOH;0;20260414;141031;5453.5;25
LKOH;0;20260414;141032;5453.5;1
LKOH;0;20260414;141032;5453.5;2
LKOH;0;20260414;141034;5454.0;3
LKOH;0;20260414;141040;5454.0;1
LKOH;0;20260414;141044;5454.0;1
LKOH;0;20260414;141045;5453.5;2
LKOH;0;20260414;141047;5453.5;1
LKOH;0;20260414;141049;5453.5;44
LKOH;0;20260414;141050;5453.5;3
LKOH;0;20260414;141050;5453.5;3
LKOH;0;20260414;141053;5453.5;2
LKOH;0;20260414;141054;5453.5;1
LKOH;0;20260414;141057;5453.5;5
LKOH;0;20260414;141101;5453.5;50
LKOH;0;20260414;141101;5453.5;47
LKOH;0;20260414;141101;5453.5;2
LKOH;0;20260414;141101;5453.0;1
LKOH;0;20260414;141101;5453.0;1
LKOH;0;20260414;141101;5453.0;1
LKOH;0;20260414;141101;5453.0;1
LKOH;0;20260414;141101;5453.0;5
LKOH;0;20260414;141101;5453.0;1
LKOH;0;20260414;141101;5453.0;1
LKOH;0;20260414;141101;5452.5;50
LKOH;0;20260414;141101;5452.5;50
LKOH;0;20260414;141101;5452.5;1
LKOH;0;20260414;141101;5452.5;1
LKOH;0;20260414;141101;5452.5;50
LKOH;0;20260414;141101;5452.5;8
LKOH;0;20260414;141101;5452.0;20
LKOH;0;20260414;141101;5452.0;10
LKOH;0;20260414;141102;5452.5;1
LKOH;0;20260414;141102;5452.5;1
LKOH;0;20260414;141102;5452.5;1
LKOH;0;20260414;141102;5452.0;1
LKOH;0;20260414;141102;5452.0;3
LKOH;0;20260414;141102;5452.0;1
LKOH;0;20260414;141102;5452.0;4
LKOH;0;20260414;141103;5452.0;12
LKOH;0;20260414;141103;5452.0;1
LKOH;0;20260414;141103;5452.0;14
LKOH;0;20260414;141105;5452.5;1
LKOH;0;20260414;141111;5452.5;5
LKOH;0;20260414;141111;5452.5;1
LKOH;0;20260414;141111;5452.0;7
LKOH;0;20260414;141111;5452.0;50
LKOH;0;20260414;141111;5452.0;12
LKOH;0;20260414;141111;5452.0;1
LKOH;0;20260414;141112;5451.5;1
LKOH;0;20260414;141112;5451.5;1
LKOH;0;20260414;141112;5451.5;2
LKOH;0;20260414;141112;5451.5;5
LKOH;0;20260414;141114;5452.0;1
LKOH;0;20260414;141114;5452.0;1
LKOH;0;20260414;141114;5452.0;1
LKOH;0;20260414;141114;5452.0;1
LKOH;0;20260414;141114;5452.0;1
LKOH;0;20260414;141114;5452.0;1
LKOH;0;20260414;141114;5452.0;1
LKOH;0;20260414;141114;5452.0;1
LKOH;0;20260414;141114;5452.0;1
LKOH;0;20260414;141115;5452.0;1
LKOH;0;20260414;141115;5452.0;1
LKOH;0;20260414;141116;5451.5;1
LKOH;0;20260414;141116;5451.0;1
LKOH;0;20260414;141120;5451.0;49
LKOH;0;20260414;141120;5451.0;50
LKOH;0;20260414;141120;5451.0;6
LKOH;0;20260414;141120;5451.0;50
LKOH;0;20260414;141120;5450.5;95
LKOH;0;20260414;141121;5450.5;1
LKOH;0;20260414;141121;5450.0;1
LKOH;0;20260414;141121;5450.0;2
LKOH;0;20260414;141121;5450.0;10
LKOH;0;20260414;141121;5450.0;1
LKOH;0;20260414;141121;5450.0;12
LKOH;0;20260414;141121;5450.0;2
LKOH;0;20260414;141122;5450.0;1
LKOH;0;20260414;141124;5450.0;3
LKOH;0;20260414;141127;5450.0;1
LKOH;0;20260414;141127;5450.5;1
LKOH;0;20260414;141127;5450.5;12
LKOH;0;20260414;141127;5450.5;24
LKOH;0;20260414;141128;5450.5;2
LKOH;0;20260414;141128;5450.5;3
LKOH;0;20260414;141131;5450.5;3
LKOH;0;20260414;141132;5451.0;3
LKOH;0;20260414;141146;5451.0;1
LKOH;0;20260414;141146;5451.0;12
LKOH;0;20260414;141146;5451.0;5
LKOH;0;20260414;141147;5450.5;1
LKOH;0;20260414;141147;5450.5;2
LKOH;0;20260414;141147;5450.5;2
LKOH;0;20260414;141147;5450.5;40
LKOH;0;20260414;141147;5450.0;18
LKOH;0;20260414;141148;5450.0;3
LKOH;0;20260414;141148;5450.0;4
LKOH;0;20260414;141149;5450.0;115
LKOH;0;20260414;141150;5450.0;6
LKOH;0;20260414;141150;5450.0;6
LKOH;0;20260414;141153;5450.5;2
LKOH;0;20260414;141154;5450.0;2
LKOH;0;20260414;141157;5450.0;5
LKOH;0;20260414;141159;5450.5;1
LKOH;0;20260414;141200;5450.0;1
LKOH;0;20260414;141200;5450.0;1
LKOH;0;20260414;141200;5450.0;4
LKOH;0;20260414;141203;5450.0;5
LKOH;0;20260414;141203;5450.5;2
LKOH;0;20260414;141207;5450.5;10
LKOH;0;20260414;141208;5450.0;14
LKOH;0;20260414;141208;5450.0;1
LKOH;0;20260414;141208;5450.0;1
LKOH;0;20260414;141209;5450.0;4
LKOH;0;20260414;141210;5450.0;1
LKOH;0;20260414;141210;5450.0;1
LKOH;0;20260414;141212;5450.5;1
LKOH;0;20260414;141221;5450.0;1
LKOH;0;20260414;141224;5450.0;3
LKOH;0;20260414;141225;5450.5;1
LKOH;0;20260414;141226;5450.0;14
LKOH;0;20260414;141227;5450.0;1
LKOH;0;20260414;141227;5450.0;1
LKOH;0;20260414;141231;5450.0;1
LKOH;0;20260414;141246;5450.0;7
LKOH;0;20260414;141247;5450.0;1
LKOH;0;20260414;141248;5450.5;12
LKOH;0;20260414;141248;5450.5;1
LKOH;0;20260414;141248;5450.5;1
LKOH;0;20260414;141248;5450.5;1
LKOH;0;20260414;141248;5450.5;8
LKOH;0;20260414;141248;5450.5;15
LKOH;0;20260414;141249;5450.0;2
LKOH;0;20260414;141249;5450.0;3
LKOH;0;20260414;141254;5450.0;2
LKOH;0;20260414;141256;5450.5;2
LKOH;0;20260414;141257;5450.0;5
LKOH;0;20260414;141302;5450.5;28
LKOH;0;20260414;141302;5450.5;12
LKOH;0;20260414;141302;5450.5;10
LKOH;0;20260414;141303;5450.0;4
LKOH;0;20260414;141303;5450.0;3
LKOH;0;20260414;141307;5450.5;2
LKOH;0;20260414;141317;5450.0;1
LKOH;0;20260414;141321;5450.0;100
LKOH;0;20260414;141322;5450.0;3
LKOH;0;20260414;141322;5450.0;5
LKOH;0;20260414;141322;5450.0;6
LKOH;0;20260414;141324;5450.0;3
LKOH;0;20260414;141324;5450.5;3
LKOH;0;20260414;141326;5450.5;1
LKOH;0;20260414;141329;5450.5;1
LKOH;0;20260414;141330;5450.0;1
LKOH;0;20260414;141330;5450.0;1
LKOH;0;20260414;141332;5450.5;17
LKOH;0;20260414;141332;5450.0;3
LKOH;0;20260414;141333;5450.0;1
LKOH;0;20260414;141333;5450.0;1
LKOH;0;20260414;141336;5450.5;1
LKOH;0;20260414;141336;5450.5;1
LKOH;0;20260414;141336;5451.0;1
LKOH;0;20260414;141336;5451.0;2
LKOH;0;20260414;141340;5450.0;50
LKOH;0;20260414;141341;5450.0;3
LKOH;0;20260414;141341;5450.0;3
LKOH;0;20260414;141342;5450.0;2
LKOH;0;20260414;141347;5451.0;2
LKOH;0;20260414;141347;5451.0;2
LKOH;0;20260414;141354;5450.5;2
LKOH;0;20260414;141357;5450.5;5
LKOH;0;20260414;141414;5450.5;1
LKOH;0;20260414;141416;5451.0;2
LKOH;0;20260414;141417;5450.5;1
LKOH;0;20260414;141417;5450.5;1
LKOH;0;20260414;141418;5451.0;1
LKOH;0;20260414;141420;5450.5;20
LKOH;0;20260414;141421;5451.0;5
LKOH;0;20260414;141421;5451.0;3
LKOH;0;20260414;141421;5451.0;2
LKOH;0;20260414;141421;5451.0;1
LKOH;0;20260414;141421;5451.5;4
LKOH;0;20260414;141421;5451.0;1
LKOH;0;20260414;141422;5451.5;1
LKOH;0;20260414;141422;5451.5;1
LKOH;0;20260414;141424;5451.5;3
LKOH;0;20260414;141425;5452.0;1
LKOH;0;20260414;141428;5452.0;1
LKOH;0;20260414;141432;5452.0;1
LKOH;0;20260414;141437;5452.0;1
LKOH;0;20260414;141437;5452.0;1
LKOH;0;20260414;141437;5452.0;1
LKOH;0;20260414;141437;5452.5;1
LKOH;0;20260414;141439;5452.5;1
LKOH;0;20260414;141442;5452.0;1
LKOH;0;20260414;141445;5452.5;10
LKOH;0;20260414;141446;5452.0;1
LKOH;0;20260414;141446;5452.0;1
LKOH;0;20260414;141451;5452.5;1
LKOH;0;20260414;141454;5452.5;2
LKOH;0;20260414;141457;5452.5;5
LKOH;0;20260414;141500;5453.0;1
LKOH;0;20260414;141518;5452.5;1
LKOH;0;20260414;141518;5452.5;1
LKOH;0;20260414;141518;5452.5;27
LKOH;0;20260414;141519;5452.5;2
LKOH;0;20260414;141519;5452.5;1
LKOH;0;20260414;141519;5452.5;1
LKOH;0;20260414;141524;5452.5;3
LKOH;0;20260414;141526;5453.0;1
LKOH;0;20260414;141538;5452.5;1
LKOH;0;20260414;141554;5452.5;2
LKOH;0;20260414;141557;5452.5;5
LKOH;0;20260414;141558;5453.0;1
LKOH;0;20260414;141558;5453.0;2
LKOH;0;20260414;141558;5453.0;1
LKOH;0;20260414;141558;5453.0;1
LKOH;0;20260414;141558;5453.0;1
LKOH;0;20260414;141558;5452.5;1
LKOH;0;20260414;141558;5452.5;1
LKOH;0;20260414;141614;5453.0;1
LKOH;0;20260414;141617;5453.0;1
LKOH;0;20260414;141620;5453.0;3
LKOH;0;20260414;141620;5453.0;1
LKOH;0;20260414;141620;5453.0;1
LKOH;0;20260414;141620;5453.5;1
LKOH;0;20260414;141620;5453.5;1
LKOH;0;20260414;141620;5453.5;3
LKOH;0;20260414;141621;5452.5;1
LKOH;0;20260414;141621;5452.5;1
LKOH;0;20260414;141624;5452.5;3
LKOH;0;20260414;141628;5453.0;1
LKOH;0;20260414;141633;5453.0;1
LKOH;0;20260414;141644;5453.0;1
LKOH;0;20260414;141645;5453.0;1
LKOH;0;20260414;141645;5453.0;1
LKOH;0;20260414;141645;5452.5;2
LKOH;0;20260414;141649;5453.0;1
LKOH;0;20260414;141654;5452.5;2
LKOH;0;20260414;141657;5452.5;5
LKOH;0;20260414;141658;5452.5;1
LKOH;0;20260414;141658;5452.5;1
LKOH;0;20260414;141702;5452.5;1
LKOH;0;20260414;141702;5453.0;1
LKOH;0;20260414;141717;5453.0;1
LKOH;0;20260414;141719;5452.5;3
LKOH;0;20260414;141721;5453.0;1
LKOH;0;20260414;141724;5452.5;3
LKOH;0;20260414;141725;5453.0;1
LKOH;0;20260414;141726;5453.0;1
LKOH;0;20260414;141728;5452.5;7
LKOH;0;20260414;141729;5452.5;1
LKOH;0;20260414;141729;5452.5;1
LKOH;0;20260414;141731;5452.5;14
LKOH;0;20260414;141733;5453.0;1
LKOH;0;20260414;141754;5452.5;2
LKOH;0;20260414;141755;5452.5;1
LKOH;0;20260414;141755;5452.5;1
LKOH;0;20260414;141757;5452.5;5
LKOH;0;20260414;141802;5452.5;30
LKOH;0;20260414;141803;5453.0;1
LKOH;0;20260414;141803;5452.5;1
LKOH;0;20260414;141803;5452.5;2
LKOH;0;20260414;141805;5453.0;1
LKOH;0;20260414;141812;5452.5;6
LKOH;0;20260414;141820;5452.5;4
LKOH;0;20260414;141821;5452.5;1
LKOH;0;20260414;141821;5452.5;1
LKOH;0;20260414;141823;5452.5;5
LKOH;0;20260414;141824;5452.0;1
LKOH;0;20260414;141824;5452.0;2
LKOH;0;20260414;141830;5451.5;1
LKOH;0;20260414;141830;5451.5;17
LKOH;0;20260414;141831;5451.5;2
LKOH;0;20260414;141831;5451.5;1
LKOH;0;20260414;141832;5451.5;20
LKOH;0;20260414;141832;5451.5;1
LKOH;0;20260414;141832;5451.0;1
LKOH;0;20260414;141832;5451.0;222
LKOH;0;20260414;141832;5451.0;6
LKOH;0;20260414;141833;5451.0;11
LKOH;0;20260414;141833;5451.0;2
LKOH;0;20260414;141833;5451.0;14
LKOH;0;20260414;141833;5451.5;1
LKOH;0;20260414;141833;5450.5;1
LKOH;0;20260414;141833;5450.5;1
LKOH;0;20260414;141833;5450.5;3
LKOH;0;20260414;141846;5450.5;250
LKOH;0;20260414;141847;5450.5;14
LKOH;0;20260414;141847;5450.5;15
LKOH;0;20260414;141850;5450.5;1
LKOH;0;20260414;141850;5450.5;4
LKOH;0;20260414;141852;5450.5;39
LKOH;0;20260414;141852;5450.5;1
LKOH;0;20260414;141853;5450.5;2
LKOH;0;20260414;141853;5450.5;3
LKOH;0;20260414;141853;5450.5;1
LKOH;0;20260414;141854;5450.5;2
LKOH;0;20260414;141857;5450.5;5
LKOH;0;20260414;141903;5450.5;47
LKOH;0;20260414;141904;5450.5;3
LKOH;0;20260414;141904;5450.5;3
LKOH;0;20260414;141909;5451.0;1
LKOH;0;20260414;141913;5450.5;15
LKOH;0;20260414;141914;5450.5;1
LKOH;0;20260414;141914;5450.5;1
LKOH;0;20260414;141922;5450.5;1
LKOH;0;20260414;141922;5451.0;1
LKOH;0;20260414;141922;5451.0;4
LKOH;0;20260414;141924;5450.5;3
LKOH;0;20260414;141927;5450.5;15
LKOH;0;20260414;141928;5450.5;1
LKOH;0;20260414;141928;5450.5;1
LKOH;0;20260414;141929;5450.5;3
LKOH;0;20260414;141933;5450.5;7
LKOH;0;20260414;141933;5450.5;1
LKOH;0;20260414;141933;5450.5;8
LKOH;0;20260414;141934;5450.5;1
LKOH;0;20260414;141934;5450.5;2
LKOH;0;20260414;141935;5450.5;40
LKOH;0;20260414;141936;5450.5;2
LKOH;0;20260414;141936;5450.5;2
LKOH;0;20260414;141937;5451.0;1
LKOH;0;20260414;141943;5451.0;1
LKOH;0;20260414;141951;5451.0;3
LKOH;0;20260414;141954;5450.5;3
LKOH;0;20260414;141957;5450.5;6
LKOH;0;20260414;141958;5450.5;1
LKOH;0;20260414;141958;5450.5;1
LKOH;0;20260414;142003;5450.5;118
LKOH;0;20260414;142003;5450.5;1
LKOH;0;20260414;142003;5450.0;131
LKOH;0;20260414;142004;5450.0;14
LKOH;0;20260414;142004;5450.0;13
LKOH;0;20260414;142011;5450.5;1
LKOH;0;20260414;142011;5450.5;4
LKOH;0;20260414;142011;5450.5;12
LKOH;0;20260414;142011;5450.5;18
LKOH;0;20260414;142011;5450.5;15
LKOH;0;20260414;142012;5450.0;3
LKOH;0;20260414;142012;5450.0;3
LKOH;0;20260414;142013;5450.0;4
LKOH;0;20260414;142013;5450.0;200
LKOH;0;20260414;142013;5450.0;40
LKOH;0;20260414;142013;5450.0;1
LKOH;0;20260414;142013;5449.5;1
LKOH;0;20260414;142013;5449.5;1
LKOH;0;20260414;142013;5449.5;3
LKOH;0;20260414;142013;5447.5;18
LKOH;0;20260414;142013;5447.5;7
LKOH;0;20260414;142014;5447.5;1
LKOH;0;20260414;142014;5447.0;4
LKOH;0;20260414;142014;5447.0;8
LKOH;0;20260414;142014;5447.0;6
LKOH;0;20260414;142014;5447.0;12
LKOH;0;20260414;142014;5446.5;2
LKOH;0;20260414;142015;5446.5;1
LKOH;0;20260414;142015;5446.5;1
LKOH;0;20260414;142015;5446.5;2
LKOH;0;20260414;142016;5446.5;1
LKOH;0;20260414;142016;5446.5;1
LKOH;0;20260414;142017;5446.5;1
LKOH;0;20260414;142017;5446.5;1
LKOH;0;20260414;142017;5446.5;1
LKOH;0;20260414;142024;5446.5;2
LKOH;0;20260414;142029;5447.0;1
LKOH;0;20260414;142029;5447.0;4
LKOH;0;20260414;142033;5447.0;3
LKOH;0;20260414;142034;5446.5;1
LKOH;0;20260414;142034;5446.5;1
LKOH;0;20260414;142036;5447.0;1
LKOH;0;20260414;142043;5446.5;30
LKOH;0;20260414;142044;5446.5;1
LKOH;0;20260414;142044;5446.5;2
LKOH;0;20260414;142045;5446.5;19
LKOH;0;20260414;142046;5446.5;1
LKOH;0;20260414;142046;5446.5;1
LKOH;0;20260414;142047;5446.5;26
LKOH;0;20260414;142048;5446.5;1
LKOH;0;20260414;142048;5446.5;2
LKOH;0;20260414;142048;5446.5;2
LKOH;0;20260414;142054;5446.0;3
LKOH;0;20260414;142058;5446.0;2
LKOH;0;20260414;142058;5445.5;1
LKOH;0;20260414;142058;5445.0;1
LKOH;0;20260414;142058;5445.0;1
LKOH;0;20260414;142058;5445.0;9
LKOH;0;20260414;142058;5445.0;1
LKOH;0;20260414;142058;5445.0;66
LKOH;0;20260414;142058;5444.5;1
LKOH;0;20260414;142058;5444.0;1
LKOH;0;20260414;142058;5444.0;1
LKOH;0;20260414;142058;5444.0;6
LKOH;0;20260414;142058;5444.0;18
LKOH;0;20260414;142058;5444.0;50
LKOH;0;20260414;142058;5444.0;97
LKOH;0;20260414;142058;5443.5;2
LKOH;0;20260414;142059;5443.5;6
LKOH;0;20260414;142059;5443.5;8
LKOH;0;20260414;142059;5443.5;15
LKOH;0;20260414;142100;5444.0;1
LKOH;0;20260414;142101;5444.0;1
LKOH;0;20260414;142103;5444.0;1
LKOH;0;20260414;142107;5444.0;10
LKOH;0;20260414;142108;5443.5;1
LKOH;0;20260414;142108;5443.5;1
LKOH;0;20260414;142111;5444.0;1
LKOH;0;20260414;142112;5444.0;1
LKOH;0;20260414;142115;5443.5;3
LKOH;0;20260414;142115;5443.5;5
LKOH;0;20260414;142115;5443.5;5
LKOH;0;20260414;142115;5443.5;50
LKOH;0;20260414;142115;5443.5;27
LKOH;0;20260414;142115;5443.5;10
LKOH;0;20260414;142116;5443.5;5
LKOH;0;20260414;142116;5443.5;6
LKOH;0;20260414;142121;5443.5;1
LKOH;0;20260414;142121;5444.0;5
LKOH;0;20260414;142121;5444.0;5
LKOH;0;20260414;142121;5444.0;4
LKOH;0;20260414;142121;5444.5;1
LKOH;0;20260414;142122;5444.0;1
LKOH;0;20260414;142122;5444.0;1
LKOH;0;20260414;142124;5444.0;1
LKOH;0;20260414;142124;5444.0;1
LKOH;0;20260414;142138;5444.5;30
LKOH;0;20260414;142138;5444.5;12
LKOH;0;20260414;142138;5444.5;38
LKOH;0;20260414;142139;5444.5;5
LKOH;0;20260414;142139;5444.5;4
LKOH;0;20260414;142145;5445.0;5
LKOH;0;20260414;142145;5445.0;5
LKOH;0;20260414;142145;5444.5;21
LKOH;0;20260414;142146;5444.5;2
LKOH;0;20260414;142146;5444.5;1
LKOH;0;20260414;142147;5445.5;1
LKOH;0;20260414;142148;5445.0;1
LKOH;0;20260414;142154;5445.0;3
LKOH;0;20260414;142158;5444.5;5
LKOH;0;20260414;142159;5444.5;1
LKOH;0;20260414;142159;5444.5;1
LKOH;0;20260414;142201;5444.5;5
LKOH;0;20260414;142202;5444.5;17
LKOH;0;20260414;142202;5444.5;12
LKOH;0;20260414;142202;5444.5;25
LKOH;0;20260414;142202;5444.5;30
LKOH;0;20260414;142202;5444.5;2
LKOH;0;20260414;142203;5444.5;3
LKOH;0;20260414;142203;5444.5;2
LKOH;0;20260414;142203;5444.5;3
LKOH;0;20260414;142203;5444.5;2
LKOH;0;20260414;142218;5445.0;1
LKOH;0;20260414;142224;5444.5;2
LKOH;0;20260414;142225;5444.5;1
LKOH;0;20260414;142225;5444.5;1
LKOH;0;20260414;142235;5445.0;2
LKOH;0;20260414;142235;5445.0;1
LKOH;0;20260414;142236;5445.0;2
LKOH;0;20260414;142240;5445.0;2
LKOH;0;20260414;142244;5445.0;1
LKOH;0;20260414;142246;5445.0;22
LKOH;0;20260414;142247;5444.5;3
LKOH;0;20260414;142247;5444.5;2
LKOH;0;20260414;142247;5444.5;2
LKOH;0;20260414;142248;5444.5;1
LKOH;0;20260414;142248;5445.0;3
LKOH;0;20260414;142250;5445.0;1
LKOH;0;20260414;142254;5445.0;1
LKOH;0;20260414;142254;5444.5;3
LKOH;0;20260414;142255;5445.0;1
LKOH;0;20260414;142255;5444.5;1
LKOH;0;20260414;142255;5444.5;1
LKOH;0;20260414;142255;5444.0;2
LKOH;0;20260414;142255;5444.0;1
LKOH;0;20260414;142255;5444.0;1
LKOH;0;20260414;142255;5443.5;1
LKOH;0;20260414;142255;5443.5;1
LKOH;0;20260414;142255;5443.0;1
LKOH;0;20260414;142255;5443.0;17
LKOH;0;20260414;142256;5444.0;2
LKOH;0;20260414;142256;5443.5;2
LKOH;0;20260414;142258;5443.5;5
LKOH;0;20260414;142305;5444.0;30
LKOH;0;20260414;142305;5444.0;20
LKOH;0;20260414;142306;5443.5;3
LKOH;0;20260414;142306;5443.5;3
LKOH;0;20260414;142316;5443.5;9
LKOH;0;20260414;142316;5444.0;2
LKOH;0;20260414;142324;5443.5;12
LKOH;0;20260414;142324;5443.5;1
LKOH;0;20260414;142324;5443.5;1
LKOH;0;20260414;142325;5443.5;1
LKOH;0;20260414;142325;5443.5;2
LKOH;0;20260414;142333;5444.5;1
LKOH;0;20260414;142354;5443.5;3
LKOH;0;20260414;142358;5443.5;5
LKOH;0;20260414;142404;5443.5;24
LKOH;0;20260414;142405;5443.5;1
LKOH;0;20260414;142405;5443.5;2
LKOH;0;20260414;142409;5444.0;1
LKOH;0;20260414;142413;5444.0;1
LKOH;0;20260414;142413;5444.0;1
LKOH;0;20260414;142413;5444.0;1
LKOH;0;20260414;142421;5444.0;1
LKOH;0;20260414;142421;5444.0;1
LKOH;0;20260414;142424;5443.5;1
LKOH;0;20260414;142424;5443.5;1
LKOH;0;20260414;142431;5443.5;1
LKOH;0;20260414;142435;5444.5;1
LKOH;0;20260414;142435;5444.5;1
LKOH;0;20260414;142435;5444.5;3
LKOH;0;20260414;142436;5444.0;1
LKOH;0;20260414;142436;5443.5;1
LKOH;0;20260414;142442;5444.0;11
LKOH;0;20260414;142442;5444.0;30
LKOH;0;20260414;142442;5443.5;47
LKOH;0;20260414;142442;5443.5;30
LKOH;0;20260414;142442;5443.5;1
LKOH;0;20260414;142442;5443.5;1
LKOH;0;20260414;142442;5443.5;1
LKOH;0;20260414;142442;5443.5;15
LKOH;0;20260414;142442;5443.5;50
LKOH;0;20260414;142442;5443.5;1
LKOH;0;20260414;142442;5443.0;33
LKOH;0;20260414;142442;5443.0;1
LKOH;0;20260414;142442;5443.0;2
LKOH;0;20260414;142442;5443.0;60
LKOH;0;20260414;142442;5443.0;30
LKOH;0;20260414;142442;5443.0;15
LKOH;0;20260414;142443;5443.0;18
LKOH;0;20260414;142443;5443.0;18
LKOH;0;20260414;142454;5443.0;3
LKOH;0;20260414;142458;5443.0;5
LKOH;0;20260414;142503;5443.0;6
LKOH;0;20260414;142503;5443.0;1
LKOH;0;20260414;142503;5443.0;1
LKOH;0;20260414;142504;5442.5;1
LKOH;0;20260414;142504;5442.5;1
LKOH;0;20260414;142507;5443.0;1
LKOH;0;20260414;142524;5442.5;2
LKOH;0;20260414;142529;5443.0;10
LKOH;0;20260414;142530;5442.5;1
LKOH;0;20260414;142530;5442.5;1
LKOH;0;20260414;142535;5442.5;17
LKOH;0;20260414;142536;5442.5;1
LKOH;0;20260414;142536;5442.5;1
LKOH;0;20260414;142537;5443.0;1
LKOH;0;20260414;142550;5443.5;1
LKOH;0;20260414;142552;5442.5;54
LKOH;0;20260414;142552;5443.5;3
LKOH;0;20260414;142553;5442.5;3
LKOH;0;20260414;142553;5442.5;3
LKOH;0;20260414;142554;5442.5;3
LKOH;0;20260414;142558;5442.5;5
LKOH;0;20260414;142603;5443.0;4
LKOH;0;20260414;142610;5443.0;1
LKOH;0;20260414;142610;5442.5;21
LKOH;0;20260414;142610;5442.5;1
LKOH;0;20260414;142611;5442.5;1
LKOH;0;20260414;142611;5442.5;1
LKOH;0;20260414;142611;5443.0;1
LKOH;0;20260414;142612;5442.5;1
LKOH;0;20260414;142612;5442.5;1
LKOH;0;20260414;142616;5442.5;8
LKOH;0;20260414;142618;5443.0;1
LKOH;0;20260414;142624;5442.5;2
LKOH;0;20260414;142633;5443.0;3
LKOH;0;20260414;142634;5442.5;1
LKOH;0;20260414;142634;5442.5;1
LKOH;0;20260414;142653;5443.0;44
LKOH;0;20260414;142653;5443.0;10
LKOH;0;20260414;142653;5443.0;22
LKOH;0;20260414;142653;5442.5;4
LKOH;0;20260414;142653;5442.5;4
LKOH;0;20260414;142654;5442.5;3
LKOH;0;20260414;142655;5442.5;2
LKOH;0;20260414;142658;5442.5;5
LKOH;0;20260414;142659;5443.0;2
LKOH;0;20260414;142707;5442.5;29
LKOH;0;20260414;142708;5442.5;2
LKOH;0;20260414;142708;5442.5;3
LKOH;0;20260414;142712;5443.0;1
LKOH;0;20260414;142713;5443.0;1
LKOH;0;20260414;142714;5443.0;2
LKOH;0;20260414;142718;5442.5;5
LKOH;0;20260414;142718;5442.5;3
LKOH;0;20260414;142724;5442.5;2
LKOH;0;20260414;142747;5442.5;2
LKOH;0;20260414;142754;5442.5;2
LKOH;0;20260414;142754;5442.5;1
LKOH;0;20260414;142755;5442.5;1
LKOH;0;20260414;142755;5442.5;1
LKOH;0;20260414;142758;5442.5;1
LKOH;0;20260414;142758;5442.0;1
LKOH;0;20260414;142758;5442.0;1
LKOH;0;20260414;142758;5442.0;2
LKOH;0;20260414;142758;5442.0;30
LKOH;0;20260414;142758;5442.0;10
LKOH;0;20260414;142758;5442.0;1
LKOH;0;20260414;142758;5442.0;1
LKOH;0;20260414;142758;5442.0;18
LKOH;0;20260414;142758;5442.0;13
LKOH;0;20260414;142758;5442.0;1
LKOH;0;20260414;142759;5441.5;4
LKOH;0;20260414;142759;5441.0;4
LKOH;0;20260414;142814;5440.5;1
LKOH;0;20260414;142814;5440.5;18
LKOH;0;20260414;142814;5440.5;1
LKOH;0;20260414;142814;5440.5;1
LKOH;0;20260414;142815;5441.0;1
LKOH;0;20260414;142815;5440.5;2
LKOH;0;20260414;142824;5440.5;2
LKOH;0;20260414;142830;5440.5;3
LKOH;0;20260414;142842;5441.5;1
LKOH;0;20260414;142842;5441.5;3
LKOH;0;20260414;142843;5441.5;1
LKOH;0;20260414;142851;5441.0;3
LKOH;0;20260414;142854;5441.0;3
LKOH;0;20260414;142855;5441.5;6
LKOH;0;20260414;142855;5441.0;1
LKOH;0;20260414;142855;5441.0;1
LKOH;0;20260414;142858;5441.0;5
LKOH;0;20260414;142858;5441.0;10
LKOH;0;20260414;142859;5441.0;1
LKOH;0;20260414;142859;5441.0;1
LKOH;0;20260414;142901;5441.5;1
LKOH;0;20260414;142906;5441.5;1
LKOH;0;20260414;142906;5441.5;1
LKOH;0;20260414;142910;5441.0;1
LKOH;0;20260414;142914;5441.5;1
LKOH;0;20260414;142925;5441.0;2
LKOH;0;20260414;142925;5441.5;10
LKOH;0;20260414;142926;5441.0;1
LKOH;0;20260414;142926;5441.0;1
LKOH;0;20260414;142938;5441.5;1
LKOH;0;20260414;142939;5441.5;1
LKOH;0;20260414;142939;5441.0;1
LKOH;0;20260414;142955;5441.0;3
LKOH;0;20260414;142958;5441.0;2
LKOH;0;20260414;142958;5441.0;3
LKOH;0;20260414;143002;5441.0;1
LKOH;0;20260414;143002;5441.0;1
LKOH;0;20260414;143005;5441.5;6
LKOH;0;20260414;143006;5441.5;22
LKOH;0;20260414;143006;5441.5;1
LKOH;0;20260414;143006;5441.5;1
LKOH;0;20260414;143007;5442.5;1
LKOH;0;20260414;143007;5442.5;1
LKOH;0;20260414;143020;5442.5;2
LKOH;0;20260414;143022;5443.0;6
LKOH;0;20260414;143022;5443.0;6
LKOH;0;20260414;143023;5442.5;1
LKOH;0;20260414;143023;5442.5;1
LKOH;0;20260414;143023;5443.0;2
LKOH;0;20260414;143023;5443.0;2
LKOH;0;20260414;143024;5443.0;5
LKOH;0;20260414;143024;5443.0;1
LKOH;0;20260414;143024;5443.5;1
LKOH;0;20260414;143025;5443.0;2
LKOH;0;20260414;143025;5443.5;5
LKOH;0;20260414;143026;5443.0;1
LKOH;0;20260414;143026;5443.0;1
LKOH;0;20260414;143038;5443.0;2
LKOH;0;20260414;143051;5443.5;1
LKOH;0;20260414;143055;5443.0;3
LKOH;0;20260414;143058;5443.0;5
LKOH;0;20260414;143059;5443.5;1
LKOH;0;20260414;143101;5443.5;23
LKOH;0;20260414;143102;5444.0;2
LKOH;0;20260414;143102;5444.0;2
LKOH;0;20260414;143103;5444.5;1
LKOH;0;20260414;143104;5444.0;3
LKOH;0;20260414;143117;5444.5;2
LKOH;0;20260414;143117;5444.5;1
LKOH;0;20260414;143117;5444.5;1
LKOH;0;20260414;143117;5445.0;1
LKOH;0;20260414;143117;5445.0;1
LKOH;0;20260414;143117;5445.0;1
LKOH;0;20260414;143117;5445.0;3
LKOH;0;20260414;143117;5445.0;2
LKOH;0;20260414;143118;5445.0;1
LKOH;0;20260414;143118;5445.0;1
LKOH;0;20260414;143125;5445.0;2
LKOH;0;20260414;143128;5445.5;1
LKOH;0;20260414;143129;5445.5;1
LKOH;0;20260414;143129;5445.5;1
LKOH;0;20260414;143131;5445.5;1
LKOH;0;20260414;143154;5445.5;1
LKOH;0;20260414;143155;5445.0;3
LKOH;0;20260414;143157;5445.0;1
LKOH;0;20260414;143158;5445.0;5
LKOH;0;20260414;143159;5445.5;2
LKOH;0;20260414;143200;5445.0;1
LKOH;0;20260414;143200;5445.0;1
LKOH;0;20260414;143201;5445.0;2
LKOH;0;20260414;143203;5445.5;1
LKOH;0;20260414;143206;5445.5;10
LKOH;0;20260414;143219;5445.5;50
LKOH;0;20260414;143219;5445.5;26
LKOH;0;20260414;143219;5445.5;2
LKOH;0;20260414;143220;5445.0;26
LKOH;0;20260414;143220;5445.0;5
LKOH;0;20260414;143220;5445.0;5
LKOH;0;20260414;143221;5445.0;1
LKOH;0;20260414;143221;5445.0;1
LKOH;0;20260414;143225;5445.0;2
LKOH;0;20260414;143227;5445.0;1
LKOH;0;20260414;143230;5445.0;1
LKOH;0;20260414;143233;5445.0;1
LKOH;0;20260414;143243;5445.0;1
LKOH;0;20260414;143245;5445.5;1
LKOH;0;20260414;143245;5445.5;1
LKOH;0;20260414;143245;5445.5;1
LKOH;0;20260414;143245;5445.5;2
LKOH;0;20260414;143246;5445.0;1
LKOH;0;20260414;143246;5445.0;1
LKOH;0;20260414;143250;5445.5;1
LKOH;0;20260414;143253;5445.5;2
LKOH;0;20260414;143255;5445.0;3
LKOH;0;20260414;143258;5445.0;6
LKOH;0;20260414;143307;5445.5;4
LKOH;0;20260414;143308;5445.0;1
LKOH;0;20260414;143308;5445.0;1
LKOH;0;20260414;143308;5445.5;1
LKOH;0;20260414;143316;5445.5;1
LKOH;0;20260414;143325;5445.0;2
LKOH;0;20260414;143327;5445.0;17
LKOH;0;20260414;143328;5445.0;1
LKOH;0;20260414;143328;5445.0;1
LKOH;0;20260414;143337;5445.5;1
LKOH;0;20260414;143341;5445.5;2
LKOH;0;20260414;143341;5445.0;18
LKOH;0;20260414;143342;5445.0;1
LKOH;0;20260414;143342;5445.0;1
LKOH;0;20260414;143355;5445.0;3
LKOH;0;20260414;143358;5445.0;5
LKOH;0;20260414;143411;5445.5;1
LKOH;0;20260414;143419;5445.5;17
LKOH;0;20260414;143419;5445.5;14
LKOH;0;20260414;143419;5445.5;4
LKOH;0;20260414;143419;5446.0;1
LKOH;0;20260414;143419;5446.0;1
LKOH;0;20260414;143419;5446.0;5
LKOH;0;20260414;143419;5446.0;2
LKOH;0;20260414;143419;5446.0;2
LKOH;0;20260414;143419;5446.0;1
LKOH;0;20260414;143419;5446.0;1
LKOH;0;20260414;143419;5446.5;1
LKOH;0;20260414;143419;5446.5;3
LKOH;0;20260414;143419;5447.0;18
LKOH;0;20260414;143419;5447.0;9
LKOH;0;20260414;143419;5447.0;43
LKOH;0;20260414;143419;5447.0;7
LKOH;0;20260414;143419;5447.0;2
LKOH;0;20260414;143419;5447.0;33
LKOH;0;20260414;143419;5447.0;19
LKOH;0;20260414;143419;5447.0;21
LKOH;0;20260414;143419;5447.0;26
LKOH;0;20260414;143419;5446.5;7
LKOH;0;20260414;143419;5447.5;4
LKOH;0;20260414;143419;5447.5;31
LKOH;0;20260414;143419;5447.5;33
LKOH;0;20260414;143419;5447.5;1
LKOH;0;20260414;143419;5447.5;20
LKOH;0;20260414;143419;5447.5;33
LKOH;0;20260414;143419;5447.5;5
LKOH;0;20260414;143419;5448.0;2
LKOH;0;20260414;143419;5448.0;33
LKOH;0;20260414;143419;5448.0;4
LKOH;0;20260414;143419;5448.0;1
LKOH;0;20260414;143419;5448.5;29
LKOH;0;20260414;143419;5447.5;13
LKOH;0;20260414;143419;5448.0;13
LKOH;0;20260414;143419;5448.5;2
LKOH;0;20260414;143419;5448.5;48
LKOH;0;20260414;143419;5447.5;1
LKOH;0;20260414;143419;5448.0;1
LKOH;0;20260414;143419;5448.0;3
LKOH;0;20260414;143419;5448.0;16
LKOH;0;20260414;143419;5448.0;16
LKOH;0;20260414;143419;5448.5;40
LKOH;0;20260414;143420;5448.5;12
LKOH;0;20260414;143420;5448.5;33
LKOH;0;20260414;143420;5448.5;1
LKOH;0;20260414;143420;5448.5;1
LKOH;0;20260414;143420;5448.5;5
LKOH;0;20260414;143420;5448.5;2
LKOH;0;20260414;143420;5448.5;7
LKOH;0;20260414;143420;5448.5;7
LKOH;0;20260414;143420;5448.5;1
LKOH;0;20260414;143420;5449.0;7
LKOH;0;20260414;143420;5448.5;33
LKOH;0;20260414;143420;5448.5;8
LKOH;0;20260414;143420;5448.5;18
LKOH;0;20260414;143420;5448.5;17
LKOH;0;20260414;143421;5448.0;8
LKOH;0;20260414;143422;5448.0;8
LKOH;0;20260414;143422;5448.0;8
LKOH;0;20260414;143422;5448.5;1
LKOH;0;20260414;143425;5448.0;2
LKOH;0;20260414;143430;5448.5;28
LKOH;0;20260414;143430;5448.0;2
LKOH;0;20260414;143430;5448.0;2
LKOH;0;20260414;143445;5448.5;1
LKOH;0;20260414;143448;5448.0;1
LKOH;0;20260414;143449;5448.5;3
LKOH;0;20260414;143450;5448.0;25
LKOH;0;20260414;143451;5448.0;1
LKOH;0;20260414;143451;5448.0;2
LKOH;0;20260414;143453;5448.0;163
LKOH;0;20260414;143453;5448.0;222
LKOH;0;20260414;143453;5448.0;45
LKOH;0;20260414;143454;5448.0;21
LKOH;0;20260414;143454;5448.0;22
LKOH;0;20260414;143455;5448.0;3
LKOH;0;20260414;143455;5448.0;1
LKOH;0;20260414;143455;5448.0;2
LKOH;0;20260414;143456;5448.0;1
LKOH;0;20260414;143456;5448.0;1
LKOH;0;20260414;143458;5446.0;1
LKOH;0;20260414;143458;5445.5;5
LKOH;0;20260414;143508;5446.0;1
LKOH;0;20260414;143509;5445.5;2
LKOH;0;20260414;143515;5445.5;1
LKOH;0;20260414;143525;5445.5;2
LKOH;0;20260414;143526;5445.5;1
LKOH;0;20260414;143526;5445.5;1
LKOH;0;20260414;143532;5445.5;1
LKOH;0;20260414;143533;5446.0;1
LKOH;0;20260414;143537;5445.5;1
LKOH;0;20260414;143545;5446.0;49
LKOH;0;20260414;143545;5446.0;1
LKOH;0;20260414;143545;5446.0;1
LKOH;0;20260414;143545;5446.0;10
LKOH;0;20260414;143545;5446.0;10
LKOH;0;20260414;143545;5446.0;5
LKOH;0;20260414;143545;5446.0;1
LKOH;0;20260414;143545;5446.0;8
LKOH;0;20260414;143545;5446.0;21
LKOH;0;20260414;143546;5445.5;3
LKOH;0;20260414;143546;5445.5;4
LKOH;0;20260414;143546;5446.0;2
LKOH;0;20260414;143546;5446.0;2
LKOH;0;20260414;143549;5446.5;1
LKOH;0;20260414;143549;5446.5;1
LKOH;0;20260414;143549;5446.5;50
LKOH;0;20260414;143550;5446.5;1
LKOH;0;20260414;143550;5446.5;2
LKOH;0;20260414;143550;5446.5;4
LKOH;0;20260414;143555;5446.5;3
LKOH;0;20260414;143558;5446.5;5
LKOH;0;20260414;143619;5446.5;1
LKOH;0;20260414;143624;5446.0;1
LKOH;0;20260414;143624;5446.0;1
LKOH;0;20260414;143624;5446.0;1
LKOH;0;20260414;143624;5446.0;7
LKOH;0;20260414;143625;5446.0;1
LKOH;0;20260414;143625;5446.0;1
LKOH;0;20260414;143625;5446.0;2
LKOH;0;20260414;143634;5446.5;1
LKOH;0;20260414;143634;5446.5;2
LKOH;0;20260414;143641;5446.0;1
LKOH;0;20260414;143641;5446.0;36
LKOH;0;20260414;143642;5446.0;2
LKOH;0;20260414;143642;5446.0;2
LKOH;0;20260414;143645;5446.5;1
LKOH;0;20260414;143645;5446.5;1
LKOH;0;20260414;143645;5446.5;61
LKOH;0;20260414;143645;5446.5;13
LKOH;0;20260414;143646;5446.0;4
LKOH;0;20260414;143646;5446.0;5
LKOH;0;20260414;143655;5446.0;3
LKOH;0;20260414;143658;5446.0;5
LKOH;0;20260414;143701;5446.0;1
LKOH;0;20260414;143701;5446.5;3
LKOH;0;20260414;143706;5446.5;1
LKOH;0;20260414;143716;5446.0;1
LKOH;0;20260414;143717;5446.0;1
LKOH;0;20260414;143725;5446.0;2
LKOH;0;20260414;143725;5446.5;1
LKOH;0;20260414;143726;5446.0;1
LKOH;0;20260414;143726;5446.0;1
LKOH;0;20260414;143747;5446.0;1
LKOH;0;20260414;143748;5446.0;1
LKOH;0;20260414;143755;5446.0;3
LKOH;0;20260414;143756;5446.0;1
LKOH;0;20260414;143758;5446.0;1
LKOH;0;20260414;143758;5446.0;5
LKOH;0;20260414;143809;5446.0;23
LKOH;0;20260414;143810;5446.0;2
LKOH;0;20260414;143810;5445.0;4
LKOH;0;20260414;143810;5444.0;1
LKOH;0;20260414;143810;5443.5;1
LKOH;0;20260414;143810;5443.0;2
LKOH;0;20260414;143810;5443.0;1
LKOH;0;20260414;143810;5443.0;2
LKOH;0;20260414;143810;5443.0;1
LKOH;0;20260414;143810;5443.0;12
LKOH;0;20260414;143811;5443.0;15
LKOH;0;20260414;143811;5443.0;15
LKOH;0;20260414;143811;5443.0;15
LKOH;0;20260414;143811;5443.0;1
LKOH;0;20260414;143811;5443.0;1
LKOH;0;20260414;143811;5443.0;15
LKOH;0;20260414;143812;5443.0;15
LKOH;0;20260414;143812;5443.0;2
LKOH;0;20260414;143812;5443.0;3
LKOH;0;20260414;143813;5443.0;1
LKOH;0;20260414;143813;5443.0;2
LKOH;0;20260414;143818;5443.5;1
LKOH;0;20260414;143820;5443.0;2
LKOH;0;20260414;143820;5443.5;2
LKOH;0;20260414;143821;5443.5;1
LKOH;0;20260414;143823;5443.5;1
LKOH;0;20260414;143823;5443.5;6
LKOH;0;20260414;143824;5443.0;1
LKOH;0;20260414;143824;5443.0;1
LKOH;0;20260414;143825;5443.0;2
LKOH;0;20260414;143831;5443.5;1
LKOH;0;20260414;143834;5443.5;18
LKOH;0;20260414;143834;5443.5;4
LKOH;0;20260414;143834;5443.5;10
LKOH;0;20260414;143834;5443.5;50
LKOH;0;20260414;143834;5443.5;15
LKOH;0;20260414;143834;5443.5;1
LKOH;0;20260414;143834;5443.5;9
LKOH;0;20260414;143834;5444.0;9
LKOH;0;20260414;143834;5444.0;1
LKOH;0;20260414;143834;5444.0;30
LKOH;0;20260414;143834;5444.0;33
LKOH;0;20260414;143834;5444.0;6
LKOH;0;20260414;143835;5443.0;10
LKOH;0;20260414;143835;5443.0;11
LKOH;0;20260414;143840;5443.5;1
LKOH;0;20260414;143855;5443.0;3
LKOH;0;20260414;143858;5443.0;5
LKOH;0;20260414;143859;5443.5;9
LKOH;0;20260414;143900;5443.0;1
LKOH;0;20260414;143900;5443.0;1
LKOH;0;20260414;143904;5443.0;10
LKOH;0;20260414;143904;5443.5;1
LKOH;0;20260414;143912;5443.5;1
LKOH;0;20260414;143916;5443.0;19
LKOH;0;20260414;143917;5443.0;1
LKOH;0;20260414;143917;5443.0;2
LKOH;0;20260414;143925;5443.0;2
LKOH;0;20260414;143926;5443.0;13
LKOH;0;20260414;143927;5443.0;1
LKOH;0;20260414;143927;5443.0;1
LKOH;0;20260414;143933;5443.5;1
LKOH;0;20260414;143947;5443.0;17
LKOH;0;20260414;143947;5443.0;1
LKOH;0;20260414;143947;5443.0;1
LKOH;0;20260414;143947;5443.0;1
LKOH;0;20260414;143947;5443.0;16
LKOH;0;20260414;143948;5443.0;2
LKOH;0;20260414;143948;5443.0;2
LKOH;0;20260414;143950;5443.5;3
LKOH;0;20260414;143954;5443.5;2
LKOH;0;20260414;143955;5443.0;3
LKOH;0;20260414;143959;5443.0;5
LKOH;0;20260414;143959;5443.0;1
LKOH;0;20260414;144000;5443.0;1
LKOH;0;20260414;144024;5443.5;1
LKOH;0;20260414;144025;5443.0;3
LKOH;0;20260414;144030;5443.5;1
LKOH;0;20260414;144037;5443.5;1
LKOH;0;20260414;144046;5443.5;1
LKOH;0;20260414;144047;5443.5;1
LKOH;0;20260414;144055;5443.0;29
LKOH;0;20260414;144055;5443.0;2
LKOH;0;20260414;144056;5443.0;2
LKOH;0;20260414;144056;5443.0;2
LKOH;0;20260414;144059;5443.0;5
LKOH;0;20260414;144100;5443.5;2
LKOH;0;20260414;144106;5443.0;4
LKOH;0;20260414;144107;5443.5;1
LKOH;0;20260414;144110;5443.0;1
LKOH;0;20260414;144113;5443.0;1
LKOH;0;20260414;144123;5443.5;1
LKOH;0;20260414;144124;5443.0;1
LKOH;0;20260414;144124;5443.0;1
LKOH;0;20260414;144125;5443.0;3
LKOH;0;20260414;144147;5443.5;5
LKOH;0;20260414;144151;5443.5;2
LKOH;0;20260414;144155;5443.0;2
LKOH;0;20260414;144159;5443.0;5
LKOH;0;20260414;144203;5443.5;1
LKOH;0;20260414;144204;5443.0;1
LKOH;0;20260414;144204;5443.0;1
LKOH;0;20260414;144205;5443.0;28
LKOH;0;20260414;144206;5443.0;1
LKOH;0;20260414;144206;5443.0;2
LKOH;0;20260414;144217;5443.5;1
LKOH;0;20260414;144225;5443.0;3
LKOH;0;20260414;144230;5443.5;2
LKOH;0;20260414;144231;5443.5;2
LKOH;0;20260414;144251;5443.5;4
LKOH;0;20260414;144255;5443.0;2
LKOH;0;20260414;144256;5443.5;1
LKOH;0;20260414;144257;5443.5;2
LKOH;0;20260414;144258;5443.0;1
LKOH;0;20260414;144258;5443.0;1
LKOH;0;20260414;144259;5443.0;5
LKOH;0;20260414;144303;5443.5;10
LKOH;0;20260414;144312;5443.0;21
LKOH;0;20260414;144313;5443.0;2
LKOH;0;20260414;144313;5443.0;2
LKOH;0;20260414;144325;5443.0;3
LKOH;0;20260414;144340;5443.0;20
LKOH;0;20260414;144341;5443.0;1
LKOH;0;20260414;144341;5443.0;1
LKOH;0;20260414;144347;5443.0;1
LKOH;0;20260414;144351;5443.5;1
LKOH;0;20260414;144351;5443.5;14
LKOH;0;20260414;144352;5443.0;1
LKOH;0;20260414;144352;5443.0;1
LKOH;0;20260414;144354;5443.5;16
LKOH;0;20260414;144355;5443.0;1
LKOH;0;20260414;144355;5443.0;1
LKOH;0;20260414;144355;5443.0;2
LKOH;0;20260414;144357;5443.5;15
LKOH;0;20260414;144358;5443.0;1
LKOH;0;20260414;144358;5443.0;1
LKOH;0;20260414;144358;5443.5;1
LKOH;0;20260414;144359;5443.0;5
LKOH;0;20260414;144400;5443.5;4
LKOH;0;20260414;144400;5443.5;12
LKOH;0;20260414;144401;5443.0;1
LKOH;0;20260414;144401;5443.0;1
LKOH;0;20260414;144403;5443.5;13
LKOH;0;20260414;144403;5443.5;3
LKOH;0;20260414;144404;5443.0;1
LKOH;0;20260414;144404;5443.0;1
LKOH;0;20260414;144406;5444.0;1
LKOH;0;20260414;144406;5444.0;1
LKOH;0;20260414;144406;5444.0;13
LKOH;0;20260414;144409;5444.0;1
LKOH;0;20260414;144409;5444.5;2
LKOH;0;20260414;144409;5444.5;1
LKOH;0;20260414;144409;5444.5;12
LKOH;0;20260414;144410;5444.0;1
LKOH;0;20260414;144410;5444.0;2
LKOH;0;20260414;144413;5444.5;6
LKOH;0;20260414;144413;5444.5;9
LKOH;0;20260414;144413;5444.0;1
LKOH;0;20260414;144413;5444.0;1
LKOH;0;20260414;144416;5444.5;16
LKOH;0;20260414;144417;5444.0;1
LKOH;0;20260414;144417;5444.0;1
LKOH;0;20260414;144418;5444.5;1
LKOH;0;20260414;144419;5445.0;12
LKOH;0;20260414;144419;5445.0;4
LKOH;0;20260414;144420;5444.5;1
LKOH;0;20260414;144420;5444.5;1
LKOH;0;20260414;144421;5445.0;1
LKOH;0;20260414;144422;5445.0;15
LKOH;0;20260414;144423;5445.0;1
LKOH;0;20260414;144425;5445.0;16
LKOH;0;20260414;144425;5444.5;3
LKOH;0;20260414;144426;5444.5;1
LKOH;0;20260414;144426;5444.5;2
LKOH;0;20260414;144427;5445.0;3
LKOH;0;20260414;144428;5445.5;15
LKOH;0;20260414;144429;5445.0;1
LKOH;0;20260414;144429;5445.0;2
LKOH;0;20260414;144431;5447.0;16
LKOH;0;20260414;144435;5447.0;16
LKOH;0;20260414;144436;5446.5;1
LKOH;0;20260414;144436;5446.5;2
LKOH;0;20260414;144438;5447.0;1
LKOH;0;20260414;144438;5447.5;14
LKOH;0;20260414;144438;5447.0;18
LKOH;0;20260414;144439;5446.5;1
LKOH;0;20260414;144439;5446.5;1
LKOH;0;20260414;144440;5446.5;1
LKOH;0;20260414;144440;5446.5;1
LKOH;0;20260414;144440;5446.5;10
LKOH;0;20260414;144441;5447.0;1
LKOH;0;20260414;144441;5447.5;1
LKOH;0;20260414;144441;5447.5;14
LKOH;0;20260414;144442;5447.0;2
LKOH;0;20260414;144442;5447.0;1
LKOH;0;20260414;144443;5447.0;219
LKOH;0;20260414;144443;5447.0;10
LKOH;0;20260414;144443;5447.0;1
LKOH;0;20260414;144443;5447.0;58
LKOH;0;20260414;144443;5447.0;18
LKOH;0;20260414;144443;5447.0;18
LKOH;0;20260414;144443;5447.0;18
LKOH;0;20260414;144443;5447.0;26
LKOH;0;20260414;144443;5446.5;13
LKOH;0;20260414;144443;5446.5;1
LKOH;0;20260414;144443;5446.5;18
LKOH;0;20260414;144444;5447.0;22
LKOH;0;20260414;144444;5447.0;22
LKOH;0;20260414;144444;5447.5;1
LKOH;0;20260414;144444;5447.5;14
LKOH;0;20260414;144445;5447.0;1
LKOH;0;20260414;144445;5447.0;1
LKOH;0;20260414;144446;5447.5;1
LKOH;0;20260414;144447;5447.5;16
LKOH;0;20260414;144447;5447.5;19
LKOH;0;20260414;144447;5447.5;50
LKOH;0;20260414;144447;5447.5;1
LKOH;0;20260414;144448;5447.5;1
LKOH;0;20260414;144449;5447.5;3
LKOH;0;20260414;144449;5447.5;4
LKOH;0;20260414;144450;5448.0;11
LKOH;0;20260414;144450;5448.0;5
LKOH;0;20260414;144451;5447.5;1
LKOH;0;20260414;144451;5447.5;1
LKOH;0;20260414;144455;5448.0;2
LKOH;0;20260414;144458;5448.0;1
LKOH;0;20260414;144459;5448.0;5
LKOH;0;20260414;144511;5448.5;1
LKOH;0;20260414;144511;5448.5;1
LKOH;0;20260414;144511;5448.5;1
LKOH;0;20260414;144511;5448.5;1
LKOH;0;20260414;144511;5448.5;1
LKOH;0;20260414;144511;5448.5;50
LKOH;0;20260414;144512;5448.5;3
LKOH;0;20260414;144512;5448.5;4
LKOH;0;20260414;144513;5449.0;23
LKOH;0;20260414;144513;5449.0;50
LKOH;0;20260414;144513;5449.0;1
LKOH;0;20260414;144513;5449.0;1
LKOH;0;20260414;144513;5449.5;2
LKOH;0;20260414;144513;5449.5;1
LKOH;0;20260414;144513;5449.5;1
LKOH;0;20260414;144513;5449.5;50
LKOH;0;20260414;144513;5449.5;19
LKOH;0;20260414;144514;5449.5;2
LKOH;0;20260414;144514;5449.5;5
LKOH;0;20260414;144514;5449.5;1
LKOH;0;20260414;144514;5449.0;1
LKOH;0;20260414;144514;5449.0;3
LKOH;0;20260414;144514;5449.0;4
LKOH;0;20260414;144515;5449.0;4
LKOH;0;20260414;144515;5449.0;5
LKOH;0;20260414;144521;5450.0;1
LKOH;0;20260414;144521;5450.0;11
LKOH;0;20260414;144521;5450.0;25
LKOH;0;20260414;144521;5450.0;7
LKOH;0;20260414;144521;5450.0;6
LKOH;0;20260414;144521;5450.0;6
LKOH;0;20260414;144521;5450.0;2
LKOH;0;20260414;144521;5450.0;1
LKOH;0;20260414;144521;5450.0;1
LKOH;0;20260414;144521;5450.0;33
LKOH;0;20260414;144521;5450.0;23
LKOH;0;20260414;144521;5450.5;1
LKOH;0;20260414;144521;5450.5;50
LKOH;0;20260414;144521;5450.5;6
LKOH;0;20260414;144521;5450.5;1
LKOH;0;20260414;144521;5450.5;1
LKOH;0;20260414;144521;5450.5;1
LKOH;0;20260414;144521;5450.5;1
LKOH;0;20260414;144521;5450.5;6
LKOH;0;20260414;144521;5450.5;1
LKOH;0;20260414;144521;5450.5;50
LKOH;0;20260414;144521;5451.0;1
LKOH;0;20260414;144521;5451.0;1
LKOH;0;20260414;144521;5451.0;1
LKOH;0;20260414;144521;5451.0;50
LKOH;0;20260414;144521;5451.0;50
LKOH;0;20260414;144521;5451.0;1
LKOH;0;20260414;144521;5451.0;10
LKOH;0;20260414;144521;5451.0;50
LKOH;0;20260414;144521;5451.5;1
LKOH;0;20260414;144521;5451.5;1
LKOH;0;20260414;144521;5451.5;50
LKOH;0;20260414;144521;5451.5;30
LKOH;0;20260414;144521;5451.5;50
LKOH;0;20260414;144521;5451.5;18
LKOH;0;20260414;144521;5451.5;52
LKOH;0;20260414;144521;5451.0;50
LKOH;0;20260414;144521;5451.5;2
LKOH;0;20260414;144521;5451.5;18
LKOH;0;20260414;144521;5451.5;50
LKOH;0;20260414;144521;5451.5;50
LKOH;0;20260414;144521;5451.5;10
LKOH;0;20260414;144521;5451.5;1
LKOH;0;20260414;144521;5451.5;22
LKOH;0;20260414;144521;5451.5;33
LKOH;0;20260414;144521;5451.5;1
LKOH;0;20260414;144522;5451.0;1
LKOH;0;20260414;144522;5450.5;1
LKOH;0;20260414;144522;5450.5;30
LKOH;0;20260414;144522;5450.5;2
LKOH;0;20260414;144522;5450.5;6
LKOH;0;20260414;144522;5450.5;1
LKOH;0;20260414;144522;5450.0;25
LKOH;0;20260414;144523;5450.0;12
LKOH;0;20260414;144523;5450.0;12
LKOH;0;20260414;144524;5450.0;1
LKOH;0;20260414;144524;5450.0;1
LKOH;0;20260414;144525;5450.0;3
LKOH;0;20260414;144527;5451.0;1
LKOH;0;20260414;144527;5451.5;5
LKOH;0;20260414;144527;5451.5;5
LKOH;0;20260414;144527;5451.5;8
LKOH;0;20260414;144527;5451.5;2
LKOH;0;20260414;144527;5451.5;7
LKOH;0;20260414;144527;5451.5;8
LKOH;0;20260414;144527;5452.0;1
LKOH;0;20260414;144527;5452.0;1
LKOH;0;20260414;144527;5452.5;1
LKOH;0;20260414;144527;5452.5;22
LKOH;0;20260414;144527;5452.0;2
LKOH;0;20260414;144527;5452.0;1
LKOH;0;20260414;144527;5452.0;30
LKOH;0;20260414;144527;5452.0;29
LKOH;0;20260414;144528;5451.5;2
LKOH;0;20260414;144528;5451.0;3
LKOH;0;20260414;144529;5451.0;4
LKOH;0;20260414;144529;5451.0;5
LKOH;0;20260414;144529;5451.5;1
LKOH;0;20260414;144534;5451.5;3
LKOH;0;20260414;144534;5451.5;1
LKOH;0;20260414;144539;5451.5;1
LKOH;0;20260414;144540;5451.5;1
LKOH;0;20260414;144540;5451.5;9
LKOH;0;20260414;144541;5451.0;1
LKOH;0;20260414;144541;5451.0;1
LKOH;0;20260414;144548;5451.5;1
LKOH;0;20260414;144548;5451.5;1
LKOH;0;20260414;144553;5452.0;1
LKOH;0;20260414;144555;5451.5;2
LKOH;0;20260414;144559;5451.5;1
LKOH;0;20260414;144559;5451.5;1
LKOH;0;20260414;144559;5451.0;4
LKOH;0;20260414;144609;5451.5;1
LKOH;0;20260414;144609;5451.5;1
LKOH;0;20260414;144609;5451.5;1
LKOH;0;20260414;144610;5451.0;1
LKOH;0;20260414;144610;5451.0;1
LKOH;0;20260414;144616;5451.5;1
LKOH;0;20260414;144619;5451.5;16
LKOH;0;20260414;144619;5451.5;10
LKOH;0;20260414;144619;5451.5;18
LKOH;0;20260414;144619;5451.5;18
LKOH;0;20260414;144619;5451.5;26
LKOH;0;20260414;144619;5451.5;47
LKOH;0;20260414;144620;5451.0;7
LKOH;0;20260414;144620;5451.0;8
LKOH;0;20260414;144621;5451.0;9
LKOH;0;20260414;144624;5451.0;19
LKOH;0;20260414;144625;5451.0;1
LKOH;0;20260414;144625;5451.0;2
LKOH;0;20260414;144625;5451.0;3
LKOH;0;20260414;144629;5451.0;1
LKOH;0;20260414;144629;5451.5;3
LKOH;0;20260414;144641;5451.0;152
LKOH;0;20260414;144641;5451.0;300
LKOH;0;20260414;144641;5451.0;1
LKOH;0;20260414;144641;5450.5;54
LKOH;0;20260414;144641;5450.5;15
LKOH;0;20260414;144641;5450.0;30
LKOH;0;20260414;144641;5450.0;19
LKOH;0;20260414;144641;5450.0;1
LKOH;0;20260414;144641;5450.0;10
LKOH;0;20260414;144641;5450.0;10
LKOH;0;20260414;144641;5449.5;15
LKOH;0;20260414;144641;5450.0;10
LKOH;0;20260414;144641;5450.0;10
LKOH;0;20260414;144641;5450.0;16
LKOH;0;20260414;144641;5450.0;1
LKOH;0;20260414;144641;5450.0;10
LKOH;0;20260414;144641;5450.0;25
LKOH;0;20260414;144641;5450.0;4
LKOH;0;20260414;144641;5449.5;15
LKOH;0;20260414;144641;5449.5;26
LKOH;0;20260414;144642;5449.5;12
LKOH;0;20260414;144642;5449.5;12
LKOH;0;20260414;144644;5450.0;2
LKOH;0;20260414;144654;5450.0;4
LKOH;0;20260414;144654;5450.0;30
LKOH;0;20260414;144654;5450.0;10
LKOH;0;20260414;144654;5450.0;10
LKOH;0;20260414;144654;5450.0;15
LKOH;0;20260414;144654;5450.0;5
LKOH;0;20260414;144654;5450.0;5
LKOH;0;20260414;144654;5450.0;5
LKOH;0;20260414;144654;5450.0;5
LKOH;0;20260414;144654;5450.0;5
LKOH;0;20260414;144654;5450.0;5
LKOH;0;20260414;144654;5450.0;5
LKOH;0;20260414;144654;5450.0;5
LKOH;0;20260414;144654;5450.0;5
LKOH;0;20260414;144654;5450.0;5
LKOH;0;20260414;144654;5450.5;30
LKOH;0;20260414;144654;5450.5;46
LKOH;0;20260414;144654;5450.5;4
LKOH;0;20260414;144654;5450.5;1
LKOH;0;20260414;144654;5450.5;1
LKOH;0;20260414;144654;5451.0;20
LKOH;0;20260414;144654;5451.0;50
LKOH;0;20260414;144654;5451.0;68
LKOH;0;20260414;144654;5451.0;6
LKOH;0;20260414;144654;5451.0;5
LKOH;0;20260414;144654;5451.5;10
LKOH;0;20260414;144654;5451.5;2
LKOH;0;20260414;144654;5451.5;4
LKOH;0;20260414;144654;5452.5;37
LKOH;0;20260414;144654;5452.5;45
LKOH;0;20260414;144654;5452.5;61
LKOH;0;20260414;144654;5452.5;4
LKOH;0;20260414;144654;5452.5;11
LKOH;0;20260414;144654;5452.5;33
LKOH;0;20260414;144654;5453.0;1
LKOH;0;20260414;144654;5453.0;3
LKOH;0;20260414;144654;5453.0;15
LKOH;0;20260414;144654;5453.0;9
LKOH;0;20260414;144654;5452.5;33
LKOH;0;20260414;144654;5452.5;10
LKOH;0;20260414;144654;5453.0;18
LKOH;0;20260414;144654;5452.5;33
LKOH;0;20260414;144654;5453.0;43
LKOH;0;20260414;144655;5452.5;1
LKOH;0;20260414;144655;5452.5;8
LKOH;0;20260414;144655;5452.5;3
LKOH;0;20260414;144655;5452.5;2
LKOH;0;20260414;144655;5452.5;19
LKOH;0;20260414;144655;5452.5;16
LKOH;0;20260414;144655;5453.0;41
LKOH;0;20260414;144655;5452.5;33
LKOH;0;20260414;144655;5452.5;16
LKOH;0;20260414;144655;5453.0;12
LKOH;0;20260414;144655;5452.5;33
LKOH;0;20260414;144655;5452.5;11
LKOH;0;20260414;144655;5452.5;18
LKOH;0;20260414;144655;5452.5;14
LKOH;0;20260414;144655;5452.5;12
LKOH;0;20260414;144655;5452.5;11
LKOH;0;20260414;144655;5452.5;33
LKOH;0;20260414;144655;5452.5;20
LKOH;0;20260414;144655;5452.0;2
LKOH;0;20260414;144656;5452.5;30
LKOH;0;20260414;144656;5452.5;33
LKOH;0;20260414;144656;5452.5;7
LKOH;0;20260414;144656;5452.5;6
LKOH;0;20260414;144656;5452.0;1
LKOH;0;20260414;144656;5451.5;1
LKOH;0;20260414;144656;5451.5;4
LKOH;0;20260414;144657;5452.0;2
LKOH;0;20260414;144657;5451.5;1
LKOH;0;20260414;144657;5451.0;6
LKOH;0;20260414;144657;5451.5;7
LKOH;0;20260414;144659;5452.0;5
LKOH;0;20260414;144725;5452.5;3
LKOH;0;20260414;144728;5452.5;1
LKOH;0;20260414;144729;5453.0;1
LKOH;0;20260414;144730;5452.5;3
LKOH;0;20260414;144731;5452.5;1
LKOH;0;20260414;144731;5452.5;1
LKOH;0;20260414;144732;5453.0;1
LKOH;0;20260414;144737;5452.5;1
LKOH;0;20260414;144742;5452.5;1
LKOH;0;20260414;144742;5452.5;39
LKOH;0;20260414;144743;5452.0;2
LKOH;0;20260414;144743;5452.0;2
LKOH;0;20260414;144749;5452.5;1
LKOH;0;20260414;144749;5452.5;7
LKOH;0;20260414;144754;5452.5;1
LKOH;0;20260414;144754;5452.5;2
LKOH;0;20260414;144754;5452.0;1
LKOH;0;20260414;144754;5452.0;1
LKOH;0;20260414;144754;5451.5;1
LKOH;0;20260414;144754;5451.5;18
LKOH;0;20260414;144755;5451.5;1
LKOH;0;20260414;144755;5451.5;1
LKOH;0;20260414;144755;5451.5;2
LKOH;0;20260414;144756;5451.5;2
LKOH;0;20260414;144758;5452.0;1
LKOH;0;20260414;144759;5451.5;1
LKOH;0;20260414;144759;5451.5;4
LKOH;0;20260414;144803;5450.5;2
LKOH;0;20260414;144807;5451.5;1
LKOH;0;20260414;144808;5451.5;1
LKOH;0;20260414;144814;5451.5;1
LKOH;0;20260414;144819;5451.5;1
LKOH;0;20260414;144826;5451.0;1
LKOH;0;20260414;144826;5450.5;1
LKOH;0;20260414;144826;5450.5;1
LKOH;0;20260414;144827;5451.0;1
LKOH;0;20260414;144827;5451.0;1
LKOH;0;20260414;144851;5451.5;1
LKOH;0;20260414;144856;5451.0;1
LKOH;0;20260414;144856;5450.5;1
LKOH;0;20260414;144856;5450.0;1
LKOH;0;20260414;144859;5450.0;3
LKOH;0;20260414;144859;5450.0;1
LKOH;0;20260414;144859;5449.5;1
LKOH;0;20260414;144859;5451.0;1
LKOH;0;20260414;144912;5450.0;1
LKOH;0;20260414;144918;5450.5;1
LKOH;0;20260414;144926;5450.5;3
LKOH;0;20260414;144928;5450.0;1
LKOH;0;20260414;144934;5450.0;28
LKOH;0;20260414;144934;5450.0;8
LKOH;0;20260414;144934;5450.0;10
LKOH;0;20260414;144934;5450.0;18
LKOH;0;20260414;144935;5449.5;4
LKOH;0;20260414;144935;5449.5;5
LKOH;0;20260414;144936;5449.5;16
LKOH;0;20260414;144936;5449.5;10
LKOH;0;20260414;144936;5449.5;224
LKOH;0;20260414;144937;5449.5;13
LKOH;0;20260414;144937;5449.5;14
LKOH;0;20260414;144942;5450.0;5
LKOH;0;20260414;144944;5449.0;9
LKOH;0;20260414;144944;5449.0;241
LKOH;0;20260414;144945;5449.0;15
LKOH;0;20260414;144945;5448.5;11
LKOH;0;20260414;144945;5448.5;3
LKOH;0;20260414;144955;5449.0;1
LKOH;0;20260414;144955;5449.0;1
LKOH;0;20260414;144955;5449.5;4
LKOH;0;20260414;144955;5449.5;1
LKOH;0;20260414;144955;5449.5;15
LKOH;0;20260414;144955;5450.0;1
LKOH;0;20260414;144955;5450.0;1
LKOH;0;20260414;144955;5450.0;3
LKOH;0;20260414;144955;5450.0;1
LKOH;0;20260414;144956;5450.0;2
LKOH;0;20260414;144956;5450.0;1
LKOH;0;20260414;144956;5450.0;2
LKOH;0;20260414;144959;5450.0;5
LKOH;0;20260414;145002;5450.0;30
LKOH;0;20260414;145003;5450.0;2
LKOH;0;20260414;145003;5450.0;2
LKOH;0;20260414;145019;5450.5;1
LKOH;0;20260414;145020;5450.5;5
LKOH;0;20260414;145026;5450.0;3
LKOH;0;20260414;145028;5450.5;1
LKOH;0;20260414;145028;5450.0;20
LKOH;0;20260414;145029;5450.0;1
LKOH;0;20260414;145029;5450.0;2
LKOH;0;20260414;145049;5450.0;5
LKOH;0;20260414;145053;5450.5;1
LKOH;0;20260414;145055;5450.5;3
LKOH;0;20260414;145056;5450.0;2
LKOH;0;20260414;145059;5450.0;1
LKOH;0;20260414;145059;5450.0;5
LKOH;0;20260414;145100;5450.0;1
LKOH;0;20260414;145100;5450.0;1
LKOH;0;20260414;145102;5450.5;4
LKOH;0;20260414;145104;5450.0;3
LKOH;0;20260414;145123;5450.0;2
LKOH;0;20260414;145126;5450.0;3
LKOH;0;20260414;145132;5450.0;21
LKOH;0;20260414;145133;5450.0;2
LKOH;0;20260414;145133;5450.0;2
LKOH;0;20260414;145137;5450.5;2
LKOH;0;20260414;145150;5450.5;1
LKOH;0;20260414;145152;5450.5;1
LKOH;0;20260414;145153;5450.5;1
LKOH;0;20260414;145153;5450.5;5
LKOH;0;20260414;145156;5450.0;2
LKOH;0;20260414;145159;5450.0;5
LKOH;0;20260414;145200;5450.0;1
LKOH;0;20260414;145200;5450.0;1
LKOH;0;20260414;145206;5450.0;1
LKOH;0;20260414;145210;5450.5;1
LKOH;0;20260414;145211;5450.5;4
LKOH;0;20260414;145211;5450.5;6
LKOH;0;20260414;145224;5450.0;25
LKOH;0;20260414;145225;5450.0;2
LKOH;0;20260414;145225;5450.0;2
LKOH;0;20260414;145226;5450.0;3
LKOH;0;20260414;145230;5450.0;1
LKOH;0;20260414;145240;5450.5;1
LKOH;0;20260414;145241;5450.5;1
LKOH;0;20260414;145241;5450.5;10
LKOH;0;20260414;145242;5450.0;1
LKOH;0;20260414;145242;5450.0;1
LKOH;0;20260414;145250;5450.5;10
LKOH;0;20260414;145256;5450.0;2
LKOH;0;20260414;145257;5450.5;2
LKOH;0;20260414;145259;5450.0;5
LKOH;0;20260414;145300;5450.0;1
LKOH;0;20260414;145300;5450.0;1
LKOH;0;20260414;145307;5450.0;1
LKOH;0;20260414;145309;5450.5;1
LKOH;0;20260414;145316;5450.0;50
LKOH;0;20260414;145317;5450.0;2
LKOH;0;20260414;145317;5450.0;3
LKOH;0;20260414;145324;5450.5;2
LKOH;0;20260414;145324;5450.5;3
LKOH;0;20260414;145326;5450.0;3
LKOH;0;20260414;145327;5450.5;1
LKOH;0;20260414;145330;5450.5;1
LKOH;0;20260414;145330;5450.0;1
LKOH;0;20260414;145330;5450.0;1
LKOH;0;20260414;145331;5450.5;5
LKOH;0;20260414;145331;5450.5;3
LKOH;0;20260414;145343;5450.5;1
LKOH;0;20260414;145349;5450.0;28
LKOH;0;20260414;145350;5450.0;2
LKOH;0;20260414;145350;5450.0;2
LKOH;0;20260414;145356;5450.0;2
LKOH;0;20260414;145357;5450.5;1
LKOH;0;20260414;145357;5450.5;2
LKOH;0;20260414;145359;5450.0;5
LKOH;0;20260414;145359;5450.5;1
LKOH;0;20260414;145416;5450.5;1
LKOH;0;20260414;145418;5450.0;1
LKOH;0;20260414;145426;5450.0;3
LKOH;0;20260414;145438;5450.5;2
LKOH;0;20260414;145439;5450.0;1
LKOH;0;20260414;145439;5450.0;1
LKOH;0;20260414;145443;5450.5;3
LKOH;0;20260414;145445;5450.0;24
LKOH;0;20260414;145446;5450.0;1
LKOH;0;20260414;145446;5450.0;2
LKOH;0;20260414;145456;5450.0;2
LKOH;0;20260414;145459;5450.0;5
LKOH;0;20260414;145508;5450.5;2
LKOH;0;20260414;145515;5450.5;2
LKOH;0;20260414;145516;5450.0;1
LKOH;0;20260414;145516;5450.0;1
LKOH;0;20260414;145521;5450.5;2
LKOH;0;20260414;145522;5450.0;2
LKOH;0;20260414;145523;5450.0;1
LKOH;0;20260414;145523;5450.0;1
LKOH;0;20260414;145526;5450.0;3
LKOH;0;20260414;145533;5450.0;2
LKOH;0;20260414;145538;5450.5;10
LKOH;0;20260414;145538;5450.5;55
LKOH;0;20260414;145538;5450.5;1
LKOH;0;20260414;145538;5450.5;1
LKOH;0;20260414;145538;5450.5;9
LKOH;0;20260414;145538;5450.5;21
LKOH;0;20260414;145538;5450.5;19
LKOH;0;20260414;145538;5450.5;22
LKOH;0;20260414;145538;5450.5;14
LKOH;0;20260414;145539;5450.0;4
LKOH;0;20260414;145539;5450.0;5
LKOH;0;20260414;145540;5450.0;3
LKOH;0;20260414;145540;5450.0;4
LKOH;0;20260414;145546;5450.0;30
LKOH;0;20260414;145547;5450.0;2
LKOH;0;20260414;145547;5450.0;2
LKOH;0;20260414;145549;5450.0;20
LKOH;0;20260414;145550;5450.0;1
LKOH;0;20260414;145550;5450.0;2
LKOH;0;20260414;145556;5450.0;2
LKOH;0;20260414;145559;5450.0;5
LKOH;0;20260414;145601;5450.0;40
LKOH;0;20260414;145602;5450.0;2
LKOH;0;20260414;145602;5450.0;3
LKOH;0;20260414;145622;5450.0;49
LKOH;0;20260414;145622;5450.0;5
LKOH;0;20260414;145622;5450.0;29
LKOH;0;20260414;145622;5450.0;18
LKOH;0;20260414;145622;5450.0;2
LKOH;0;20260414;145622;5450.0;5
LKOH;0;20260414;145622;5450.0;8
LKOH;0;20260414;145622;5450.0;6
LKOH;0;20260414;145622;5450.0;5
LKOH;0;20260414;145622;5450.0;1
LKOH;0;20260414;145622;5450.0;1
LKOH;0;20260414;145622;5450.0;1
LKOH;0;20260414;145622;5450.0;1
LKOH;0;20260414;145623;5448.5;1
LKOH;0;20260414;145623;5448.0;1
LKOH;0;20260414;145623;5448.0;2
LKOH;0;20260414;145623;5448.0;1
LKOH;0;20260414;145624;5448.0;4
LKOH;0;20260414;145624;5448.0;5
LKOH;0;20260414;145626;5448.0;3
LKOH;0;20260414;145630;5448.0;7
LKOH;0;20260414;145636;5448.5;2
LKOH;0;20260414;145637;5448.0;1
LKOH;0;20260414;145637;5448.0;1
LKOH;0;20260414;145637;5448.0;1
LKOH;0;20260414;145644;5448.0;33
LKOH;0;20260414;145644;5448.0;75
LKOH;0;20260414;145644;5448.0;75
LKOH;0;20260414;145644;5448.0;132
LKOH;0;20260414;145644;5448.0;1
LKOH;0;20260414;145644;5446.5;1
LKOH;0;20260414;145644;5446.0;2
LKOH;0;20260414;145644;5445.0;1
LKOH;0;20260414;145645;5444.5;1
LKOH;0;20260414;145645;5444.5;2
LKOH;0;20260414;145646;5444.5;11
LKOH;0;20260414;145646;5444.5;5
LKOH;0;20260414;145646;5444.5;6
LKOH;0;20260414;145646;5444.5;10
LKOH;0;20260414;145656;5444.5;21
LKOH;0;20260414;145656;5444.5;2
LKOH;0;20260414;145657;5444.5;1
LKOH;0;20260414;145657;5444.5;2
LKOH;0;20260414;145659;5444.5;5
LKOH;0;20260414;145703;5445.0;20
LKOH;0;20260414;145703;5445.0;17
LKOH;0;20260414;145703;5445.0;13
LKOH;0;20260414;145703;5445.0;6
LKOH;0;20260414;145703;5445.0;4
LKOH;0;20260414;145703;5445.0;10
LKOH;0;20260414;145704;5446.0;1
LKOH;0;20260414;145704;5446.0;2
LKOH;0;20260414;145705;5446.0;2
LKOH;0;20260414;145705;5446.0;3
LKOH;0;20260414;145721;5446.0;10
LKOH;0;20260414;145726;5446.0;3
LKOH;0;20260414;145727;5446.0;1
LKOH;0;20260414;145727;5446.0;1
LKOH;0;20260414;145729;5446.0;2
LKOH;0;20260414;145735;5446.0;5
LKOH;0;20260414;145735;5446.0;15
LKOH;0;20260414;145735;5446.0;1
LKOH;0;20260414;145735;5445.5;1
LKOH;0;20260414;145735;5445.5;8
LKOH;0;20260414;145736;5445.5;2
LKOH;0;20260414;145736;5445.5;1
LKOH;0;20260414;145744;5445.5;2
LKOH;0;20260414;145746;5445.5;17
LKOH;0;20260414;145746;5445.5;12
LKOH;0;20260414;145747;5445.5;2
LKOH;0;20260414;145747;5445.5;2
LKOH;0;20260414;145750;5445.5;2
LKOH;0;20260414;145755;5445.5;30
LKOH;0;20260414;145755;5445.5;10
LKOH;0;20260414;145755;5446.0;1
LKOH;0;20260414;145755;5446.0;1
LKOH;0;20260414;145755;5446.0;1
LKOH;0;20260414;145756;5445.5;2
LKOH;0;20260414;145756;5445.5;2
LKOH;0;20260414;145756;5445.5;1
LKOH;0;20260414;145757;5445.5;237
LKOH;0;20260414;145757;5445.5;30
LKOH;0;20260414;145757;5445.5;50
LKOH;0;20260414;145757;5445.5;50
LKOH;0;20260414;145757;5445.5;11
LKOH;0;20260414;145757;5445.5;9
LKOH;0;20260414;145757;5445.5;1
LKOH;0;20260414;145757;5445.5;50
LKOH;0;20260414;145757;5445.5;10
LKOH;0;20260414;145757;5445.5;41
LKOH;0;20260414;145757;5445.0;5
LKOH;0;20260414;145757;5445.0;222
LKOH;0;20260414;145757;5445.5;25
LKOH;0;20260414;145757;5445.5;30
LKOH;0;20260414;145757;5445.5;9
LKOH;0;20260414;145757;5445.5;1
LKOH;0;20260414;145757;5445.5;10
LKOH;0;20260414;145757;5445.5;10
LKOH;0;20260414;145758;5445.0;19
LKOH;0;20260414;145758;5445.0;6
LKOH;0;20260414;145758;5445.0;13
LKOH;0;20260414;145758;5444.5;1
LKOH;0;20260414;145758;5443.0;1
LKOH;0;20260414;145758;5443.0;11
LKOH;0;20260414;145758;5443.0;1
LKOH;0;20260414;145758;5443.0;1
LKOH;0;20260414;145758;5443.0;1
LKOH;0;20260414;145758;5442.5;1
LKOH;0;20260414;145758;5442.5;1
LKOH;0;20260414;145758;5442.5;1
LKOH;0;20260414;145758;5442.0;1
LKOH;0;20260414;145758;5442.0;2
LKOH;0;20260414;145758;5442.0;1
LKOH;0;20260414;145758;5442.0;2
LKOH;0;20260414;145758;5442.0;2
LKOH;0;20260414;145758;5441.5;1
LKOH;0;20260414;145759;5441.5;1
LKOH;0;20260414;145759;5441.5;1
LKOH;0;20260414;145759;5441.5;18
LKOH;0;20260414;145759;5441.5;1
LKOH;0;20260414;145759;5441.5;1
LKOH;0;20260414;145759;5441.5;18
LKOH;0;20260414;145759;5441.5;2
LKOH;0;20260414;145759;5441.5;33
LKOH;0;20260414;145759;5441.5;34
LKOH;0;20260414;145759;5441.5;5
LKOH;0;20260414;145800;5441.5;2
LKOH;0;20260414;145800;5441.5;3
LKOH;0;20260414;145801;5442.0;2
LKOH;0;20260414;145801;5441.5;6
LKOH;0;20260414;145804;5442.0;1
LKOH;0;20260414;145805;5441.5;1
LKOH;0;20260414;145821;5442.0;2
LKOH;0;20260414;145822;5442.0;2
LKOH;0;20260414;145822;5441.5;1
LKOH;0;20260414;145822;5441.5;1
LKOH;0;20260414;145826;5441.5;2
LKOH;0;20260414;145826;5441.0;1
LKOH;0;20260414;145829;5441.5;5
LKOH;0;20260414;145834;5441.5;1
LKOH;0;20260414;145834;5441.5;8
LKOH;0;20260414;145834;5441.5;2
LKOH;0;20260414;145834;5441.5;1
LKOH;0;20260414;145834;5441.5;6
LKOH;0;20260414;145834;5441.5;2
LKOH;0;20260414;145834;5442.0;11
LKOH;0;20260414;145835;5441.5;3
LKOH;0;20260414;145835;5442.0;39
LKOH;0;20260414;145835;5442.0;1
LKOH;0;20260414;145835;5441.5;1
LKOH;0;20260414;145835;5441.5;1
LKOH;0;20260414;145836;5442.0;2
LKOH;0;20260414;145836;5441.5;3
LKOH;0;20260414;145836;5441.5;4
LKOH;0;20260414;145837;5442.0;28
LKOH;0;20260414;145838;5443.0;1
LKOH;0;20260414;145838;5443.0;2
LKOH;0;20260414;145838;5443.0;7
LKOH;0;20260414;145838;5443.0;1
LKOH;0;20260414;145838;5443.0;30
LKOH;0;20260414;145839;5442.5;3
LKOH;0;20260414;145839;5442.5;2
LKOH;0;20260414;145845;5444.0;1
LKOH;0;20260414;145853;5443.5;30
LKOH;0;20260414;145853;5443.5;10
LKOH;0;20260414;145853;5443.5;1
LKOH;0;20260414;145853;5443.5;16
LKOH;0;20260414;145854;5443.5;3
LKOH;0;20260414;145854;5443.5;3
LKOH;0;20260414;145856;5443.5;2
LKOH;0;20260414;145859;5443.5;6
LKOH;0;20260414;145902;5443.5;19
LKOH;0;20260414;145902;5443.5;30
LKOH;0;20260414;145902;5443.5;10
LKOH;0;20260414;145903;5443.0;1
LKOH;0;20260414;145903;5442.5;2
LKOH;0;20260414;145903;5442.0;1
LKOH;0;20260414;145903;5441.5;2
LKOH;0;20260414;145903;5441.5;1
LKOH;0;20260414;145907;5442.0;1
LKOH;0;20260414;145907;5442.5;1
LKOH;0;20260414;145907;5443.0;1
LKOH;0;20260414;145907;5443.0;7
LKOH;0;20260414;145908;5441.5;7
LKOH;0;20260414;145908;5441.5;3
LKOH;0;20260414;145908;5441.5;1
LKOH;0;20260414;145908;5441.5;1
LKOH;0;20260414;145919;5441.5;54
LKOH;0;20260414;145919;5441.5;27
LKOH;0;20260414;145919;5441.5;18
LKOH;0;20260414;145919;5441.5;10
LKOH;0;20260414;145919;5441.5;22
LKOH;0;20260414;145919;5441.5;4
LKOH;0;20260414;145920;5441.5;8
LKOH;0;20260414;145920;5441.5;8
LKOH;0;20260414;145924;5442.5;1
LKOH;0;20260414;145924;5442.5;15
LKOH;0;20260414;145926;5441.5;3
LKOH;0;20260414;145927;5441.5;1
LKOH;0;20260414;145927;5441.5;1
LKOH;0;20260414;145931;5442.0;2
LKOH;0;20260414;145934;5442.0;1
LKOH;0;20260414;145934;5441.5;1
LKOH;0;20260414;145934;5441.5;4
LKOH;0;20260414;145934;5442.0;1
LKOH;0;20260414;145935;5441.5;10
LKOH;0;20260414;145935;5441.5;11
LKOH;0;20260414;145935;5441.5;10
LKOH;0;20260414;145935;5441.5;22
LKOH;0;20260414;145935;5441.5;19
LKOH;0;20260414;145935;5441.5;1
LKOH;0;20260414;145935;5441.5;18
LKOH;0;20260414;145936;5441.0;1
LKOH;0;20260414;145936;5441.0;1
LKOH;0;20260414;145937;5441.0;4
LKOH;0;20260414;145937;5441.0;5
LKOH;0;20260414;145947;5441.0;1
LKOH;0;20260414;145947;5441.0;1
LKOH;0;20260414;145948;5441.0;1
LKOH;0;20260414;145948;5441.0;10
LKOH;0;20260414;145948;5441.0;25
LKOH;0;20260414;145949;5441.0;2
LKOH;0;20260414;145949;5441.0;2
LKOH;0;20260414;145956;5441.5;3
LKOH;0;20260414;150003;5442.5;1
LKOH;0;20260414;150004;5442.5;9
LKOH;0;20260414;150004;5442.5;4
LKOH;0;20260414;150004;5442.5;1
LKOH;0;20260414;150004;5442.5;30
LKOH;0;20260414;150004;5442.5;25
LKOH;0;20260414;150004;5442.5;18
LKOH;0;20260414;150004;5442.5;22
LKOH;0;20260414;150004;5442.5;11
LKOH;0;20260414;150005;5442.5;7
LKOH;0;20260414;150005;5442.5;1
LKOH;0;20260414;150005;5442.5;6
LKOH;0;20260414;150011;5443.0;54
LKOH;0;20260414;150011;5443.0;30
LKOH;0;20260414;150012;5446.5;3
LKOH;0;20260414;150012;5446.5;3
LKOH;0;20260414;150013;5446.5;1
LKOH;0;20260414;150013;5446.5;2
LKOH;0;20260414;150014;5446.5;2
LKOH;0;20260414;150015;5447.0;1
LKOH;0;20260414;150026;5446.5;1
LKOH;0;20260414;150026;5446.5;1
LKOH;0;20260414;150031;5447.0;4
LKOH;0;20260414;150037;5447.0;1
LKOH;0;20260414;150041;5447.0;2
LKOH;0;20260414;150042;5446.5;1
LKOH;0;20260414;150042;5446.5;1
LKOH;0;20260414;150056;5445.5;3
LKOH;0;20260414;150107;5445.5;1
LKOH;0;20260414;150112;5445.5;30
LKOH;0;20260414;150112;5445.5;1
LKOH;0;20260414;150113;5445.5;1
LKOH;0;20260414;150113;5445.5;2
LKOH;0;20260414;150119;5445.5;1
LKOH;0;20260414;150122;5445.5;1
LKOH;0;20260414;150122;5445.5;4
LKOH;0;20260414;150122;5445.5;30
LKOH;0;20260414;150122;5445.5;33
LKOH;0;20260414;150122;5445.5;1
LKOH;0;20260414;150123;5445.5;4
LKOH;0;20260414;150123;5445.5;4
LKOH;0;20260414;150123;5445.5;10
LKOH;0;20260414;150125;5445.5;1
LKOH;0;20260414;150126;5445.5;2
LKOH;0;20260414;150127;5445.0;1
LKOH;0;20260414;150127;5444.5;1
LKOH;0;20260414;150145;5443.5;1
LKOH;0;20260414;150146;5444.0;1
LKOH;0;20260414;150150;5444.0;3
LKOH;0;20260414;150151;5444.5;1
LKOH;0;20260414;150152;5444.0;1
LKOH;0;20260414;150152;5444.0;1
LKOH;0;20260414;150153;5444.5;1
LKOH;0;20260414;150153;5444.5;1
LKOH;0;20260414;150156;5444.5;1
LKOH;0;20260414;150156;5444.0;3
LKOH;0;20260414;150202;5444.5;1
LKOH;0;20260414;150204;5444.5;1
LKOH;0;20260414;150206;5444.5;2
LKOH;0;20260414;150206;5444.5;9
LKOH;0;20260414;150207;5444.0;1
LKOH;0;20260414;150207;5444.0;1
LKOH;0;20260414;150213;5444.0;1
LKOH;0;20260414;150216;5444.5;5
LKOH;0;20260414;150224;5444.0;13
LKOH;0;20260414;150225;5444.0;1
LKOH;0;20260414;150225;5444.0;2
LKOH;0;20260414;150225;5444.5;1
LKOH;0;20260414;150226;5444.0;2
LKOH;0;20260414;150227;5444.0;26
LKOH;0;20260414;150228;5444.0;1
LKOH;0;20260414;150228;5444.0;2
LKOH;0;20260414;150231;5444.5;2
LKOH;0;20260414;150235;5444.0;4
LKOH;0;20260414;150250;5444.5;1
LKOH;0;20260414;150251;5444.0;5
LKOH;0;20260414;150251;5443.5;1
LKOH;0;20260414;150251;5443.0;1
LKOH;0;20260414;150251;5442.5;1
LKOH;0;20260414;150251;5442.5;10
LKOH;0;20260414;150252;5442.5;1
LKOH;0;20260414;150252;5442.5;2
LKOH;0;20260414;150253;5443.0;2
LKOH;0;20260414;150255;5443.0;1
LKOH;0;20260414;150310;5442.5;22
LKOH;0;20260414;150311;5442.5;1
LKOH;0;20260414;150311;5442.5;2
LKOH;0;20260414;150321;5442.5;1
LKOH;0;20260414;150322;5442.5;2
LKOH;0;20260414;150325;5442.5;4
LKOH;0;20260414;150328;5443.0;2
LKOH;0;20260414;150350;5443.0;1
LKOH;0;20260414;150357;5443.0;1
LKOH;0;20260414;150358;5443.0;1
LKOH;0;20260414;150405;5443.0;3
LKOH;0;20260414;150410;5442.0;1
LKOH;0;20260414;150410;5442.0;17
LKOH;0;20260414;150411;5442.0;1
LKOH;0;20260414;150411;5442.0;2
LKOH;0;20260414;150414;5442.5;1
LKOH;0;20260414;150427;5442.5;1
LKOH;0;20260414;150434;5442.0;2
LKOH;0;20260414;150437;5442.5;1
LKOH;0;20260414;150448;5442.0;1
LKOH;0;20260414;150449;5442.0;49
LKOH;0;20260414;150449;5442.0;11
LKOH;0;20260414;150449;5442.0;51
LKOH;0;20260414;150450;5442.0;6
LKOH;0;20260414;150450;5442.0;7
LKOH;0;20260414;150502;5442.0;22
LKOH;0;20260414;150503;5442.5;1
LKOH;0;20260414;150503;5442.0;1
LKOH;0;20260414;150503;5442.0;2
LKOH;0;20260414;150504;5442.5;1
LKOH;0;20260414;150508;5442.0;1
LKOH;0;20260414;150527;5442.0;5
LKOH;0;20260414;150534;5442.5;38
LKOH;0;20260414;150534;5442.5;9
LKOH;0;20260414;150534;5442.5;19
LKOH;0;20260414;150534;5442.5;10
LKOH;0;20260414;150535;5442.0;2
LKOH;0;20260414;150535;5442.0;3
LKOH;0;20260414;150536;5442.0;2
LKOH;0;20260414;150536;5442.0;2
LKOH;0;20260414;150538;5442.5;1
LKOH;0;20260414;150547;5442.5;1
LKOH;0;20260414;150550;5442.0;1
LKOH;0;20260414;150603;5441.5;2
LKOH;0;20260414;150606;5441.5;2
LKOH;0;20260414;150606;5441.5;19
LKOH;0;20260414;150607;5441.5;1
LKOH;0;20260414;150607;5441.5;2
LKOH;0;20260414;150629;5441.5;230
LKOH;0;20260414;150629;5441.5;50
LKOH;0;20260414;150629;5441.0;1
LKOH;0;20260414;150629;5441.0;1
LKOH;0;20260414;150629;5441.0;300
LKOH;0;20260414;150629;5441.0;18
LKOH;0;20260414;150629;5441.5;30
LKOH;0;20260414;150629;5441.5;50
LKOH;0;20260414;150630;5441.5;33
LKOH;0;20260414;150630;5441.5;34
LKOH;0;20260414;150631;5441.5;2
LKOH;0;20260414;150631;5441.5;3
LKOH;0;20260414;150632;5441.5;1
LKOH;0;20260414;150632;5441.5;2
LKOH;0;20260414;150635;5441.0;1
LKOH;0;20260414;150644;5440.5;1
LKOH;0;20260414;150644;5440.5;1
LKOH;0;20260414;150646;5440.0;5
LKOH;0;20260414;150646;5440.0;10
LKOH;0;20260414;150646;5440.0;20
LKOH;0;20260414;150646;5440.0;1
LKOH;0;20260414;150646;5440.0;1
LKOH;0;20260414;150646;5440.0;17
LKOH;0;20260414;150646;5440.0;1
LKOH;0;20260414;150646;5440.0;1
LKOH;0;20260414;150646;5440.0;1
LKOH;0;20260414;150646;5440.0;1
LKOH;0;20260414;150646;5440.0;1
LKOH;0;20260414;150646;5439.5;1
LKOH;0;20260414;150646;5439.5;18
LKOH;0;20260414;150646;5439.5;11
LKOH;0;20260414;150646;5439.0;1
LKOH;0;20260414;150646;5439.0;1
LKOH;0;20260414;150646;5439.0;1
LKOH;0;20260414;150646;5439.0;50
LKOH;0;20260414;150646;5439.0;7
LKOH;0;20260414;150646;5438.5;1
LKOH;0;20260414;150646;5438.5;1
LKOH;0;20260414;150647;5438.5;8
LKOH;0;20260414;150647;5438.5;9
LKOH;0;20260414;150657;5438.5;1
LKOH;0;20260414;150657;5438.5;1
LKOH;0;20260414;150657;5438.5;1
LKOH;0;20260414;150657;5438.5;19
LKOH;0;20260414;150658;5438.5;1
LKOH;0;20260414;150658;5438.0;2
LKOH;0;20260414;150658;5438.0;18
LKOH;0;20260414;150658;5438.0;2
LKOH;0;20260414;150658;5438.0;10
LKOH;0;20260414;150658;5438.0;1
LKOH;0;20260414;150658;5438.0;18
LKOH;0;20260414;150658;5438.0;1
LKOH;0;20260414;150658;5438.0;1
LKOH;0;20260414;150658;5438.0;3
LKOH;0;20260414;150659;5438.5;1
LKOH;0;20260414;150659;5438.0;2
LKOH;0;20260414;150659;5438.0;1
LKOH;0;20260414;150659;5438.0;3
LKOH;0;20260414;150713;5438.5;1
LKOH;0;20260414;150713;5438.5;252
LKOH;0;20260414;150713;5438.5;11
LKOH;0;20260414;150713;5438.5;252
LKOH;0;20260414;150714;5437.5;10
LKOH;0;20260414;150714;5437.5;1
LKOH;0;20260414;150714;5437.0;1
LKOH;0;20260414;150714;5437.0;2
LKOH;0;20260414;150714;5437.0;1
LKOH;0;20260414;150714;5436.5;1
LKOH;0;20260414;150714;5436.0;50
LKOH;0;20260414;150714;5436.0;10
LKOH;0;20260414;150714;5436.0;1
LKOH;0;20260414;150714;5436.0;4
LKOH;0;20260414;150714;5436.0;2
LKOH;0;20260414;150714;5436.0;1
LKOH;0;20260414;150714;5436.0;1
LKOH;0;20260414;150714;5436.0;11
LKOH;0;20260414;150714;5436.0;11
LKOH;0;20260414;150714;5436.0;2
LKOH;0;20260414;150715;5436.0;18
LKOH;0;20260414;150715;5436.0;18
LKOH;0;20260414;150719;5436.5;1
LKOH;0;20260414;150724;5436.0;1
LKOH;0;20260414;150725;5436.0;1
LKOH;0;20260414;150725;5436.0;1
LKOH;0;20260414;150726;5436.0;35
LKOH;0;20260414;150727;5436.0;1
LKOH;0;20260414;150727;5436.0;2
LKOH;0;20260414;150729;5436.0;16
LKOH;0;20260414;150730;5436.0;1
LKOH;0;20260414;150730;5436.0;1
LKOH;0;20260414;150731;5435.5;1
LKOH;0;20260414;150734;5436.5;3
LKOH;0;20260414;150736;5436.0;1
LKOH;0;20260414;150736;5436.0;1
LKOH;0;20260414;150736;5436.0;1
LKOH;0;20260414;150736;5436.0;1
LKOH;0;20260414;150737;5436.0;1
LKOH;0;20260414;150744;5436.0;1
LKOH;0;20260414;150749;5436.0;2
LKOH;0;20260414;150750;5435.5;1
LKOH;0;20260414;150750;5435.5;1
LKOH;0;20260414;150752;5435.5;1
LKOH;0;20260414;150802;5436.0;1
LKOH;0;20260414;150803;5435.5;1
LKOH;0;20260414;150803;5435.5;5
LKOH;0;20260414;150803;5435.5;5
LKOH;0;20260414;150803;5435.5;1
LKOH;0;20260414;150803;5435.5;1
LKOH;0;20260414;150803;5435.5;2
LKOH;0;20260414;150803;5435.5;3
LKOH;0;20260414;150804;5435.5;1
LKOH;0;20260414;150804;5435.5;1
LKOH;0;20260414;150813;5435.5;1
LKOH;0;20260414;150819;5435.0;60
LKOH;0;20260414;150819;5435.0;1
LKOH;0;20260414;150819;5435.0;5
LKOH;0;20260414;150819;5435.0;1
LKOH;0;20260414;150819;5435.0;2
LKOH;0;20260414;150819;5435.0;10
LKOH;0;20260414;150819;5435.0;12
LKOH;0;20260414;150820;5434.5;5
LKOH;0;20260414;150820;5434.5;5
LKOH;0;20260414;150821;5435.0;1
LKOH;0;20260414;150828;5435.0;1
LKOH;0;20260414;150829;5435.0;2
LKOH;0;20260414;150904;5435.0;15
LKOH;0;20260414;150905;5434.5;1
LKOH;0;20260414;150905;5434.5;1
LKOH;0;20260414;150908;5434.5;3
LKOH;0;20260414;150908;5434.5;7
LKOH;0;20260414;150912;5434.5;17
LKOH;0;20260414;150912;5436.0;1
LKOH;0;20260414;150913;5435.5;1
LKOH;0;20260414;150913;5435.5;2
LKOH;0;20260414;150921;5435.5;2
LKOH;0;20260414;150921;5435.5;50
LKOH;0;20260414;150921;5435.5;11
LKOH;0;20260414;150922;5435.0;2
LKOH;0;20260414;150922;5434.5;4
LKOH;0;20260414;150922;5434.5;1
LKOH;0;20260414;150923;5435.0;2
LKOH;0;20260414;150926;5435.0;12
LKOH;0;20260414;150927;5434.5;1
LKOH;0;20260414;150927;5434.5;1
LKOH;0;20260414;150929;5435.0;1
LKOH;0;20260414;150935;5434.5;1
LKOH;0;20260414;150935;5434.5;5
LKOH;0;20260414;150935;5434.5;1
LKOH;0;20260414;150935;5434.5;3
LKOH;0;20260414;150937;5434.5;5
LKOH;0;20260414;150937;5434.5;8
LKOH;0;20260414;150937;5434.5;3
LKOH;0;20260414;150938;5434.5;1
LKOH;0;20260414;150938;5434.5;2
LKOH;0;20260414;150951;5435.0;1
LKOH;0;20260414;150952;5435.0;5
LKOH;0;20260414;150955;5435.0;5
LKOH;0;20260414;150955;5435.0;1
LKOH;0;20260414;150955;5434.5;1
LKOH;0;20260414;150958;5434.5;26
LKOH;0;20260414;150958;5434.5;1
LKOH;0;20260414;150958;5434.5;10
LKOH;0;20260414;150959;5434.0;1
LKOH;0;20260414;150959;5433.5;1
LKOH;0;20260414;150959;5433.5;2
LKOH;0;20260414;150959;5433.5;1
LKOH;0;20260414;151001;5433.5;2
LKOH;0;20260414;151001;5433.5;5
LKOH;0;20260414;151001;5433.5;20
LKOH;0;20260414;151001;5434.0;1
LKOH;0;20260414;151001;5434.0;2
LKOH;0;20260414;151002;5434.0;1
LKOH;0;20260414;151002;5433.5;1
LKOH;0;20260414;151002;5433.5;2
LKOH;0;20260414;151006;5434.0;1
LKOH;0;20260414;151009;5434.0;5
LKOH;0;20260414;151015;5434.0;1
LKOH;0;20260414;151016;5433.5;1
LKOH;0;20260414;151016;5433.5;1
LKOH;0;20260414;151025;5434.0;1
LKOH;0;20260414;151037;5433.0;200
LKOH;0;20260414;151037;5433.0;2
LKOH;0;20260414;151037;5433.0;2
LKOH;0;20260414;151037;5433.0;22
LKOH;0;20260414;151037;5433.0;17
LKOH;0;20260414;151037;5432.5;1
LKOH;0;20260414;151037;5432.5;1
LKOH;0;20260414;151037;5432.5;1
LKOH;0;20260414;151037;5432.5;1
LKOH;0;20260414;151037;5432.0;40
LKOH;0;20260414;151037;5432.0;1
LKOH;0;20260414;151037;5432.0;3
LKOH;0;20260414;151037;5432.0;1
LKOH;0;20260414;151037;5432.0;50
LKOH;0;20260414;151037;5431.5;1
LKOH;0;20260414;151037;5431.5;50
LKOH;0;20260414;151037;5431.5;1
LKOH;0;20260414;151037;5431.5;18
LKOH;0;20260414;151038;5432.0;1
LKOH;0;20260414;151038;5432.0;2
LKOH;0;20260414;151038;5432.0;8
LKOH;0;20260414;151038;5432.0;8
LKOH;0;20260414;151038;5431.5;8
LKOH;0;20260414;151038;5431.5;1
LKOH;0;20260414;151038;5431.5;4
LKOH;0;20260414;151038;5431.5;10
LKOH;0;20260414;151038;5431.5;4
LKOH;0;20260414;151041;5432.0;1
LKOH;0;20260414;151041;5432.0;2
LKOH;0;20260414;151044;5432.0;2
LKOH;0;20260414;151049;5432.0;1
LKOH;0;20260414;151050;5432.0;4
LKOH;0;20260414;151051;5431.5;1
LKOH;0;20260414;151051;5431.5;1
LKOH;0;20260414;151053;5432.0;18
LKOH;0;20260414;151054;5431.5;1
LKOH;0;20260414;151054;5431.5;1
LKOH;0;20260414;151057;5431.5;10
LKOH;0;20260414;151057;5431.5;2
LKOH;0;20260414;151057;5431.5;26
LKOH;0;20260414;151057;5431.5;8
LKOH;0;20260414;151057;5431.5;8
LKOH;0;20260414;151057;5431.5;50
LKOH;0;20260414;151057;5431.5;50
LKOH;0;20260414;151057;5431.5;118
LKOH;0;20260414;151057;5431.5;18
LKOH;0;20260414;151057;5431.5;18
LKOH;0;20260414;151057;5431.5;18
LKOH;0;20260414;151057;5431.5;10
LKOH;0;20260414;151057;5431.5;1
LKOH;0;20260414;151057;5431.5;1
LKOH;0;20260414;151057;5431.5;18
LKOH;0;20260414;151057;5431.5;50
LKOH;0;20260414;151057;5431.5;50
LKOH;0;20260414;151057;5431.5;30
LKOH;0;20260414;151057;5431.5;50
LKOH;0;20260414;151057;5431.5;20
LKOH;0;20260414;151057;5431.5;21
LKOH;0;20260414;151057;5431.5;23
LKOH;0;20260414;151057;5431.0;10
LKOH;0;20260414;151057;5431.0;50
LKOH;0;20260414;151057;5431.0;1
LKOH;0;20260414;151057;5431.0;9
LKOH;0;20260414;151057;5431.0;50
LKOH;0;20260414;151057;5431.0;50
LKOH;0;20260414;151057;5431.0;1
LKOH;0;20260414;151057;5431.0;1
LKOH;0;20260414;151057;5431.0;18
LKOH;0;20260414;151057;5431.0;50
LKOH;0;20260414;151057;5431.0;3
LKOH;0;20260414;151057;5431.0;30
LKOH;0;20260414;151057;5431.0;1
LKOH;0;20260414;151057;5431.0;1
LKOH;0;20260414;151057;5431.0;1
LKOH;0;20260414;151057;5431.0;20
LKOH;0;20260414;151057;5431.0;3
LKOH;0;20260414;151057;5431.0;1
LKOH;0;20260414;151058;5431.5;14
LKOH;0;20260414;151058;5431.5;4
LKOH;0;20260414;151058;5431.5;11
LKOH;0;20260414;151102;5432.0;1
LKOH;0;20260414;151103;5432.0;1
LKOH;0;20260414;151104;5432.0;1
LKOH;0;20260414;151105;5431.5;6
LKOH;0;20260414;151106;5432.0;4
LKOH;0;20260414;151107;5432.0;3
LKOH;0;20260414;151108;5431.5;3
LKOH;0;20260414;151108;5431.5;10
LKOH;0;20260414;151108;5431.5;3
LKOH;0;20260414;151108;5431.5;50
LKOH;0;20260414;151108;5431.5;118
LKOH;0;20260414;151108;5431.5;118
LKOH;0;20260414;151108;5431.5;26
LKOH;0;20260414;151108;5431.5;50
LKOH;0;20260414;151108;5431.5;18
LKOH;0;20260414;151108;5431.5;18
LKOH;0;20260414;151108;5431.5;18
LKOH;0;20260414;151108;5431.5;18
LKOH;0;20260414;151108;5431.5;30
LKOH;0;20260414;151116;5431.5;1
LKOH;0;20260414;151119;5431.0;13
LKOH;0;20260414;151119;5431.0;9
LKOH;0;20260414;151119;5431.0;3
LKOH;0;20260414;151119;5431.0;1
LKOH;0;20260414;151119;5431.0;3
LKOH;0;20260414;151121;5431.5;8
LKOH;0;20260414;151121;5431.0;6
LKOH;0;20260414;151122;5431.5;750
LKOH;0;20260414;151122;5431.5;1
LKOH;0;20260414;151122;5431.5;2
LKOH;0;20260414;151122;5431.5;1
LKOH;0;20260414;151122;5431.5;23
LKOH;0;20260414;151122;5432.0;1
LKOH;0;20260414;151133;5434.0;1
LKOH;0;20260414;151144;5434.5;1
LKOH;0;20260414;151146;5434.5;1
LKOH;0;20260414;151204;5434.5;3
LKOH;0;20260414;151210;5434.0;1
LKOH;0;20260414;151217;5434.0;23
LKOH;0;20260414;151222;5434.0;1
LKOH;0;20260414;151228;5434.5;1
LKOH;0;20260414;151236;5434.5;1
LKOH;0;20260414;151240;5434.0;1
LKOH;0;20260414;151241;5434.5;2
LKOH;0;20260414;151257;5434.5;8
LKOH;0;20260414;151306;5434.5;9
LKOH;0;20260414;151308;5434.5;9
LKOH;0;20260414;151308;5434.0;14
LKOH;0;20260414;151308;5434.0;1
LKOH;0;20260414;151317;5433.5;26
LKOH;0;20260414;151333;5434.0;1
LKOH;0;20260414;151335;5434.0;1
LKOH;0;20260414;151341;5434.0;8
LKOH;0;20260414;151341;5434.0;17
LKOH;0;20260414;151341;5434.0;1
LKOH;0;20260414;151341;5434.0;7
LKOH;0;20260414;151345;5434.0;18
LKOH;0;20260414;151351;5434.5;1
LKOH;0;20260414;151359;5434.0;31
LKOH;0;20260414;151359;5434.0;1
LKOH;0;20260414;151359;5433.5;16
LKOH;0;20260414;151359;5433.5;1
LKOH;0;20260414;151359;5433.5;2
LKOH;0;20260414;151359;5433.5;7
LKOH;0;20260414;151359;5433.5;10
LKOH;0;20260414;151359;5433.0;6
LKOH;0;20260414;151359;5434.0;8
LKOH;0;20260414;151359;5434.0;1
LKOH;0;20260414;151359;5434.0;8
LKOH;0;20260414;151417;5433.0;1
LKOH;0;20260414;151421;5433.0;1
LKOH;0;20260414;151426;5433.5;5
LKOH;0;20260414;151427;5434.0;12
LKOH;0;20260414;151437;5434.5;1
LKOH;0;20260414;151456;5434.5;1
LKOH;0;20260414;151503;5434.0;4
LKOH;0;20260414;151503;5434.5;1
LKOH;0;20260414;151523;5434.0;1
LKOH;0;20260414;151527;5434.0;1
LKOH;0;20260414;151527;5434.0;1
LKOH;0;20260414;151527;5434.0;1
LKOH;0;20260414;151539;5434.0;1
LKOH;0;20260414;151544;5433.5;14
LKOH;0;20260414;151544;5433.5;5
LKOH;0;20260414;151544;5433.5;5
LKOH;0;20260414;151544;5433.0;12
LKOH;0;20260414;151550;5433.0;2
LKOH;0;20260414;151553;5434.0;1
LKOH;0;20260414;151555;5433.5;2
LKOH;0;20260414;151557;5434.0;1
LKOH;0;20260414;151605;5433.5;6
LKOH;0;20260414;151606;5433.5;22
LKOH;0;20260414;151612;5433.5;2
LKOH;0;20260414;151612;5433.5;1
LKOH;0;20260414;151617;5433.5;2
LKOH;0;20260414;151623;5433.0;12
LKOH;0;20260414;151626;5433.5;1
LKOH;0;20260414;151630;5433.0;1
LKOH;0;20260414;151635;5433.0;3
LKOH;0;20260414;151642;5433.5;1
LKOH;0;20260414;151700;5433.5;4
LKOH;0;20260414;151700;5433.5;1
LKOH;0;20260414;151702;5433.5;3
LKOH;0;20260414;151708;5433.5;20
LKOH;0;20260414;151711;5433.5;23
LKOH;0;20260414;151712;5433.5;3
LKOH;0;20260414;151713;5433.5;1
LKOH;0;20260414;151718;5433.5;16
LKOH;0;20260414;151718;5433.5;2
LKOH;0;20260414;151718;5433.5;5
LKOH;0;20260414;151729;5433.0;10
LKOH;0;20260414;151729;5433.0;1
LKOH;0;20260414;151734;5433.0;8
LKOH;0;20260414;151734;5433.0;20
LKOH;0;20260414;151734;5433.0;20
LKOH;0;20260414;151734;5433.5;2
LKOH;0;20260414;151734;5433.5;2
LKOH;0;20260414;151734;5433.5;2
LKOH;0;20260414;151734;5433.5;2
LKOH;0;20260414;151734;5433.5;1
LKOH;0;20260414;151734;5433.5;1
LKOH;0;20260414;151734;5434.0;74
LKOH;0;20260414;151734;5434.0;19
LKOH;0;20260414;151734;5434.0;25
LKOH;0;20260414;151734;5434.5;1
LKOH;0;20260414;151734;5434.5;1
LKOH;0;20260414;151734;5434.5;1
LKOH;0;20260414;151734;5435.0;4
LKOH;0;20260414;151734;5435.0;3
LKOH;0;20260414;151734;5435.0;10
LKOH;0;20260414;151734;5436.5;20
LKOH;0;20260414;151734;5437.0;10
LKOH;0;20260414;151734;5437.5;9
LKOH;0;20260414;151735;5437.5;56
LKOH;0;20260414;151735;5437.5;20
LKOH;0;20260414;151735;5437.5;6
LKOH;0;20260414;151735;5437.5;20
LKOH;0;20260414;151735;5437.5;20
LKOH;0;20260414;151735;5438.0;6
LKOH;0;20260414;151735;5438.0;4
LKOH;0;20260414;151735;5438.0;20
LKOH;0;20260414;151735;5438.0;5
LKOH;0;20260414;151735;5438.0;18
LKOH;0;20260414;151735;5438.0;26
LKOH;0;20260414;151735;5438.0;27
LKOH;0;20260414;151735;5438.0;21
LKOH;0;20260414;151735;5438.0;20
LKOH;0;20260414;151735;5438.5;1
LKOH;0;20260414;151735;5438.5;3
LKOH;0;20260414;151735;5438.5;4
LKOH;0;20260414;151735;5438.5;24
LKOH;0;20260414;151735;5439.0;2
LKOH;0;20260414;151735;5439.0;1
LKOH;0;20260414;151736;5439.0;2
LKOH;0;20260414;151736;5439.0;20
LKOH;0;20260414;151736;5439.0;20
LKOH;0;20260414;151736;5439.5;1
LKOH;0;20260414;151736;5439.5;1
LKOH;0;20260414;151736;5439.5;27
LKOH;0;20260414;151736;5439.5;5
LKOH;0;20260414;151736;5438.5;14
LKOH;0;20260414;151736;5439.5;10
LKOH;0;20260414;151736;5439.5;15
LKOH;0;20260414;151736;5439.5;1
LKOH;0;20260414;151736;5439.5;1
LKOH;0;20260414;151736;5439.5;32
LKOH;0;20260414;151736;5439.5;16
LKOH;0;20260414;151736;5439.5;1
LKOH;0;20260414;151743;5439.0;1
LKOH;0;20260414;151753;5439.0;1
LKOH;0;20260414;151813;5438.5;3
LKOH;0;20260414;151815;5438.5;13
LKOH;0;20260414;151815;5438.5;13
LKOH;0;20260414;151817;5439.0;92
LKOH;0;20260414;151817;5439.0;1
LKOH;0;20260414;151818;5439.0;1
LKOH;0;20260414;151819;5439.5;1
LKOH;0;20260414;151821;5439.0;2
LKOH;0;20260414;151821;5439.0;1
LKOH;0;20260414;151835;5439.0;1
LKOH;0;20260414;151851;5439.0;15
LKOH;0;20260414;151851;5439.0;18
LKOH;0;20260414;151851;5439.0;2
LKOH;0;20260414;151851;5439.0;4
LKOH;0;20260414;151851;5439.0;7
LKOH;0;20260414;151851;5439.5;1
LKOH;0;20260414;151851;5439.5;1
LKOH;0;20260414;151851;5439.5;64
LKOH;0;20260414;151851;5439.5;7
LKOH;0;20260414;151851;5439.5;43
LKOH;0;20260414;151851;5440.0;1
LKOH;0;20260414;151851;5440.0;50
LKOH;0;20260414;151851;5440.0;1
LKOH;0;20260414;151851;5440.0;25
LKOH;0;20260414;151851;5440.5;27
LKOH;0;20260414;151851;5440.5;50
LKOH;0;20260414;151908;5440.5;1
LKOH;0;20260414;151914;5441.0;1
LKOH;0;20260414;151916;5440.5;35
LKOH;0;20260414;151916;5439.5;30
LKOH;0;20260414;151916;5439.5;1
LKOH;0;20260414;151916;5439.5;11
LKOH;0;20260414;151916;5439.5;19
LKOH;0;20260414;151916;5439.5;25
LKOH;0;20260414;151920;5439.0;4
LKOH;0;20260414;151922;5439.0;1
LKOH;0;20260414;151926;5439.0;2
LKOH;0;20260414;151929;5438.5;2
LKOH;0;20260414;151929;5438.5;50
LKOH;0;20260414;151938;5438.5;1
LKOH;0;20260414;151945;5438.0;3
LKOH;0;20260414;151947;5438.5;1
LKOH;0;20260414;152002;5438.5;2
LKOH;0;20260414;152003;5438.0;1
LKOH;0;20260414;152004;5438.5;1
LKOH;0;20260414;152011;5438.5;1
LKOH;0;20260414;152018;5438.0;1
LKOH;0;20260414;152018;5438.0;1
LKOH;0;20260414;152018;5438.0;2
LKOH;0;20260414;152022;5438.0;7
LKOH;0;20260414;152022;5438.0;1
LKOH;0;20260414;152023;5438.0;1
LKOH;0;20260414;152035;5438.0;1
LKOH;0;20260414;152039;5438.0;1
LKOH;0;20260414;152041;5436.5;1
LKOH;0;20260414;152044;5436.0;1
LKOH;0;20260414;152044;5435.5;20
LKOH;0;20260414;152044;5435.5;14
LKOH;0;20260414;152044;5435.5;3
LKOH;0;20260414;152045;5435.5;10
LKOH;0;20260414;152046;5436.5;1
LKOH;0;20260414;152107;5436.5;8
LKOH;0;20260414;152107;5436.5;1
LKOH;0;20260414;152122;5436.0;4
LKOH;0;20260414;152122;5436.0;1
LKOH;0;20260414;152122;5436.0;7
LKOH;0;20260414;152124;5436.0;1
LKOH;0;20260414;152124;5436.0;3
LKOH;0;20260414;152124;5436.0;31
LKOH;0;20260414;152126;5436.5;1
LKOH;0;20260414;152126;5437.0;1
LKOH;0;20260414;152132;5437.0;1
LKOH;0;20260414;152133;5436.5;1
LKOH;0;20260414;152133;5436.0;7
LKOH;0;20260414;152138;5437.5;1
LKOH;0;20260414;152138;5437.5;1
LKOH;0;20260414;152138;5437.5;13
LKOH;0;20260414;152155;5437.5;5
LKOH;0;20260414;152155;5437.5;1
LKOH;0;20260414;152155;5437.5;1
LKOH;0;20260414;152155;5437.5;19
LKOH;0;20260414;152206;5437.5;3
LKOH;0;20260414;152210;5437.0;5
LKOH;0;20260414;152210;5437.0;1
LKOH;0;20260414;152210;5437.0;7
LKOH;0;20260414;152217;5437.0;23
LKOH;0;20260414;152217;5437.0;9
LKOH;0;20260414;152217;5437.0;1
LKOH;0;20260414;152217;5437.0;3
LKOH;0;20260414;152224;5437.0;24
LKOH;0;20260414;152225;5437.5;1
LKOH;0;20260414;152228;5437.5;5
LKOH;0;20260414;152240;5437.5;3
LKOH;0;20260414;152240;5437.5;1
LKOH;0;20260414;152240;5438.0;1
LKOH;0;20260414;152240;5438.0;30
LKOH;0;20260414;152240;5438.5;1
LKOH;0;20260414;152240;5438.5;30
LKOH;0;20260414;152240;5438.5;25
LKOH;0;20260414;152240;5439.0;1
LKOH;0;20260414;152240;5439.0;1
LKOH;0;20260414;152252;5439.0;1
LKOH;0;20260414;152303;5438.5;1
LKOH;0;20260414;152303;5438.5;47
LKOH;0;20260414;152308;5438.5;1
LKOH;0;20260414;152308;5439.0;2
LKOH;0;20260414;152319;5438.5;1
LKOH;0;20260414;152319;5438.5;1
LKOH;0;20260414;152319;5438.5;1
LKOH;0;20260414;152328;5438.0;7
LKOH;0;20260414;152335;5438.0;1
LKOH;0;20260414;152345;5438.0;1
LKOH;0;20260414;152345;5437.5;5
LKOH;0;20260414;152345;5437.5;1
LKOH;0;20260414;152345;5437.5;1
LKOH;0;20260414;152345;5437.5;1
LKOH;0;20260414;152353;5438.0;1
LKOH;0;20260414;152404;5438.5;1
LKOH;0;20260414;152404;5438.0;10
LKOH;0;20260414;152404;5438.0;1
LKOH;0;20260414;152404;5438.0;1
LKOH;0;20260414;152404;5437.5;1
LKOH;0;20260414;152404;5437.5;1
LKOH;0;20260414;152404;5437.5;9
LKOH;0;20260414;152404;5437.5;2
LKOH;0;20260414;152404;5437.5;2
LKOH;0;20260414;152404;5437.5;1
LKOH;0;20260414;152414;5437.5;2
LKOH;0;20260414;152432;5437.0;2
LKOH;0;20260414;152432;5437.0;18
LKOH;0;20260414;152437;5438.0;1
LKOH;0;20260414;152439;5438.0;1
LKOH;0;20260414;152442;5437.0;4
LKOH;0;20260414;152442;5436.5;3
LKOH;0;20260414;152442;5436.5;48
LKOH;0;20260414;152442;5436.5;13
LKOH;0;20260414;152444;5437.5;1
LKOH;0;20260414;152501;5438.0;1
LKOH;0;20260414;152507;5438.5;1
LKOH;0;20260414;152507;5438.5;45
LKOH;0;20260414;152507;5438.5;1
LKOH;0;20260414;152507;5438.5;1
LKOH;0;20260414;152507;5438.5;1
LKOH;0;20260414;152508;5439.0;1
LKOH;0;20260414;152508;5438.5;1
LKOH;0;20260414;152512;5438.5;10
LKOH;0;20260414;152534;5438.5;2
LKOH;0;20260414;152539;5438.5;5
LKOH;0;20260414;152539;5438.5;1
LKOH;0;20260414;152539;5438.5;7
LKOH;0;20260414;152555;5438.5;1
LKOH;0;20260414;152607;5439.0;1
LKOH;0;20260414;152623;5440.0;1
LKOH;0;20260414;152623;5440.0;1
LKOH;0;20260414;152636;5439.5;28
LKOH;0;20260414;152642;5439.5;1
LKOH;0;20260414;152644;5439.0;17
LKOH;0;20260414;152644;5439.5;1
LKOH;0;20260414;152647;5439.5;1
LKOH;0;20260414;152702;5439.5;1
LKOH;0;20260414;152717;5439.0;2
LKOH;0;20260414;152725;5438.0;8
LKOH;0;20260414;152728;5437.0;4
LKOH;0;20260414;152735;5437.0;1
LKOH;0;20260414;152735;5437.0;1
LKOH;0;20260414;152737;5436.5;1
LKOH;0;20260414;152741;5437.0;2
LKOH;0;20260414;152746;5437.0;27
LKOH;0;20260414;152746;5437.0;29
LKOH;0;20260414;152746;5437.0;26
LKOH;0;20260414;152746;5437.5;18
LKOH;0;20260414;152751;5436.5;19
LKOH;0;20260414;152752;5437.5;1
LKOH;0;20260414;152809;5437.0;8
LKOH;0;20260414;152809;5437.0;1
LKOH;0;20260414;152829;5437.5;1
LKOH;0;20260414;152830;5438.0;2
LKOH;0;20260414;152830;5438.0;1
LKOH;0;20260414;152837;5437.5;7
LKOH;0;20260414;152900;5437.5;11
LKOH;0;20260414;152922;5437.5;10
LKOH;0;20260414;152932;5437.5;9
LKOH;0;20260414;152932;5437.5;18
LKOH;0;20260414;152932;5437.5;1
LKOH;0;20260414;152932;5437.5;4
LKOH;0;20260414;152932;5437.5;50
LKOH;0;20260414;152932;5437.5;3
LKOH;0;20260414;152932;5437.0;6
LKOH;0;20260414;152932;5437.0;1
LKOH;0;20260414;152932;5437.0;8
LKOH;0;20260414;152935;5437.5;1
LKOH;0;20260414;152935;5437.5;1
LKOH;0;20260414;152935;5437.5;12
LKOH;0;20260414;152954;5438.0;1
LKOH;0;20260414;152957;5438.0;12
LKOH;0;20260414;152957;5438.5;1
LKOH;0;20260414;152957;5438.5;22
LKOH;0;20260414;153039;5438.0;3
LKOH;0;20260414;153044;5438.5;1
LKOH;0;20260414;153103;5438.0;1
LKOH;0;20260414;153106;5438.5;1
LKOH;0;20260414;153108;5438.0;5
LKOH;0;20260414;153108;5438.0;1
LKOH;0;20260414;153108;5438.0;1
LKOH;0;20260414;153108;5438.0;20
LKOH;0;20260414;153108;5438.5;2
LKOH;0;20260414;153111;5438.5;1
LKOH;0;20260414;153122;5438.5;1
LKOH;0;20260414;153130;5438.5;1
LKOH;0;20260414;153138;5438.5;1
LKOH;0;20260414;153147;5438.5;5
LKOH;0;20260414;153155;5438.5;10
LKOH;0;20260414;153157;5438.5;1
LKOH;0;20260414;153200;5438.5;2
LKOH;0;20260414;153201;5438.5;1
LKOH;0;20260414;153209;5438.0;1
LKOH;0;20260414;153209;5438.0;2
LKOH;0;20260414;153209;5438.0;18
LKOH;0;20260414;153213;5438.5;1
LKOH;0;20260414;153221;5438.0;20
LKOH;0;20260414;153221;5437.5;4
LKOH;0;20260414;153221;5437.5;1
LKOH;0;20260414;153221;5437.5;1
LKOH;0;20260414;153221;5437.0;5
LKOH;0;20260414;153221;5437.0;9
LKOH;0;20260414;153221;5437.0;1
LKOH;0;20260414;153221;5437.0;300
LKOH;0;20260414;153221;5436.5;103
LKOH;0;20260414;153221;5436.5;1
LKOH;0;20260414;153221;5436.5;1
LKOH;0;20260414;153221;5436.5;48
LKOH;0;20260414;153221;5436.0;4
LKOH;0;20260414;153221;5436.0;2
LKOH;0;20260414;153221;5436.5;6
LKOH;0;20260414;153228;5436.0;6
LKOH;0;20260414;153228;5436.0;1
LKOH;0;20260414;153228;5436.0;1
LKOH;0;20260414;153228;5435.5;1
LKOH;0;20260414;153228;5435.5;3
LKOH;0;20260414;153228;5435.5;1
LKOH;0;20260414;153228;5435.5;1
LKOH;0;20260414;153231;5436.0;1
LKOH;0;20260414;153233;5436.0;1
LKOH;0;20260414;153240;5436.0;1
LKOH;0;20260414;153243;5436.0;1
LKOH;0;20260414;153250;5435.5;1
LKOH;0;20260414;153250;5435.5;2
LKOH;0;20260414;153252;5436.0;1
LKOH;0;20260414;153257;5435.5;1
LKOH;0;20260414;153258;5435.5;2
LKOH;0;20260414;153303;5435.5;2
LKOH;0;20260414;153305;5435.5;5
LKOH;0;20260414;153309;5435.5;1
LKOH;0;20260414;153314;5435.0;4
LKOH;0;20260414;153314;5435.0;10
LKOH;0;20260414;153314;5435.0;1
LKOH;0;20260414;153314;5435.0;3
LKOH;0;20260414;153325;5435.0;1
LKOH;0;20260414;153325;5435.0;1
LKOH;0;20260414;153331;5434.5;1
LKOH;0;20260414;153335;5434.5;1
LKOH;0;20260414;153335;5434.0;1
LKOH;0;20260414;153340;5433.5;3
LKOH;0;20260414;153350;5433.5;4
LKOH;0;20260414;153350;5434.0;1
LKOH;0;20260414;153350;5434.5;5
LKOH;0;20260414;153358;5433.5;4
LKOH;0;20260414;153414;5433.5;5
LKOH;0;20260414;153417;5433.5;8
LKOH;0;20260414;153417;5433.5;5
LKOH;0;20260414;153417;5433.5;5
LKOH;0;20260414;153417;5433.5;6
LKOH;0;20260414;153427;5433.0;1
LKOH;0;20260414;153439;5433.0;19
LKOH;0;20260414;153439;5433.0;5
LKOH;0;20260414;153439;5433.0;1
LKOH;0;20260414;153439;5433.0;2
LKOH;0;20260414;153443;5433.5;1
LKOH;0;20260414;153448;5433.5;1
LKOH;0;20260414;153448;5433.5;4
LKOH;0;20260414;153449;5433.0;2
LKOH;0;20260414;153449;5433.0;8
LKOH;0;20260414;153449;5433.0;4
LKOH;0;20260414;153449;5433.0;5
LKOH;0;20260414;153449;5433.0;5
LKOH;0;20260414;153449;5433.0;1
LKOH;0;20260414;153449;5432.5;30
LKOH;0;20260414;153509;5432.5;1
LKOH;0;20260414;153532;5433.0;12
LKOH;0;20260414;153537;5433.0;2
LKOH;0;20260414;153537;5433.5;1
LKOH;0;20260414;153537;5433.5;2
LKOH;0;20260414;153537;5433.5;9
LKOH;0;20260414;153537;5433.5;1
LKOH;0;20260414;153537;5434.0;1
LKOH;0;20260414;153537;5434.0;4
LKOH;0;20260414;153547;5433.5;8
LKOH;0;20260414;153550;5434.5;1
LKOH;0;20260414;153552;5434.5;32
LKOH;0;20260414;153552;5435.5;1
LKOH;0;20260414;153552;5435.5;8
LKOH;0;20260414;153552;5435.5;9
LKOH;0;20260414;153552;5436.0;10
LKOH;0;20260414;153552;5436.0;1
LKOH;0;20260414;153552;5436.0;30
LKOH;0;20260414;153552;5436.0;118
LKOH;0;20260414;153552;5436.5;1
LKOH;0;20260414;153552;5436.5;8
LKOH;0;20260414;153552;5436.5;30
LKOH;0;20260414;153552;5436.5;48
LKOH;0;20260414;153552;5437.0;13
LKOH;0;20260414;153552;5437.0;1
LKOH;0;20260414;153552;5437.0;30
LKOH;0;20260414;153552;5437.0;60
LKOH;0;20260414;153552;5434.5;30
LKOH;0;20260414;153552;5434.5;3
LKOH;0;20260414;153559;5436.5;6
LKOH;0;20260414;153559;5436.5;1
LKOH;0;20260414;153559;5436.0;1
LKOH;0;20260414;153559;5436.0;2
LKOH;0;20260414;153559;5436.0;11
LKOH;0;20260414;153559;5436.0;7
LKOH;0;20260414;153559;5436.0;7
LKOH;0;20260414;153559;5436.0;1
LKOH;0;20260414;153559;5436.0;1
LKOH;0;20260414;153559;5436.0;3
LKOH;0;20260414;153559;5436.0;30
LKOH;0;20260414;153559;5435.5;8
LKOH;0;20260414;153559;5435.5;9
LKOH;0;20260414;153559;5435.5;1
LKOH;0;20260414;153559;5435.5;5
LKOH;0;20260414;153559;5435.5;30
LKOH;0;20260414;153559;5435.5;1
LKOH;0;20260414;153559;5435.0;13
LKOH;0;20260414;153559;5435.0;1
LKOH;0;20260414;153559;5435.0;2
LKOH;0;20260414;153559;5435.0;99
LKOH;0;20260414;153633;5435.5;1
LKOH;0;20260414;153640;5436.0;1
LKOH;0;20260414;153640;5436.0;1
LKOH;0;20260414;153647;5435.5;2
LKOH;0;20260414;153649;5436.0;21
LKOH;0;20260414;153649;5437.0;33
LKOH;0;20260414;153649;5437.0;1
LKOH;0;20260414;153649;5437.5;1
LKOH;0;20260414;153649;5437.5;9
LKOH;0;20260414;153649;5438.0;1
LKOH;0;20260414;153649;5438.0;30
LKOH;0;20260414;153649;5438.0;48
LKOH;0;20260414;153649;5438.0;18
LKOH;0;20260414;153649;5438.0;25
LKOH;0;20260414;153649;5438.5;13
LKOH;0;20260414;153656;5437.5;2
LKOH;0;20260414;153656;5437.5;1
LKOH;0;20260414;153705;5437.5;9
LKOH;0;20260414;153705;5437.0;8
LKOH;0;20260414;153712;5437.5;20
LKOH;0;20260414;153744;5437.5;1
LKOH;0;20260414;153744;5437.0;1
LKOH;0;20260414;153750;5437.5;2
LKOH;0;20260414;153803;5437.0;21
LKOH;0;20260414;153803;5437.0;7
LKOH;0;20260414;153803;5437.0;1
LKOH;0;20260414;153803;5437.0;1
LKOH;0;20260414;153803;5437.0;5
LKOH;0;20260414;153811;5437.0;1
LKOH;0;20260414;153822;5437.0;13
LKOH;0;20260414;153828;5437.5;10
LKOH;0;20260414;153828;5437.5;2
LKOH;0;20260414;153828;5438.0;1
LKOH;0;20260414;153828;5438.5;156
LKOH;0;20260414;153828;5438.5;3
LKOH;0;20260414;153828;5438.5;5
LKOH;0;20260414;153828;5438.5;33
LKOH;0;20260414;153828;5438.5;30
LKOH;0;20260414;153828;5438.5;3
LKOH;0;20260414;153828;5439.0;30
LKOH;0;20260414;153828;5439.0;3
LKOH;0;20260414;153828;5439.0;1
LKOH;0;20260414;153835;5439.5;1
LKOH;0;20260414;153837;5439.5;4
LKOH;0;20260414;153837;5439.5;6
LKOH;0;20260414;153851;5439.0;4
LKOH;0;20260414;153854;5439.5;6
LKOH;0;20260414;153854;5440.0;1
LKOH;0;20260414;153854;5440.0;2
LKOH;0;20260414;153854;5440.0;1
LKOH;0;20260414;153854;5440.0;1
LKOH;0;20260414;153907;5439.5;1
LKOH;0;20260414;153907;5440.0;3
LKOH;0;20260414;153914;5439.0;2
LKOH;0;20260414;153924;5440.0;1
LKOH;0;20260414;153924;5440.0;1
LKOH;0;20260414;153924;5440.0;2
LKOH;0;20260414;153932;5439.0;3
LKOH;0;20260414;153932;5439.0;1
LKOH;0;20260414;153932;5439.0;43
LKOH;0;20260414;153933;5439.0;17
LKOH;0;20260414;153934;5439.5;2
LKOH;0;20260414;153941;5439.0;10
LKOH;0;20260414;153943;5439.0;1
LKOH;0;20260414;153943;5439.0;2
LKOH;0;20260414;153943;5438.5;1
LKOH;0;20260414;153959;5439.5;3
LKOH;0;20260414;154002;5439.5;4
LKOH;0;20260414;154005;5439.5;1
LKOH;0;20260414;154005;5439.0;25
LKOH;0;20260414;154009;5440.0;1
LKOH;0;20260414;154048;5439.5;3
LKOH;0;20260414;154101;5439.0;23
LKOH;0;20260414;154112;5439.5;33
LKOH;0;20260414;154112;5440.0;1
LKOH;0;20260414;154112;5440.0;9
LKOH;0;20260414;154114;5440.0;1
LKOH;0;20260414;154118;5440.0;7
LKOH;0;20260414;154118;5440.0;1
LKOH;0;20260414;154118;5440.0;9
LKOH;0;20260414;154124;5440.0;1
LKOH;0;20260414;154126;5440.0;10
LKOH;0;20260414;154133;5440.0;8
LKOH;0;20260414;154134;5440.0;1
LKOH;0;20260414;154140;5440.0;1
LKOH;0;20260414;154145;5440.0;1
LKOH;0;20260414;154146;5439.5;10
LKOH;0;20260414;154146;5439.5;1
LKOH;0;20260414;154151;5440.0;2
LKOH;0;20260414;154151;5440.0;1
LKOH;0;20260414;154155;5439.5;1
LKOH;0;20260414;154155;5440.0;1
LKOH;0;20260414;154159;5440.0;6
LKOH;0;20260414;154159;5440.0;5
LKOH;0;20260414;154200;5440.0;1
LKOH;0;20260414;154202;5440.0;1
LKOH;0;20260414;154203;5440.0;1
LKOH;0;20260414;154206;5440.0;1
LKOH;0;20260414;154208;5440.0;8
LKOH;0;20260414;154219;5440.0;6
LKOH;0;20260414;154220;5439.5;1
LKOH;0;20260414;154222;5439.5;1
LKOH;0;20260414;154222;5440.0;5
LKOH;0;20260414;154222;5440.0;24
LKOH;0;20260414;154222;5440.0;1
LKOH;0;20260414;154222;5440.0;3
LKOH;0;20260414;154229;5439.5;1
LKOH;0;20260414;154240;5439.0;1
LKOH;0;20260414;154242;5439.5;1
LKOH;0;20260414;154244;5439.5;1
LKOH;0;20260414;154250;5439.5;2
LKOH;0;20260414;154250;5439.5;1
LKOH;0;20260414;154258;5439.5;2
LKOH;0;20260414;154306;5439.0;1
LKOH;0;20260414;154306;5439.0;1
LKOH;0;20260414;154313;5439.0;1
LKOH;0;20260414;154323;5438.5;6
LKOH;0;20260414;154325;5438.5;1
LKOH;0;20260414;154325;5438.5;300
LKOH;0;20260414;154325;5438.5;1
LKOH;0;20260414;154325;5438.5;10
LKOH;0;20260414;154325;5438.5;10
LKOH;0;20260414;154325;5438.5;1
LKOH;0;20260414;154325;5438.5;1
LKOH;0;20260414;154325;5438.5;7
LKOH;0;20260414;154329;5439.0;1
LKOH;0;20260414;154330;5438.5;31
LKOH;0;20260414;154334;5439.0;1
LKOH;0;20260414;154344;5439.0;1
LKOH;0;20260414;154350;5438.5;1
LKOH;0;20260414;154350;5438.5;1
LKOH;0;20260414;154353;5438.5;1
LKOH;0;20260414;154406;5438.0;11
LKOH;0;20260414;154406;5438.0;1
LKOH;0;20260414;154406;5438.0;1
LKOH;0;20260414;154406;5437.5;6
LKOH;0;20260414;154413;5438.5;5
LKOH;0;20260414;154428;5438.5;1
LKOH;0;20260414;154428;5438.5;4
LKOH;0;20260414;154437;5438.5;1
LKOH;0;20260414;154443;5438.0;3
LKOH;0;20260414;154443;5438.0;1
LKOH;0;20260414;154443;5438.0;1
LKOH;0;20260414;154443;5438.0;222
LKOH;0;20260414;154443;5438.0;9
LKOH;0;20260414;154443;5437.5;5
LKOH;0;20260414;154443;5437.5;9
LKOH;0;20260414;154444;5438.5;1
LKOH;0;20260414;154444;5439.0;1
LKOH;0;20260414;154445;5438.0;10
LKOH;0;20260414;154452;5438.0;1
LKOH;0;20260414;154454;5438.5;1
LKOH;0;20260414;154457;5438.5;1
LKOH;0;20260414;154501;5438.0;211
LKOH;0;20260414;154501;5438.0;1
LKOH;0;20260414;154501;5438.0;1
LKOH;0;20260414;154501;5438.0;37
LKOH;0;20260414;154502;5438.5;1
LKOH;0;20260414;154504;5438.0;1
LKOH;0;20260414;154507;5438.5;4
LKOH;0;20260414;154508;5439.0;1
LKOH;0;20260414;154513;5438.5;1
LKOH;0;20260414;154537;5438.5;1
LKOH;0;20260414;154540;5438.5;2
LKOH;0;20260414;154546;5438.5;2
LKOH;0;20260414;154553;5438.0;4
LKOH;0;20260414;154553;5438.0;1
LKOH;0;20260414;154558;5438.0;5
LKOH;0;20260414;154605;5438.0;2
LKOH;0;20260414;154613;5438.0;1
LKOH;0;20260414;154617;5438.0;1
LKOH;0;20260414;154619;5438.0;2
LKOH;0;20260414;154620;5438.0;2
LKOH;0;20260414;154622;5437.5;2
LKOH;0;20260414;154627;5438.0;1
LKOH;0;20260414;154628;5437.5;2
LKOH;0;20260414;154628;5437.5;13
LKOH;0;20260414;154632;5437.5;1
LKOH;0;20260414;154646;5438.0;1
LKOH;0;20260414;154649;5437.5;1
LKOH;0;20260414;154649;5437.5;1
LKOH;0;20260414;154649;5437.5;6
LKOH;0;20260414;154654;5437.5;3
LKOH;0;20260414;154654;5437.5;17
LKOH;0;20260414;154655;5437.5;3
LKOH;0;20260414;154700;5437.5;1
LKOH;0;20260414;154700;5437.5;1
LKOH;0;20260414;154702;5437.0;1
LKOH;0;20260414;154706;5437.5;1
LKOH;0;20260414;154706;5437.5;1
LKOH;0;20260414;154709;5437.5;1
LKOH;0;20260414;154710;5437.5;1
LKOH;0;20260414;154710;5437.5;2
LKOH;0;20260414;154710;5437.5;1
LKOH;0;20260414;154710;5437.5;6
LKOH;0;20260414;154711;5437.5;3
LKOH;0;20260414;154717;5437.0;2
LKOH;0;20260414;154717;5437.0;2
LKOH;0;20260414;154717;5437.0;1
LKOH;0;20260414;154717;5437.0;1
LKOH;0;20260414;154726;5437.0;2
LKOH;0;20260414;154732;5436.5;2
LKOH;0;20260414;154745;5437.0;1
LKOH;0;20260414;154747;5436.5;15
LKOH;0;20260414;154754;5437.0;1
LKOH;0;20260414;154801;5436.5;2
LKOH;0;20260414;154801;5436.5;40
LKOH;0;20260414;154801;5436.5;1
LKOH;0;20260414;154802;5436.5;1
LKOH;0;20260414;154810;5436.5;4
LKOH;0;20260414;154810;5436.5;5
LKOH;0;20260414;154816;5436.5;5
LKOH;0;20260414;154828;5436.5;1
LKOH;0;20260414;154829;5436.5;2
LKOH;0;20260414;154831;5436.0;1
LKOH;0;20260414;154833;5436.0;19
LKOH;0;20260414;154833;5436.0;25
LKOH;0;20260414;154833;5436.0;5
LKOH;0;20260414;154834;5435.5;5
LKOH;0;20260414;154834;5435.0;4
LKOH;0;20260414;154840;5435.0;2
LKOH;0;20260414;154840;5435.0;1
LKOH;0;20260414;154840;5435.0;2
LKOH;0;20260414;154852;5434.5;1
LKOH;0;20260414;154852;5435.0;2
LKOH;0;20260414;154858;5435.0;1
LKOH;0;20260414;154858;5435.0;1
LKOH;0;20260414;154900;5435.0;1
LKOH;0;20260414;154906;5435.0;12
LKOH;0;20260414;154906;5435.0;220
LKOH;0;20260414;154906;5435.0;16
LKOH;0;20260414;154906;5435.0;4
LKOH;0;20260414;154906;5435.5;9
LKOH;0;20260414;154906;5435.5;2
LKOH;0;20260414;154916;5436.5;1
LKOH;0;20260414;154919;5436.5;1
LKOH;0;20260414;154932;5436.5;1
LKOH;0;20260414;154932;5436.5;2
LKOH;0;20260414;154945;5436.5;1
LKOH;0;20260414;154946;5436.0;7
LKOH;0;20260414;154948;5436.5;2
LKOH;0;20260414;154952;5436.5;1
LKOH;0;20260414;155002;5436.5;1
LKOH;0;20260414;155016;5436.0;2
LKOH;0;20260414;155016;5436.0;14
LKOH;0;20260414;155020;5436.5;1
LKOH;0;20260414;155032;5436.0;1
LKOH;0;20260414;155035;5436.0;4
LKOH;0;20260414;155035;5436.0;1
LKOH;0;20260414;155042;5436.0;1
LKOH;0;20260414;155048;5436.0;1
LKOH;0;20260414;155050;5436.0;1
LKOH;0;20260414;155053;5435.5;25
LKOH;0;20260414;155053;5435.5;1
LKOH;0;20260414;155053;5435.0;33
LKOH;0;20260414;155053;5435.0;1
LKOH;0;20260414;155053;5435.0;58
LKOH;0;20260414;155055;5435.0;2
LKOH;0;20260414;155055;5435.0;2
LKOH;0;20260414;155055;5434.5;22
LKOH;0;20260414;155055;5434.5;1
LKOH;0;20260414;155055;5434.5;7
LKOH;0;20260414;155057;5435.5;15
LKOH;0;20260414;155100;5435.5;2
LKOH;0;20260414;155108;5435.5;1
LKOH;0;20260414;155114;5435.5;12
LKOH;0;20260414;155114;5435.5;1
LKOH;0;20260414;155114;5436.0;2
LKOH;0;20260414;155120;5436.0;1
LKOH;0;20260414;155121;5436.0;18
LKOH;0;20260414;155122;5434.5;1
LKOH;0;20260414;155122;5434.5;3
LKOH;0;20260414;155122;5434.5;4
LKOH;0;20260414;155147;5435.5;1
LKOH;0;20260414;155158;5435.5;1
LKOH;0;20260414;155209;5435.5;26
LKOH;0;20260414;155214;5435.5;1
LKOH;0;20260414;155221;5435.5;1
LKOH;0;20260414;155230;5436.0;1
LKOH;0;20260414;155243;5437.0;1
LKOH;0;20260414;155246;5436.5;1
LKOH;0;20260414;155248;5436.5;1
LKOH;0;20260414;155248;5436.0;1
LKOH;0;20260414;155254;5436.0;2
LKOH;0;20260414;155254;5436.0;1
LKOH;0;20260414;155301;5436.5;1
LKOH;0;20260414;155304;5436.5;1
LKOH;0;20260414;155306;5436.0;1
LKOH;0;20260414;155306;5436.0;7
LKOH;0;20260414;155306;5436.0;1
LKOH;0;20260414;155306;5436.0;1
LKOH;0;20260414;155306;5436.0;8
LKOH;0;20260414;155310;5436.0;2
LKOH;0;20260414;155325;5436.0;1
LKOH;0;20260414;155325;5436.0;1
LKOH;0;20260414;155333;5435.5;7
LKOH;0;20260414;155334;5436.5;1
LKOH;0;20260414;155334;5436.5;2
LKOH;0;20260414;155343;5436.5;1
LKOH;0;20260414;155356;5436.5;1
LKOH;0;20260414;155402;5436.5;19
LKOH;0;20260414;155402;5436.5;15
LKOH;0;20260414;155402;5437.0;50
LKOH;0;20260414;155403;5437.0;26
LKOH;0;20260414;155416;5437.0;1
LKOH;0;20260414;155422;5436.5;50
LKOH;0;20260414;155422;5436.5;50
LKOH;0;20260414;155422;5436.5;40
LKOH;0;20260414;155425;5437.0;76
LKOH;0;20260414;155426;5437.0;1
LKOH;0;20260414;155433;5437.0;5
LKOH;0;20260414;155438;5437.0;2
LKOH;0;20260414;155440;5437.0;2
LKOH;0;20260414;155442;5437.0;1
LKOH;0;20260414;155442;5437.0;1
LKOH;0;20260414;155446;5437.0;1
LKOH;0;20260414;155449;5437.0;2
LKOH;0;20260414;155449;5437.0;106
LKOH;0;20260414;155449;5437.0;1
LKOH;0;20260414;155449;5437.0;2
LKOH;0;20260414;155450;5437.0;10
LKOH;0;20260414;155453;5437.5;9
LKOH;0;20260414;155457;5437.5;1
LKOH;0;20260414;155501;5437.0;1
LKOH;0;20260414;155512;5437.5;17
LKOH;0;20260414;155524;5437.0;1
LKOH;0;20260414;155526;5437.5;1
LKOH;0;20260414;155527;5437.5;1
LKOH;0;20260414;155530;5437.0;15
LKOH;0;20260414;155530;5437.0;1
LKOH;0;20260414;155530;5437.0;4
LKOH;0;20260414;155533;5437.0;1
LKOH;0;20260414;155538;5437.0;5
LKOH;0;20260414;155538;5437.0;6
LKOH;0;20260414;155540;5437.5;10
LKOH;0;20260414;155542;5437.0;1
LKOH;0;20260414;155545;5437.5;1
LKOH;0;20260414;155549;5437.0;1
LKOH;0;20260414;155557;5437.0;1
LKOH;0;20260414;155624;5437.5;22
LKOH;0;20260414;155624;5437.5;69
LKOH;0;20260414;155637;5437.5;1
LKOH;0;20260414;155637;5437.5;1
LKOH;0;20260414;155637;5437.5;6
LKOH;0;20260414;155641;5437.0;5
LKOH;0;20260414;155641;5437.0;1
LKOH;0;20260414;155641;5437.0;1
LKOH;0;20260414;155641;5437.0;1
LKOH;0;20260414;155641;5437.0;1
LKOH;0;20260414;155645;5437.0;1
LKOH;0;20260414;155646;5437.0;8
LKOH;0;20260414;155652;5437.0;1
LKOH;0;20260414;155656;5436.5;1
LKOH;0;20260414;155702;5437.0;1
LKOH;0;20260414;155705;5437.0;1
LKOH;0;20260414;155716;5437.0;1
LKOH;0;20260414;155725;5437.0;17
LKOH;0;20260414;155735;5437.0;1
LKOH;0;20260414;155741;5437.5;1
LKOH;0;20260414;155749;5437.0;1
LKOH;0;20260414;155753;5437.5;3
LKOH;0;20260414;155755;5437.0;1
LKOH;0;20260414;155758;5437.5;1
LKOH;0;20260414;155800;5437.5;1
LKOH;0;20260414;155806;5437.0;2
LKOH;0;20260414;155806;5437.0;1
LKOH;0;20260414;155820;5436.5;1
LKOH;0;20260414;155828;5437.0;1
LKOH;0;20260414;155828;5437.0;4
LKOH;0;20260414;155832;5437.0;1
LKOH;0;20260414;155833;5436.5;1
LKOH;0;20260414;155849;5437.0;1
LKOH;0;20260414;155850;5436.5;11
LKOH;0;20260414;155850;5436.5;1
LKOH;0;20260414;155850;5436.5;11
LKOH;0;20260414;155853;5437.0;1
LKOH;0;20260414;155854;5437.5;1
LKOH;0;20260414;155855;5437.5;8
LKOH;0;20260414;155855;5437.5;1
LKOH;0;20260414;155904;5437.5;3
LKOH;0;20260414;155904;5437.5;13
LKOH;0;20260414;155911;5437.5;1
LKOH;0;20260414;155911;5437.5;3
LKOH;0;20260414;155911;5437.5;1
LKOH;0;20260414;155916;5438.5;1
LKOH;0;20260414;155916;5438.5;8
LKOH;0;20260414;155921;5437.5;1
LKOH;0;20260414;155924;5438.5;8
LKOH;0;20260414;155930;5437.5;9
LKOH;0;20260414;155931;5438.5;2
LKOH;0;20260414;155938;5438.5;15
LKOH;0;20260414;155938;5438.5;1
LKOH;0;20260414;155938;5439.0;9
LKOH;0;20260414;155938;5439.0;7
LKOH;0;20260414;155938;5439.0;1
LKOH;0;20260414;155938;5439.0;77
LKOH;0;20260414;155938;5439.0;1
LKOH;0;20260414;155938;5439.0;1
LKOH;0;20260414;155938;5439.0;1
LKOH;0;20260414;155938;5439.0;2
LKOH;0;20260414;155938;5439.0;1
LKOH;0;20260414;155938;5439.0;1
LKOH;0;20260414;155938;5439.0;1
LKOH;0;20260414;155938;5439.5;17
LKOH;0;20260414;155938;5439.5;1
LKOH;0;20260414;155938;5439.5;1
LKOH;0;20260414;155938;5439.5;1
LKOH;0;20260414;155938;5440.0;1
LKOH;0;20260414;155938;5440.0;13
LKOH;0;20260414;155938;5440.0;12
LKOH;0;20260414;155938;5440.5;1
LKOH;0;20260414;155938;5440.5;4
LKOH;0;20260414;155938;5439.0;7
LKOH;0;20260414;155938;5439.0;14
LKOH;0;20260414;155938;5439.0;12
LKOH;0;20260414;155938;5439.5;4
LKOH;0;20260414;155938;5439.0;8
LKOH;0;20260414;155938;5439.0;21
LKOH;0;20260414;155938;5439.5;8
LKOH;0;20260414;155938;5439.5;3
LKOH;0;20260414;155938;5439.5;1
LKOH;0;20260414;155938;5439.5;21
LKOH;0;20260414;155938;5439.5;33
LKOH;0;20260414;155938;5439.5;120
LKOH;0;20260414;155939;5440.5;2
LKOH;0;20260414;155939;5440.5;1
LKOH;0;20260414;155956;5440.0;1
LKOH;0;20260414;160003;5440.0;4
LKOH;0;20260414;160003;5440.0;1
LKOH;0;20260414;160009;5440.0;1
LKOH;0;20260414;160013;5439.5;15
LKOH;0;20260414;160013;5440.0;4
LKOH;0;20260414;160013;5440.0;5
LKOH;0;20260414;160013;5440.0;33
LKOH;0;20260414;160013;5440.0;30
LKOH;0;20260414;160013;5440.0;1
LKOH;0;20260414;160013;5440.0;25
LKOH;0;20260414;160013;5440.0;8
LKOH;0;20260414;160023;5439.5;1
LKOH;0;20260414;160035;5440.0;1
LKOH;0;20260414;160036;5440.0;1
LKOH;0;20260414;160041;5440.0;1
LKOH;0;20260414;160042;5440.0;2
LKOH;0;20260414;160108;5439.5;2
LKOH;0;20260414;160108;5439.5;1
LKOH;0;20260414;160108;5439.5;1
LKOH;0;20260414;160108;5439.5;8
LKOH;0;20260414;160108;5439.5;4
LKOH;0;20260414;160110;5439.5;1
LKOH;0;20260414;160113;5439.5;25
LKOH;0;20260414;160113;5439.5;2
LKOH;0;20260414;160124;5439.5;1
LKOH;0;20260414;160126;5439.5;1
LKOH;0;20260414;160132;5439.5;1
LKOH;0;20260414;160132;5439.5;1
LKOH;0;20260414;160132;5439.5;1
LKOH;0;20260414;160132;5440.0;1
LKOH;0;20260414;160132;5440.0;2
LKOH;0;20260414;160132;5440.0;2
LKOH;0;20260414;160149;5440.0;1
LKOH;0;20260414;160155;5439.0;8
LKOH;0;20260414;160155;5439.0;1
LKOH;0;20260414;160155;5439.0;21
LKOH;0;20260414;160159;5439.5;1
LKOH;0;20260414;160210;5439.5;1
LKOH;0;20260414;160210;5439.5;1
LKOH;0;20260414;160220;5439.5;1
LKOH;0;20260414;160228;5439.0;18
LKOH;0;20260414;160229;5439.5;1
LKOH;0;20260414;160229;5440.0;1
LKOH;0;20260414;160243;5439.5;1
LKOH;0;20260414;160243;5439.5;30
LKOH;0;20260414;160243;5440.0;11
LKOH;0;20260414;160246;5439.0;1
LKOH;0;20260414;160251;5439.0;1
LKOH;0;20260414;160251;5439.0;1
LKOH;0;20260414;160311;5439.5;1
LKOH;0;20260414;160311;5439.5;5
LKOH;0;20260414;160314;5439.0;15
LKOH;0;20260414;160320;5439.5;1
LKOH;0;20260414;160322;5440.0;1
LKOH;0;20260414;160323;5439.5;1
LKOH;0;20260414;160330;5439.0;1
LKOH;0;20260414;160330;5439.0;1
LKOH;0;20260414;160330;5439.0;2
LKOH;0;20260414;160330;5439.0;1
LKOH;0;20260414;160348;5439.5;6
LKOH;0;20260414;160349;5439.5;2
LKOH;0;20260414;160355;5439.5;1
LKOH;0;20260414;160355;5439.5;2
LKOH;0;20260414;160356;5439.0;1
LKOH;0;20260414;160356;5439.0;21
LKOH;0;20260414;160358;5439.0;19
LKOH;0;20260414;160401;5439.0;36
LKOH;0;20260414;160401;5439.5;1
LKOH;0;20260414;160410;5439.5;1
LKOH;0;20260414;160425;5439.5;1
LKOH;0;20260414;160428;5439.0;1
LKOH;0;20260414;160428;5439.0;1
LKOH;0;20260414;160428;5439.0;1
LKOH;0;20260414;160428;5439.0;30
LKOH;0;20260414;160436;5439.5;1
LKOH;0;20260414;160444;5438.5;1
LKOH;0;20260414;160454;5439.0;4
LKOH;0;20260414;160458;5438.5;1
LKOH;0;20260414;160458;5438.5;1
LKOH;0;20260414;160500;5438.5;1
LKOH;0;20260414;160501;5438.5;1
LKOH;0;20260414;160503;5438.5;1
LKOH;0;20260414;160511;5438.0;1
LKOH;0;20260414;160512;5438.5;1
LKOH;0;20260414;160541;5438.0;4
LKOH;0;20260414;160542;5438.0;1
LKOH;0;20260414;160543;5437.5;2
LKOH;0;20260414;160543;5437.5;1
LKOH;0;20260414;160543;5437.5;1
LKOH;0;20260414;160543;5437.5;2
LKOH;0;20260414;160543;5437.5;1
LKOH;0;20260414;160543;5437.5;1
LKOH;0;20260414;160543;5437.0;1
LKOH;0;20260414;160543;5437.0;2
LKOH;0;20260414;160543;5437.0;19
LKOH;0;20260414;160546;5437.0;1
LKOH;0;20260414;160546;5437.0;1
LKOH;0;20260414;160549;5437.0;1
LKOH;0;20260414;160549;5437.5;1
LKOH;0;20260414;160557;5437.0;1
LKOH;0;20260414;160607;5437.0;2
LKOH;0;20260414;160607;5436.5;1
LKOH;0;20260414;160607;5436.5;1
LKOH;0;20260414;160607;5436.5;40
LKOH;0;20260414;160607;5436.5;1
LKOH;0;20260414;160625;5436.0;5
LKOH;0;20260414;160625;5436.0;1
LKOH;0;20260414;160625;5436.0;1
LKOH;0;20260414;160625;5436.0;1
LKOH;0;20260414;160629;5436.0;1
LKOH;0;20260414;160650;5436.5;1
LKOH;0;20260414;160657;5436.5;1
LKOH;0;20260414;160703;5436.0;17
LKOH;0;20260414;160711;5436.0;1
LKOH;0;20260414;160713;5436.0;90
LKOH;0;20260414;160713;5436.0;1
LKOH;0;20260414;160713;5436.0;1
LKOH;0;20260414;160713;5436.0;1
LKOH;0;20260414;160713;5436.0;1
LKOH;0;20260414;160726;5436.0;3
LKOH;0;20260414;160733;5436.0;1
LKOH;0;20260414;160739;5436.0;18
LKOH;0;20260414;160740;5436.0;1
LKOH;0;20260414;160745;5436.0;2
LKOH;0;20260414;160747;5436.0;18
LKOH;0;20260414;160747;5436.0;1
LKOH;0;20260414;160747;5436.0;91
LKOH;0;20260414;160748;5435.5;3
LKOH;0;20260414;160804;5435.5;24
LKOH;0;20260414;160807;5435.5;1
LKOH;0;20260414;160809;5436.0;1
LKOH;0;20260414;160817;5435.5;19
LKOH;0;20260414;160817;5435.5;1
LKOH;0;20260414;160817;5435.5;20
LKOH;0;20260414;160817;5435.5;1
LKOH;0;20260414;160817;5435.5;1
LKOH;0;20260414;160817;5435.5;1
LKOH;0;20260414;160823;5435.5;2
LKOH;0;20260414;160834;5435.5;10
LKOH;0;20260414;160836;5435.0;1
LKOH;0;20260414;160836;5435.0;2
LKOH;0;20260414;160836;5435.0;14
LKOH;0;20260414;160845;5435.0;1
LKOH;0;20260414;160848;5435.0;4
LKOH;0;20260414;160855;5434.5;16
LKOH;0;20260414;160855;5435.0;1
LKOH;0;20260414;160904;5434.5;4
LKOH;0;20260414;160908;5435.0;1
LKOH;0;20260414;160914;5434.5;1
LKOH;0;20260414;160924;5434.5;1
LKOH;0;20260414;160937;5435.0;2
LKOH;0;20260414;160938;5435.0;1
LKOH;0;20260414;160939;5434.5;2
LKOH;0;20260414;160939;5434.5;1
LKOH;0;20260414;160942;5434.5;2
LKOH;0;20260414;160953;5434.0;23
LKOH;0;20260414;161031;5434.0;7
LKOH;0;20260414;161031;5434.0;1
LKOH;0;20260414;161031;5434.0;1
LKOH;0;20260414;161031;5434.0;1
LKOH;0;20260414;161031;5434.0;1
LKOH;0;20260414;161032;5434.0;1
LKOH;0;20260414;161041;5434.0;1
LKOH;0;20260414;161048;5433.5;1
LKOH;0;20260414;161048;5433.5;5
LKOH;0;20260414;161048;5433.5;1
LKOH;0;20260414;161102;5433.5;1
LKOH;0;20260414;161103;5433.0;3
LKOH;0;20260414;161103;5433.0;1
LKOH;0;20260414;161103;5433.0;8
LKOH;0;20260414;161103;5433.0;4
LKOH;0;20260414;161106;5433.5;4
LKOH;0;20260414;161106;5433.5;1
LKOH;0;20260414;161106;5433.5;3
LKOH;0;20260414;161115;5432.5;1
LKOH;0;20260414;161124;5433.5;1
LKOH;0;20260414;161124;5433.0;6
LKOH;0;20260414;161135;5433.5;3
LKOH;0;20260414;161136;5434.0;1
LKOH;0;20260414;161141;5434.0;1
LKOH;0;20260414;161147;5434.0;1
LKOH;0;20260414;161148;5434.0;1
LKOH;0;20260414;161200;5434.0;1
LKOH;0;20260414;161202;5434.0;1
LKOH;0;20260414;161202;5434.0;1
LKOH;0;20260414;161202;5434.0;5
LKOH;0;20260414;161204;5433.5;5
LKOH;0;20260414;161204;5433.5;1
LKOH;0;20260414;161204;5433.5;8
LKOH;0;20260414;161221;5433.0;1
LKOH;0;20260414;161221;5433.0;1
LKOH;0;20260414;161221;5433.0;1
LKOH;0;20260414;161221;5433.0;1
LKOH;0;20260414;161221;5433.0;1
LKOH;0;20260414;161221;5433.0;1
LKOH;0;20260414;161221;5433.0;4
LKOH;0;20260414;161221;5433.0;1
LKOH;0;20260414;161221;5433.0;8
LKOH;0;20260414;161221;5433.0;1
LKOH;0;20260414;161221;5433.0;1
LKOH;0;20260414;161221;5433.0;4
LKOH;0;20260414;161223;5433.5;146
LKOH;0;20260414;161223;5434.0;1
LKOH;0;20260414;161223;5434.0;200
LKOH;0;20260414;161223;5435.5;56
LKOH;0;20260414;161225;5435.5;1389
LKOH;0;20260414;161225;5436.0;24
LKOH;0;20260414;161225;5436.0;16
LKOH;0;20260414;161225;5437.0;33
LKOH;0;20260414;161225;5438.0;30
LKOH;0;20260414;161225;5438.0;3
LKOH;0;20260414;161229;5438.0;29
LKOH;0;20260414;161229;5438.0;8
LKOH;0;20260414;161229;5438.0;6
LKOH;0;20260414;161250;5438.5;2
LKOH;0;20260414;161257;5438.5;3
LKOH;0;20260414;161301;5438.5;5
LKOH;0;20260414;161302;5438.5;1
LKOH;0;20260414;161305;5438.5;5
LKOH;0;20260414;161305;5438.0;1
LKOH;0;20260414;161306;5438.5;2
LKOH;0;20260414;161309;5438.0;29
LKOH;0;20260414;161309;5438.0;8
LKOH;0;20260414;161309;5438.0;8
LKOH;0;20260414;161309;5438.0;1
LKOH;0;20260414;161323;5437.5;1
LKOH;0;20260414;161324;5437.5;2
LKOH;0;20260414;161326;5437.0;2
LKOH;0;20260414;161326;5437.0;1
LKOH;0;20260414;161326;5437.0;8
LKOH;0;20260414;161326;5437.0;1
LKOH;0;20260414;161331;5436.5;1
LKOH;0;20260414;161339;5437.0;3
LKOH;0;20260414;161341;5437.0;1
LKOH;0;20260414;161341;5437.0;1
LKOH;0;20260414;161353;5437.0;1
LKOH;0;20260414;161355;5437.0;2
LKOH;0;20260414;161355;5437.0;1
LKOH;0;20260414;161358;5437.0;1
LKOH;0;20260414;161401;5437.0;2
LKOH;0;20260414;161402;5437.0;1
LKOH;0;20260414;161406;5437.0;2
LKOH;0;20260414;161410;5437.0;1
LKOH;0;20260414;161413;5436.5;17
LKOH;0;20260414;161417;5437.0;1
LKOH;0;20260414;161417;5437.0;2
LKOH;0;20260414;161421;5437.0;24
LKOH;0;20260414;161421;5436.5;1
LKOH;0;20260414;161423;5437.0;1
LKOH;0;20260414;161424;5437.0;2
LKOH;0;20260414;161430;5436.5;2
LKOH;0;20260414;161432;5437.0;1
LKOH;0;20260414;161433;5436.5;1
LKOH;0;20260414;161437;5437.0;1
LKOH;0;20260414;161437;5437.0;4
LKOH;0;20260414;161438;5436.5;3
LKOH;0;20260414;161439;5437.0;1
LKOH;0;20260414;161440;5437.0;2
LKOH;0;20260414;161446;5437.0;1
LKOH;0;20260414;161458;5437.0;1
LKOH;0;20260414;161508;5437.0;2
LKOH;0;20260414;161508;5437.0;9
LKOH;0;20260414;161509;5436.5;18
LKOH;0;20260414;161509;5436.5;40
LKOH;0;20260414;161509;5436.5;1
LKOH;0;20260414;161509;5436.5;1
LKOH;0;20260414;161509;5436.5;252
LKOH;0;20260414;161509;5436.5;188
LKOH;0;20260414;161522;5436.5;10
LKOH;0;20260414;161522;5436.5;1
LKOH;0;20260414;161522;5436.5;2
LKOH;0;20260414;161600;5436.0;2
LKOH;0;20260414;161601;5436.0;1
LKOH;0;20260414;161601;5436.0;26
LKOH;0;20260414;161606;5436.5;1
LKOH;0;20260414;161606;5436.5;1
LKOH;0;20260414;161612;5436.5;15
LKOH;0;20260414;161612;5436.5;1
LKOH;0;20260414;161612;5436.5;84
LKOH;0;20260414;161622;5436.5;1
LKOH;0;20260414;161632;5436.5;10
LKOH;0;20260414;161641;5436.5;2
LKOH;0;20260414;161648;5436.0;1
LKOH;0;20260414;161648;5436.0;1
LKOH;0;20260414;161651;5436.0;1
LKOH;0;20260414;161651;5436.0;4
LKOH;0;20260414;161651;5435.5;14
LKOH;0;20260414;161651;5436.0;1
LKOH;0;20260414;161653;5436.0;1
LKOH;0;20260414;161656;5435.5;28
LKOH;0;20260414;161700;5436.0;3
LKOH;0;20260414;161701;5436.0;1
LKOH;0;20260414;161704;5436.0;2
LKOH;0;20260414;161733;5436.0;1
LKOH;0;20260414;161733;5435.5;2
LKOH;0;20260414;161738;5436.0;4
LKOH;0;20260414;161742;5435.5;20
LKOH;0;20260414;161744;5436.0;3
LKOH;0;20260414;161748;5436.0;1
LKOH;0;20260414;161751;5435.5;71
LKOH;0;20260414;161753;5436.0;1
LKOH;0;20260414;161759;5435.5;65
LKOH;0;20260414;161759;5435.5;8
LKOH;0;20260414;161759;5435.5;1
LKOH;0;20260414;161759;5435.5;1
LKOH;0;20260414;161805;5435.0;19
LKOH;0;20260414;161806;5436.0;2
LKOH;0;20260414;161813;5436.0;1
LKOH;0;20260414;161836;5435.5;1
LKOH;0;20260414;161836;5435.5;1
LKOH;0;20260414;161837;5435.5;1
LKOH;0;20260414;161844;5435.5;8
LKOH;0;20260414;161848;5435.5;5
LKOH;0;20260414;161848;5435.5;1
LKOH;0;20260414;161848;5435.5;3
LKOH;0;20260414;161848;5435.5;8
LKOH;0;20260414;161848;5435.5;9
LKOH;0;20260414;161849;5435.5;1
LKOH;0;20260414;161900;5435.5;1
LKOH;0;20260414;161902;5435.5;1
LKOH;0;20260414;161910;5435.0;1
LKOH;0;20260414;161910;5435.5;34
LKOH;0;20260414;161924;5435.5;1
LKOH;0;20260414;161932;5435.5;6
LKOH;0;20260414;161935;5435.5;5
LKOH;0;20260414;161952;5435.5;109
LKOH;0;20260414;161952;5435.5;74
LKOH;0;20260414;161952;5435.5;74
LKOH;0;20260414;161952;5435.5;22
LKOH;0;20260414;161952;5435.5;10
LKOH;0;20260414;161952;5435.5;22
LKOH;0;20260414;161952;5436.0;3
LKOH;0;20260414;161952;5436.5;6
LKOH;0;20260414;161952;5436.5;3
LKOH;0;20260414;161952;5437.0;6
LKOH;0;20260414;161952;5437.0;4
LKOH;0;20260414;161952;5438.0;1
LKOH;0;20260414;161952;5438.5;12
LKOH;0;20260414;161952;5438.5;3
LKOH;0;20260414;161952;5438.5;1
LKOH;0;20260414;161952;5438.5;12
LKOH;0;20260414;161952;5438.5;13
LKOH;0;20260414;161952;5439.0;4
LKOH;0;20260414;161952;5439.0;9
LKOH;0;20260414;161952;5438.5;8
LKOH;0;20260414;161952;5438.5;17
LKOH;0;20260414;161952;5438.5;9
LKOH;0;20260414;161952;5438.5;9
LKOH;0;20260414;161952;5438.5;100
LKOH;0;20260414;161952;5438.5;33
LKOH;0;20260414;161952;5438.5;17
LKOH;0;20260414;161952;5438.5;16
LKOH;0;20260414;161952;5439.5;50
LKOH;0;20260414;161952;5439.5;33
LKOH;0;20260414;161952;5440.0;7
LKOH;0;20260414;161952;5440.0;151
LKOH;0;20260414;161952;5440.0;25
LKOH;0;20260414;161952;5440.0;33
LKOH;0;20260414;161952;5440.5;5
LKOH;0;20260414;161952;5440.5;45
LKOH;0;20260414;161952;5440.5;21
LKOH;0;20260414;161952;5440.5;29
LKOH;0;20260414;161952;5440.5;33
LKOH;0;20260414;161952;5440.5;50
LKOH;0;20260414;161952;5440.5;56
LKOH;0;20260414;161952;5440.0;4
LKOH;0;20260414;161952;5440.0;196
LKOH;0;20260414;161953;5440.5;31
LKOH;0;20260414;162000;5440.5;1
LKOH;0;20260414;162001;5440.5;1
LKOH;0;20260414;162001;5440.5;1
LKOH;0;20260414;162001;5440.5;6
LKOH;0;20260414;162001;5440.5;8
LKOH;0;20260414;162001;5440.5;1
LKOH;0;20260414;162001;5440.5;1
LKOH;0;20260414;162001;5441.0;2
LKOH;0;20260414;162001;5441.0;2
LKOH;0;20260414;162001;5441.0;180
LKOH;0;20260414;162001;5441.5;1
LKOH;0;20260414;162001;5441.5;19
LKOH;0;20260414;162002;5441.0;1
LKOH;0;20260414;162002;5441.5;3
LKOH;0;20260414;162002;5441.5;1
LKOH;0;20260414;162002;5442.0;10
LKOH;0;20260414;162002;5442.0;10
LKOH;0;20260414;162002;5442.0;21
LKOH;0;20260414;162002;5442.0;12
LKOH;0;20260414;162002;5442.0;9
LKOH;0;20260414;162002;5442.0;24
LKOH;0;20260414;162002;5442.0;6
LKOH;0;20260414;162002;5442.0;1
LKOH;0;20260414;162006;5442.5;1
LKOH;0;20260414;162006;5442.5;1
LKOH;0;20260414;162013;5443.0;1
LKOH;0;20260414;162016;5444.0;2
LKOH;0;20260414;162021;5443.5;1
LKOH;0;20260414;162022;5443.0;13
LKOH;0;20260414;162024;5442.0;1
LKOH;0;20260414;162026;5442.5;3
LKOH;0;20260414;162027;5442.5;2
LKOH;0;20260414;162035;5443.0;1
LKOH;0;20260414;162035;5443.0;9
LKOH;0;20260414;162036;5443.0;1
LKOH;0;20260414;162036;5443.5;12
LKOH;0;20260414;162036;5443.5;1
LKOH;0;20260414;162036;5443.5;36
LKOH;0;20260414;162041;5443.0;1
LKOH;0;20260414;162041;5443.0;1
LKOH;0;20260414;162052;5442.5;1
LKOH;0;20260414;162052;5442.5;1
LKOH;0;20260414;162102;5442.5;1
LKOH;0;20260414;162107;5443.0;1
LKOH;0;20260414;162107;5443.0;1
LKOH;0;20260414;162107;5443.5;3
LKOH;0;20260414;162109;5443.5;1
LKOH;0;20260414;162112;5442.5;1
LKOH;0;20260414;162118;5443.0;1
LKOH;0;20260414;162123;5443.5;28
LKOH;0;20260414;162127;5444.0;19
LKOH;0;20260414;162127;5444.0;20
LKOH;0;20260414;162127;5444.5;33
LKOH;0;20260414;162127;5445.0;3
LKOH;0;20260414;162127;5445.0;1
LKOH;0;20260414;162127;5445.0;1
LKOH;0;20260414;162127;5445.0;60
LKOH;0;20260414;162127;5445.0;1
LKOH;0;20260414;162127;5444.5;30
LKOH;0;20260414;162127;5444.5;1
LKOH;0;20260414;162127;5444.5;1
LKOH;0;20260414;162127;5444.5;33
LKOH;0;20260414;162127;5444.5;33
LKOH;0;20260414;162127;5444.5;33
LKOH;0;20260414;162127;5444.5;33
LKOH;0;20260414;162128;5444.5;33
LKOH;0;20260414;162128;5445.0;9
LKOH;0;20260414;162128;5445.0;40
LKOH;0;20260414;162128;5445.0;2
LKOH;0;20260414;162128;5445.0;1
LKOH;0;20260414;162128;5445.0;1
LKOH;0;20260414;162128;5445.5;14
LKOH;0;20260414;162128;5445.5;9
LKOH;0;20260414;162128;5445.5;1
LKOH;0;20260414;162128;5445.5;1
LKOH;0;20260414;162128;5445.5;4
LKOH;0;20260414;162128;5445.5;5
LKOH;0;20260414;162128;5445.5;2
LKOH;0;20260414;162128;5445.5;3
LKOH;0;20260414;162128;5445.5;28
LKOH;0;20260414;162128;5445.5;1
LKOH;0;20260414;162128;5445.5;32
LKOH;0;20260414;162135;5445.0;4
LKOH;0;20260414;162136;5445.5;50
LKOH;0;20260414;162136;5445.5;18
LKOH;0;20260414;162136;5445.5;26
LKOH;0;20260414;162136;5445.5;8
LKOH;0;20260414;162136;5445.5;8
LKOH;0;20260414;162148;5446.0;1
LKOH;0;20260414;162148;5446.0;37
LKOH;0;20260414;162148;5446.5;1
LKOH;0;20260414;162148;5446.5;16
LKOH;0;20260414;162148;5446.5;2
LKOH;0;20260414;162148;5446.5;1
LKOH;0;20260414;162148;5446.5;3
LKOH;0;20260414;162148;5446.5;60
LKOH;0;20260414;162148;5446.5;25
LKOH;0;20260414;162149;5447.0;1
LKOH;0;20260414;162149;5447.0;10
LKOH;0;20260414;162149;5447.0;23
LKOH;0;20260414;162149;5447.0;50
LKOH;0;20260414;162149;5447.0;18
LKOH;0;20260414;162149;5447.0;8
LKOH;0;20260414;162149;5447.0;8
LKOH;0;20260414;162149;5447.5;2
LKOH;0;20260414;162149;5447.5;40
LKOH;0;20260414;162150;5447.5;1
LKOH;0;20260414;162150;5447.5;6
LKOH;0;20260414;162150;5447.5;7
LKOH;0;20260414;162150;5447.5;7
LKOH;0;20260414;162150;5447.5;33
LKOH;0;20260414;162150;5448.0;5
LKOH;0;20260414;162150;5448.0;50
LKOH;0;20260414;162150;5448.0;60
LKOH;0;20260414;162150;5447.5;1
LKOH;0;20260414;162152;5448.0;10
LKOH;0;20260414;162153;5448.0;4
LKOH;0;20260414;162153;5448.0;8
LKOH;0;20260414;162153;5448.5;1
LKOH;0;20260414;162153;5448.5;50
LKOH;0;20260414;162153;5448.5;20
LKOH;0;20260414;162205;5448.5;2
LKOH;0;20260414;162206;5448.5;2
LKOH;0;20260414;162219;5448.0;5
LKOH;0;20260414;162219;5448.0;5
LKOH;0;20260414;162219;5448.0;1
LKOH;0;20260414;162219;5448.0;49
LKOH;0;20260414;162219;5448.0;21
LKOH;0;20260414;162219;5448.0;28
LKOH;0;20260414;162219;5448.0;17
LKOH;0;20260414;162219;5448.0;1
LKOH;0;20260414;162219;5448.0;8
LKOH;0;20260414;162232;5448.0;4
LKOH;0;20260414;162232;5448.0;3
LKOH;0;20260414;162234;5447.5;1
LKOH;0;20260414;162235;5448.0;1
LKOH;0;20260414;162235;5448.0;1
LKOH;0;20260414;162235;5448.5;1
LKOH;0;20260414;162235;5448.5;73
LKOH;0;20260414;162235;5448.5;27
LKOH;0;20260414;162235;5448.5;1
LKOH;0;20260414;162235;5448.5;1
LKOH;0;20260414;162235;5448.5;1
LKOH;0;20260414;162235;5448.5;1
LKOH;0;20260414;162235;5449.0;13
LKOH;0;20260414;162235;5449.0;1
LKOH;0;20260414;162235;5449.0;24
LKOH;0;20260414;162235;5449.0;1
LKOH;0;20260414;162235;5449.0;33
LKOH;0;20260414;162240;5449.5;8
LKOH;0;20260414;162241;5450.0;5
LKOH;0;20260414;162241;5450.0;2
LKOH;0;20260414;162241;5450.0;1
LKOH;0;20260414;162241;5450.0;1
LKOH;0;20260414;162241;5450.0;50
LKOH;0;20260414;162241;5450.0;33
LKOH;0;20260414;162241;5450.5;5
LKOH;0;20260414;162241;5450.5;50
LKOH;0;20260414;162241;5450.5;1
LKOH;0;20260414;162241;5450.5;1
LKOH;0;20260414;162241;5450.5;1
LKOH;0;20260414;162241;5450.5;10
LKOH;0;20260414;162244;5450.0;1
LKOH;0;20260414;162244;5450.0;27
LKOH;0;20260414;162246;5450.0;1
LKOH;0;20260414;162247;5450.5;9
LKOH;0;20260414;162247;5450.5;8
LKOH;0;20260414;162247;5450.5;17
LKOH;0;20260414;162247;5450.5;1
LKOH;0;20260414;162247;5450.5;7
LKOH;0;20260414;162250;5450.0;1
LKOH;0;20260414;162302;5450.5;1
LKOH;0;20260414;162302;5450.5;8
LKOH;0;20260414;162302;5450.5;50
LKOH;0;20260414;162302;5451.0;17
LKOH;0;20260414;162302;5451.0;17
LKOH;0;20260414;162302;5451.0;66
LKOH;0;20260414;162302;5451.0;1
LKOH;0;20260414;162302;5451.5;1
LKOH;0;20260414;162302;5451.5;1
LKOH;0;20260414;162302;5451.5;2
LKOH;0;20260414;162302;5452.0;3
LKOH;0;20260414;162302;5452.0;11
LKOH;0;20260414;162302;5451.5;1
LKOH;0;20260414;162305;5452.0;5
LKOH;0;20260414;162306;5452.0;3
LKOH;0;20260414;162306;5452.0;1
LKOH;0;20260414;162306;5452.0;300
LKOH;0;20260414;162306;5452.0;74
LKOH;0;20260414;162306;5452.0;8
LKOH;0;20260414;162306;5452.0;21
LKOH;0;20260414;162306;5452.5;3
LKOH;0;20260414;162306;5452.5;3
LKOH;0;20260414;162306;5452.5;33
LKOH;0;20260414;162306;5452.5;18
LKOH;0;20260414;162306;5452.5;23
LKOH;0;20260414;162306;5452.5;300
LKOH;0;20260414;162306;5452.5;68
LKOH;0;20260414;162306;5452.5;6
LKOH;0;20260414;162306;5452.5;1
LKOH;0;20260414;162306;5452.5;1
LKOH;0;20260414;162306;5452.5;1
LKOH;0;20260414;162306;5453.0;1
LKOH;0;20260414;162306;5453.0;1
LKOH;0;20260414;162306;5453.0;4
LKOH;0;20260414;162306;5453.0;1
LKOH;0;20260414;162306;5453.0;20
LKOH;0;20260414;162307;5453.0;2
LKOH;0;20260414;162307;5453.0;31
LKOH;0;20260414;162308;5453.5;2
LKOH;0;20260414;162308;5453.5;14
LKOH;0;20260414;162308;5453.5;4
LKOH;0;20260414;162314;5453.5;1
LKOH;0;20260414;162320;5453.5;2
LKOH;0;20260414;162323;5453.5;7
LKOH;0;20260414;162323;5453.5;4
LKOH;0;20260414;162323;5453.5;289
LKOH;0;20260414;162323;5453.5;31
LKOH;0;20260414;162323;5453.5;28
LKOH;0;20260414;162323;5453.5;1
LKOH;0;20260414;162323;5453.5;1
LKOH;0;20260414;162323;5454.0;5
LKOH;0;20260414;162323;5454.0;2
LKOH;0;20260414;162323;5454.0;1
LKOH;0;20260414;162323;5454.0;1
LKOH;0;20260414;162323;5454.0;1
LKOH;0;20260414;162325;5454.5;18
LKOH;0;20260414;162325;5455.0;187
LKOH;0;20260414;162325;5455.0;1
LKOH;0;20260414;162325;5455.0;3
LKOH;0;20260414;162325;5455.0;30
LKOH;0;20260414;162325;5455.0;2
LKOH;0;20260414;162325;5455.0;8
LKOH;0;20260414;162325;5455.0;18
LKOH;0;20260414;162325;5455.0;20
LKOH;0;20260414;162325;5455.0;1
LKOH;0;20260414;162325;5455.0;8
LKOH;0;20260414;162325;5455.0;4
LKOH;0;20260414;162325;5454.0;1
LKOH;0;20260414;162325;5455.0;9
LKOH;0;20260414;162330;5455.0;1
LKOH;0;20260414;162337;5454.0;10
LKOH;0;20260414;162338;5455.0;1
LKOH;0;20260414;162342;5455.0;1
LKOH;0;20260414;162348;5455.0;1
LKOH;0;20260414;162350;5454.5;2
LKOH;0;20260414;162351;5454.0;7
LKOH;0;20260414;162403;5454.0;1
LKOH;0;20260414;162403;5454.0;1
LKOH;0;20260414;162403;5454.5;1
LKOH;0;20260414;162404;5454.5;1
LKOH;0;20260414;162404;5454.5;2
LKOH;0;20260414;162410;5454.0;50
LKOH;0;20260414;162410;5454.5;35
LKOH;0;20260414;162410;5454.5;1
LKOH;0;20260414;162410;5454.5;80
LKOH;0;20260414;162410;5455.0;109
LKOH;0;20260414;162410;5455.0;1
LKOH;0;20260414;162410;5455.0;2
LKOH;0;20260414;162410;5455.0;12
LKOH;0;20260414;162410;5455.0;5
LKOH;0;20260414;162410;5455.0;5
LKOH;0;20260414;162416;5455.0;4
LKOH;0;20260414;162422;5455.0;9
LKOH;0;20260414;162424;5454.5;1
LKOH;0;20260414;162424;5454.5;4
LKOH;0;20260414;162431;5454.5;2
LKOH;0;20260414;162438;5454.0;3
LKOH;0;20260414;162439;5454.0;2
LKOH;0;20260414;162444;5454.5;1
LKOH;0;20260414;162444;5454.5;5
LKOH;0;20260414;162448;5454.0;2
LKOH;0;20260414;162448;5453.5;1
LKOH;0;20260414;162456;5453.5;2
LKOH;0;20260414;162505;5453.5;2
LKOH;0;20260414;162505;5453.5;1
LKOH;0;20260414;162506;5453.0;1
LKOH;0;20260414;162524;5453.0;10
LKOH;0;20260414;162525;5453.0;16
LKOH;0;20260414;162525;5453.0;194
LKOH;0;20260414;162526;5452.5;3
LKOH;0;20260414;162530;5452.5;2
LKOH;0;20260414;162537;5452.5;1
LKOH;0;20260414;162537;5452.5;5
LKOH;0;20260414;162538;5452.0;2
LKOH;0;20260414;162539;5452.5;10
LKOH;0;20260414;162549;5452.0;2
LKOH;0;20260414;162549;5452.0;145
LKOH;0;20260414;162558;5451.0;2
LKOH;0;20260414;162601;5451.0;10
LKOH;0;20260414;162604;5451.0;5
LKOH;0;20260414;162604;5451.5;1
LKOH;0;20260414;162610;5451.0;205
LKOH;0;20260414;162610;5451.0;1
LKOH;0;20260414;162610;5450.5;300
LKOH;0;20260414;162610;5450.5;1
LKOH;0;20260414;162610;5450.0;20
LKOH;0;20260414;162610;5450.0;1
LKOH;0;20260414;162610;5450.0;5
LKOH;0;20260414;162612;5449.5;28
LKOH;0;20260414;162612;5449.5;38
LKOH;0;20260414;162613;5449.5;2
LKOH;0;20260414;162614;5450.0;1
LKOH;0;20260414;162614;5449.5;1
LKOH;0;20260414;162618;5449.5;1
LKOH;0;20260414;162630;5450.0;1
LKOH;0;20260414;162634;5450.0;2
LKOH;0;20260414;162635;5449.5;3
LKOH;0;20260414;162648;5448.5;1
LKOH;0;20260414;162648;5448.0;1
LKOH;0;20260414;162648;5447.5;1
LKOH;0;20260414;162651;5446.0;1
LKOH;0;20260414;162654;5446.0;1
LKOH;0;20260414;162655;5446.5;5
LKOH;0;20260414;162705;5446.0;1
LKOH;0;20260414;162705;5445.5;1
LKOH;0;20260414;162711;5445.0;1
LKOH;0;20260414;162711;5445.0;17
LKOH;0;20260414;162711;5445.0;9
LKOH;0;20260414;162720;5445.0;1
LKOH;0;20260414;162720;5445.0;1
LKOH;0;20260414;162722;5445.0;9
LKOH;0;20260414;162723;5444.5;1
LKOH;0;20260414;162723;5444.5;5
LKOH;0;20260414;162723;5444.5;4
LKOH;0;20260414;162726;5445.0;1
LKOH;0;20260414;162727;5445.0;1
LKOH;0;20260414;162729;5444.5;1
LKOH;0;20260414;162729;5444.5;1
LKOH;0;20260414;162737;5445.0;1
LKOH;0;20260414;162737;5445.0;209
LKOH;0;20260414;162737;5444.5;7
LKOH;0;20260414;162737;5444.5;3
LKOH;0;20260414;162745;5444.5;1
LKOH;0;20260414;162757;5444.5;8
LKOH;0;20260414;162757;5445.0;2
LKOH;0;20260414;162759;5444.5;1
LKOH;0;20260414;162802;5444.5;1
LKOH;0;20260414;162804;5445.0;98
LKOH;0;20260414;162804;5445.0;2
LKOH;0;20260414;162804;5445.0;11
LKOH;0;20260414;162804;5445.0;9
LKOH;0;20260414;162804;5445.0;20
LKOH;0;20260414;162804;5445.0;4
LKOH;0;20260414;162804;5445.0;16
LKOH;0;20260414;162804;5445.0;20
LKOH;0;20260414;162804;5445.0;14
LKOH;0;20260414;162804;5445.0;11
LKOH;0;20260414;162804;5445.0;20
LKOH;0;20260414;162804;5445.0;2
LKOH;0;20260414;162804;5445.0;18
LKOH;0;20260414;162804;5445.0;15
LKOH;0;20260414;162811;5446.0;1
LKOH;0;20260414;162814;5446.5;13
LKOH;0;20260414;162814;5446.5;7
LKOH;0;20260414;162815;5446.0;5
LKOH;0;20260414;162815;5446.0;6
LKOH;0;20260414;162815;5446.0;2
LKOH;0;20260414;162815;5446.0;1
LKOH;0;20260414;162815;5446.0;20
LKOH;0;20260414;162815;5446.0;20
LKOH;0;20260414;162815;5446.0;17
LKOH;0;20260414;162815;5446.0;14
LKOH;0;20260414;162820;5446.5;1
LKOH;0;20260414;162826;5446.5;2
LKOH;0;20260414;162832;5446.5;2
LKOH;0;20260414;162832;5446.5;2
LKOH;0;20260414;162832;5446.0;2
LKOH;0;20260414;162902;5446.0;1
LKOH;0;20260414;162906;5446.5;4
LKOH;0;20260414;162908;5447.0;1
LKOH;0;20260414;162923;5447.0;5
LKOH;0;20260414;162923;5447.0;3
LKOH;0;20260414;162931;5447.0;12
LKOH;0;20260414;162931;5447.0;200
LKOH;0;20260414;162931;5447.5;1
LKOH;0;20260414;162931;5448.0;1
LKOH;0;20260414;162934;5449.0;20
LKOH;0;20260414;162934;5449.5;11
LKOH;0;20260414;162934;5449.5;1
LKOH;0;20260414;162934;5449.0;1
LKOH;0;20260414;162934;5449.0;20
LKOH;0;20260414;162934;5450.0;1
LKOH;0;20260414;162934;5450.0;1
LKOH;0;20260414;162934;5450.0;33
LKOH;0;20260414;162934;5450.5;2
LKOH;0;20260414;162934;5450.5;100
LKOH;0;20260414;162934;5450.5;13
LKOH;0;20260414;162934;5450.5;11
LKOH;0;20260414;162934;5450.0;22
LKOH;0;20260414;162934;5450.0;11
LKOH;0;20260414;162948;5450.0;1
LKOH;0;20260414;162953;5450.0;1
LKOH;0;20260414;162958;5450.5;1
LKOH;0;20260414;163001;5450.5;33
LKOH;0;20260414;163001;5450.5;23
LKOH;0;20260414;163001;5450.5;1
LKOH;0;20260414;163001;5451.0;5
LKOH;0;20260414;163001;5451.0;2
LKOH;0;20260414;163001;5451.0;13
LKOH;0;20260414;163001;5451.0;30
LKOH;0;20260414;163001;5451.0;1
LKOH;0;20260414;163001;5451.0;60
LKOH;0;20260414;163001;5451.0;2
LKOH;0;20260414;163001;5451.0;2
LKOH;0;20260414;163002;5451.5;1
LKOH;0;20260414;163002;5451.5;23
LKOH;0;20260414;163002;5451.5;15
LKOH;0;20260414;163002;5451.5;39
LKOH;0;20260414;163011;5451.5;3
LKOH;0;20260414;163011;5452.0;40
LKOH;0;20260414;163011;5452.0;1
LKOH;0;20260414;163011;5452.0;1
LKOH;0;20260414;163011;5452.5;2
LKOH;0;20260414;163011;5452.5;100
LKOH;0;20260414;163011;5452.5;33
LKOH;0;20260414;163011;5452.0;1
LKOH;0;20260414;163011;5452.0;2
LKOH;0;20260414;163015;5451.5;1
LKOH;0;20260414;163018;5451.0;1
LKOH;0;20260414;163023;5451.0;1
LKOH;0;20260414;163031;5451.0;1
LKOH;0;20260414;163031;5451.0;1
LKOH;0;20260414;163032;5451.0;3
LKOH;0;20260414;163032;5451.0;11
LKOH;0;20260414;163032;5451.0;1
LKOH;0;20260414;163032;5451.0;5
LKOH;0;20260414;163032;5451.0;1
LKOH;0;20260414;163032;5451.0;3
LKOH;0;20260414;163036;5452.0;1
LKOH;0;20260414;163047;5452.0;1
LKOH;0;20260414;163053;5452.0;1
LKOH;0;20260414;163058;5451.0;1
LKOH;0;20260414;163058;5452.0;1
LKOH;0;20260414;163105;5451.5;1
LKOH;0;20260414;163106;5451.5;1
LKOH;0;20260414;163106;5451.5;1
LKOH;0;20260414;163116;5451.0;100
LKOH;0;20260414;163116;5451.0;1
LKOH;0;20260414;163128;5450.5;1
LKOH;0;20260414;163129;5450.5;1
LKOH;0;20260414;163139;5450.0;1
LKOH;0;20260414;163143;5449.5;1
LKOH;0;20260414;163143;5449.5;1
LKOH;0;20260414;163200;5449.0;300
LKOH;0;20260414;163202;5448.5;1
LKOH;0;20260414;163202;5448.5;3
LKOH;0;20260414;163203;5447.0;1
LKOH;0;20260414;163205;5447.0;1
LKOH;0;20260414;163205;5447.0;19
LKOH;0;20260414;163205;5447.0;25
LKOH;0;20260414;163220;5448.5;10
LKOH;0;20260414;163227;5447.5;1
LKOH;0;20260414;163230;5447.5;1
LKOH;0;20260414;163241;5446.5;1
LKOH;0;20260414;163300;5446.5;1
LKOH;0;20260414;163301;5446.5;1
LKOH;0;20260414;163301;5446.5;5
LKOH;0;20260414;163303;5446.5;15
LKOH;0;20260414;163303;5446.5;1
LKOH;0;20260414;163324;5446.0;1
LKOH;0;20260414;163324;5446.0;1
LKOH;0;20260414;163324;5446.0;1
LKOH;0;20260414;163324;5446.0;1
LKOH;0;20260414;163324;5445.5;1
LKOH;0;20260414;163324;5445.5;1
LKOH;0;20260414;163324;5445.0;1
LKOH;0;20260414;163324;5445.0;1
LKOH;0;20260414;163324;5445.0;50
LKOH;0;20260414;163324;5445.0;1
LKOH;0;20260414;163324;5445.0;1
LKOH;0;20260414;163324;5445.0;11
LKOH;0;20260414;163324;5444.5;1
LKOH;0;20260414;163324;5444.5;50
LKOH;0;20260414;163324;5444.5;50
LKOH;0;20260414;163324;5444.5;50
LKOH;0;20260414;163324;5444.5;20
LKOH;0;20260414;163324;5444.5;100
LKOH;0;20260414;163324;5444.0;21
LKOH;0;20260414;163324;5444.0;1
LKOH;0;20260414;163324;5444.0;3
LKOH;0;20260414;163324;5444.0;13
LKOH;0;20260414;163325;5445.0;1
LKOH;0;20260414;163325;5445.0;2
LKOH;0;20260414;163340;5444.5;1
LKOH;0;20260414;163340;5444.5;1
LKOH;0;20260414;163348;5444.0;4
LKOH;0;20260414;163348;5443.5;11
LKOH;0;20260414;163348;5443.5;1
LKOH;0;20260414;163348;5443.5;1
LKOH;0;20260414;163348;5443.5;1
LKOH;0;20260414;163348;5443.5;1
LKOH;0;20260414;163348;5443.5;1
LKOH;0;20260414;163353;5444.5;1
LKOH;0;20260414;163359;5444.5;93
LKOH;0;20260414;163403;5444.0;1
LKOH;0;20260414;163403;5443.5;1
LKOH;0;20260414;163403;5443.5;4
LKOH;0;20260414;163403;5443.5;1
LKOH;0;20260414;163403;5443.5;1
LKOH;0;20260414;163403;5443.5;8
LKOH;0;20260414;163403;5443.5;8
LKOH;0;20260414;163403;5443.5;21
LKOH;0;20260414;163405;5444.5;2
LKOH;0;20260414;163407;5443.5;1
LKOH;0;20260414;163407;5443.5;35
LKOH;0;20260414;163407;5443.5;5
LKOH;0;20260414;163407;5443.5;2
LKOH;0;20260414;163407;5443.5;1
LKOH;0;20260414;163407;5443.5;19
LKOH;0;20260414;163407;5443.5;1
LKOH;0;20260414;163407;5443.5;17
LKOH;0;20260414;163423;5444.5;2
LKOH;0;20260414;163437;5444.5;4
LKOH;0;20260414;163441;5444.5;8
LKOH;0;20260414;163443;5443.5;16
LKOH;0;20260414;163457;5443.5;1
LKOH;0;20260414;163512;5443.5;1
LKOH;0;20260414;163513;5443.5;1
LKOH;0;20260414;163513;5443.5;1
LKOH;0;20260414;163513;5443.5;4
LKOH;0;20260414;163513;5443.5;2
LKOH;0;20260414;163517;5443.5;4
LKOH;0;20260414;163517;5443.0;30
LKOH;0;20260414;163517;5443.0;2
LKOH;0;20260414;163517;5443.0;11
LKOH;0;20260414;163517;5443.0;1
LKOH;0;20260414;163517;5442.5;8
LKOH;0;20260414;163517;5442.5;1
LKOH;0;20260414;163517;5442.5;1
LKOH;0;20260414;163517;5442.5;1
LKOH;0;20260414;163517;5442.5;41
LKOH;0;20260414;163523;5443.5;1
LKOH;0;20260414;163523;5443.5;1
LKOH;0;20260414;163523;5443.5;1
LKOH;0;20260414;163528;5443.0;9
LKOH;0;20260414;163533;5442.5;1
LKOH;0;20260414;163553;5443.0;1
LKOH;0;20260414;163555;5443.0;1
LKOH;0;20260414;163557;5443.0;1
LKOH;0;20260414;163557;5443.0;2
LKOH;0;20260414;163605;5442.5;1
LKOH;0;20260414;163605;5442.5;10
LKOH;0;20260414;163628;5442.5;5
LKOH;0;20260414;163628;5442.5;2
LKOH;0;20260414;163628;5442.0;2
LKOH;0;20260414;163628;5442.0;1
LKOH;0;20260414;163628;5443.0;5
LKOH;0;20260414;163635;5441.5;1
LKOH;0;20260414;163638;5441.5;1
LKOH;0;20260414;163644;5443.0;1
LKOH;0;20260414;163645;5441.5;2
LKOH;0;20260414;163645;5441.5;1
LKOH;0;20260414;163645;5441.5;1
LKOH;0;20260414;163645;5441.5;3
LKOH;0;20260414;163645;5441.5;1
LKOH;0;20260414;163645;5441.5;11
LKOH;0;20260414;163645;5441.5;4
LKOH;0;20260414;163709;5443.0;1
LKOH;0;20260414;163710;5443.0;2
LKOH;0;20260414;163710;5443.0;5
LKOH;0;20260414;163731;5443.0;1
LKOH;0;20260414;163731;5443.0;2
LKOH;0;20260414;163734;5442.5;2
LKOH;0;20260414;163737;5442.5;116
LKOH;0;20260414;163740;5442.5;5
LKOH;0;20260414;163749;5442.5;10
LKOH;0;20260414;163751;5441.5;1
LKOH;0;20260414;163751;5441.5;1
LKOH;0;20260414;163753;5441.5;2
LKOH;0;20260414;163809;5441.0;5
LKOH;0;20260414;163809;5441.0;25
LKOH;0;20260414;163814;5441.5;18
LKOH;0;20260414;163815;5441.5;1
LKOH;0;20260414;163827;5441.0;1
LKOH;0;20260414;163829;5441.5;18
LKOH;0;20260414;163832;5441.5;1
LKOH;0;20260414;163832;5441.5;1
LKOH;0;20260414;163849;5441.5;1
LKOH;0;20260414;163853;5441.0;11
LKOH;0;20260414;163858;5441.5;3
LKOH;0;20260414;163902;5441.0;1
LKOH;0;20260414;163919;5441.0;26
LKOH;0;20260414;163922;5441.0;16
LKOH;0;20260414;163922;5441.0;1
LKOH;0;20260414;163922;5441.0;1
LKOH;0;20260414;163922;5441.0;6
LKOH;0;20260414;163928;5441.0;9
LKOH;0;20260414;163934;5440.5;1
LKOH;0;20260414;163936;5440.5;1
LKOH;0;20260414;163937;5440.5;1
LKOH;0;20260414;163941;5440.0;10
LKOH;0;20260414;163941;5440.0;1
LKOH;0;20260414;163941;5440.0;1
LKOH;0;20260414;163941;5440.0;1
LKOH;0;20260414;163941;5440.0;1
LKOH;0;20260414;163941;5440.0;1
LKOH;0;20260414;163945;5439.5;1
LKOH;0;20260414;163946;5440.0;4
LKOH;0;20260414;163949;5440.0;1
LKOH;0;20260414;163959;5439.5;15
LKOH;0;20260414;164006;5439.5;1
LKOH;0;20260414;164007;5439.5;8
LKOH;0;20260414;164007;5439.5;3
LKOH;0;20260414;164007;5439.0;1
LKOH;0;20260414;164009;5439.5;3
LKOH;0;20260414;164009;5439.5;1
LKOH;0;20260414;164009;5439.5;5
LKOH;0;20260414;164009;5439.5;6
LKOH;0;20260414;164025;5439.5;1
LKOH;0;20260414;164029;5439.0;5
LKOH;0;20260414;164029;5439.0;1
LKOH;0;20260414;164029;5439.0;1
LKOH;0;20260414;164046;5438.5;1
LKOH;0;20260414;164046;5438.5;1
LKOH;0;20260414;164046;5438.5;1
LKOH;0;20260414;164046;5438.5;1
LKOH;0;20260414;164046;5438.5;1
LKOH;0;20260414;164046;5438.5;1
LKOH;0;20260414;164046;5438.5;1
LKOH;0;20260414;164046;5438.5;1
LKOH;0;20260414;164046;5438.5;16
LKOH;0;20260414;164046;5439.0;1
LKOH;0;20260414;164051;5439.0;82
LKOH;0;20260414;164058;5439.0;50
LKOH;0;20260414;164058;5439.0;50
LKOH;0;20260414;164058;5439.0;11
LKOH;0;20260414;164058;5439.0;6
LKOH;0;20260414;164058;5439.0;1
LKOH;0;20260414;164058;5439.0;50
LKOH;0;20260414;164058;5439.0;30
LKOH;0;20260414;164058;5439.0;3
LKOH;0;20260414;164058;5439.0;18
LKOH;0;20260414;164058;5439.0;22
LKOH;0;20260414;164058;5439.0;34
LKOH;0;20260414;164058;5439.0;21
LKOH;0;20260414;164058;5439.0;18
LKOH;0;20260414;164058;5438.5;1
LKOH;0;20260414;164058;5438.5;50
LKOH;0;20260414;164058;5438.5;1
LKOH;0;20260414;164058;5438.5;18
LKOH;0;20260414;164058;5438.5;30
LKOH;0;20260414;164058;5438.5;11
LKOH;0;20260414;164058;5438.5;11
LKOH;0;20260414;164058;5438.5;1
LKOH;0;20260414;164058;5438.5;4
LKOH;0;20260414;164058;5438.5;4
LKOH;0;20260414;164058;5438.5;4
LKOH;0;20260414;164058;5438.5;1
LKOH;0;20260414;164058;5438.5;12
LKOH;0;20260414;164058;5438.5;32
LKOH;0;20260414;164106;5438.0;1
LKOH;0;20260414;164106;5438.0;1
LKOH;0;20260414;164117;5438.0;2
LKOH;0;20260414;164117;5438.0;1
LKOH;0;20260414;164117;5438.0;7
LKOH;0;20260414;164129;5437.5;1
LKOH;0;20260414;164129;5437.5;6
LKOH;0;20260414;164129;5437.5;1
LKOH;0;20260414;164129;5437.5;1
LKOH;0;20260414;164129;5437.5;7
LKOH;0;20260414;164132;5438.0;1
LKOH;0;20260414;164132;5437.5;1
LKOH;0;20260414;164132;5437.5;40
LKOH;0;20260414;164132;5437.5;1
LKOH;0;20260414;164132;5437.5;1
LKOH;0;20260414;164132;5437.5;1
LKOH;0;20260414;164132;5437.0;6
LKOH;0;20260414;164146;5437.5;1
LKOH;0;20260414;164149;5437.0;44
LKOH;0;20260414;164149;5437.0;1
LKOH;0;20260414;164149;5437.0;1
LKOH;0;20260414;164149;5437.0;1
LKOH;0;20260414;164149;5437.0;2
LKOH;0;20260414;164154;5437.5;3
LKOH;0;20260414;164154;5437.5;1
LKOH;0;20260414;164154;5437.5;46
LKOH;0;20260414;164157;5437.0;12
LKOH;0;20260414;164157;5437.0;1
LKOH;0;20260414;164157;5437.0;1
LKOH;0;20260414;164157;5437.0;50
LKOH;0;20260414;164157;5436.5;1
LKOH;0;20260414;164157;5436.5;18
LKOH;0;20260414;164157;5436.5;50
LKOH;0;20260414;164157;5436.5;2
LKOH;0;20260414;164157;5436.5;6
LKOH;0;20260414;164157;5436.5;50
LKOH;0;20260414;164157;5436.5;118
LKOH;0;20260414;164157;5436.5;10
LKOH;0;20260414;164157;5436.5;9
LKOH;0;20260414;164157;5436.5;85
LKOH;0;20260414;164208;5437.0;1
LKOH;0;20260414;164208;5437.0;1
LKOH;0;20260414;164209;5437.0;1
LKOH;0;20260414;164209;5437.0;3
LKOH;0;20260414;164222;5437.0;6
LKOH;0;20260414;164229;5437.0;1
LKOH;0;20260414;164229;5436.5;1
LKOH;0;20260414;164229;5436.5;1
LKOH;0;20260414;164229;5436.5;19
LKOH;0;20260414;164233;5437.0;10
LKOH;0;20260414;164235;5437.0;1
LKOH;0;20260414;164241;5436.5;7
LKOH;0;20260414;164248;5437.0;1
LKOH;0;20260414;164256;5437.0;2
LKOH;0;20260414;164302;5437.0;1
LKOH;0;20260414;164303;5437.0;2
LKOH;0;20260414;164303;5437.0;1
LKOH;0;20260414;164309;5437.0;1
LKOH;0;20260414;164312;5437.0;3
LKOH;0;20260414;164315;5437.0;1
LKOH;0;20260414;164326;5437.0;7
LKOH;0;20260414;164333;5437.0;3
LKOH;0;20260414;164342;5436.5;23
LKOH;0;20260414;164348;5436.5;1
LKOH;0;20260414;164348;5436.0;5
LKOH;0;20260414;164348;5436.0;1
LKOH;0;20260414;164348;5436.0;3
LKOH;0;20260414;164348;5436.0;1
LKOH;0;20260414;164348;5435.5;21
LKOH;0;20260414;164348;5435.5;24
LKOH;0;20260414;164348;5435.0;1480
LKOH;0;20260414;164348;5435.0;43
LKOH;0;20260414;164348;5435.0;1
LKOH;0;20260414;164348;5435.0;5
LKOH;0;20260414;164348;5435.0;20
LKOH;0;20260414;164348;5435.0;1
LKOH;0;20260414;164352;5435.0;2
LKOH;0;20260414;164354;5434.5;6
LKOH;0;20260414;164354;5434.5;16
LKOH;0;20260414;164354;5434.0;5
LKOH;0;20260414;164354;5434.0;5
LKOH;0;20260414;164354;5434.0;8
LKOH;0;20260414;164354;5433.0;5
LKOH;0;20260414;164354;5433.0;1
LKOH;0;20260414;164354;5433.0;2
LKOH;0;20260414;164356;5433.0;1
LKOH;0;20260414;164356;5433.0;3
LKOH;0;20260414;164405;5433.0;1
LKOH;0;20260414;164416;5433.0;4
LKOH;0;20260414;164416;5433.0;1
LKOH;0;20260414;164420;5433.5;15
LKOH;0;20260414;164423;5433.5;1
LKOH;0;20260414;164423;5433.5;26
LKOH;0;20260414;164430;5433.0;2
LKOH;0;20260414;164430;5433.0;12
LKOH;0;20260414;164430;5433.0;4
LKOH;0;20260414;164446;5433.0;1
LKOH;0;20260414;164446;5433.0;2
LKOH;0;20260414;164447;5433.0;8
LKOH;0;20260414;164452;5432.5;1
LKOH;0;20260414;164455;5432.5;1
LKOH;0;20260414;164457;5432.5;1
LKOH;0;20260414;164457;5432.5;1
LKOH;0;20260414;164457;5432.5;1
LKOH;0;20260414;164457;5432.5;1
LKOH;0;20260414;164459;5433.0;1
LKOH;0;20260414;164510;5432.5;25
LKOH;0;20260414;164522;5432.5;1
LKOH;0;20260414;164525;5433.0;1
LKOH;0;20260414;164525;5433.0;1
LKOH;0;20260414;164532;5432.5;1
LKOH;0;20260414;164536;5432.5;2
LKOH;0;20260414;164536;5432.5;1
LKOH;0;20260414;164536;5432.5;1
LKOH;0;20260414;164536;5432.5;6
LKOH;0;20260414;164601;5432.5;2
LKOH;0;20260414;164601;5432.5;8
LKOH;0;20260414;164601;5432.5;3
LKOH;0;20260414;164613;5432.5;3
LKOH;0;20260414;164613;5432.5;7
LKOH;0;20260414;164621;5433.0;2
LKOH;0;20260414;164627;5432.5;1
LKOH;0;20260414;164627;5432.5;8
LKOH;0;20260414;164627;5432.5;8
LKOH;0;20260414;164627;5432.5;1
LKOH;0;20260414;164627;5432.5;5
LKOH;0;20260414;164627;5432.5;1
LKOH;0;20260414;164655;5432.0;1
LKOH;0;20260414;164658;5432.5;3
LKOH;0;20260414;164707;5432.0;2
LKOH;0;20260414;164709;5432.5;1
LKOH;0;20260414;164709;5432.5;4
LKOH;0;20260414;164712;5432.5;5
LKOH;0;20260414;164717;5432.5;1
LKOH;0;20260414;164717;5432.5;1
LKOH;0;20260414;164719;5432.0;1
LKOH;0;20260414;164723;5432.5;2
LKOH;0;20260414;164724;5432.0;2
LKOH;0;20260414;164730;5432.0;1
LKOH;0;20260414;164735;5432.5;7
LKOH;0;20260414;164743;5432.0;4
LKOH;0;20260414;164743;5432.0;1
LKOH;0;20260414;164743;5432.0;1
LKOH;0;20260414;164743;5432.0;27
LKOH;0;20260414;164743;5432.0;1
LKOH;0;20260414;164749;5432.0;4
LKOH;0;20260414;164756;5432.5;1
LKOH;0;20260414;164808;5432.5;185
LKOH;0;20260414;164809;5432.5;3
LKOH;0;20260414;164809;5432.5;1
LKOH;0;20260414;164814;5432.5;1
LKOH;0;20260414;164821;5432.5;5
LKOH;0;20260414;164840;5432.0;1
LKOH;0;20260414;164840;5432.0;11
LKOH;0;20260414;164840;5432.0;5
LKOH;0;20260414;164840;5432.0;1
LKOH;0;20260414;164840;5432.0;11
LKOH;0;20260414;164840;5431.5;1
LKOH;0;20260414;164840;5431.5;1
LKOH;0;20260414;164840;5431.5;1
LKOH;0;20260414;164840;5431.5;1
LKOH;0;20260414;164840;5431.5;1
LKOH;0;20260414;164840;5431.5;1
LKOH;0;20260414;164840;5431.0;1
LKOH;0;20260414;164840;5431.0;1
LKOH;0;20260414;164840;5431.0;1
LKOH;0;20260414;164840;5431.0;3
LKOH;0;20260414;164842;5432.5;1
LKOH;0;20260414;164842;5431.5;1
LKOH;0;20260414;164842;5431.5;1
LKOH;0;20260414;164842;5431.0;2
LKOH;0;20260414;164842;5431.0;5
LKOH;0;20260414;164842;5431.0;4
LKOH;0;20260414;164842;5431.0;2
LKOH;0;20260414;164842;5432.5;1
LKOH;0;20260414;164850;5432.5;1
LKOH;0;20260414;164855;5432.5;1
LKOH;0;20260414;164855;5431.5;1
LKOH;0;20260414;164900;5431.5;1
LKOH;0;20260414;164904;5431.5;19
LKOH;0;20260414;164904;5431.5;46
LKOH;0;20260414;164919;5431.5;2
LKOH;0;20260414;164919;5431.5;13
LKOH;0;20260414;164941;5431.0;1
LKOH;0;20260414;164941;5431.0;16
LKOH;0;20260414;164953;5431.5;6
LKOH;0;20260414;165003;5431.0;5
LKOH;0;20260414;165004;5431.0;1
LKOH;0;20260414;165015;5431.0;2
LKOH;0;20260414;165019;5431.0;3
LKOH;0;20260414;165024;5431.0;1
LKOH;0;20260414;165024;5431.0;1
LKOH;0;20260414;165028;5431.0;1
LKOH;0;20260414;165039;5431.0;2
LKOH;0;20260414;165040;5431.0;1
LKOH;0;20260414;165057;5431.0;1
LKOH;0;20260414;165110;5430.5;27
LKOH;0;20260414;165111;5430.5;1
LKOH;0;20260414;165111;5430.5;1
LKOH;0;20260414;165111;5430.5;21
LKOH;0;20260414;165111;5430.5;1
LKOH;0;20260414;165111;5430.5;8
LKOH;0;20260414;165111;5430.5;15
LKOH;0;20260414;165111;5430.5;5
LKOH;0;20260414;165127;5431.0;2
LKOH;0;20260414;165141;5431.0;1
LKOH;0;20260414;165154;5431.0;4
LKOH;0;20260414;165204;5431.0;1
LKOH;0;20260414;165206;5431.0;1
LKOH;0;20260414;165213;5430.5;22
LKOH;0;20260414;165213;5430.5;1
LKOH;0;20260414;165213;5430.5;1
LKOH;0;20260414;165225;5431.0;1
LKOH;0;20260414;165240;5431.0;1
LKOH;0;20260414;165242;5431.0;1
LKOH;0;20260414;165250;5431.0;8
LKOH;0;20260414;165258;5431.0;4
LKOH;0;20260414;165314;5431.0;1
LKOH;0;20260414;165315;5430.5;2
LKOH;0;20260414;165316;5430.5;26
LKOH;0;20260414;165320;5431.0;1
LKOH;0;20260414;165331;5431.0;20
LKOH;0;20260414;165338;5430.5;1
LKOH;0;20260414;165340;5431.0;2
LKOH;0;20260414;165341;5430.5;20
LKOH;0;20260414;165341;5430.5;1
LKOH;0;20260414;165347;5430.5;1
LKOH;0;20260414;165357;5430.5;1
LKOH;0;20260414;165409;5430.5;1
LKOH;0;20260414;165424;5430.0;3
LKOH;0;20260414;165424;5430.0;1
LKOH;0;20260414;165424;5430.0;12
LKOH;0;20260414;165424;5430.0;1
LKOH;0;20260414;165424;5430.0;5
LKOH;0;20260414;165424;5430.0;1
LKOH;0;20260414;165424;5430.0;1
LKOH;0;20260414;165424;5430.0;5
LKOH;0;20260414;165430;5430.5;1
LKOH;0;20260414;165436;5430.0;20
LKOH;0;20260414;165436;5430.0;3
LKOH;0;20260414;165436;5430.0;1
LKOH;0;20260414;165436;5430.0;5
LKOH;0;20260414;165436;5430.0;1
LKOH;0;20260414;165436;5430.0;400
LKOH;0;20260414;165436;5430.0;4
LKOH;0;20260414;165436;5430.0;3
LKOH;0;20260414;165436;5430.0;3
LKOH;0;20260414;165436;5430.0;2
LKOH;0;20260414;165436;5430.0;17
LKOH;0;20260414;165436;5430.0;1
LKOH;0;20260414;165436;5430.0;20
LKOH;0;20260414;165436;5430.0;1
LKOH;0;20260414;165436;5430.0;1
LKOH;0;20260414;165436;5430.0;1
LKOH;0;20260414;165436;5430.0;10
LKOH;0;20260414;165436;5430.0;3
LKOH;0;20260414;165436;5430.0;1
LKOH;0;20260414;165436;5430.0;8
LKOH;0;20260414;165436;5430.0;10
LKOH;0;20260414;165436;5430.0;10
LKOH;0;20260414;165436;5430.0;5
LKOH;0;20260414;165436;5429.5;590
LKOH;0;20260414;165437;5429.5;1
LKOH;0;20260414;165453;5430.0;1
LKOH;0;20260414;165455;5429.5;1
LKOH;0;20260414;165456;5429.5;1
LKOH;0;20260414;165457;5430.0;1
LKOH;0;20260414;165508;5430.0;1
LKOH;0;20260414;165509;5429.5;20
LKOH;0;20260414;165514;5430.0;2
LKOH;0;20260414;165523;5430.0;1
LKOH;0;20260414;165530;5430.0;1
LKOH;0;20260414;165533;5430.0;1
LKOH;0;20260414;165535;5430.0;1
LKOH;0;20260414;165535;5429.5;2
LKOH;0;20260414;165535;5430.0;1
LKOH;0;20260414;165541;5430.0;1
LKOH;0;20260414;165543;5430.0;1
LKOH;0;20260414;165545;5430.0;1
LKOH;0;20260414;165552;5429.5;36
LKOH;0;20260414;165557;5430.0;17
LKOH;0;20260414;165557;5430.0;1
LKOH;0;20260414;165557;5430.0;7
LKOH;0;20260414;165601;5430.0;1
LKOH;0;20260414;165624;5430.0;1
LKOH;0;20260414;165625;5430.0;2
LKOH;0;20260414;165626;5430.0;7
LKOH;0;20260414;165629;5429.5;1
LKOH;0;20260414;165639;5430.0;1
LKOH;0;20260414;165643;5430.0;2
LKOH;0;20260414;165645;5429.5;1
LKOH;0;20260414;165653;5430.0;1
LKOH;0;20260414;165654;5430.0;1
LKOH;0;20260414;165702;5429.5;20
LKOH;0;20260414;165707;5429.5;1
LKOH;0;20260414;165711;5429.5;1
LKOH;0;20260414;165718;5430.0;1
LKOH;0;20260414;165722;5429.5;1
LKOH;0;20260414;165727;5430.0;9
LKOH;0;20260414;165727;5430.0;1
LKOH;0;20260414;165732;5430.0;4
LKOH;0;20260414;165732;5430.0;1
LKOH;0;20260414;165733;5429.5;1
LKOH;0;20260414;165736;5430.0;1
LKOH;0;20260414;165753;5429.5;1
LKOH;0;20260414;165758;5430.0;30
LKOH;0;20260414;165805;5430.0;2
LKOH;0;20260414;165806;5430.0;2
LKOH;0;20260414;165814;5430.0;25
LKOH;0;20260414;165817;5429.5;92
LKOH;0;20260414;165818;5430.0;10
LKOH;0;20260414;165837;5429.5;3
LKOH;0;20260414;165842;5430.0;3
LKOH;0;20260414;165851;5430.0;5
LKOH;0;20260414;165908;5430.0;1
LKOH;0;20260414;165921;5429.5;1
LKOH;0;20260414;165923;5430.0;1
LKOH;0;20260414;165923;5429.5;30
LKOH;0;20260414;165926;5430.0;1
LKOH;0;20260414;165934;5430.0;10
LKOH;0;20260414;165934;5429.5;1
LKOH;0;20260414;165935;5430.0;1
LKOH;0;20260414;165939;5430.0;3
LKOH;0;20260414;165941;5430.0;3
LKOH;0;20260414;165943;5429.5;1
LKOH;0;20260414;165943;5429.5;2
LKOH;0;20260414;165946;5430.0;3
LKOH;0;20260414;165948;5430.0;128
LKOH;0;20260414;165951;5430.0;1
LKOH;0;20260414;165959;5430.0;1
LKOH;0;20260414;170001;5430.0;74
LKOH;0;20260414;170001;5429.5;2
LKOH;0;20260414;170002;5430.0;1
LKOH;0;20260414;170003;5430.0;9
LKOH;0;20260414;170005;5429.5;1
LKOH;0;20260414;170006;5429.5;1
LKOH;0;20260414;170008;5429.5;105
LKOH;0;20260414;170010;5429.5;1
LKOH;0;20260414;170011;5429.5;1
LKOH;0;20260414;170012;5430.0;71
LKOH;0;20260414;170038;5430.0;49
LKOH;0;20260414;170038;5430.0;49
LKOH;0;20260414;170038;5430.0;300
LKOH;0;20260414;170038;5430.0;57
LKOH;0;20260414;170038;5430.0;1
LKOH;0;20260414;170038;5430.0;20
LKOH;0;20260414;170038;5430.0;1
LKOH;0;20260414;170038;5430.0;3
LKOH;0;20260414;170038;5430.5;1
LKOH;0;20260414;170038;5430.5;1
LKOH;0;20260414;170038;5431.5;4
LKOH;0;20260414;170040;5431.5;2
LKOH;0;20260414;170045;5431.5;33
LKOH;0;20260414;170045;5431.5;9
LKOH;0;20260414;170045;5431.5;2
LKOH;0;20260414;170045;5432.0;11
LKOH;0;20260414;170047;5432.5;1
LKOH;0;20260414;170052;5432.5;1
LKOH;0;20260414;170056;5434.5;50
LKOH;0;20260414;170056;5434.5;50
LKOH;0;20260414;170056;5434.5;100
LKOH;0;20260414;170103;5434.5;10
LKOH;0;20260414;170103;5434.5;15
LKOH;0;20260414;170103;5434.5;10
LKOH;0;20260414;170103;5434.5;25
LKOH;0;20260414;170103;5434.5;25
LKOH;0;20260414;170105;5434.5;1
LKOH;0;20260414;170106;5434.5;3
LKOH;0;20260414;170106;5434.5;1
LKOH;0;20260414;170106;5434.5;1
LKOH;0;20260414;170109;5434.5;1
LKOH;0;20260414;170112;5434.0;1
LKOH;0;20260414;170118;5434.5;48
LKOH;0;20260414;170118;5434.5;2
LKOH;0;20260414;170118;5434.5;24
LKOH;0;20260414;170118;5434.5;24
LKOH;0;20260414;170118;5434.5;26
LKOH;0;20260414;170119;5434.0;2
LKOH;0;20260414;170119;5433.5;3
LKOH;0;20260414;170145;5432.0;1
LKOH;0;20260414;170147;5432.0;2
LKOH;0;20260414;170153;5431.5;2
LKOH;0;20260414;170155;5432.0;1
LKOH;0;20260414;170158;5431.5;1
LKOH;0;20260414;170159;5430.5;5
LKOH;0;20260414;170202;5430.5;1
LKOH;0;20260414;170204;5430.0;1
LKOH;0;20260414;170212;5430.5;20
LKOH;0;20260414;170213;5430.0;1
LKOH;0;20260414;170214;5430.5;10
LKOH;0;20260414;170214;5430.5;50
LKOH;0;20260414;170214;5430.5;1
LKOH;0;20260414;170214;5430.5;9
LKOH;0;20260414;170216;5430.5;15
LKOH;0;20260414;170219;5430.5;1
LKOH;0;20260414;170223;5430.0;1
LKOH;0;20260414;170225;5430.5;1
LKOH;0;20260414;170228;5430.5;1
LKOH;0;20260414;170246;5430.0;1
LKOH;0;20260414;170246;5430.0;5
LKOH;0;20260414;170246;5430.0;2
LKOH;0;20260414;170246;5430.0;1
LKOH;0;20260414;170246;5430.0;83
LKOH;0;20260414;170301;5430.5;5
LKOH;0;20260414;170301;5430.5;5
LKOH;0;20260414;170301;5430.5;9
LKOH;0;20260414;170304;5430.0;1
LKOH;0;20260414;170309;5430.5;1
LKOH;0;20260414;170311;5430.0;66
LKOH;0;20260414;170311;5430.0;1
LKOH;0;20260414;170311;5430.0;12
LKOH;0;20260414;170312;5429.5;1
LKOH;0;20260414;170312;5429.5;1
LKOH;0;20260414;170312;5429.5;2
LKOH;0;20260414;170312;5429.5;1
LKOH;0;20260414;170312;5429.5;5
LKOH;0;20260414;170314;5430.0;2
LKOH;0;20260414;170336;5429.5;6
LKOH;0;20260414;170336;5429.5;1
LKOH;0;20260414;170336;5429.5;1
LKOH;0;20260414;170336;5429.5;2
LKOH;0;20260414;170336;5430.0;4
LKOH;0;20260414;170340;5429.5;2
LKOH;0;20260414;170345;5430.0;1
LKOH;0;20260414;170345;5430.0;1
LKOH;0;20260414;170346;5429.5;8
LKOH;0;20260414;170351;5430.0;1
LKOH;0;20260414;170351;5430.0;2
LKOH;0;20260414;170408;5430.0;4
LKOH;0;20260414;170417;5429.5;2
LKOH;0;20260414;170417;5429.5;182
LKOH;0;20260414;170418;5429.5;1
LKOH;0;20260414;170421;5429.5;2
LKOH;0;20260414;170422;5429.5;1
LKOH;0;20260414;170427;5429.0;3
LKOH;0;20260414;170427;5429.0;1
LKOH;0;20260414;170427;5429.0;5
LKOH;0;20260414;170427;5429.0;3
LKOH;0;20260414;170427;5429.0;6
LKOH;0;20260414;170427;5428.5;14
LKOH;0;20260414;170427;5428.5;1
LKOH;0;20260414;170427;5428.5;10
LKOH;0;20260414;170427;5428.5;1
LKOH;0;20260414;170427;5428.5;105
LKOH;0;20260414;170427;5428.5;1
LKOH;0;20260414;170427;5429.0;8
LKOH;0;20260414;170427;5429.0;1
LKOH;0;20260414;170427;5429.0;2
LKOH;0;20260414;170428;5428.5;1
LKOH;0;20260414;170447;5428.5;1
LKOH;0;20260414;170447;5428.5;1
LKOH;0;20260414;170450;5428.0;1
LKOH;0;20260414;170450;5428.0;1
LKOH;0;20260414;170450;5428.0;1
LKOH;0;20260414;170450;5428.0;1
LKOH;0;20260414;170450;5428.0;1
LKOH;0;20260414;170451;5428.0;1
LKOH;0;20260414;170457;5428.0;2
LKOH;0;20260414;170459;5428.5;5
LKOH;0;20260414;170459;5428.5;5
LKOH;0;20260414;170459;5428.5;5
LKOH;0;20260414;170459;5428.5;5
LKOH;0;20260414;170459;5428.5;13
LKOH;0;20260414;170459;5428.5;260
LKOH;0;20260414;170459;5428.5;1
LKOH;0;20260414;170459;5428.5;6
LKOH;0;20260414;170502;5428.0;7
LKOH;0;20260414;170503;5428.0;1
LKOH;0;20260414;170507;5428.5;2
LKOH;0;20260414;170507;5428.5;4
LKOH;0;20260414;170507;5429.0;1
LKOH;0;20260414;170507;5429.5;1
LKOH;0;20260414;170507;5429.5;50
LKOH;0;20260414;170507;5429.5;50
LKOH;0;20260414;170507;5429.5;5
LKOH;0;20260414;170507;5429.5;1
LKOH;0;20260414;170507;5429.5;8
LKOH;0;20260414;170522;5430.0;300
LKOH;0;20260414;170523;5430.0;28
LKOH;0;20260414;170526;5430.0;72
LKOH;0;20260414;170526;5430.0;60
LKOH;0;20260414;170526;5430.5;60
LKOH;0;20260414;170526;5430.5;108
LKOH;0;20260414;170526;5430.5;12
LKOH;0;20260414;170526;5431.0;9
LKOH;0;20260414;170526;5431.0;4
LKOH;0;20260414;170526;5431.0;36
LKOH;0;20260414;170526;5431.0;11
LKOH;0;20260414;170526;5433.0;10
LKOH;0;20260414;170526;5433.0;12
LKOH;0;20260414;170526;5433.0;30
LKOH;0;20260414;170526;5433.0;8
LKOH;0;20260414;170526;5432.5;30
LKOH;0;20260414;170526;5432.5;10
LKOH;0;20260414;170526;5433.0;80
LKOH;0;20260414;170529;5433.0;1
LKOH;0;20260414;170537;5433.0;10
LKOH;0;20260414;170537;5433.0;12
LKOH;0;20260414;170537;5433.0;18
LKOH;0;20260414;170545;5433.0;1
LKOH;0;20260414;170550;5433.0;1
LKOH;0;20260414;170555;5433.0;8
LKOH;0;20260414;170555;5433.0;7
LKOH;0;20260414;170556;5433.0;1
LKOH;0;20260414;170556;5433.0;3
LKOH;0;20260414;170556;5433.0;4
LKOH;0;20260414;170556;5433.0;8
LKOH;0;20260414;170556;5433.5;1
LKOH;0;20260414;170556;5433.5;15
LKOH;0;20260414;170602;5433.5;1
LKOH;0;20260414;170602;5433.0;1
LKOH;0;20260414;170602;5433.0;1
LKOH;0;20260414;170603;5434.0;8
LKOH;0;20260414;170603;5434.0;21
LKOH;0;20260414;170603;5434.0;6
LKOH;0;20260414;170603;5434.0;8
LKOH;0;20260414;170603;5434.0;21
LKOH;0;20260414;170603;5434.0;7
LKOH;0;20260414;170603;5434.0;15
LKOH;0;20260414;170604;5434.5;1
LKOH;0;20260414;170606;5434.5;1
LKOH;0;20260414;170606;5434.5;6
LKOH;0;20260414;170606;5434.5;7
LKOH;0;20260414;170608;5435.0;25
LKOH;0;20260414;170608;5435.0;25
LKOH;0;20260414;170609;5435.0;241
LKOH;0;20260414;170609;5435.5;1
LKOH;0;20260414;170609;5435.5;14
LKOH;0;20260414;170609;5435.5;15
LKOH;0;20260414;170612;5436.5;50
LKOH;0;20260414;170612;5436.5;50
LKOH;0;20260414;170612;5436.5;33
LKOH;0;20260414;170612;5437.0;7
LKOH;0;20260414;170612;5437.0;5
LKOH;0;20260414;170612;5437.0;5
LKOH;0;20260414;170612;5437.0;50
LKOH;0;20260414;170612;5437.0;80
LKOH;0;20260414;170614;5437.5;50
LKOH;0;20260414;170614;5437.5;30
LKOH;0;20260414;170614;5437.5;3
LKOH;0;20260414;170614;5438.0;37
LKOH;0;20260414;170624;5437.5;50
LKOH;0;20260414;170624;5437.5;50
LKOH;0;20260414;170624;5437.5;29
LKOH;0;20260414;170624;5437.5;21
LKOH;0;20260414;170624;5437.5;15
LKOH;0;20260414;170624;5437.5;50
LKOH;0;20260414;170624;5437.5;30
LKOH;0;20260414;170624;5437.5;5
LKOH;0;20260414;170625;5437.5;20
LKOH;0;20260414;170625;5437.5;12
LKOH;0;20260414;170625;5437.5;33
LKOH;0;20260414;170625;5437.5;11
LKOH;0;20260414;170625;5437.5;30
LKOH;0;20260414;170625;5437.5;50
LKOH;0;20260414;170625;5437.5;29
LKOH;0;20260414;170625;5438.0;1
LKOH;0;20260414;170625;5438.0;1
LKOH;0;20260414;170625;5438.0;1
LKOH;0;20260414;170625;5438.0;50
LKOH;0;20260414;170625;5438.0;12
LKOH;0;20260414;170625;5437.5;33
LKOH;0;20260414;170625;5438.0;16
LKOH;0;20260414;170625;5438.0;200
LKOH;0;20260414;170625;5438.5;1
LKOH;0;20260414;170626;5438.5;250
LKOH;0;20260414;170626;5438.5;255
LKOH;0;20260414;170626;5438.5;15
LKOH;0;20260414;170626;5438.5;33
LKOH;0;20260414;170626;5439.0;1
LKOH;0;20260414;170626;5439.0;56
LKOH;0;20260414;170626;5439.0;24
LKOH;0;20260414;170626;5439.0;33
LKOH;0;20260414;170626;5440.0;100
LKOH;0;20260414;170626;5440.0;1
LKOH;0;20260414;170626;5440.0;5
LKOH;0;20260414;170626;5440.0;5
LKOH;0;20260414;170626;5440.5;5
LKOH;0;20260414;170626;5441.0;8
LKOH;0;20260414;170626;5441.0;8
LKOH;0;20260414;170626;5441.0;8
LKOH;0;20260414;170626;5441.0;8
LKOH;0;20260414;170626;5441.0;25
LKOH;0;20260414;170626;5441.5;1
LKOH;0;20260414;170626;5442.0;19
LKOH;0;20260414;170626;5442.0;33
LKOH;0;20260414;170626;5442.0;42
LKOH;0;20260414;170626;5442.5;140
LKOH;0;20260414;170626;5442.5;8
LKOH;0;20260414;170626;5442.5;8
LKOH;0;20260414;170626;5443.0;19
LKOH;0;20260414;170626;5443.0;33
LKOH;0;20260414;170626;5443.5;20
LKOH;0;20260414;170626;5445.0;6
LKOH;0;20260414;170626;5445.0;18
LKOH;0;20260414;170626;5445.0;60
LKOH;0;20260414;170626;5445.5;25
LKOH;0;20260414;170626;5445.5;18
LKOH;0;20260414;170626;5445.5;1
LKOH;0;20260414;170626;5445.5;60
LKOH;0;20260414;170626;5446.0;30
LKOH;0;20260414;170626;5446.5;8
LKOH;0;20260414;170626;5446.5;21
LKOH;0;20260414;170627;5446.5;33
LKOH;0;20260414;170627;5447.0;21
LKOH;0;20260414;170627;5447.0;21
LKOH;0;20260414;170627;5447.0;60
LKOH;0;20260414;170627;5447.0;33
LKOH;0;20260414;170627;5447.5;1
LKOH;0;20260414;170627;5447.5;32
LKOH;0;20260414;170627;5447.5;118
LKOH;0;20260414;170627;5447.5;40
LKOH;0;20260414;170627;5447.5;18
LKOH;0;20260414;170627;5447.5;19
LKOH;0;20260414;170627;5447.5;30
LKOH;0;20260414;170627;5447.5;12
LKOH;0;20260414;170627;5447.5;21
LKOH;0;20260414;170627;5448.0;32
LKOH;0;20260414;170627;5448.0;18
LKOH;0;20260414;170627;5448.0;1
LKOH;0;20260414;170627;5448.0;19
LKOH;0;20260414;170628;5448.0;30
LKOH;0;20260414;170628;5448.0;30
LKOH;0;20260414;170628;5448.0;1
LKOH;0;20260414;170628;5448.0;33
LKOH;0;20260414;170628;5448.0;3
LKOH;0;20260414;170628;5448.0;1
LKOH;0;20260414;170628;5448.5;118
LKOH;0;20260414;170628;5448.5;34
LKOH;0;20260414;170628;5448.0;1
LKOH;0;20260414;170628;5448.5;60
LKOH;0;20260414;170628;5448.5;33
LKOH;0;20260414;170628;5449.0;30
LKOH;0;20260414;170628;5449.0;60
LKOH;0;20260414;170628;5449.0;25
LKOH;0;20260414;170628;5449.0;7
LKOH;0;20260414;170628;5449.0;9
LKOH;0;20260414;170628;5449.0;9
LKOH;0;20260414;170628;5449.0;17
LKOH;0;20260414;170628;5449.0;33
LKOH;0;20260414;170628;5449.0;82
LKOH;0;20260414;170628;5449.5;1
LKOH;0;20260414;170629;5449.5;3
LKOH;0;20260414;170629;5449.5;4
LKOH;0;20260414;170629;5449.5;33
LKOH;0;20260414;170629;5449.5;240
LKOH;0;20260414;170629;5450.0;20
LKOH;0;20260414;170629;5450.0;25
LKOH;0;20260414;170629;5450.0;1
LKOH;0;20260414;170629;5450.0;39
LKOH;0;20260414;170629;5450.0;1
LKOH;0;20260414;170629;5450.0;16
LKOH;0;20260414;170629;5450.0;16
LKOH;0;20260414;170629;5450.0;3
LKOH;0;20260414;170629;5450.5;2
LKOH;0;20260414;170629;5450.5;8
LKOH;0;20260414;170629;5450.5;18
LKOH;0;20260414;170629;5450.5;30
LKOH;0;20260414;170629;5450.5;1
LKOH;0;20260414;170629;5450.5;40
LKOH;0;20260414;170629;5449.5;1
LKOH;0;20260414;170630;5450.0;5
LKOH;0;20260414;170630;5450.0;5
LKOH;0;20260414;170630;5450.0;5
LKOH;0;20260414;170630;5450.0;4
LKOH;0;20260414;170630;5450.0;5
LKOH;0;20260414;170630;5449.5;1
LKOH;0;20260414;170630;5449.5;3
LKOH;0;20260414;170632;5448.0;5
LKOH;0;20260414;170632;5447.0;50
LKOH;0;20260414;170632;5447.0;25
LKOH;0;20260414;170632;5447.0;25
LKOH;0;20260414;170632;5447.0;25
LKOH;0;20260414;170632;5447.0;25
LKOH;0;20260414;170633;5447.0;25
LKOH;0;20260414;170634;5447.0;17
LKOH;0;20260414;170634;5447.0;8
LKOH;0;20260414;170634;5447.0;30
LKOH;0;20260414;170634;5447.0;12
LKOH;0;20260414;170634;5447.0;100
LKOH;0;20260414;170634;5447.0;15
LKOH;0;20260414;170634;5447.0;18
LKOH;0;20260414;170634;5447.0;19
LKOH;0;20260414;170634;5447.0;29
LKOH;0;20260414;170634;5447.5;1
LKOH;0;20260414;170634;5447.5;1
LKOH;0;20260414;170634;5447.5;30
LKOH;0;20260414;170634;5447.5;33
LKOH;0;20260414;170634;5447.5;4
LKOH;0;20260414;170636;5446.0;300
LKOH;0;20260414;170636;5446.0;15
LKOH;0;20260414;170636;5446.0;29
LKOH;0;20260414;170636;5445.5;30
LKOH;0;20260414;170636;5445.0;5
LKOH;0;20260414;170636;5445.0;1
LKOH;0;20260414;170638;5444.5;55
LKOH;0;20260414;170638;5444.0;6
LKOH;0;20260414;170638;5444.0;5
LKOH;0;20260414;170638;5444.0;14
LKOH;0;20260414;170638;5444.0;4
LKOH;0;20260414;170640;5443.5;1
LKOH;0;20260414;170640;5443.5;6
LKOH;0;20260414;170642;5443.5;30
LKOH;0;20260414;170646;5443.5;58
LKOH;0;20260414;170646;5441.5;60
LKOH;0;20260414;170646;5441.5;8
LKOH;0;20260414;170646;5441.5;100
LKOH;0;20260414;170646;5441.0;60
LKOH;0;20260414;170646;5440.5;14
LKOH;0;20260414;170648;5440.5;1
LKOH;0;20260414;170711;5441.0;1
LKOH;0;20260414;170711;5441.0;1
LKOH;0;20260414;170712;5441.0;1
LKOH;0;20260414;170712;5441.0;1
LKOH;0;20260414;170712;5441.0;4
LKOH;0;20260414;170716;5441.0;2
LKOH;0;20260414;170721;5441.0;1
LKOH;0;20260414;170721;5441.0;1
LKOH;0;20260414;170723;5441.5;4
LKOH;0;20260414;170723;5441.5;54
LKOH;0;20260414;170723;5441.5;27
LKOH;0;20260414;170723;5441.5;24
LKOH;0;20260414;170723;5441.5;82
LKOH;0;20260414;170723;5441.5;20
LKOH;0;20260414;170724;5441.5;30
LKOH;0;20260414;170724;5441.5;1
LKOH;0;20260414;170724;5441.5;9
LKOH;0;20260414;170732;5443.0;1
LKOH;0;20260414;170737;5440.5;2
LKOH;0;20260414;170737;5440.5;1
LKOH;0;20260414;170737;5440.0;10
LKOH;0;20260414;170737;5440.0;1
LKOH;0;20260414;170737;5440.0;7
LKOH;0;20260414;170737;5440.0;4
LKOH;0;20260414;170737;5439.5;33
LKOH;0;20260414;170737;5439.0;60
LKOH;0;20260414;170737;5438.5;36
LKOH;0;20260414;170737;5438.5;24
LKOH;0;20260414;170737;5438.5;100
LKOH;0;20260414;170738;5436.0;8
LKOH;0;20260414;170738;5436.0;14
LKOH;0;20260414;170738;5435.5;27
LKOH;0;20260414;170738;5435.5;10
LKOH;0;20260414;170738;5435.5;60
LKOH;0;20260414;170738;5435.0;38
LKOH;0;20260414;170738;5435.0;30
LKOH;0;20260414;170738;5435.0;60
LKOH;0;20260414;170738;5435.0;25
LKOH;0;20260414;170738;5434.5;30
LKOH;0;20260414;170738;5434.5;120
LKOH;0;20260414;170738;5434.5;60
LKOH;0;20260414;170738;5434.0;300
LKOH;0;20260414;170738;5434.0;39
LKOH;0;20260414;170738;5434.0;100
LKOH;0;20260414;170738;5433.5;30
LKOH;0;20260414;170738;5433.5;18
LKOH;0;20260414;170738;5433.0;110
LKOH;0;20260414;170738;5433.0;1
LKOH;0;20260414;170743;5434.0;1
LKOH;0;20260414;170743;5434.0;55
LKOH;0;20260414;170752;5434.0;2
LKOH;0;20260414;170755;5434.0;1
LKOH;0;20260414;170755;5434.0;20
LKOH;0;20260414;170757;5434.0;24
LKOH;0;20260414;170757;5433.5;21
LKOH;0;20260414;170757;5433.5;15
LKOH;0;20260414;170757;5433.5;19
LKOH;0;20260414;170757;5433.5;12
LKOH;0;20260414;170757;5433.5;2
LKOH;0;20260414;170757;5433.5;1
LKOH;0;20260414;170757;5433.5;18
LKOH;0;20260414;170757;5433.5;30
LKOH;0;20260414;170757;5433.0;9
LKOH;0;20260414;170757;5433.0;30
LKOH;0;20260414;170757;5433.0;1
LKOH;0;20260414;170757;5433.0;118
LKOH;0;20260414;170757;5433.0;19
LKOH;0;20260414;170757;5433.0;40
LKOH;0;20260414;170757;5432.5;118
LKOH;0;20260414;170757;5432.5;47
LKOH;0;20260414;170757;5433.0;118
LKOH;0;20260414;170757;5433.0;12
LKOH;0;20260414;170757;5433.0;21
LKOH;0;20260414;170757;5432.5;59
LKOH;0;20260414;170758;5434.0;1
LKOH;0;20260414;170758;5433.0;26
LKOH;0;20260414;170758;5433.0;15
LKOH;0;20260414;170758;5432.5;23
LKOH;0;20260414;170758;5432.5;19
LKOH;0;20260414;170758;5432.5;118
LKOH;0;20260414;170758;5432.5;12
LKOH;0;20260414;170758;5432.5;118
LKOH;0;20260414;170758;5432.5;118
LKOH;0;20260414;170758;5432.0;18
LKOH;0;20260414;170758;5432.0;33
LKOH;0;20260414;170804;5432.0;1
LKOH;0;20260414;170806;5431.5;1
LKOH;0;20260414;170806;5432.0;18
LKOH;0;20260414;170807;5431.5;21
LKOH;0;20260414;170807;5431.0;12
LKOH;0;20260414;170807;5431.0;17
LKOH;0;20260414;170808;5431.0;13
LKOH;0;20260414;170808;5430.5;33
LKOH;0;20260414;170809;5431.0;1
LKOH;0;20260414;170811;5430.5;1
LKOH;0;20260414;170817;5430.5;1
LKOH;0;20260414;170823;5430.5;1
LKOH;0;20260414;170828;5430.5;1
LKOH;0;20260414;170833;5430.5;10
LKOH;0;20260414;170833;5430.5;30
LKOH;0;20260414;170833;5430.5;9
LKOH;0;20260414;170833;5430.5;1
LKOH;0;20260414;170833;5430.5;150
LKOH;0;20260414;170837;5430.5;1
LKOH;0;20260414;170837;5430.0;2
LKOH;0;20260414;170838;5430.5;1
LKOH;0;20260414;170845;5430.0;1
LKOH;0;20260414;170846;5430.5;80
LKOH;0;20260414;170859;5430.0;57
LKOH;0;20260414;170859;5430.0;6
LKOH;0;20260414;170859;5430.0;5
LKOH;0;20260414;170859;5430.0;20
LKOH;0;20260414;170859;5430.0;2
LKOH;0;20260414;170859;5430.0;30
LKOH;0;20260414;170859;5430.0;5
LKOH;0;20260414;170900;5430.0;20
LKOH;0;20260414;170900;5429.5;1
LKOH;0;20260414;170901;5429.0;1
LKOH;0;20260414;170904;5427.5;50
LKOH;0;20260414;170904;5427.5;30
LKOH;0;20260414;170904;5427.5;7
LKOH;0;20260414;170904;5427.0;1
LKOH;0;20260414;170904;5427.0;2
LKOH;0;20260414;170904;5427.0;18
LKOH;0;20260414;170904;5427.0;1
LKOH;0;20260414;170904;5427.0;1
LKOH;0;20260414;170904;5426.5;1
LKOH;0;20260414;170904;5426.5;1
LKOH;0;20260414;170904;5426.5;3
LKOH;0;20260414;170904;5426.5;37
LKOH;0;20260414;170904;5426.5;18
LKOH;0;20260414;170905;5426.5;3
LKOH;0;20260414;170905;5426.0;1
LKOH;0;20260414;170905;5426.0;16
LKOH;0;20260414;170905;5426.0;1
LKOH;0;20260414;170905;5426.0;6
LKOH;0;20260414;170905;5426.0;40
LKOH;0;20260414;170905;5426.0;18
LKOH;0;20260414;170905;5426.0;6
LKOH;0;20260414;170905;5426.0;37
LKOH;0;20260414;170905;5426.0;1
LKOH;0;20260414;170905;5426.0;50
LKOH;0;20260414;170905;5426.0;10
LKOH;0;20260414;170905;5426.0;10
LKOH;0;20260414;170905;5425.5;392
LKOH;0;20260414;170909;5426.0;1
LKOH;0;20260414;170910;5425.5;200
LKOH;0;20260414;170913;5425.5;408
LKOH;0;20260414;170913;5425.5;6
LKOH;0;20260414;170913;5425.5;4
LKOH;0;20260414;170913;5425.0;1
LKOH;0;20260414;170913;5425.0;5
LKOH;0;20260414;170913;5425.0;1
LKOH;0;20260414;170913;5425.0;1
LKOH;0;20260414;170913;5425.0;1
LKOH;0;20260414;170913;5425.0;5
LKOH;0;20260414;170913;5425.0;22
LKOH;0;20260414;170913;5425.0;78
LKOH;0;20260414;170913;5425.0;2
LKOH;0;20260414;170913;5425.0;1
LKOH;0;20260414;170913;5425.0;10
LKOH;0;20260414;170913;5425.0;1
LKOH;0;20260414;170913;5425.0;1
LKOH;0;20260414;170913;5424.5;1
LKOH;0;20260414;170913;5424.5;22
LKOH;0;20260414;170913;5424.0;20
LKOH;0;20260414;170913;5424.0;20
LKOH;0;20260414;170913;5424.0;9
LKOH;0;20260414;170913;5423.5;9
LKOH;0;20260414;170913;5424.0;4
LKOH;0;20260414;170914;5423.5;4
LKOH;0;20260414;170914;5423.5;5
LKOH;0;20260414;170914;5423.5;9
LKOH;0;20260414;170914;5423.5;4
LKOH;0;20260414;170914;5423.0;20
LKOH;0;20260414;170914;5423.0;2
LKOH;0;20260414;170914;5423.0;100
LKOH;0;20260414;170914;5423.0;14
LKOH;0;20260414;170914;5422.5;1
LKOH;0;20260414;170914;5422.5;1
LKOH;0;20260414;170914;5422.5;2
LKOH;0;20260414;170914;5422.5;1
LKOH;0;20260414;170914;5422.0;25
LKOH;0;20260414;170914;5422.0;2
LKOH;0;20260414;170914;5422.0;1
LKOH;0;20260414;170914;5422.0;10
LKOH;0;20260414;170914;5422.0;1
LKOH;0;20260414;170914;5421.5;1
LKOH;0;20260414;170914;5421.0;2
LKOH;0;20260414;170914;5421.0;1
LKOH;0;20260414;170914;5421.0;10
LKOH;0;20260414;170914;5421.0;2
LKOH;0;20260414;170914;5421.5;10
LKOH;0;20260414;170914;5421.5;5
LKOH;0;20260414;170914;5421.5;1
LKOH;0;20260414;170915;5421.5;12
LKOH;0;20260414;170915;5421.5;1
LKOH;0;20260414;170915;5421.5;14
LKOH;0;20260414;170921;5421.5;1
LKOH;0;20260414;170922;5421.5;3
LKOH;0;20260414;170925;5421.5;1
LKOH;0;20260414;170927;5421.5;10
LKOH;0;20260414;170928;5421.0;1
LKOH;0;20260414;170928;5421.0;5
LKOH;0;20260414;170928;5421.0;15
LKOH;0;20260414;170928;5421.0;1
LKOH;0;20260414;170928;5421.0;1
LKOH;0;20260414;170928;5420.5;1
LKOH;0;20260414;170928;5420.5;50
LKOH;0;20260414;170928;5420.5;1
LKOH;0;20260414;170928;5420.5;1
LKOH;0;20260414;170928;5420.5;19
LKOH;0;20260414;170928;5421.0;1
LKOH;0;20260414;170928;5421.0;9
LKOH;0;20260414;170928;5420.5;38
LKOH;0;20260414;170929;5421.0;4
LKOH;0;20260414;170930;5421.0;3
LKOH;0;20260414;170932;5421.0;15
LKOH;0;20260414;170935;5421.0;70
LKOH;0;20260414;170936;5421.0;50
LKOH;0;20260414;170937;5421.0;2
LKOH;0;20260414;170940;5420.5;93
LKOH;0;20260414;170940;5420.5;3
LKOH;0;20260414;170940;5420.5;3
LKOH;0;20260414;170940;5420.5;4
LKOH;0;20260414;170940;5420.5;1
LKOH;0;20260414;170940;5420.5;6
LKOH;0;20260414;170940;5420.5;1
LKOH;0;20260414;170940;5420.0;1
LKOH;0;20260414;170940;5420.0;288
LKOH;0;20260414;170940;5420.0;100
LKOH;0;20260414;170940;5420.5;30
LKOH;0;20260414;170940;5420.5;7
LKOH;0;20260414;170940;5420.5;10
LKOH;0;20260414;170940;5420.5;1
LKOH;0;20260414;170941;5420.5;1
LKOH;0;20260414;170943;5420.0;184
LKOH;0;20260414;170946;5420.5;2
LKOH;0;20260414;170947;5420.0;5
LKOH;0;20260414;170947;5420.5;15
LKOH;0;20260414;170947;5420.5;1
LKOH;0;20260414;170953;5420.0;4
LKOH;0;20260414;170954;5420.0;1
LKOH;0;20260414;170954;5420.5;1
LKOH;0;20260414;170958;5420.5;29
LKOH;0;20260414;170958;5420.5;940
LKOH;0;20260414;170958;5420.5;10
LKOH;0;20260414;170958;5420.5;30
LKOH;0;20260414;170958;5420.5;38
LKOH;0;20260414;170958;5420.5;13
LKOH;0;20260414;170958;5420.5;1
LKOH;0;20260414;170958;5420.5;29
LKOH;0;20260414;170958;5420.5;10
LKOH;0;20260414;170958;5421.0;30
LKOH;0;20260414;170958;5421.0;370
LKOH;0;20260414;170958;5421.0;9
LKOH;0;20260414;170958;5421.0;9
LKOH;0;20260414;170958;5421.0;9
LKOH;0;20260414;170959;5421.0;224
LKOH;0;20260414;170959;5421.0;33
LKOH;0;20260414;170959;5421.0;143
LKOH;0;20260414;170959;5421.0;33
LKOH;0;20260414;170959;5421.0;3
LKOH;0;20260414;170959;5421.0;30
LKOH;0;20260414;170959;5421.5;1
LKOH;0;20260414;170959;5421.5;40
LKOH;0;20260414;170959;5421.5;33
LKOH;0;20260414;170959;5421.5;280
LKOH;0;20260414;170959;5422.5;9
LKOH;0;20260414;170959;5422.5;1
LKOH;0;20260414;170959;5423.0;30
LKOH;0;20260414;170959;5423.5;6
LKOH;0;20260414;170959;5421.5;33
LKOH;0;20260414;170959;5422.0;80
LKOH;0;20260414;170959;5422.0;50
LKOH;0;20260414;170959;5423.0;26
LKOH;0;20260414;170959;5423.5;38
LKOH;0;20260414;170959;5424.0;18
LKOH;0;20260414;170959;5424.0;120
LKOH;0;20260414;170959;5424.0;60
LKOH;0;20260414;170959;5424.5;20
LKOH;0;20260414;170959;5424.5;120
LKOH;0;20260414;170959;5424.5;60
LKOH;0;20260414;170959;5424.5;18
LKOH;0;20260414;170959;5425.0;20
LKOH;0;20260414;170959;5425.0;30
LKOH;0;20260414;170959;5425.0;60
LKOH;0;20260414;170959;5425.5;247
LKOH;0;20260414;170959;5424.0;5
LKOH;0;20260414;171000;5423.5;7
LKOH;0;20260414;171000;5423.5;34
LKOH;0;20260414;171000;5424.0;33
LKOH;0;20260414;171000;5424.0;7
LKOH;0;20260414;171000;5424.5;7
LKOH;0;20260414;171000;5424.5;160
LKOH;0;20260414;171000;5425.0;7
LKOH;0;20260414;171000;5425.0;12
LKOH;0;20260414;171000;5425.0;48
LKOH;0;20260414;171000;5425.0;18
LKOH;0;20260414;171000;5425.0;30
LKOH;0;20260414;171000;5425.0;118
LKOH;0;20260414;171000;5425.0;55
LKOH;0;20260414;171000;5425.5;2964
LKOH;0;20260414;171000;5423.5;33
LKOH;0;20260414;171000;5425.5;100
LKOH;0;20260414;171000;5425.5;50
LKOH;0;20260414;171000;5425.5;10
LKOH;0;20260414;171000;5425.5;50
LKOH;0;20260414;171000;5425.5;182
LKOH;0;20260414;171000;5425.5;100
LKOH;0;20260414;171001;5425.5;28
LKOH;0;20260414;171001;5425.5;28
LKOH;0;20260414;171001;5425.5;1
LKOH;0;20260414;171001;5425.5;28
LKOH;0;20260414;171001;5425.5;126
LKOH;0;20260414;171001;5425.5;33
LKOH;0;20260414;171001;5425.5;23
LKOH;0;20260414;171001;5425.5;36
LKOH;0;20260414;171001;5425.5;300
LKOH;0;20260414;171001;5425.5;36
LKOH;0;20260414;171001;5425.5;144
LKOH;0;20260414;171001;5425.5;165
LKOH;0;20260414;171001;5425.5;36
LKOH;0;20260414;171001;5425.5;144
LKOH;0;20260414;171001;5425.5;16
LKOH;0;20260414;171001;5425.5;33
LKOH;0;20260414;171001;5426.5;18
LKOH;0;20260414;171001;5426.5;30
LKOH;0;20260414;171001;5426.5;1
LKOH;0;20260414;171001;5426.0;12
LKOH;0;20260414;171001;5426.0;99
LKOH;0;20260414;171001;5427.0;6
LKOH;0;20260414;171002;5427.5;5
LKOH;0;20260414;171002;5427.5;1
LKOH;0;20260414;171002;5428.0;40
LKOH;0;20260414;171002;5428.0;10
LKOH;0;20260414;171003;5428.0;26
LKOH;0;20260414;171003;5428.0;24
LKOH;0;20260414;171003;5427.5;100
LKOH;0;20260414;171003;5428.0;9
LKOH;0;20260414;171003;5428.5;20
LKOH;0;20260414;171003;5428.5;33
LKOH;0;20260414;171004;5429.5;12
LKOH;0;20260414;171004;5429.5;33
LKOH;0;20260414;171004;5430.0;214
LKOH;0;20260414;171004;5430.0;1
LKOH;0;20260414;171004;5430.0;40
LKOH;0;20260414;171005;5429.5;108
LKOH;0;20260414;171005;5429.0;30
LKOH;0;20260414;171005;5429.0;28
LKOH;0;20260414;171005;5429.0;12
LKOH;0;20260414;171005;5428.5;22
LKOH;0;20260414;171005;5428.5;30
LKOH;0;20260414;171005;5428.0;30
LKOH;0;20260414;171005;5428.0;6
LKOH;0;20260414;171005;5428.0;60
LKOH;0;20260414;171005;5427.5;30
LKOH;0;20260414;171005;5427.5;60
LKOH;0;20260414;171005;5427.5;48
LKOH;0;20260414;171005;5427.0;24
LKOH;0;20260414;171005;5427.0;60
LKOH;0;20260414;171005;5427.0;60
LKOH;0;20260414;171005;5427.5;30
LKOH;0;20260414;171005;5428.0;7
LKOH;0;20260414;171005;5428.0;12
LKOH;0;20260414;171005;5428.0;30
LKOH;0;20260414;171005;5428.5;30
LKOH;0;20260414;171005;5428.5;21
LKOH;0;20260414;171006;5427.0;1
LKOH;0;20260414;171006;5426.0;14
LKOH;0;20260414;171006;5426.0;13
LKOH;0;20260414;171006;5425.5;60
LKOH;0;20260414;171006;5425.5;12
LKOH;0;20260414;171006;5425.5;26
LKOH;0;20260414;171008;5425.0;1
LKOH;0;20260414;171008;5425.0;1
LKOH;0;20260414;171008;5425.0;3
LKOH;0;20260414;171008;5425.0;3
LKOH;0;20260414;171008;5424.5;2
LKOH;0;20260414;171008;5424.0;18
LKOH;0;20260414;171008;5424.0;12
LKOH;0;20260414;171008;5424.0;4
LKOH;0;20260414;171008;5423.5;1
LKOH;0;20260414;171008;5423.0;185
LKOH;0;20260414;171008;5422.5;56
LKOH;0;20260414;171008;5422.5;12
LKOH;0;20260414;171008;5422.0;100
LKOH;0;20260414;171008;5422.0;18
LKOH;0;20260414;171008;5422.0;11
LKOH;0;20260414;171008;5422.0;14
LKOH;0;20260414;171008;5422.0;60
LKOH;0;20260414;171008;5422.0;44
LKOH;0;20260414;171009;5422.0;1
LKOH;0;20260414;171009;5422.0;16
LKOH;0;20260414;171009;5421.5;60
LKOH;0;20260414;171009;5421.5;18
LKOH;0;20260414;171009;5421.5;5
LKOH;0;20260414;171010;5421.0;25
LKOH;0;20260414;171010;5421.0;1
LKOH;0;20260414;171010;5421.0;4
LKOH;0;20260414;171010;5421.0;40
LKOH;0;20260414;171010;5420.5;50
LKOH;0;20260414;171010;5420.5;50
LKOH;0;20260414;171010;5420.5;18
LKOH;0;20260414;171010;5420.5;120
LKOH;0;20260414;171010;5420.5;50
LKOH;0;20260414;171010;5420.5;118
LKOH;0;20260414;171010;5420.0;24
LKOH;0;20260414;171012;5421.0;1
LKOH;0;20260414;171012;5421.5;1
LKOH;0;20260414;171012;5421.0;1
LKOH;0;20260414;171012;5421.0;18
LKOH;0;20260414;171012;5421.0;4
LKOH;0;20260414;171012;5420.5;8
LKOH;0;20260414;171012;5420.5;50
LKOH;0;20260414;171012;5420.5;50
LKOH;0;20260414;171012;5420.5;18
LKOH;0;20260414;171012;5420.5;1
LKOH;0;20260414;171012;5420.5;2
LKOH;0;20260414;171012;5420.5;50
LKOH;0;20260414;171012;5420.5;50
LKOH;0;20260414;171012;5420.5;30
LKOH;0;20260414;171012;5420.0;218
LKOH;0;20260414;171020;5421.0;4
LKOH;0;20260414;171021;5420.5;1
LKOH;0;20260414;171021;5420.5;3
LKOH;0;20260414;171021;5420.5;18
LKOH;0;20260414;171021;5420.5;2
LKOH;0;20260414;171021;5420.5;28
LKOH;0;20260414;171021;5420.5;1
LKOH;0;20260414;171021;5420.5;18
LKOH;0;20260414;171021;5420.5;50
LKOH;0;20260414;171021;5420.5;20
LKOH;0;20260414;171021;5420.5;12
LKOH;0;20260414;171021;5420.5;30
LKOH;0;20260414;171021;5420.0;2
LKOH;0;20260414;171022;5421.0;6
LKOH;0;20260414;171022;5421.0;12
LKOH;0;20260414;171023;5421.0;74
LKOH;0;20260414;171023;5421.0;74
LKOH;0;20260414;171023;5421.0;87
LKOH;0;20260414;171023;5421.0;88
LKOH;0;20260414;171023;5421.0;2
LKOH;0;20260414;171023;5421.0;1
LKOH;0;20260414;171023;5421.0;36
LKOH;0;20260414;171024;5421.0;5
LKOH;0;20260414;171024;5421.0;15
LKOH;0;20260414;171024;5421.0;9
LKOH;0;20260414;171024;5421.0;5
LKOH;0;20260414;171024;5421.0;9
LKOH;0;20260414;171024;5421.0;9
LKOH;0;20260414;171024;5421.0;36
LKOH;0;20260414;171024;5421.0;36
LKOH;0;20260414;171024;5421.0;36
LKOH;0;20260414;171024;5421.0;36
LKOH;0;20260414;171024;5421.0;1
LKOH;0;20260414;171024;5421.0;36
LKOH;0;20260414;171024;5421.0;36
LKOH;0;20260414;171024;5421.0;36
LKOH;0;20260414;171024;5425.5;18
LKOH;0;20260414;171024;5426.0;16
LKOH;0;20260414;171025;5426.0;60
LKOH;0;20260414;171025;5426.0;1
LKOH;0;20260414;171025;5425.5;10
LKOH;0;20260414;171025;5425.5;30
LKOH;0;20260414;171025;5425.5;10
LKOH;0;20260414;171025;5425.5;12
LKOH;0;20260414;171025;5425.5;25
LKOH;0;20260414;171028;5425.5;97
LKOH;0;20260414;171028;5426.0;32
LKOH;0;20260414;171028;5426.0;100
LKOH;0;20260414;171028;5426.5;30
LKOH;0;20260414;171028;5427.0;30
LKOH;0;20260414;171028;5427.0;48
LKOH;0;20260414;171028;5427.0;12
LKOH;0;20260414;171028;5427.0;50
LKOH;0;20260414;171028;5427.5;50
LKOH;0;20260414;171028;5427.5;30
LKOH;0;20260414;171028;5427.5;55
LKOH;0;20260414;171028;5428.0;57
LKOH;0;20260414;171028;5426.0;14
LKOH;0;20260414;171028;5425.5;19
LKOH;0;20260414;171029;5426.5;1
LKOH;0;20260414;171029;5426.5;11
LKOH;0;20260414;171034;5427.0;30
LKOH;0;20260414;171034;5427.0;50
LKOH;0;20260414;171034;5427.0;20
LKOH;0;20260414;171038;5427.0;2
LKOH;0;20260414;171038;5427.5;33
LKOH;0;20260414;171039;5428.0;20
LKOH;0;20260414;171039;5428.0;1
LKOH;0;20260414;171039;5428.0;1
LKOH;0;20260414;171040;5428.0;11
LKOH;0;20260414;171040;5428.5;160
LKOH;0;20260414;171040;5429.5;1
LKOH;0;20260414;171040;5429.5;33
LKOH;0;20260414;171040;5430.0;16
LKOH;0;20260414;171042;5429.5;33
LKOH;0;20260414;171042;5430.5;5
LKOH;0;20260414;171042;5430.5;200
LKOH;0;20260414;171042;5430.5;33
LKOH;0;20260414;171042;5432.0;1
LKOH;0;20260414;171042;5432.0;33
LKOH;0;20260414;171042;5432.5;59
LKOH;0;20260414;171043;5432.0;33
LKOH;0;20260414;171043;5432.5;14
LKOH;0;20260414;171043;5432.5;40
LKOH;0;20260414;171043;5433.0;26
LKOH;0;20260414;171043;5432.0;9
LKOH;0;20260414;171043;5432.5;16
LKOH;0;20260414;171043;5432.5;12
LKOH;0;20260414;171043;5432.5;50
LKOH;0;20260414;171043;5433.0;1
LKOH;0;20260414;171043;5433.0;33
LKOH;0;20260414;171043;5433.0;27
LKOH;0;20260414;171043;5433.0;50
LKOH;0;20260414;171043;5433.5;50
LKOH;0;20260414;171043;5433.5;3
LKOH;0;20260414;171043;5433.5;50
LKOH;0;20260414;171043;5433.5;1
LKOH;0;20260414;171043;5433.5;8
LKOH;0;20260414;171044;5433.0;1
LKOH;0;20260414;171044;5432.5;22
LKOH;0;20260414;171044;5433.5;1
LKOH;0;20260414;171044;5433.5;7
LKOH;0;20260414;171046;5432.0;1
LKOH;0;20260414;171047;5432.5;16
LKOH;0;20260414;171047;5433.0;39
LKOH;0;20260414;171048;5432.5;30
LKOH;0;20260414;171048;5432.0;222
LKOH;0;20260414;171048;5432.0;30
LKOH;0;20260414;171048;5432.0;12
LKOH;0;20260414;171048;5432.0;2
LKOH;0;20260414;171048;5431.5;4
LKOH;0;20260414;171053;5431.5;300
LKOH;0;20260414;171055;5432.0;4
LKOH;0;20260414;171056;5431.5;2
LKOH;0;20260414;171056;5431.5;12
LKOH;0;20260414;171056;5431.5;1
LKOH;0;20260414;171057;5431.5;55
LKOH;0;20260414;171058;5431.5;3
LKOH;0;20260414;171058;5431.0;10
LKOH;0;20260414;171100;5431.5;1
LKOH;0;20260414;171101;5431.5;85
LKOH;0;20260414;171104;5431.0;80
LKOH;0;20260414;171104;5431.5;1
LKOH;0;20260414;171104;5431.5;208
LKOH;0;20260414;171104;5431.5;28
LKOH;0;20260414;171104;5431.5;7
LKOH;0;20260414;171104;5431.5;1
LKOH;0;20260414;171104;5431.5;18
LKOH;0;20260414;171104;5431.5;20
LKOH;0;20260414;171104;5431.5;218
LKOH;0;20260414;171105;5431.5;20
LKOH;0;20260414;171106;5432.0;8
LKOH;0;20260414;171106;5432.0;1
LKOH;0;20260414;171106;5432.0;1
LKOH;0;20260414;171106;5432.5;5
LKOH;0;20260414;171106;5432.5;5
LKOH;0;20260414;171107;5433.0;313
LKOH;0;20260414;171107;5433.0;1
LKOH;0;20260414;171107;5433.0;33
LKOH;0;20260414;171107;5433.5;50
LKOH;0;20260414;171107;5433.5;140
LKOH;0;20260414;171108;5434.0;1
LKOH;0;20260414;171108;5434.0;8
LKOH;0;20260414;171108;5434.0;25
LKOH;0;20260414;171108;5434.5;100
LKOH;0;20260414;171108;5434.5;100
LKOH;0;20260414;171108;5435.5;114
LKOH;0;20260414;171108;5434.0;30
LKOH;0;20260414;171108;5434.0;3
LKOH;0;20260414;171108;5434.5;5
LKOH;0;20260414;171108;5434.5;1
LKOH;0;20260414;171110;5435.0;1
LKOH;0;20260414;171112;5435.0;1
LKOH;0;20260414;171113;5435.5;36
LKOH;0;20260414;171113;5435.5;8
LKOH;0;20260414;171113;5436.0;100
LKOH;0;20260414;171113;5436.0;60
LKOH;0;20260414;171114;5437.0;10
LKOH;0;20260414;171114;5437.0;23
LKOH;0;20260414;171114;5437.5;27
LKOH;0;20260414;171115;5437.5;73
LKOH;0;20260414;171115;5437.5;33
LKOH;0;20260414;171115;5437.5;20
LKOH;0;20260414;171116;5438.0;20
LKOH;0;20260414;171116;5438.0;15
LKOH;0;20260414;171118;5437.0;250
LKOH;0;20260414;171118;5437.5;18
LKOH;0;20260414;171118;5437.5;32
LKOH;0;20260414;171121;5437.0;2
LKOH;0;20260414;171124;5437.0;1
LKOH;0;20260414;171129;5436.5;33
LKOH;0;20260414;171129;5436.5;9
LKOH;0;20260414;171129;5436.5;6
LKOH;0;20260414;171129;5436.5;1
LKOH;0;20260414;171131;5435.5;50
LKOH;0;20260414;171132;5434.0;10
LKOH;0;20260414;171132;5434.0;83
LKOH;0;20260414;171132;5434.0;7
LKOH;0;20260414;171133;5433.5;1
LKOH;0;20260414;171133;5433.5;1
LKOH;0;20260414;171134;5433.0;1
LKOH;0;20260414;171134;5433.5;28
LKOH;0;20260414;171134;5433.5;12
LKOH;0;20260414;171134;5433.5;4
LKOH;0;20260414;171135;5433.5;3
LKOH;0;20260414;171143;5433.5;250
LKOH;0;20260414;171143;5433.5;12
LKOH;0;20260414;171143;5433.5;30
LKOH;0;20260414;171143;5434.0;30
LKOH;0;20260414;171143;5434.0;1
LKOH;0;20260414;171143;5434.0;177
LKOH;0;20260414;171144;5433.0;39
LKOH;0;20260414;171144;5433.0;1
LKOH;0;20260414;171144;5433.0;20
LKOH;0;20260414;171144;5433.0;17
LKOH;0;20260414;171144;5432.5;300
LKOH;0;20260414;171144;5432.5;30
LKOH;0;20260414;171144;5432.5;1
LKOH;0;20260414;171151;5432.5;3
LKOH;0;20260414;171152;5432.0;3
LKOH;0;20260414;171153;5432.5;20
LKOH;0;20260414;171155;5432.5;1
LKOH;0;20260414;171156;5432.0;47
LKOH;0;20260414;171156;5432.0;10
LKOH;0;20260414;171156;5432.0;5
LKOH;0;20260414;171156;5432.0;10
LKOH;0;20260414;171157;5432.0;1
LKOH;0;20260414;171157;5432.0;29
LKOH;0;20260414;171200;5431.5;2
LKOH;0;20260414;171200;5431.5;10
LKOH;0;20260414;171202;5431.0;250
LKOH;0;20260414;171202;5431.0;36
LKOH;0;20260414;171202;5431.0;124
LKOH;0;20260414;171202;5431.0;10
LKOH;0;20260414;171202;5430.5;2
LKOH;0;20260414;171202;5430.5;8
LKOH;0;20260414;171203;5430.0;10
LKOH;0;20260414;171203;5429.5;10
LKOH;0;20260414;171203;5429.0;10
LKOH;0;20260414;171203;5429.0;10
LKOH;0;20260414;171203;5429.0;11
LKOH;0;20260414;171203;5428.5;10
LKOH;0;20260414;171203;5428.0;10
LKOH;0;20260414;171203;5427.5;2
LKOH;0;20260414;171203;5427.5;10
LKOH;0;20260414;171203;5427.5;60
LKOH;0;20260414;171203;5427.5;120
LKOH;0;20260414;171203;5427.0;1
LKOH;0;20260414;171203;5427.0;1
LKOH;0;20260414;171203;5427.0;50
LKOH;0;20260414;171203;5427.0;4
LKOH;0;20260414;171203;5427.0;140
LKOH;0;20260414;171203;5427.0;10
LKOH;0;20260414;171203;5427.0;18
LKOH;0;20260414;171203;5427.0;60
LKOH;0;20260414;171203;5427.0;300
LKOH;0;20260414;171203;5426.5;50
LKOH;0;20260414;171203;5426.5;20
LKOH;0;20260414;171203;5426.5;10
LKOH;0;20260414;171203;5426.5;45
LKOH;0;20260414;171203;5426.5;18
LKOH;0;20260414;171203;5426.5;30
LKOH;0;20260414;171203;5426.0;3
LKOH;0;20260414;171203;5426.0;20
LKOH;0;20260414;171203;5426.0;10
LKOH;0;20260414;171203;5426.0;25
LKOH;0;20260414;171203;5426.0;30
LKOH;0;20260414;171203;5426.0;8
LKOH;0;20260414;171203;5426.0;1
LKOH;0;20260414;171203;5425.5;50
LKOH;0;20260414;171203;5425.5;50
LKOH;0;20260414;171203;5425.5;1
LKOH;0;20260414;171203;5425.5;10
LKOH;0;20260414;171203;5425.5;20
LKOH;0;20260414;171203;5425.5;10
LKOH;0;20260414;171203;5425.5;10
LKOH;0;20260414;171203;5425.5;30
LKOH;0;20260414;171203;5425.5;50
LKOH;0;20260414;171203;5425.0;6
LKOH;0;20260414;171203;5425.0;146
LKOH;0;20260414;171203;5426.0;60
LKOH;0;20260414;171203;5426.5;16
LKOH;0;20260414;171203;5426.5;18
LKOH;0;20260414;171206;5426.0;2
LKOH;0;20260414;171206;5426.0;4
LKOH;0;20260414;171206;5426.0;21
LKOH;0;20260414;171206;5426.0;18
LKOH;0;20260414;171206;5425.5;47
LKOH;0;20260414;171206;5425.5;15
LKOH;0;20260414;171207;5426.0;50
LKOH;0;20260414;171207;5425.5;8
LKOH;0;20260414;171207;5425.5;27
LKOH;0;20260414;171207;5425.5;57
LKOH;0;20260414;171207;5425.5;44
LKOH;0;20260414;171207;5425.0;624
LKOH;0;20260414;171210;5425.5;2
LKOH;0;20260414;171218;5425.5;3
LKOH;0;20260414;171219;5426.0;1
LKOH;0;20260414;171235;5425.5;1
LKOH;0;20260414;171236;5426.0;1
LKOH;0;20260414;171236;5426.0;79
LKOH;0;20260414;171241;5425.5;6
LKOH;0;20260414;171243;5425.5;40
LKOH;0;20260414;171243;5425.5;50
LKOH;0;20260414;171243;5425.5;10
LKOH;0;20260414;171243;5425.5;10
LKOH;0;20260414;171244;5426.0;4
LKOH;0;20260414;171244;5426.0;1
LKOH;0;20260414;171244;5425.5;10
LKOH;0;20260414;171246;5426.0;8
LKOH;0;20260414;171249;5426.0;2
LKOH;0;20260414;171255;5426.0;10
LKOH;0;20260414;171258;5426.0;3
LKOH;0;20260414;171258;5426.0;1
LKOH;0;20260414;171301;5426.0;1
LKOH;0;20260414;171307;5426.0;10
LKOH;0;20260414;171311;5426.0;4
LKOH;0;20260414;171318;5425.5;2
LKOH;0;20260414;171318;5425.5;1
LKOH;0;20260414;171320;5425.5;169
LKOH;0;20260414;171323;5426.0;7
LKOH;0;20260414;171323;5426.0;2
LKOH;0;20260414;171327;5426.0;1
LKOH;0;20260414;171331;5426.0;10
LKOH;0;20260414;171331;5426.0;1
LKOH;0;20260414;171332;5426.0;1
LKOH;0;20260414;171336;5426.0;8
LKOH;0;20260414;171341;5426.0;1
LKOH;0;20260414;171347;5426.0;1
LKOH;0;20260414;171348;5426.0;1
LKOH;0;20260414;171348;5426.0;3
LKOH;0;20260414;171352;5425.5;10
LKOH;0;20260414;171353;5426.0;50
LKOH;0;20260414;171358;5426.0;1
LKOH;0;20260414;171359;5425.5;150
LKOH;0;20260414;171402;5425.5;136
LKOH;0;20260414;171402;5426.0;2
LKOH;0;20260414;171407;5426.0;2
LKOH;0;20260414;171410;5426.0;18
LKOH;0;20260414;171411;5426.0;100
LKOH;0;20260414;171412;5426.0;400
LKOH;0;20260414;171412;5426.0;9
LKOH;0;20260414;171419;5426.0;2
LKOH;0;20260414;171420;5426.0;4
LKOH;0;20260414;171420;5426.0;5
LKOH;0;20260414;171420;5426.0;7
LKOH;0;20260414;171420;5426.0;6
LKOH;0;20260414;171420;5426.0;10
LKOH;0;20260414;171420;5426.0;8
LKOH;0;20260414;171443;5426.0;29
LKOH;0;20260414;171443;5426.0;380
LKOH;0;20260414;171443;5426.0;10
LKOH;0;20260414;171443;5426.0;2
LKOH;0;20260414;171443;5426.0;2
LKOH;0;20260414;171443;5426.0;1
LKOH;0;20260414;171444;5426.0;45
LKOH;0;20260414;171454;5428.0;4
LKOH;0;20260414;171454;5428.0;1
LKOH;0;20260414;171454;5428.0;50
LKOH;0;20260414;171454;5428.5;20
LKOH;0;20260414;171454;5428.5;1
LKOH;0;20260414;171454;5429.0;46
LKOH;0;20260414;171454;5429.0;3
LKOH;0;20260414;171454;5429.0;1
LKOH;0;20260414;171454;5429.5;46
LKOH;0;20260414;171454;5429.5;1
LKOH;0;20260414;171454;5429.5;50
LKOH;0;20260414;171454;5430.0;7
LKOH;0;20260414;171454;5430.0;1
LKOH;0;20260414;171454;5430.0;50
LKOH;0;20260414;171454;5430.0;8
LKOH;0;20260414;171454;5430.5;7
LKOH;0;20260414;171454;5430.5;1
LKOH;0;20260414;171454;5430.5;60
LKOH;0;20260414;171454;5431.0;20
LKOH;0;20260414;171454;5431.0;1
LKOH;0;20260414;171454;5431.0;30
LKOH;0;20260414;171454;5431.0;60
LKOH;0;20260414;171454;5431.0;50
LKOH;0;20260414;171454;5431.5;20
LKOH;0;20260414;171454;5431.5;20
LKOH;0;20260414;171454;5431.5;30
LKOH;0;20260414;171454;5431.5;1
LKOH;0;20260414;171454;5431.5;160
LKOH;0;20260414;171454;5431.5;18
LKOH;0;20260414;171454;5432.0;15
LKOH;0;20260414;171454;5432.0;18
LKOH;0;20260414;171454;5432.0;2
LKOH;0;20260414;171454;5432.0;30
LKOH;0;20260414;171454;5432.0;1
LKOH;0;20260414;171454;5432.0;30
LKOH;0;20260414;171454;5432.0;3
LKOH;0;20260414;171454;5432.0;17
LKOH;0;20260414;171454;5432.0;1
LKOH;0;20260414;171454;5432.0;15
LKOH;0;20260414;171456;5432.0;1
LKOH;0;20260414;171457;5432.5;11
LKOH;0;20260414;171457;5432.5;3
LKOH;0;20260414;171459;5432.5;1
LKOH;0;20260414;171501;5432.5;1
LKOH;0;20260414;171505;5432.5;23
LKOH;0;20260414;171505;5432.5;17
LKOH;0;20260414;171505;5432.5;10
LKOH;0;20260414;171506;5432.5;1
LKOH;0;20260414;171506;5432.5;1
LKOH;0;20260414;171508;5432.5;2
LKOH;0;20260414;171509;5432.5;1
LKOH;0;20260414;171514;5432.5;2
LKOH;0;20260414;171514;5432.5;4
LKOH;0;20260414;171514;5432.5;18
LKOH;0;20260414;171514;5432.5;92
LKOH;0;20260414;171514;5432.5;240
LKOH;0;20260414;171514;5432.5;18
LKOH;0;20260414;171514;5432.5;17
LKOH;0;20260414;171514;5432.5;12
LKOH;0;20260414;171514;5432.5;30
LKOH;0;20260414;171514;5432.5;1
LKOH;0;20260414;171514;5433.0;1
LKOH;0;20260414;171514;5433.0;1
LKOH;0;20260414;171514;5433.0;1
LKOH;0;20260414;171514;5433.0;1
LKOH;0;20260414;171514;5433.0;50
LKOH;0;20260414;171514;5433.0;30
LKOH;0;20260414;171514;5433.0;20
LKOH;0;20260414;171514;5433.0;18
LKOH;0;20260414;171514;5433.5;50
LKOH;0;20260414;171514;5433.5;1
LKOH;0;20260414;171514;5433.5;50
LKOH;0;20260414;171514;5433.5;1
LKOH;0;20260414;171514;5433.5;1
LKOH;0;20260414;171514;5433.5;1
LKOH;0;20260414;171514;5433.5;50
LKOH;0;20260414;171514;5433.5;2
LKOH;0;20260414;171514;5433.5;30
LKOH;0;20260414;171514;5433.5;20
LKOH;0;20260414;171514;5433.5;18
LKOH;0;20260414;171514;5434.0;10
LKOH;0;20260414;171514;5434.0;250
LKOH;0;20260414;171514;5434.0;1
LKOH;0;20260414;171514;5434.0;48
LKOH;0;20260414;171514;5434.0;30
LKOH;0;20260414;171514;5434.0;20
LKOH;0;20260414;171514;5434.0;60
LKOH;0;20260414;171514;5434.0;100
LKOH;0;20260414;171514;5434.5;1
LKOH;0;20260414;171514;5434.5;1
LKOH;0;20260414;171514;5434.5;100
LKOH;0;20260414;171514;5434.5;1
LKOH;0;20260414;171514;5434.5;25
LKOH;0;20260414;171514;5434.5;55
LKOH;0;20260414;171514;5434.5;30
LKOH;0;20260414;171514;5434.5;60
LKOH;0;20260414;171514;5434.5;20
LKOH;0;20260414;171514;5434.5;25
LKOH;0;20260414;171514;5435.0;1
LKOH;0;20260414;171514;5435.0;1
LKOH;0;20260414;171514;5435.0;1
LKOH;0;20260414;171514;5435.0;1
LKOH;0;20260414;171514;5435.0;1
LKOH;0;20260414;171514;5435.0;60
LKOH;0;20260414;171514;5435.0;1
LKOH;0;20260414;171514;5435.0;20
LKOH;0;20260414;171514;5435.5;1
LKOH;0;20260414;171514;5435.5;1
LKOH;0;20260414;171514;5435.5;30
LKOH;0;20260414;171515;5434.5;4
LKOH;0;20260414;171518;5434.5;6
LKOH;0;20260414;171518;5434.5;15
LKOH;0;20260414;171518;5434.5;7
LKOH;0;20260414;171518;5434.5;3
LKOH;0;20260414;171518;5434.5;15
LKOH;0;20260414;171526;5432.0;1
LKOH;0;20260414;171541;5431.5;1
LKOH;0;20260414;171544;5431.5;4
LKOH;0;20260414;171546;5431.5;3
LKOH;0;20260414;171547;5431.5;1
LKOH;0;20260414;171547;5431.5;2
LKOH;0;20260414;171551;5431.5;40
LKOH;0;20260414;171555;5431.5;2
LKOH;0;20260414;171602;5431.5;5
LKOH;0;20260414;171606;5431.5;5
LKOH;0;20260414;171610;5431.5;1
LKOH;0;20260414;171610;5431.5;54
LKOH;0;20260414;171610;5432.0;5
LKOH;0;20260414;171610;5432.0;2
LKOH;0;20260414;171610;5432.5;1
LKOH;0;20260414;171610;5432.5;12
LKOH;0;20260414;171610;5433.0;1
LKOH;0;20260414;171610;5433.0;1
LKOH;0;20260414;171610;5433.0;48
LKOH;0;20260414;171610;5433.0;10
LKOH;0;20260414;171610;5433.0;33
LKOH;0;20260414;171610;5433.0;10
LKOH;0;20260414;171610;5433.0;30
LKOH;0;20260414;171610;5433.0;1
LKOH;0;20260414;171610;5433.0;12
LKOH;0;20260414;171612;5433.0;100
LKOH;0;20260414;171613;5432.5;1
LKOH;0;20260414;171622;5432.0;2
LKOH;0;20260414;171630;5431.5;1
LKOH;0;20260414;171630;5431.5;300
LKOH;0;20260414;171630;5431.0;1
LKOH;0;20260414;171630;5431.0;15
LKOH;0;20260414;171630;5430.5;1
LKOH;0;20260414;171630;5430.0;1
LKOH;0;20260414;171630;5430.0;51
LKOH;0;20260414;171642;5430.5;2
LKOH;0;20260414;171649;5430.5;1
LKOH;0;20260414;171651;5430.0;40
LKOH;0;20260414;171651;5430.0;1
LKOH;0;20260414;171651;5429.5;9
LKOH;0;20260414;171652;5430.5;1
LKOH;0;20260414;171653;5430.5;10
LKOH;0;20260414;171654;5430.5;10
LKOH;0;20260414;171701;5429.5;40
LKOH;0;20260414;171704;5429.0;6
LKOH;0;20260414;171704;5429.0;12
LKOH;0;20260414;171704;5429.0;1
LKOH;0;20260414;171704;5429.5;1
LKOH;0;20260414;171704;5429.5;20
LKOH;0;20260414;171705;5428.5;23
LKOH;0;20260414;171709;5428.0;1
LKOH;0;20260414;171710;5428.5;1
LKOH;0;20260414;171710;5428.5;9
LKOH;0;20260414;171712;5428.5;14
LKOH;0;20260414;171724;5428.0;1
LKOH;0;20260414;171731;5428.5;1
LKOH;0;20260414;171741;5428.5;1
LKOH;0;20260414;171741;5428.5;1
LKOH;0;20260414;171743;5428.5;1
LKOH;0;20260414;171752;5428.0;7
LKOH;0;20260414;171752;5428.0;10
LKOH;0;20260414;171752;5428.0;5
LKOH;0;20260414;171752;5427.5;1
LKOH;0;20260414;171752;5427.5;50
LKOH;0;20260414;171752;5427.0;17
LKOH;0;20260414;171752;5428.0;1
LKOH;0;20260414;171753;5427.5;17
LKOH;0;20260414;171800;5428.0;300
LKOH;0;20260414;171800;5428.0;25
LKOH;0;20260414;171800;5428.0;5
LKOH;0;20260414;171805;5429.5;7
LKOH;0;20260414;171805;5429.5;12
LKOH;0;20260414;171805;5430.0;10
LKOH;0;20260414;171805;5430.0;71
LKOH;0;20260414;171805;5430.5;1
LKOH;0;20260414;171813;5430.0;1
LKOH;0;20260414;171814;5430.5;11
LKOH;0;20260414;171814;5430.0;4
LKOH;0;20260414;171819;5430.0;1
LKOH;0;20260414;171821;5430.0;1
LKOH;0;20260414;171822;5430.0;1
LKOH;0;20260414;171822;5429.5;250
LKOH;0;20260414;171827;5429.0;1
LKOH;0;20260414;171831;5428.5;15
LKOH;0;20260414;171832;5429.5;1
LKOH;0;20260414;171832;5429.5;7
LKOH;0;20260414;171841;5429.5;1
LKOH;0;20260414;171850;5429.0;2
LKOH;0;20260414;171854;5429.5;2
LKOH;0;20260414;171856;5429.5;5
LKOH;0;20260414;171856;5429.5;2
LKOH;0;20260414;171857;5429.0;8
LKOH;0;20260414;171857;5429.0;1
LKOH;0;20260414;171857;5428.5;15
LKOH;0;20260414;171857;5428.5;1
LKOH;0;20260414;171857;5428.5;31
LKOH;0;20260414;171857;5428.0;44
LKOH;0;20260414;171857;5429.0;1
LKOH;0;20260414;171857;5429.0;3
LKOH;0;20260414;171910;5428.0;4
LKOH;0;20260414;171911;5427.5;1
LKOH;0;20260414;171911;5427.0;50
LKOH;0;20260414;171911;5427.0;50
LKOH;0;20260414;171911;5426.5;1
LKOH;0;20260414;171911;5426.5;50
LKOH;0;20260414;171911;5426.5;50
LKOH;0;20260414;171911;5426.5;149
LKOH;0;20260414;171913;5426.5;2
LKOH;0;20260414;171913;5426.0;50
LKOH;0;20260414;171913;5426.0;1
LKOH;0;20260414;171913;5426.0;1
LKOH;0;20260414;171913;5426.0;3
LKOH;0;20260414;171913;5426.0;5
LKOH;0;20260414;171913;5426.0;5
LKOH;0;20260414;171913;5426.0;50
LKOH;0;20260414;171913;5426.0;50
LKOH;0;20260414;171913;5426.0;30
LKOH;0;20260414;171913;5425.5;20
LKOH;0;20260414;171913;5425.5;35
LKOH;0;20260414;171924;5426.5;1
LKOH;0;20260414;171927;5426.5;3
LKOH;0;20260414;171927;5426.5;7
LKOH;0;20260414;171929;5427.0;1
LKOH;0;20260414;171931;5426.5;1
LKOH;0;20260414;171931;5426.0;1
LKOH;0;20260414;171934;5426.0;1
LKOH;0;20260414;171940;5426.0;48
LKOH;0;20260414;171940;5426.0;1
LKOH;0;20260414;171940;5426.0;2
LKOH;0;20260414;171940;5425.5;99
LKOH;0;20260414;171940;5426.5;1
LKOH;0;20260414;171945;5426.5;24
LKOH;0;20260414;171949;5426.5;2
LKOH;0;20260414;171956;5426.0;1
LKOH;0;20260414;171956;5426.0;10
LKOH;0;20260414;172004;5426.0;1
LKOH;0;20260414;172004;5426.0;3
LKOH;0;20260414;172020;5426.0;1
LKOH;0;20260414;172020;5426.5;1
LKOH;0;20260414;172026;5426.5;7
LKOH;0;20260414;172026;5426.5;43
LKOH;0;20260414;172026;5427.0;1
LKOH;0;20260414;172029;5426.5;1
LKOH;0;20260414;172030;5426.5;5
LKOH;0;20260414;172032;5426.5;1
LKOH;0;20260414;172033;5426.5;1
LKOH;0;20260414;172037;5426.5;10
LKOH;0;20260414;172041;5426.5;1
LKOH;0;20260414;172042;5426.0;1
LKOH;0;20260414;172042;5426.0;1
LKOH;0;20260414;172042;5426.0;50
LKOH;0;20260414;172042;5426.0;10
LKOH;0;20260414;172044;5425.5;191
LKOH;0;20260414;172044;5425.5;1
LKOH;0;20260414;172044;5425.5;11
LKOH;0;20260414;172044;5425.5;1
LKOH;0;20260414;172044;5425.5;4
LKOH;0;20260414;172044;5425.5;2
LKOH;0;20260414;172044;5425.5;1
LKOH;0;20260414;172044;5425.5;2
LKOH;0;20260414;172044;5425.5;2
LKOH;0;20260414;172044;5425.5;50
LKOH;0;20260414;172044;5425.0;19
LKOH;0;20260414;172044;5425.0;2
LKOH;0;20260414;172044;5425.0;89
LKOH;0;20260414;172044;5425.0;25
LKOH;0;20260414;172049;5425.0;25
LKOH;0;20260414;172049;5425.0;1
LKOH;0;20260414;172049;5425.0;65
LKOH;0;20260414;172050;5425.0;35
LKOH;0;20260414;172050;5425.0;40
LKOH;0;20260414;172050;5424.5;1
LKOH;0;20260414;172050;5423.5;13
LKOH;0;20260414;172052;5424.0;1
LKOH;0;20260414;172053;5423.5;7
LKOH;0;20260414;172053;5423.5;7
LKOH;0;20260414;172053;5423.5;1
LKOH;0;20260414;172053;5423.5;35
LKOH;0;20260414;172055;5423.5;18
LKOH;0;20260414;172058;5424.0;1
LKOH;0;20260414;172058;5424.0;3
LKOH;0;20260414;172104;5424.0;1
LKOH;0;20260414;172111;5424.0;1
LKOH;0;20260414;172111;5423.5;1
LKOH;0;20260414;172111;5424.0;300
LKOH;0;20260414;172114;5424.0;6
LKOH;0;20260414;172114;5424.0;220
LKOH;0;20260414;172117;5425.0;3
LKOH;0;20260414;172117;5426.5;1
LKOH;0;20260414;172124;5426.5;1
LKOH;0;20260414;172132;5426.0;4
LKOH;0;20260414;172136;5426.5;47
LKOH;0;20260414;172139;5428.0;1
LKOH;0;20260414;172139;5428.0;2
LKOH;0;20260414;172140;5428.5;1
LKOH;0;20260414;172140;5428.5;1
LKOH;0;20260414;172148;5427.0;30
LKOH;0;20260414;172148;5427.0;1
LKOH;0;20260414;172148;5426.5;3
LKOH;0;20260414;172148;5426.5;30
LKOH;0;20260414;172148;5426.5;6
LKOH;0;20260414;172148;5426.5;1
LKOH;0;20260414;172148;5426.5;1
LKOH;0;20260414;172148;5426.5;12
LKOH;0;20260414;172148;5426.5;1
LKOH;0;20260414;172148;5426.5;1
LKOH;0;20260414;172148;5426.5;1
LKOH;0;20260414;172148;5426.0;26
LKOH;0;20260414;172148;5426.0;3
LKOH;0;20260414;172148;5426.0;1
LKOH;0;20260414;172148;5425.5;20
LKOH;0;20260414;172148;5425.5;30
LKOH;0;20260414;172148;5425.5;1
LKOH;0;20260414;172148;5425.5;1
LKOH;0;20260414;172148;5425.5;31
LKOH;0;20260414;172155;5427.0;1
LKOH;0;20260414;172159;5427.0;1
LKOH;0;20260414;172212;5425.0;1
LKOH;0;20260414;172218;5425.5;1
LKOH;0;20260414;172218;5425.5;6
LKOH;0;20260414;172225;5425.5;11
LKOH;0;20260414;172225;5425.5;1
LKOH;0;20260414;172229;5425.5;10
LKOH;0;20260414;172232;5425.0;10
LKOH;0;20260414;172232;5425.0;1
LKOH;0;20260414;172232;5425.0;3
LKOH;0;20260414;172232;5425.0;1
LKOH;0;20260414;172232;5425.0;10
LKOH;0;20260414;172232;5425.0;16
LKOH;0;20260414;172232;5425.0;22
LKOH;0;20260414;172232;5425.0;50
LKOH;0;20260414;172232;5425.0;32
LKOH;0;20260414;172232;5425.0;12
LKOH;0;20260414;172232;5425.0;43
LKOH;0;20260414;172238;5425.5;1
LKOH;0;20260414;172238;5425.5;1
LKOH;0;20260414;172245;5425.5;14
LKOH;0;20260414;172245;5426.0;120
LKOH;0;20260414;172245;5426.0;1
LKOH;0;20260414;172245;5426.5;1
LKOH;0;20260414;172245;5427.0;1
LKOH;0;20260414;172245;5427.0;12
LKOH;0;20260414;172245;5427.5;1
LKOH;0;20260414;172245;5427.5;60
LKOH;0;20260414;172245;5427.5;48
LKOH;0;20260414;172245;5427.5;30
LKOH;0;20260414;172245;5428.0;12
LKOH;0;20260414;172252;5427.0;1
LKOH;0;20260414;172257;5427.0;2
LKOH;0;20260414;172257;5427.0;1
LKOH;0;20260414;172259;5426.5;7
LKOH;0;20260414;172309;5426.5;1
LKOH;0;20260414;172309;5426.5;4
LKOH;0;20260414;172310;5426.5;1
LKOH;0;20260414;172310;5426.5;1
LKOH;0;20260414;172310;5427.0;115
LKOH;0;20260414;172310;5427.0;1
LKOH;0;20260414;172310;5427.0;30
LKOH;0;20260414;172310;5427.0;52
LKOH;0;20260414;172310;5426.0;1
LKOH;0;20260414;172310;5426.0;1
LKOH;0;20260414;172310;5426.0;30
LKOH;0;20260414;172310;5425.5;1
LKOH;0;20260414;172310;5425.5;217
LKOH;0;20260414;172322;5426.5;12
LKOH;0;20260414;172322;5426.5;28
LKOH;0;20260414;172339;5425.5;1
LKOH;0;20260414;172340;5426.5;6
LKOH;0;20260414;172343;5426.5;8
LKOH;0;20260414;172343;5426.5;1
LKOH;0;20260414;172343;5427.0;50
LKOH;0;20260414;172343;5427.0;1
LKOH;0;20260414;172343;5427.0;40
LKOH;0;20260414;172411;5427.0;7
LKOH;0;20260414;172411;5427.0;6
LKOH;0;20260414;172424;5427.5;1
LKOH;0;20260414;172425;5427.5;1
LKOH;0;20260414;172426;5427.5;1
LKOH;0;20260414;172426;5427.5;1
LKOH;0;20260414;172427;5427.5;1
LKOH;0;20260414;172429;5427.5;1
LKOH;0;20260414;172434;5427.0;6
LKOH;0;20260414;172434;5427.0;8
LKOH;0;20260414;172434;5427.0;2
LKOH;0;20260414;172434;5427.0;2
LKOH;0;20260414;172434;5427.0;1
LKOH;0;20260414;172434;5426.5;1
LKOH;0;20260414;172434;5426.5;3
LKOH;0;20260414;172434;5426.5;3
LKOH;0;20260414;172434;5426.5;1
LKOH;0;20260414;172434;5426.5;6
LKOH;0;20260414;172434;5426.5;1
LKOH;0;20260414;172434;5426.0;1
LKOH;0;20260414;172434;5426.0;30
LKOH;0;20260414;172434;5426.0;1
LKOH;0;20260414;172434;5425.5;2
LKOH;0;20260414;172434;5425.5;10
LKOH;0;20260414;172434;5425.5;1
LKOH;0;20260414;172434;5425.5;6
LKOH;0;20260414;172434;5425.5;60
LKOH;0;20260414;172434;5425.5;30
LKOH;0;20260414;172434;5425.5;12
LKOH;0;20260414;172434;5425.0;50
LKOH;0;20260414;172434;5425.0;1
LKOH;0;20260414;172434;5425.0;50
LKOH;0;20260414;172434;5425.0;42
LKOH;0;20260414;172441;5427.0;1
LKOH;0;20260414;172441;5427.0;1
LKOH;0;20260414;172444;5427.0;2
LKOH;0;20260414;172448;5427.0;1
LKOH;0;20260414;172449;5426.5;1
LKOH;0;20260414;172449;5426.5;149
LKOH;0;20260414;172503;5426.5;5
LKOH;0;20260414;172504;5426.5;2
LKOH;0;20260414;172505;5427.0;16
LKOH;0;20260414;172505;5427.0;16
LKOH;0;20260414;172505;5427.0;7
LKOH;0;20260414;172509;5427.0;3
LKOH;0;20260414;172516;5427.0;300
LKOH;0;20260414;172516;5427.0;8
LKOH;0;20260414;172516;5427.0;1
LKOH;0;20260414;172516;5427.0;23
LKOH;0;20260414;172516;5426.5;243
LKOH;0;20260414;172516;5426.5;1
LKOH;0;20260414;172516;5426.5;30
LKOH;0;20260414;172516;5426.5;12
LKOH;0;20260414;172516;5426.0;1
LKOH;0;20260414;172520;5426.0;1
LKOH;0;20260414;172523;5426.0;1
LKOH;0;20260414;172526;5426.0;1
LKOH;0;20260414;172527;5426.0;26
LKOH;0;20260414;172527;5426.0;1
LKOH;0;20260414;172527;5426.0;18
LKOH;0;20260414;172530;5425.5;10
LKOH;0;20260414;172532;5425.5;4
LKOH;0;20260414;172542;5425.5;1
LKOH;0;20260414;172542;5425.0;1
LKOH;0;20260414;172553;5425.0;15
LKOH;0;20260414;172553;5425.0;8
LKOH;0;20260414;172553;5425.0;1
LKOH;0;20260414;172553;5425.0;28
LKOH;0;20260414;172553;5425.0;48
LKOH;0;20260414;172556;5425.5;1
LKOH;0;20260414;172557;5425.0;2
LKOH;0;20260414;172557;5425.0;2
LKOH;0;20260414;172557;5425.0;8
LKOH;0;20260414;172557;5425.0;8
LKOH;0;20260414;172558;5425.0;8
LKOH;0;20260414;172558;5425.0;8
LKOH;0;20260414;172558;5425.0;8
LKOH;0;20260414;172558;5425.0;8
LKOH;0;20260414;172559;5425.0;8
LKOH;0;20260414;172559;5425.0;8
LKOH;0;20260414;172559;5425.0;8
LKOH;0;20260414;172559;5425.0;8
LKOH;0;20260414;172600;5425.0;8
LKOH;0;20260414;172600;5425.0;8
LKOH;0;20260414;172600;5425.0;8
LKOH;0;20260414;172600;5425.0;2
LKOH;0;20260414;172600;5425.0;8
LKOH;0;20260414;172601;5425.0;8
LKOH;0;20260414;172601;5425.0;8
LKOH;0;20260414;172601;5425.0;8
LKOH;0;20260414;172601;5425.0;8
LKOH;0;20260414;172601;5425.0;5
LKOH;0;20260414;172602;5425.0;8
LKOH;0;20260414;172602;5425.0;8
LKOH;0;20260414;172602;5425.0;8
LKOH;0;20260414;172602;5425.0;8
LKOH;0;20260414;172603;5425.0;8
LKOH;0;20260414;172603;5425.0;1
LKOH;0;20260414;172603;5425.0;4
LKOH;0;20260414;172603;5425.0;4
LKOH;0;20260414;172603;5425.0;6
LKOH;0;20260414;172603;5425.0;2
LKOH;0;20260414;172607;5425.5;33
LKOH;0;20260414;172607;5425.5;17
LKOH;0;20260414;172610;5425.0;1
LKOH;0;20260414;172611;5425.0;8
LKOH;0;20260414;172611;5425.0;1
LKOH;0;20260414;172611;5425.0;8
LKOH;0;20260414;172612;5425.0;8
LKOH;0;20260414;172612;5425.0;8
LKOH;0;20260414;172612;5425.0;8
LKOH;0;20260414;172612;5425.0;8
LKOH;0;20260414;172613;5425.0;8
LKOH;0;20260414;172613;5425.0;8
LKOH;0;20260414;172613;5425.0;8
LKOH;0;20260414;172613;5425.0;8
LKOH;0;20260414;172614;5425.0;8
LKOH;0;20260414;172614;5425.0;8
LKOH;0;20260414;172614;5425.0;1
LKOH;0;20260414;172614;5425.0;2
LKOH;0;20260414;172614;5425.0;6
LKOH;0;20260414;172614;5425.0;8
LKOH;0;20260414;172615;5425.0;8
LKOH;0;20260414;172616;5425.5;1
LKOH;0;20260414;172616;5425.0;9
LKOH;0;20260414;172617;5425.0;2
LKOH;0;20260414;172624;5425.0;7
LKOH;0;20260414;172624;5425.0;1
LKOH;0;20260414;172624;5425.0;3
LKOH;0;20260414;172624;5425.0;1
LKOH;0;20260414;172624;5425.0;8
LKOH;0;20260414;172625;5425.0;8
LKOH;0;20260414;172625;5424.5;1
LKOH;0;20260414;172625;5424.5;4
LKOH;0;20260414;172625;5424.5;5
LKOH;0;20260414;172629;5426.0;30
LKOH;0;20260414;172629;5426.0;1
LKOH;0;20260414;172629;5426.0;179
LKOH;0;20260414;172630;5426.0;1
LKOH;0;20260414;172635;5425.5;1
LKOH;0;20260414;172642;5426.0;1
LKOH;0;20260414;172646;5425.0;1
LKOH;0;20260414;172723;5426.0;1
LKOH;0;20260414;172726;5426.0;1
LKOH;0;20260414;172731;5426.0;1
LKOH;0;20260414;172736;5426.0;1
LKOH;0;20260414;172742;5425.5;2
LKOH;0;20260414;172742;5425.5;1
LKOH;0;20260414;172742;5425.0;8
LKOH;0;20260414;172742;5425.0;1
LKOH;0;20260414;172742;5425.0;1
LKOH;0;20260414;172742;5425.0;2
LKOH;0;20260414;172742;5425.0;1
LKOH;0;20260414;172742;5425.0;1
LKOH;0;20260414;172742;5424.5;1
LKOH;0;20260414;172742;5424.5;9
LKOH;0;20260414;172746;5426.0;1
LKOH;0;20260414;172750;5425.5;1
LKOH;0;20260414;172750;5425.5;4
LKOH;0;20260414;172750;5425.5;1
LKOH;0;20260414;172750;5425.5;5
LKOH;0;20260414;172752;5426.0;1
LKOH;0;20260414;172755;5425.5;10
LKOH;0;20260414;172758;5426.0;10
LKOH;0;20260414;172759;5426.0;1
LKOH;0;20260414;172807;5425.5;1
LKOH;0;20260414;172812;5425.5;5
LKOH;0;20260414;172812;5425.5;245
LKOH;0;20260414;172813;5426.0;20
LKOH;0;20260414;172813;5426.0;12
LKOH;0;20260414;172813;5426.5;33
LKOH;0;20260414;172814;5426.5;17
LKOH;0;20260414;172814;5426.5;30
LKOH;0;20260414;172814;5426.5;2
LKOH;0;20260414;172814;5426.5;50
LKOH;0;20260414;172814;5426.0;1
LKOH;0;20260414;172817;5426.0;1
LKOH;0;20260414;172817;5425.5;1
LKOH;0;20260414;172817;5425.5;13
LKOH;0;20260414;172817;5425.5;6
LKOH;0;20260414;172817;5425.5;6
LKOH;0;20260414;172817;5425.0;1
LKOH;0;20260414;172817;5425.0;1
LKOH;0;20260414;172817;5425.0;1
LKOH;0;20260414;172818;5425.0;20
LKOH;0;20260414;172827;5427.0;1
LKOH;0;20260414;172827;5427.0;1
LKOH;0;20260414;172832;5427.0;4
LKOH;0;20260414;172835;5427.5;1
LKOH;0;20260414;172835;5427.5;24
LKOH;0;20260414;172843;5427.0;1
LKOH;0;20260414;172843;5426.5;1
LKOH;0;20260414;172845;5427.5;1
LKOH;0;20260414;172848;5427.5;1
LKOH;0;20260414;172848;5427.5;7
LKOH;0;20260414;172848;5427.5;1
LKOH;0;20260414;172848;5427.5;2
LKOH;0;20260414;172910;5427.0;1
LKOH;0;20260414;172914;5427.0;1
LKOH;0;20260414;172916;5427.0;1
LKOH;0;20260414;172916;5427.0;5
LKOH;0;20260414;172916;5427.0;3
LKOH;0;20260414;172916;5427.0;1
LKOH;0;20260414;172916;5427.0;1
LKOH;0;20260414;172916;5426.5;299
LKOH;0;20260414;172916;5426.5;1
LKOH;0;20260414;172919;5426.5;1
LKOH;0;20260414;172933;5426.5;1
LKOH;0;20260414;172937;5426.5;138
LKOH;0;20260414;172941;5426.5;1
LKOH;0;20260414;172941;5426.5;1
LKOH;0;20260414;172942;5426.0;1
LKOH;0;20260414;172952;5425.5;10
LKOH;0;20260414;173002;5425.0;40
LKOH;0;20260414;173002;5425.0;10
LKOH;0;20260414;173005;5425.0;21
LKOH;0;20260414;173008;5425.0;1
LKOH;0;20260414;173009;5424.5;2
LKOH;0;20260414;173009;5424.5;10
LKOH;0;20260414;173009;5424.5;30
LKOH;0;20260414;173016;5424.0;1
LKOH;0;20260414;173022;5424.5;1
LKOH;0;20260414;173026;5424.0;19
LKOH;0;20260414;173026;5424.0;1
LKOH;0;20260414;173026;5424.0;9
LKOH;0;20260414;173026;5424.0;9
LKOH;0;20260414;173036;5424.0;1
LKOH;0;20260414;173036;5424.0;6
LKOH;0;20260414;173038;5423.5;2
LKOH;0;20260414;173038;5423.5;12
LKOH;0;20260414;173038;5423.5;12
LKOH;0;20260414;173038;5423.5;18
LKOH;0;20260414;173038;5423.5;28
LKOH;0;20260414;173038;5423.5;12
LKOH;0;20260414;173038;5423.5;16
LKOH;0;20260414;173039;5423.5;26
LKOH;0;20260414;173039;5423.5;4
LKOH;0;20260414;173039;5423.0;8
LKOH;0;20260414;173039;5423.0;2
LKOH;0;20260414;173039;5423.0;3
LKOH;0;20260414;173039;5423.0;2
LKOH;0;20260414;173039;5423.0;14
LKOH;0;20260414;173039;5423.0;5
LKOH;0;20260414;173039;5423.5;1
LKOH;0;20260414;173040;5423.5;6
LKOH;0;20260414;173040;5423.5;5
LKOH;0;20260414;173046;5423.5;1
LKOH;0;20260414;173047;5423.0;1
LKOH;0;20260414;173048;5423.5;3
LKOH;0;20260414;173049;5423.0;75
LKOH;0;20260414;173049;5423.0;1
LKOH;0;20260414;173049;5423.0;24
LKOH;0;20260414;173055;5423.0;10
LKOH;0;20260414;173055;5423.0;5
LKOH;0;20260414;173056;5422.5;10
LKOH;0;20260414;173100;5423.0;1
LKOH;0;20260414;173102;5423.0;35
LKOH;0;20260414;173103;5423.0;6
LKOH;0;20260414;173104;5423.0;1
LKOH;0;20260414;173108;5423.0;6
LKOH;0;20260414;173108;5423.0;280
LKOH;0;20260414;173109;5423.5;13
LKOH;0;20260414;173111;5424.5;145
LKOH;0;20260414;173111;5424.5;33
LKOH;0;20260414;173111;5425.0;30
LKOH;0;20260414;173111;5425.0;3
LKOH;0;20260414;173117;5425.5;1
LKOH;0;20260414;173119;5427.0;31
LKOH;0;20260414;173119;5427.0;28
LKOH;0;20260414;173119;5427.5;60
LKOH;0;20260414;173119;5427.5;3
LKOH;0;20260414;173119;5427.5;2
LKOH;0;20260414;173119;5428.0;1
LKOH;0;20260414;173119;5428.0;1
LKOH;0;20260414;173119;5428.0;2
LKOH;0;20260414;173119;5428.0;30
LKOH;0;20260414;173119;5428.5;1
LKOH;0;20260414;173119;5428.0;33
LKOH;0;20260414;173119;5428.0;33
LKOH;0;20260414;173119;5428.0;31
LKOH;0;20260414;173133;5428.0;18
LKOH;0;20260414;173139;5427.5;1
LKOH;0;20260414;173141;5427.0;1
LKOH;0;20260414;173146;5425.5;1
LKOH;0;20260414;173149;5426.5;1
LKOH;0;20260414;173150;5426.5;2
LKOH;0;20260414;173158;5426.5;1
LKOH;0;20260414;173159;5426.5;1
LKOH;0;20260414;173210;5426.0;1
LKOH;0;20260414;173220;5426.0;2
LKOH;0;20260414;173224;5426.0;1
LKOH;0;20260414;173226;5426.5;33
LKOH;0;20260414;173226;5426.5;2
LKOH;0;20260414;173226;5426.5;1
LKOH;0;20260414;173226;5426.5;12
LKOH;0;20260414;173226;5427.0;1
LKOH;0;20260414;173226;5427.0;1
LKOH;0;20260414;173229;5426.5;11
LKOH;0;20260414;173231;5427.0;1
LKOH;0;20260414;173258;5426.0;1
LKOH;0;20260414;173301;5426.5;1
LKOH;0;20260414;173308;5426.0;1
LKOH;0;20260414;173313;5426.5;1
LKOH;0;20260414;173316;5426.5;1
LKOH;0;20260414;173320;5426.5;1
LKOH;0;20260414;173324;5426.0;1
LKOH;0;20260414;173326;5426.0;3
LKOH;0;20260414;173326;5426.0;1
LKOH;0;20260414;173326;5425.5;1
LKOH;0;20260414;173330;5426.0;1
LKOH;0;20260414;173332;5425.5;1
LKOH;0;20260414;173334;5425.5;7
LKOH;0;20260414;173334;5425.0;1
LKOH;0;20260414;173334;5425.0;9
LKOH;0;20260414;173334;5425.0;1
LKOH;0;20260414;173334;5424.5;1
LKOH;0;20260414;173334;5424.5;300
LKOH;0;20260414;173335;5424.5;181
LKOH;0;20260414;173335;5424.5;30
LKOH;0;20260414;173335;5424.5;12
LKOH;0;20260414;173335;5424.5;31
LKOH;0;20260414;173335;5425.0;1
LKOH;0;20260414;173335;5425.0;30
LKOH;0;20260414;173335;5425.0;65
LKOH;0;20260414;173346;5424.5;1
LKOH;0;20260414;173351;5424.5;10
LKOH;0;20260414;173358;5424.5;28
LKOH;0;20260414;173401;5424.5;2
LKOH;0;20260414;173408;5424.0;15
LKOH;0;20260414;173421;5424.5;2
LKOH;0;20260414;173427;5424.5;2
LKOH;0;20260414;173432;5424.0;25
LKOH;0;20260414;173432;5424.0;50
LKOH;0;20260414;173432;5424.0;49
LKOH;0;20260414;173432;5424.0;30
LKOH;0;20260414;173432;5424.0;1
LKOH;0;20260414;173432;5423.5;1
LKOH;0;20260414;173432;5423.0;1
LKOH;0;20260414;173432;5423.0;50
LKOH;0;20260414;173433;5424.0;1
LKOH;0;20260414;173435;5423.5;2
LKOH;0;20260414;173438;5423.5;1
LKOH;0;20260414;173442;5423.5;1
LKOH;0;20260414;173446;5423.0;1
LKOH;0;20260414;173451;5423.5;1
LKOH;0;20260414;173451;5423.0;50
LKOH;0;20260414;173459;5423.0;10
LKOH;0;20260414;173503;5422.5;250
LKOH;0;20260414;173504;5422.5;11
LKOH;0;20260414;173504;5422.5;1
LKOH;0;20260414;173505;5422.0;30
LKOH;0;20260414;173505;5422.0;1
LKOH;0;20260414;173507;5421.5;3
LKOH;0;20260414;173507;5421.5;18
LKOH;0;20260414;173507;5421.5;12
LKOH;0;20260414;173507;5421.0;12
LKOH;0;20260414;173507;5421.0;5
LKOH;0;20260414;173507;5421.0;11
LKOH;0;20260414;173507;5421.0;6
LKOH;0;20260414;173507;5421.0;2
LKOH;0;20260414;173507;5421.0;2
LKOH;0;20260414;173507;5421.0;1
LKOH;0;20260414;173507;5421.0;2
LKOH;0;20260414;173507;5421.0;1
LKOH;0;20260414;173507;5421.0;18
LKOH;0;20260414;173507;5421.0;8
LKOH;0;20260414;173507;5421.0;8
LKOH;0;20260414;173507;5420.5;3
LKOH;0;20260414;173507;5420.5;1
LKOH;0;20260414;173507;5420.5;10
LKOH;0;20260414;173507;5420.5;20
LKOH;0;20260414;173507;5420.5;150
LKOH;0;20260414;173507;5420.5;500
LKOH;0;20260414;173507;5420.5;1
LKOH;0;20260414;173507;5420.5;11
LKOH;0;20260414;173507;5420.5;267
LKOH;0;20260414;173507;5420.5;10
LKOH;0;20260414;173507;5420.5;30
LKOH;0;20260414;173507;5420.5;1
LKOH;0;20260414;173507;5420.0;4
LKOH;0;20260414;173508;5420.0;140
LKOH;0;20260414;173508;5420.0;150
LKOH;0;20260414;173508;5420.0;75
LKOH;0;20260414;173508;5420.0;25
LKOH;0;20260414;173508;5420.0;15
LKOH;0;20260414;173508;5420.0;171
LKOH;0;20260414;173508;5420.0;85
LKOH;0;20260414;173508;5420.0;28
LKOH;0;20260414;173509;5420.0;1046
LKOH;0;20260414;173509;5420.0;10
LKOH;0;20260414;173509;5420.0;200
LKOH;0;20260414;173511;5420.0;500
LKOH;0;20260414;173513;5420.5;1
LKOH;0;20260414;173514;5420.0;2500
LKOH;0;20260414;173514;5420.0;56
LKOH;0;20260414;173514;5420.0;36
LKOH;0;20260414;173514;5420.0;133
LKOH;0;20260414;173514;5420.0;1
LKOH;0;20260414;173514;5420.0;1
LKOH;0;20260414;173514;5420.0;9
LKOH;0;20260414;173514;5420.0;1
LKOH;0;20260414;173514;5420.0;30
LKOH;0;20260414;173514;5420.0;3
LKOH;0;20260414;173514;5420.0;2
LKOH;0;20260414;173514;5420.0;1
LKOH;0;20260414;173514;5420.0;1
LKOH;0;20260414;173514;5420.0;2
LKOH;0;20260414;173514;5420.0;2
LKOH;0;20260414;173514;5420.0;1
LKOH;0;20260414;173514;5420.0;7
LKOH;0;20260414;173514;5420.0;10
LKOH;0;20260414;173514;5420.0;10
LKOH;0;20260414;173514;5420.0;1
LKOH;0;20260414;173514;5420.0;15
LKOH;0;20260414;173514;5420.0;7
LKOH;0;20260414;173514;5420.0;1
LKOH;0;20260414;173514;5420.0;10
LKOH;0;20260414;173514;5420.0;1
LKOH;0;20260414;173514;5420.0;5
LKOH;0;20260414;173514;5420.0;3
LKOH;0;20260414;173514;5420.0;1
LKOH;0;20260414;173514;5420.0;17
LKOH;0;20260414;173514;5420.0;1
LKOH;0;20260414;173514;5420.0;1
LKOH;0;20260414;173514;5420.0;4
LKOH;0;20260414;173514;5420.0;1
LKOH;0;20260414;173514;5420.0;1
LKOH;0;20260414;173514;5420.0;1
LKOH;0;20260414;173514;5420.0;1
LKOH;0;20260414;173514;5420.0;1
LKOH;0;20260414;173514;5419.0;1
LKOH;0;20260414;173514;5419.0;25
LKOH;0;20260414;173514;5419.0;8
LKOH;0;20260414;173514;5419.0;1
LKOH;0;20260414;173514;5419.0;1
LKOH;0;20260414;173514;5418.5;2
LKOH;0;20260414;173514;5418.5;19
LKOH;0;20260414;173514;5418.5;1
LKOH;0;20260414;173514;5418.0;20
LKOH;0;20260414;173514;5418.0;1
LKOH;0;20260414;173514;5418.0;1
LKOH;0;20260414;173514;5418.0;6
LKOH;0;20260414;173514;5418.0;100
LKOH;0;20260414;173514;5417.5;2
LKOH;0;20260414;173514;5417.5;1
LKOH;0;20260414;173514;5417.5;1
LKOH;0;20260414;173514;5417.0;30
LKOH;0;20260414;173514;5417.0;2
LKOH;0;20260414;173514;5417.0;89
LKOH;0;20260414;173514;5417.0;1
LKOH;0;20260414;173514;5418.0;1
LKOH;0;20260414;173515;5417.5;8
LKOH;0;20260414;173515;5417.5;1
LKOH;0;20260414;173517;5417.5;7
LKOH;0;20260414;173517;5417.0;10
LKOH;0;20260414;173517;5417.0;33
LKOH;0;20260414;173518;5417.0;73
LKOH;0;20260414;173518;5417.0;5
LKOH;0;20260414;173518;5417.0;1
LKOH;0;20260414;173518;5417.0;5
LKOH;0;20260414;173518;5417.0;5
LKOH;0;20260414;173518;5417.0;5
LKOH;0;20260414;173518;5417.0;6
LKOH;0;20260414;173519;5417.5;1
LKOH;0;20260414;173520;5417.5;1
LKOH;0;20260414;173524;5417.0;10
LKOH;0;20260414;173525;5417.0;50
LKOH;0;20260414;173536;5417.5;2
LKOH;0;20260414;173537;5417.0;34
LKOH;0;20260414;173537;5417.0;21
LKOH;0;20260414;173539;5417.5;1
LKOH;0;20260414;173540;5417.0;50
LKOH;0;20260414;173541;5417.0;395
LKOH;0;20260414;173541;5417.0;800
LKOH;0;20260414;173541;5416.5;23
LKOH;0;20260414;173541;5416.5;3
LKOH;0;20260414;173541;5416.5;1
LKOH;0;20260414;173541;5416.0;3
LKOH;0;20260414;173541;5416.0;2
LKOH;0;20260414;173541;5416.0;10
LKOH;0;20260414;173541;5416.0;2
LKOH;0;20260414;173541;5416.0;1
LKOH;0;20260414;173541;5415.5;2
LKOH;0;20260414;173541;5415.5;1
LKOH;0;20260414;173541;5415.5;1
LKOH;0;20260414;173541;5415.5;1
LKOH;0;20260414;173541;5415.5;5
LKOH;0;20260414;173541;5415.5;5
LKOH;0;20260414;173541;5415.5;8
LKOH;0;20260414;173541;5415.5;8
LKOH;0;20260414;173541;5415.5;8
LKOH;0;20260414;173541;5415.5;8
LKOH;0;20260414;173541;5415.5;26
LKOH;0;20260414;173541;5415.5;60
LKOH;0;20260414;173541;5415.0;1
LKOH;0;20260414;173541;5415.0;1
LKOH;0;20260414;173541;5415.0;6
LKOH;0;20260414;173541;5415.0;1
LKOH;0;20260414;173541;5415.0;1
LKOH;0;20260414;173541;5415.0;10
LKOH;0;20260414;173541;5415.0;1
LKOH;0;20260414;173541;5415.0;10
LKOH;0;20260414;173541;5415.0;2
LKOH;0;20260414;173541;5415.0;1
LKOH;0;20260414;173541;5415.0;1
LKOH;0;20260414;173541;5415.0;55
LKOH;0;20260414;173541;5415.0;1
LKOH;0;20260414;173541;5415.0;9
LKOH;0;20260414;173541;5415.0;11
LKOH;0;20260414;173541;5415.0;1
LKOH;0;20260414;173541;5415.0;24
LKOH;0;20260414;173541;5415.0;1
LKOH;0;20260414;173541;5415.0;2
LKOH;0;20260414;173541;5415.0;3
LKOH;0;20260414;173541;5415.0;5
LKOH;0;20260414;173541;5415.0;1
LKOH;0;20260414;173541;5415.0;1
LKOH;0;20260414;173541;5415.0;4
LKOH;0;20260414;173541;5415.0;100
LKOH;0;20260414;173541;5415.0;100
LKOH;0;20260414;173541;5415.0;3
LKOH;0;20260414;173541;5415.0;10
LKOH;0;20260414;173541;5415.0;1
LKOH;0;20260414;173541;5415.0;11
LKOH;0;20260414;173541;5415.0;8
LKOH;0;20260414;173541;5415.0;8
LKOH;0;20260414;173541;5415.0;8
LKOH;0;20260414;173541;5415.0;8
LKOH;0;20260414;173541;5415.0;8
LKOH;0;20260414;173541;5415.0;60
LKOH;0;20260414;173541;5415.0;1
LKOH;0;20260414;173541;5415.0;14
LKOH;0;20260414;173541;5415.0;30
LKOH;0;20260414;173541;5414.5;1
LKOH;0;20260414;173541;5414.5;1
LKOH;0;20260414;173541;5414.5;50
LKOH;0;20260414;173541;5414.5;100
LKOH;0;20260414;173541;5414.5;5
LKOH;0;20260414;173541;5414.5;5
LKOH;0;20260414;173541;5414.5;5
LKOH;0;20260414;173541;5414.5;5
LKOH;0;20260414;173541;5414.5;300
LKOH;0;20260414;173541;5414.5;60
LKOH;0;20260414;173541;5414.5;30
LKOH;0;20260414;173541;5414.5;20
LKOH;0;20260414;173541;5414.5;25
LKOH;0;20260414;173541;5414.0;5
LKOH;0;20260414;173541;5414.0;1
LKOH;0;20260414;173541;5414.0;2
LKOH;0;20260414;173541;5414.0;5
LKOH;0;20260414;173541;5414.0;1
LKOH;0;20260414;173541;5414.0;1
LKOH;0;20260414;173541;5414.0;11
LKOH;0;20260414;173541;5414.0;1
LKOH;0;20260414;173541;5414.0;6
LKOH;0;20260414;173541;5414.0;1
LKOH;0;20260414;173541;5414.0;100
LKOH;0;20260414;173541;5414.0;2700
LKOH;0;20260414;173541;5414.0;120
LKOH;0;20260414;173541;5414.0;2
LKOH;0;20260414;173541;5414.0;30
LKOH;0;20260414;173541;5414.0;20
LKOH;0;20260414;173541;5413.5;5
LKOH;0;20260414;173541;5413.5;3
LKOH;0;20260414;173541;5413.5;1
LKOH;0;20260414;173541;5413.5;1
LKOH;0;20260414;173541;5413.5;1
LKOH;0;20260414;173541;5413.5;100
LKOH;0;20260414;173541;5413.5;200
LKOH;0;20260414;173541;5413.5;20
LKOH;0;20260414;173541;5413.5;10
LKOH;0;20260414;173541;5413.5;5
LKOH;0;20260414;173541;5413.5;5
LKOH;0;20260414;173541;5413.5;1
LKOH;0;20260414;173541;5413.5;26
LKOH;0;20260414;173541;5413.5;26
LKOH;0;20260414;173541;5413.5;20
LKOH;0;20260414;173541;5413.5;30
LKOH;0;20260414;173541;5413.5;18
LKOH;0;20260414;173541;5413.5;118
LKOH;0;20260414;173541;5413.0;901
LKOH;0;20260414;173541;5413.5;38
LKOH;0;20260414;173541;5413.0;149
LKOH;0;20260414;173541;5415.0;1
LKOH;0;20260414;173541;5415.0;9
LKOH;0;20260414;173541;5415.0;10
LKOH;0;20260414;173542;5414.0;1
LKOH;0;20260414;173542;5415.0;2
LKOH;0;20260414;173544;5415.0;5
LKOH;0;20260414;173545;5415.0;1
LKOH;0;20260414;173547;5414.5;8
LKOH;0;20260414;173547;5414.5;8
LKOH;0;20260414;173547;5414.5;1
LKOH;0;20260414;173547;5414.5;1
LKOH;0;20260414;173547;5414.5;10
LKOH;0;20260414;173547;5414.0;44
LKOH;0;20260414;173547;5414.0;42
LKOH;0;20260414;173547;5414.0;14
LKOH;0;20260414;173547;5414.0;8
LKOH;0;20260414;173547;5414.0;1
LKOH;0;20260414;173547;5413.5;66
LKOH;0;20260414;173547;5413.5;7
LKOH;0;20260414;173553;5414.5;1
LKOH;0;20260414;173553;5414.5;1
LKOH;0;20260414;173553;5414.5;1
LKOH;0;20260414;173559;5414.5;1
LKOH;0;20260414;173559;5414.5;4
LKOH;0;20260414;173601;5414.5;38
LKOH;0;20260414;173606;5414.5;30
LKOH;0;20260414;173608;5414.5;5
LKOH;0;20260414;173611;5414.5;1
LKOH;0;20260414;173612;5414.5;1
LKOH;0;20260414;173613;5414.5;8
LKOH;0;20260414;173616;5414.5;5
LKOH;0;20260414;173617;5414.5;1
LKOH;0;20260414;173619;5414.5;1
LKOH;0;20260414;173620;5414.5;15
LKOH;0;20260414;173622;5414.5;1
LKOH;0;20260414;173623;5414.5;2
LKOH;0;20260414;173624;5414.0;10
LKOH;0;20260414;173624;5414.0;8
LKOH;0;20260414;173624;5414.0;1
LKOH;0;20260414;173624;5414.0;1
LKOH;0;20260414;173624;5414.0;10
LKOH;0;20260414;173624;5414.0;1
LKOH;0;20260414;173625;5414.0;100
LKOH;0;20260414;173625;5413.5;5
LKOH;0;20260414;173625;5413.5;5
LKOH;0;20260414;173626;5413.5;5
LKOH;0;20260414;173626;5413.5;2
LKOH;0;20260414;173626;5413.5;5
LKOH;0;20260414;173626;5413.5;28
LKOH;0;20260414;173629;5413.5;22
LKOH;0;20260414;173631;5413.5;30
LKOH;0;20260414;173632;5413.5;1
LKOH;0;20260414;173632;5413.5;2
LKOH;0;20260414;173633;5413.5;1
LKOH;0;20260414;173635;5413.0;1
LKOH;0;20260414;173636;5413.0;148
LKOH;0;20260414;173636;5413.0;74
LKOH;0;20260414;173636;5413.0;25
LKOH;0;20260414;173636;5413.0;17
LKOH;0;20260414;173636;5413.0;198
LKOH;0;20260414;173636;5413.0;99
LKOH;0;20260414;173636;5413.0;33
LKOH;0;20260414;173636;5413.5;25
LKOH;0;20260414;173638;5413.5;1
LKOH;0;20260414;173641;5413.5;15
LKOH;0;20260414;173641;5413.5;2
LKOH;0;20260414;173646;5413.0;18
LKOH;0;20260414;173647;5413.0;1
LKOH;0;20260414;173649;5413.5;1
LKOH;0;20260414;173650;5413.5;194
LKOH;0;20260414;173651;5413.5;1
LKOH;0;20260414;173708;5413.5;6
LKOH;0;20260414;173709;5413.5;3
LKOH;0;20260414;173710;5413.5;43
LKOH;0;20260414;173717;5413.0;3
LKOH;0;20260414;173717;5413.5;44
LKOH;0;20260414;173718;5413.5;74
LKOH;0;20260414;173718;5413.5;1
LKOH;0;20260414;173718;5413.5;25
LKOH;0;20260414;173720;5413.5;100
LKOH;0;20260414;173721;5413.5;20
LKOH;0;20260414;173725;5413.5;10
LKOH;0;20260414;173727;5413.5;50
LKOH;0;20260414;173730;5413.5;2
LKOH;0;20260414;173737;5413.5;10
LKOH;0;20260414;173738;5413.5;3
LKOH;0;20260414;173747;5413.5;1
LKOH;0;20260414;173749;5413.5;1
LKOH;0;20260414;173750;5413.0;10
LKOH;0;20260414;173750;5413.5;2
LKOH;0;20260414;173751;5413.0;50
LKOH;0;20260414;173752;5413.5;1
LKOH;0;20260414;173801;5413.5;1
LKOH;0;20260414;173803;5413.5;1
LKOH;0;20260414;173805;5413.0;2
LKOH;0;20260414;173810;5413.5;1
LKOH;0;20260414;173815;5413.0;2
LKOH;0;20260414;173817;5413.5;1
LKOH;0;20260414;173823;5413.5;1
LKOH;0;20260414;173828;5413.5;1
LKOH;0;20260414;173831;5413.5;2
LKOH;0;20260414;173831;5413.5;3
LKOH;0;20260414;173832;5413.5;3
LKOH;0;20260414;173835;5413.0;162
LKOH;0;20260414;173835;5413.5;99
LKOH;0;20260414;173836;5413.5;2
LKOH;0;20260414;173837;5413.0;9388
LKOH;0;20260414;173837;5413.0;9
LKOH;0;20260414;173837;5413.0;9
LKOH;0;20260414;173837;5413.0;9
LKOH;0;20260414;173837;5413.0;9
LKOH;0;20260414;173837;5413.0;9
LKOH;0;20260414;173837;5413.0;9
LKOH;0;20260414;173838;5413.0;1807
LKOH;0;20260414;173840;5413.0;500
LKOH;0;20260414;173842;5413.5;5
LKOH;0;20260414;173842;5413.5;1
LKOH;0;20260414;173842;5413.5;4
LKOH;0;20260414;173842;5413.5;1
LKOH;0;20260414;173844;5413.0;93
LKOH;0;20260414;173846;5413.0;50
LKOH;0;20260414;173848;5413.0;4
LKOH;0;20260414;173849;5413.0;26
LKOH;0;20260414;173853;5413.5;1
LKOH;0;20260414;173854;5413.0;25
LKOH;0;20260414;173908;5413.5;10
LKOH;0;20260414;173908;5413.5;53
LKOH;0;20260414;173908;5413.5;17
LKOH;0;20260414;173908;5413.5;220
LKOH;0;20260414;173917;5413.5;1
LKOH;0;20260414;173920;5413.5;4
LKOH;0;20260414;173927;5413.0;21
LKOH;0;20260414;173928;5413.5;200
LKOH;0;20260414;173932;5413.5;50
LKOH;0;20260414;173933;5413.5;100
LKOH;0;20260414;173934;5413.5;16
LKOH;0;20260414;173936;5413.0;1
LKOH;0;20260414;173937;5413.5;1
LKOH;0;20260414;173948;5413.5;1
LKOH;0;20260414;173949;5413.0;1
LKOH;0;20260414;174001;5413.5;2
LKOH;0;20260414;174003;5413.5;1
LKOH;0;20260414;174004;5413.5;9
LKOH;0;20260414;174011;5413.5;328
LKOH;0;20260414;174012;5413.5;3
LKOH;0;20260414;174017;5413.5;147
LKOH;0;20260414;174021;5413.5;41
LKOH;0;20260414;174021;5413.5;82
LKOH;0;20260414;174021;5413.5;73
LKOH;0;20260414;174021;5413.5;32
LKOH;0;20260414;174024;5413.5;1
LKOH;0;20260414;174024;5413.5;300
LKOH;0;20260414;174025;5413.5;6
LKOH;0;20260414;174029;5413.5;300
LKOH;0;20260414;174031;5413.5;100
LKOH;0;20260414;174035;5413.5;50
LKOH;0;20260414;174046;5413.5;2
LKOH;0;20260414;174048;5413.5;1
LKOH;0;20260414;174049;5413.5;1
LKOH;0;20260414;174054;5413.5;800
LKOH;0;20260414;174054;5413.5;36
LKOH;0;20260414;174054;5413.5;144
LKOH;0;20260414;174054;5413.5;180
LKOH;0;20260414;174054;5413.5;36
LKOH;0;20260414;174054;5413.5;144
LKOH;0;20260414;174054;5413.5;180
LKOH;0;20260414;174054;5413.5;45
LKOH;0;20260414;174054;5413.5;36
LKOH;0;20260414;174054;5413.5;144
LKOH;0;20260414;174054;5413.5;180
LKOH;0;20260414;174054;5413.5;26
LKOH;0;20260414;174054;5413.5;36
LKOH;0;20260414;174054;5413.5;144
LKOH;0;20260414;174054;5413.5;180
LKOH;0;20260414;174054;5413.5;4
LKOH;0;20260414;174054;5413.5;36
LKOH;0;20260414;174054;5413.5;144
LKOH;0;20260414;174054;5413.5;2
LKOH;0;20260414;174054;5413.5;8
LKOH;0;20260414;174054;5415.0;3
LKOH;0;20260414;174054;5415.0;9
LKOH;0;20260414;174054;5415.0;9
LKOH;0;20260414;174054;5415.0;7
LKOH;0;20260414;174100;5416.5;1
LKOH;0;20260414;174100;5418.5;1
LKOH;0;20260414;174100;5418.0;1
LKOH;0;20260414;174100;5416.0;10
LKOH;0;20260414;174100;5416.0;32
LKOH;0;20260414;174100;5416.0;35
LKOH;0;20260414;174100;5416.0;27
LKOH;0;20260414;174100;5416.0;48
LKOH;0;20260414;174100;5416.0;1
LKOH;0;20260414;174100;5415.5;1
LKOH;0;20260414;174100;5415.5;1
LKOH;0;20260414;174100;5415.5;1
LKOH;0;20260414;174100;5415.5;60
LKOH;0;20260414;174100;5415.0;60
LKOH;0;20260414;174100;5415.0;20
LKOH;0;20260414;174100;5415.0;1
LKOH;0;20260414;174100;5415.0;1
LKOH;0;20260414;174100;5415.0;300
LKOH;0;20260414;174100;5415.0;1
LKOH;0;20260414;174100;5414.5;20
LKOH;0;20260414;174100;5414.5;1
LKOH;0;20260414;174100;5414.5;30
LKOH;0;20260414;174100;5414.0;20
LKOH;0;20260414;174100;5414.0;506
LKOH;0;20260414;174100;5414.0;1
LKOH;0;20260414;174100;5414.0;222
LKOH;0;20260414;174100;5414.0;18
LKOH;0;20260414;174100;5414.0;25
LKOH;0;20260414;174100;5413.5;20
LKOH;0;20260414;174100;5413.5;1
LKOH;0;20260414;174100;5413.5;4
LKOH;0;20260414;174100;5413.5;2
LKOH;0;20260414;174100;5413.5;2
LKOH;0;20260414;174100;5413.5;18
LKOH;0;20260414;174100;5413.5;118
LKOH;0;20260414;174100;5413.5;100
LKOH;0;20260414;174100;5413.0;9
LKOH;0;20260414;174109;5415.0;1
LKOH;0;20260414;174111;5415.0;1
LKOH;0;20260414;174111;5416.0;5
LKOH;0;20260414;174111;5416.0;1
LKOH;0;20260414;174111;5416.0;7
LKOH;0;20260414;174111;5416.5;3
LKOH;0;20260414;174115;5416.0;1
LKOH;0;20260414;174128;5416.5;1
LKOH;0;20260414;174130;5415.5;2
LKOH;0;20260414;174130;5415.5;1
LKOH;0;20260414;174130;5415.0;10
LKOH;0;20260414;174132;5416.5;1
LKOH;0;20260414;174133;5416.5;1
LKOH;0;20260414;174134;5416.5;1
LKOH;0;20260414;174138;5416.0;2
LKOH;0;20260414;174138;5416.0;2
LKOH;0;20260414;174143;5416.0;8
LKOH;0;20260414;174145;5416.0;1
LKOH;0;20260414;174147;5416.0;2
LKOH;0;20260414;174150;5416.0;3
LKOH;0;20260414;174152;5415.5;1
LKOH;0;20260414;174152;5415.0;2
LKOH;0;20260414;174154;5416.0;2
LKOH;0;20260414;174154;5416.0;1
LKOH;0;20260414;174156;5416.0;1
LKOH;0;20260414;174158;5416.5;1
LKOH;0;20260414;174204;5416.5;1
LKOH;0;20260414;174204;5416.5;1
LKOH;0;20260414;174204;5416.0;1
LKOH;0;20260414;174208;5416.5;4
LKOH;0;20260414;174222;5416.0;1
LKOH;0;20260414;174222;5416.0;1
LKOH;0;20260414;174231;5416.0;1
LKOH;0;20260414;174232;5416.0;3
LKOH;0;20260414;174232;5416.0;2
LKOH;0;20260414;174237;5416.5;1
LKOH;0;20260414;174243;5416.5;40
LKOH;0;20260414;174248;5416.5;3
LKOH;0;20260414;174254;5416.5;1
LKOH;0;20260414;174257;5416.5;1
LKOH;0;20260414;174257;5417.0;1
LKOH;0;20260414;174257;5417.5;3
LKOH;0;20260414;174302;5417.5;1
LKOH;0;20260414;174306;5417.5;2
LKOH;0;20260414;174307;5417.5;1
LKOH;0;20260414;174310;5417.5;1
LKOH;0;20260414;174311;5417.5;15
LKOH;0;20260414;174311;5417.5;2
LKOH;0;20260414;174311;5417.5;5
LKOH;0;20260414;174311;5417.5;5
LKOH;0;20260414;174311;5417.5;1
LKOH;0;20260414;174311;5418.0;12
LKOH;0;20260414;174311;5418.0;48
LKOH;0;20260414;174311;5418.0;30
LKOH;0;20260414;174311;5418.0;1
LKOH;0;20260414;174311;5418.0;1
LKOH;0;20260414;174311;5418.0;12
LKOH;0;20260414;174311;5418.5;35
LKOH;0;20260414;174311;5418.5;18
LKOH;0;20260414;174311;5418.5;1
LKOH;0;20260414;174311;5418.5;20
LKOH;0;20260414;174311;5418.5;30
LKOH;0;20260414;174311;5418.5;5
LKOH;0;20260414;174311;5418.5;5
LKOH;0;20260414;174311;5419.0;1
LKOH;0;20260414;174311;5419.0;20
LKOH;0;20260414;174311;5419.0;30
LKOH;0;20260414;174311;5419.0;60
LKOH;0;20260414;174311;5419.0;60
LKOH;0;20260414;174311;5419.0;18
LKOH;0;20260414;174311;5419.0;25
LKOH;0;20260414;174311;5419.0;100
LKOH;0;20260414;174311;5419.5;1
LKOH;0;20260414;174311;5419.5;20
LKOH;0;20260414;174311;5419.5;30
LKOH;0;20260414;174311;5419.5;60
LKOH;0;20260414;174313;5420.0;1
LKOH;0;20260414;174314;5420.0;1
LKOH;0;20260414;174324;5420.0;1
LKOH;0;20260414;174328;5420.0;7
LKOH;0;20260414;174328;5420.0;5
LKOH;0;20260414;174328;5420.0;5
LKOH;0;20260414;174328;5420.0;18
LKOH;0;20260414;174328;5420.0;5
LKOH;0;20260414;174328;5420.0;5
LKOH;0;20260414;174328;5420.0;50
LKOH;0;20260414;174328;5420.0;5
LKOH;0;20260414;174333;5419.5;2
LKOH;0;20260414;174333;5420.0;2
LKOH;0;20260414;174333;5420.0;3
LKOH;0;20260414;174350;5420.5;1
LKOH;0;20260414;174356;5420.0;5
LKOH;0;20260414;174400;5420.0;2
LKOH;0;20260414;174407;5420.0;3
LKOH;0;20260414;174407;5420.0;12
LKOH;0;20260414;174407;5420.0;30
LKOH;0;20260414;174407;5420.0;5
LKOH;0;20260414;174416;5420.0;1
LKOH;0;20260414;174419;5419.5;2
LKOH;0;20260414;174430;5420.0;1
LKOH;0;20260414;174431;5419.5;1
LKOH;0;20260414;174435;5420.0;2
LKOH;0;20260414;174440;5420.0;1
LKOH;0;20260414;174440;5420.0;1
LKOH;0;20260414;174445;5420.0;3
LKOH;0;20260414;174447;5420.0;3
LKOH;0;20260414;174455;5420.0;10
LKOH;0;20260414;174456;5420.0;9
LKOH;0;20260414;174500;5420.0;1
LKOH;0;20260414;174504;5419.5;9
LKOH;0;20260414;174511;5420.0;3
LKOH;0;20260414;174515;5420.0;3
LKOH;0;20260414;174539;5420.0;1
LKOH;0;20260414;174545;5420.0;2
LKOH;0;20260414;174546;5419.5;2
LKOH;0;20260414;174546;5419.5;2
LKOH;0;20260414;174547;5419.5;7
LKOH;0;20260414;174547;5419.5;1
LKOH;0;20260414;174555;5419.0;5
LKOH;0;20260414;174608;5418.5;1
LKOH;0;20260414;174609;5418.5;11
LKOH;0;20260414;174610;5418.0;2
LKOH;0;20260414;174610;5418.0;3
LKOH;0;20260414;174613;5418.5;1
LKOH;0;20260414;174615;5418.0;16
LKOH;0;20260414;174615;5417.5;1
LKOH;0;20260414;174615;5417.5;50
LKOH;0;20260414;174615;5417.0;1
LKOH;0;20260414;174615;5416.5;17
LKOH;0;20260414;174615;5416.5;1
LKOH;0;20260414;174615;5416.5;4
LKOH;0;20260414;174615;5416.5;1
LKOH;0;20260414;174615;5416.5;1
LKOH;0;20260414;174615;5416.5;2
LKOH;0;20260414;174615;5416.0;1
LKOH;0;20260414;174615;5416.0;1
LKOH;0;20260414;174615;5416.0;1
LKOH;0;20260414;174615;5416.0;100
LKOH;0;20260414;174615;5416.0;3
LKOH;0;20260414;174615;5416.0;65
LKOH;0;20260414;174624;5417.0;1
LKOH;0;20260414;174624;5417.0;5
LKOH;0;20260414;174626;5417.0;2
LKOH;0;20260414;174630;5417.0;10
LKOH;0;20260414;174635;5417.0;1
LKOH;0;20260414;174641;5416.0;10
LKOH;0;20260414;174646;5418.0;1
LKOH;0;20260414;174647;5418.0;1
LKOH;0;20260414;174701;5418.0;1
LKOH;0;20260414;174713;5417.0;1
LKOH;0;20260414;174714;5418.0;1
LKOH;0;20260414;174715;5418.0;1
LKOH;0;20260414;174715;5418.0;1
LKOH;0;20260414;174715;5418.5;12
LKOH;0;20260414;174715;5418.5;40
LKOH;0;20260414;174715;5418.5;10
LKOH;0;20260414;174715;5419.0;24
LKOH;0;20260414;174715;5419.0;1
LKOH;0;20260414;174715;5419.0;1
LKOH;0;20260414;174715;5419.0;7
LKOH;0;20260414;174715;5419.5;5
LKOH;0;20260414;174735;5419.0;8
LKOH;0;20260414;174735;5419.0;8
LKOH;0;20260414;174735;5419.0;8
LKOH;0;20260414;174735;5419.0;8
LKOH;0;20260414;174735;5419.0;12
LKOH;0;20260414;174735;5419.0;8
LKOH;0;20260414;174735;5419.0;8
LKOH;0;20260414;174735;5419.5;10
LKOH;0;20260414;174735;5419.5;3
LKOH;0;20260414;174735;5419.5;2
LKOH;0;20260414;174743;5420.0;1
LKOH;0;20260414;174746;5419.5;5
LKOH;0;20260414;174746;5419.5;1
LKOH;0;20260414;174757;5419.0;1
LKOH;0;20260414;174804;5418.5;1
LKOH;0;20260414;174811;5419.5;1
LKOH;0;20260414;174827;5419.5;1
LKOH;0;20260414;174832;5419.5;1
LKOH;0;20260414;174840;5419.5;1
LKOH;0;20260414;174847;5419.5;2
LKOH;0;20260414;174855;5419.5;4
LKOH;0;20260414;174858;5419.5;140
LKOH;0;20260414;174900;5419.5;1
LKOH;0;20260414;174902;5419.5;1
LKOH;0;20260414;174905;5419.5;1
LKOH;0;20260414;174921;5419.5;1
LKOH;0;20260414;174921;5419.5;6
LKOH;0;20260414;174923;5419.5;3
LKOH;0;20260414;174923;5419.5;2
LKOH;0;20260414;174925;5420.0;7
LKOH;0;20260414;174925;5420.0;9
LKOH;0;20260414;174925;5420.0;1
LKOH;0;20260414;174931;5420.0;1
LKOH;0;20260414;174935;5420.0;3
LKOH;0;20260414;174937;5420.0;1
LKOH;0;20260414;174937;5420.0;8
LKOH;0;20260414;174937;5420.0;1
LKOH;0;20260414;174944;5420.0;1
LKOH;0;20260414;174951;5419.5;11
LKOH;0;20260414;174951;5419.5;14
LKOH;0;20260414;174951;5419.5;1
LKOH;0;20260414;174951;5419.5;42
LKOH;0;20260414;174951;5419.5;1
LKOH;0;20260414;174951;5419.5;21
LKOH;0;20260414;174951;5419.5;3
LKOH;0;20260414;174953;5420.0;3
LKOH;0;20260414;175005;5420.0;1
LKOH;0;20260414;175016;5421.0;3
LKOH;0;20260414;175023;5422.0;4
LKOH;0;20260414;175029;5422.5;1
LKOH;0;20260414;175031;5422.5;1
LKOH;0;20260414;175042;5422.5;1
LKOH;0;20260414;175042;5422.0;1
LKOH;0;20260414;175048;5422.0;2
LKOH;0;20260414;175058;5422.5;2
LKOH;0;20260414;175108;5422.5;5
LKOH;0;20260414;175123;5422.0;1
LKOH;0;20260414;175123;5422.0;62
LKOH;0;20260414;175127;5421.5;1
LKOH;0;20260414;175130;5421.0;8
LKOH;0;20260414;175130;5420.5;5
LKOH;0;20260414;175130;5420.5;12
LKOH;0;20260414;175130;5420.5;1
LKOH;0;20260414;175130;5420.0;5
LKOH;0;20260414;175130;5420.0;17
LKOH;0;20260414;175130;5420.0;4
LKOH;0;20260414;175130;5420.0;1
LKOH;0;20260414;175130;5420.0;20
LKOH;0;20260414;175130;5420.0;1
LKOH;0;20260414;175130;5419.5;5
LKOH;0;20260414;175130;5419.5;6
LKOH;0;20260414;175130;5419.5;1
LKOH;0;20260414;175130;5419.5;1
LKOH;0;20260414;175130;5419.5;1
LKOH;0;20260414;175130;5419.0;2
LKOH;0;20260414;175130;5421.0;1
LKOH;0;20260414;175132;5421.0;1
LKOH;0;20260414;175157;5421.5;1
LKOH;0;20260414;175159;5421.0;1
LKOH;0;20260414;175201;5421.0;1
LKOH;0;20260414;175206;5421.0;1
LKOH;0;20260414;175211;5421.0;3
LKOH;0;20260414;175214;5420.5;11
LKOH;0;20260414;175214;5420.5;3
LKOH;0;20260414;175214;5420.5;1
LKOH;0;20260414;175214;5420.5;1
LKOH;0;20260414;175214;5420.0;2
LKOH;0;20260414;175214;5420.0;30
LKOH;0;20260414;175214;5420.0;1
LKOH;0;20260414;175214;5420.0;1
LKOH;0;20260414;175216;5420.0;1
LKOH;0;20260414;175230;5420.0;2
LKOH;0;20260414;175231;5420.0;10
LKOH;0;20260414;175240;5420.0;1
LKOH;0;20260414;175245;5420.0;1
LKOH;0;20260414;175247;5420.0;2
LKOH;0;20260414;175247;5420.0;2
LKOH;0;20260414;175301;5420.0;20
LKOH;0;20260414;175301;5419.5;3
LKOH;0;20260414;175301;5419.5;1
LKOH;0;20260414;175301;5419.5;1
LKOH;0;20260414;175301;5419.5;30
LKOH;0;20260414;175301;5419.5;2
LKOH;0;20260414;175302;5420.0;1
LKOH;0;20260414;175314;5419.5;2
LKOH;0;20260414;175319;5420.0;1
LKOH;0;20260414;175325;5420.0;1
LKOH;0;20260414;175338;5420.0;1
LKOH;0;20260414;175339;5420.0;2
LKOH;0;20260414;175339;5420.0;6
LKOH;0;20260414;175353;5420.0;1
LKOH;0;20260414;175353;5420.0;40
LKOH;0;20260414;175354;5419.5;2
LKOH;0;20260414;175354;5419.5;9
LKOH;0;20260414;175401;5420.0;1
LKOH;0;20260414;175407;5420.0;2
LKOH;0;20260414;175413;5420.0;1
LKOH;0;20260414;175436;5420.0;2
LKOH;0;20260414;175442;5420.0;1
LKOH;0;20260414;175448;5420.0;3
LKOH;0;20260414;175449;5420.0;124
LKOH;0;20260414;175449;5420.0;2
LKOH;0;20260414;175449;5420.0;2
LKOH;0;20260414;175449;5420.0;10
LKOH;0;20260414;175449;5420.5;222
LKOH;0;20260414;175449;5420.5;16
LKOH;0;20260414;175449;5420.5;14
LKOH;0;20260414;175449;5420.5;3
LKOH;0;20260414;175503;5420.0;1
LKOH;0;20260414;175510;5420.5;1
LKOH;0;20260414;175511;5420.5;1
LKOH;0;20260414;175521;5420.5;1
LKOH;0;20260414;175524;5420.5;1
LKOH;0;20260414;175530;5420.5;1
LKOH;0;20260414;175536;5420.5;1
LKOH;0;20260414;175542;5420.5;2
LKOH;0;20260414;175545;5420.5;1
LKOH;0;20260414;175546;5420.5;1
LKOH;0;20260414;175549;5420.5;1
LKOH;0;20260414;175600;5420.5;2
LKOH;0;20260414;175600;5420.5;3
LKOH;0;20260414;175604;5420.5;1
LKOH;0;20260414;175624;5420.5;17
LKOH;0;20260414;175624;5420.5;10
LKOH;0;20260414;175624;5420.5;1
LKOH;0;20260414;175624;5420.5;1
LKOH;0;20260414;175624;5420.5;2
LKOH;0;20260414;175624;5420.5;4
LKOH;0;20260414;175624;5420.5;1
LKOH;0;20260414;175631;5421.0;1
LKOH;0;20260414;175639;5421.0;1
LKOH;0;20260414;175650;5421.0;1
LKOH;0;20260414;175652;5420.0;5
LKOH;0;20260414;175652;5420.0;10
LKOH;0;20260414;175652;5420.0;8
LKOH;0;20260414;175652;5420.0;1
LKOH;0;20260414;175652;5420.0;51
LKOH;0;20260414;175658;5420.5;2
LKOH;0;20260414;175707;5420.5;1
LKOH;0;20260414;175707;5420.5;3
LKOH;0;20260414;175711;5420.5;1
LKOH;0;20260414;175803;5421.5;2
LKOH;0;20260414;175819;5421.0;4
LKOH;0;20260414;175820;5421.5;1
LKOH;0;20260414;175820;5421.5;1
LKOH;0;20260414;175837;5421.5;1
LKOH;0;20260414;175837;5421.5;2
LKOH;0;20260414;175844;5421.0;10
LKOH;0;20260414;175845;5421.5;7
LKOH;0;20260414;175845;5421.5;1
LKOH;0;20260414;175846;5421.5;1
LKOH;0;20260414;175846;5421.0;10
LKOH;0;20260414;175849;5421.5;5
LKOH;0;20260414;175852;5421.0;17
LKOH;0;20260414;175852;5420.5;1
LKOH;0;20260414;175852;5420.5;1
LKOH;0;20260414;175852;5420.5;1
LKOH;0;20260414;175852;5420.0;12
LKOH;0;20260414;175856;5420.0;36
LKOH;0;20260414;175856;5420.0;90
LKOH;0;20260414;175856;5420.0;1
LKOH;0;20260414;175856;5420.0;4
LKOH;0;20260414;175856;5420.0;121
LKOH;0;20260414;175856;5420.0;90
LKOH;0;20260414;175900;5420.0;5
LKOH;0;20260414;175903;5420.0;20
LKOH;0;20260414;175907;5420.5;1
LKOH;0;20260414;175907;5420.0;2
LKOH;0;20260414;175908;5420.0;21
LKOH;0;20260414;175908;5420.5;5
LKOH;0;20260414;175910;5420.0;16
LKOH;0;20260414;175913;5420.0;16
LKOH;0;20260414;175913;5420.0;28
LKOH;0;20260414;175914;5420.0;181
LKOH;0;20260414;175914;5420.0;285
LKOH;0;20260414;175929;5420.0;140
LKOH;0;20260414;175929;5420.0;10
LKOH;0;20260414;175929;5420.0;1
LKOH;0;20260414;175929;5420.0;40
LKOH;0;20260414;175929;5420.0;1
LKOH;0;20260414;175929;5420.0;10
LKOH;0;20260414;175929;5420.0;1
LKOH;0;20260414;175931;5419.5;1
LKOH;0;20260414;175931;5420.0;1
LKOH;0;20260414;175934;5420.0;6
LKOH;0;20260414;175935;5419.5;1
LKOH;0;20260414;175938;5420.0;1
LKOH;0;20260414;175939;5420.0;9
LKOH;0;20260414;175943;5420.0;9
LKOH;0;20260414;175946;5419.5;1
LKOH;0;20260414;180000;5420.0;39
LKOH;0;20260414;180000;5420.0;39
LKOH;0;20260414;180002;5420.0;193
LKOH;0;20260414;180005;5421.0;4
LKOH;0;20260414;180005;5421.0;1
LKOH;0;20260414;180015;5422.5;1
LKOH;0;20260414;180018;5423.0;1
LKOH;0;20260414;180018;5423.0;8
LKOH;0;20260414;180018;5423.0;7
LKOH;0;20260414;180018;5423.5;16
LKOH;0;20260414;180018;5423.5;50
LKOH;0;20260414;180018;5423.5;68
LKOH;0;20260414;180018;5424.5;2
LKOH;0;20260414;180018;5424.5;5
LKOH;0;20260414;180018;5424.5;8
LKOH;0;20260414;180018;5425.0;1
LKOH;0;20260414;180018;5425.0;1
LKOH;0;20260414;180018;5425.0;10
LKOH;0;20260414;180018;5425.0;2
LKOH;0;20260414;180018;5425.0;20
LKOH;0;20260414;180019;5425.5;1
LKOH;0;20260414;180020;5425.0;14
LKOH;0;20260414;180020;5425.0;1
LKOH;0;20260414;180020;5425.0;5
LKOH;0;20260414;180020;5425.0;12
LKOH;0;20260414;180020;5425.0;50
LKOH;0;20260414;180020;5425.0;50
LKOH;0;20260414;180020;5425.0;12
LKOH;0;20260414;180020;5425.0;18
LKOH;0;20260414;180020;5425.0;1
LKOH;0;20260414;180020;5425.0;30
LKOH;0;20260414;180022;5425.0;10
LKOH;0;20260414;180027;5425.0;40
LKOH;0;20260414;180027;5425.0;5
LKOH;0;20260414;180027;5425.0;1
LKOH;0;20260414;180035;5426.0;1
LKOH;0;20260414;180039;5426.0;1
LKOH;0;20260414;180039;5426.0;1
LKOH;0;20260414;180040;5425.5;50
LKOH;0;20260414;180041;5426.0;1
LKOH;0;20260414;180043;5426.0;49
LKOH;0;20260414;180043;5426.0;5
LKOH;0;20260414;180043;5426.0;5
LKOH;0;20260414;180043;5426.0;50
LKOH;0;20260414;180043;5426.0;35
LKOH;0;20260414;180043;5426.5;1
LKOH;0;20260414;180043;5426.5;155
LKOH;0;20260414;180046;5426.5;200
LKOH;0;20260414;180047;5426.5;1
LKOH;0;20260414;180055;5426.5;28
LKOH;0;20260414;180055;5426.5;1
LKOH;0;20260414;180055;5426.5;23
LKOH;0;20260414;180056;5426.5;23
LKOH;0;20260414;180057;5426.5;7
LKOH;0;20260414;180057;5426.5;7
LKOH;0;20260414;180101;5426.5;11
LKOH;0;20260414;180101;5426.5;10
LKOH;0;20260414;180101;5427.0;1
LKOH;0;20260414;180102;5427.5;1
LKOH;0;20260414;180102;5427.5;12
LKOH;0;20260414;180102;5427.5;8
LKOH;0;20260414;180102;5427.5;5
LKOH;0;20260414;180102;5428.0;13
LKOH;0;20260414;180102;5428.5;1
LKOH;0;20260414;180102;5428.5;8
LKOH;0;20260414;180102;5428.5;1
LKOH;0;20260414;180102;5428.5;7
LKOH;0;20260414;180102;5428.5;28
LKOH;0;20260414;180102;5428.5;4
LKOH;0;20260414;180102;5428.0;30
LKOH;0;20260414;180102;5428.0;5
LKOH;0;20260414;180102;5427.5;30
LKOH;0;20260414;180102;5427.5;5
LKOH;0;20260414;180102;5427.5;123
LKOH;0;20260414;180102;5427.5;4
LKOH;0;20260414;180102;5427.5;2
LKOH;0;20260414;180102;5427.5;7
LKOH;0;20260414;180102;5427.5;4
LKOH;0;20260414;180102;5427.5;7
LKOH;0;20260414;180102;5428.5;4
LKOH;0;20260414;180102;5428.5;44
LKOH;0;20260414;180102;5428.5;18
LKOH;0;20260414;180104;5429.0;73
LKOH;0;20260414;180105;5429.0;1
LKOH;0;20260414;180110;5429.0;1
LKOH;0;20260414;180110;5429.0;3
LKOH;0;20260414;180129;5429.0;1
LKOH;0;20260414;180132;5429.0;1
LKOH;0;20260414;180137;5428.5;1
LKOH;0;20260414;180140;5428.0;3
LKOH;0;20260414;180141;5427.5;1
LKOH;0;20260414;180143;5427.5;3
LKOH;0;20260414;180202;5427.0;2
LKOH;0;20260414;180204;5426.5;4
LKOH;0;20260414;180204;5426.5;6
LKOH;0;20260414;180206;5426.5;10
LKOH;0;20260414;180206;5426.5;1
LKOH;0;20260414;180209;5426.0;1
LKOH;0;20260414;180209;5426.5;13
LKOH;0;20260414;180209;5426.5;12
LKOH;0;20260414;180209;5426.5;5
LKOH;0;20260414;180209;5426.5;25
LKOH;0;20260414;180209;5426.5;1
LKOH;0;20260414;180209;5426.5;20
LKOH;0;20260414;180211;5427.0;24
LKOH;0;20260414;180217;5426.5;1
LKOH;0;20260414;180223;5426.5;2
LKOH;0;20260414;180226;5426.0;50
LKOH;0;20260414;180228;5424.5;1
LKOH;0;20260414;180241;5425.0;1
LKOH;0;20260414;180243;5425.0;1
LKOH;0;20260414;180250;5425.0;1
LKOH;0;20260414;180252;5425.5;1
LKOH;0;20260414;180303;5425.5;2
LKOH;0;20260414;180304;5425.5;1
LKOH;0;20260414;180305;5425.5;1
LKOH;0;20260414;180305;5425.5;1
LKOH;0;20260414;180305;5425.5;1
LKOH;0;20260414;180312;5426.0;40
LKOH;0;20260414;180312;5426.5;10
LKOH;0;20260414;180319;5426.5;1
LKOH;0;20260414;180327;5426.5;51
LKOH;0;20260414;180327;5426.5;5
LKOH;0;20260414;180327;5426.5;1
LKOH;0;20260414;180333;5426.5;2
LKOH;0;20260414;180337;5426.0;1
LKOH;0;20260414;180349;5426.0;1
LKOH;0;20260414;180352;5426.5;4
LKOH;0;20260414;180352;5426.5;1
LKOH;0;20260414;180352;5427.0;1
LKOH;0;20260414;180352;5427.0;1
LKOH;0;20260414;180352;5427.0;1
LKOH;0;20260414;180352;5427.0;12
LKOH;0;20260414;180353;5427.0;1
LKOH;0;20260414;180401;5426.5;1
LKOH;0;20260414;180401;5426.5;1
LKOH;0;20260414;180404;5426.5;1
LKOH;0;20260414;180415;5426.5;11
LKOH;0;20260414;180415;5426.5;7
LKOH;0;20260414;180432;5426.0;1
LKOH;0;20260414;180444;5426.5;1
LKOH;0;20260414;180444;5427.0;16
LKOH;0;20260414;180444;5427.0;25
LKOH;0;20260414;180444;5427.5;1
LKOH;0;20260414;180444;5427.5;1
LKOH;0;20260414;180444;5427.5;12
LKOH;0;20260414;180444;5427.5;8
LKOH;0;20260414;180444;5427.5;179
LKOH;0;20260414;180444;5427.5;12
LKOH;0;20260414;180444;5427.5;40
LKOH;0;20260414;180444;5427.5;30
LKOH;0;20260414;180444;5427.5;25
LKOH;0;20260414;180449;5427.5;28
LKOH;0;20260414;180458;5427.5;1
LKOH;0;20260414;180458;5427.5;1
LKOH;0;20260414;180458;5427.5;1
LKOH;0;20260414;180503;5428.5;1
LKOH;0;20260414;180504;5428.5;35
LKOH;0;20260414;180504;5428.5;1
LKOH;0;20260414;180504;5428.5;4
LKOH;0;20260414;180510;5428.0;2
LKOH;0;20260414;180520;5428.5;2
LKOH;0;20260414;180522;5428.0;14
LKOH;0;20260414;180528;5427.5;215
LKOH;0;20260414;180529;5426.5;1
LKOH;0;20260414;180532;5427.0;10
LKOH;0;20260414;180537;5426.0;1
LKOH;0;20260414;180540;5426.5;2
LKOH;0;20260414;180541;5426.5;36
LKOH;0;20260414;180541;5427.5;28
LKOH;0;20260414;180541;5427.5;12
LKOH;0;20260414;180541;5427.5;1
LKOH;0;20260414;180541;5427.5;1
LKOH;0;20260414;180541;5428.0;30
LKOH;0;20260414;180541;5428.0;1
LKOH;0;20260414;180541;5428.0;18
LKOH;0;20260414;180541;5428.0;12
LKOH;0;20260414;180541;5428.0;13
LKOH;0;20260414;180541;5428.0;13
LKOH;0;20260414;180541;5428.0;1
LKOH;0;20260414;180541;5428.5;1
LKOH;0;20260414;180541;5428.5;20
LKOH;0;20260414;180541;5428.5;41
LKOH;0;20260414;180542;5428.5;18
LKOH;0;20260414;180542;5428.5;12
LKOH;0;20260414;180542;5429.0;1
LKOH;0;20260414;180542;5429.0;18
LKOH;0;20260414;180542;5429.5;1
LKOH;0;20260414;180542;5429.5;10
LKOH;0;20260414;180542;5429.5;1
LKOH;0;20260414;180542;5429.5;15
LKOH;0;20260414;180542;5429.5;60
LKOH;0;20260414;180542;5429.5;12
LKOH;0;20260414;180542;5429.5;1
LKOH;0;20260414;180542;5429.5;3
LKOH;0;20260414;180542;5429.0;32
LKOH;0;20260414;180552;5429.5;30
LKOH;0;20260414;180552;5429.5;12
LKOH;0;20260414;180552;5429.5;34
LKOH;0;20260414;180553;5429.5;37
LKOH;0;20260414;180553;5429.5;35
LKOH;0;20260414;180553;5429.5;4
LKOH;0;20260414;180553;5429.5;33
LKOH;0;20260414;180553;5429.5;18
LKOH;0;20260414;180553;5430.0;1
LKOH;0;20260414;180553;5430.0;1
LKOH;0;20260414;180553;5430.0;20
LKOH;0;20260414;180553;5430.0;3
LKOH;0;20260414;180601;5430.5;1
LKOH;0;20260414;180601;5430.5;10
LKOH;0;20260414;180601;5430.5;11
LKOH;0;20260414;180601;5430.5;1
LKOH;0;20260414;180601;5431.0;1
LKOH;0;20260414;180601;5431.0;18
LKOH;0;20260414;180601;5431.0;30
LKOH;0;20260414;180601;5431.0;12
LKOH;0;20260414;180601;5431.0;1
LKOH;0;20260414;180601;5431.0;3
LKOH;0;20260414;180601;5431.0;3
LKOH;0;20260414;180601;5431.5;50
LKOH;0;20260414;180601;5431.5;18
LKOH;0;20260414;180601;5431.5;118
LKOH;0;20260414;180601;5431.5;23
LKOH;0;20260414;180601;5430.5;1
LKOH;0;20260414;180601;5431.5;2
LKOH;0;20260414;180601;5431.5;1
LKOH;0;20260414;180601;5431.5;73
LKOH;0;20260414;180610;5430.5;1
LKOH;0;20260414;180611;5430.5;5
LKOH;0;20260414;180622;5431.0;1
LKOH;0;20260414;180626;5430.5;2
LKOH;0;20260414;180626;5430.5;1
LKOH;0;20260414;180626;5430.5;2
LKOH;0;20260414;180635;5431.0;1
LKOH;0;20260414;180636;5430.5;300
LKOH;0;20260414;180636;5430.5;1
LKOH;0;20260414;180636;5430.5;30
LKOH;0;20260414;180637;5429.5;1
LKOH;0;20260414;180659;5429.5;1
LKOH;0;20260414;180700;5429.0;10
LKOH;0;20260414;180703;5428.5;2
LKOH;0;20260414;180711;5429.0;1
LKOH;0;20260414;180716;5428.0;22
LKOH;0;20260414;180723;5428.0;1
LKOH;0;20260414;180725;5428.0;1
LKOH;0;20260414;180725;5428.0;1
LKOH;0;20260414;180725;5427.5;1
LKOH;0;20260414;180725;5427.5;1
LKOH;0;20260414;180731;5428.5;5
LKOH;0;20260414;180732;5428.5;7
LKOH;0;20260414;180740;5428.0;1
LKOH;0;20260414;180743;5428.5;1
LKOH;0;20260414;180743;5428.5;10
LKOH;0;20260414;180757;5428.0;1
LKOH;0;20260414;180757;5428.0;1
LKOH;0;20260414;180757;5428.0;1
LKOH;0;20260414;180757;5427.5;1
LKOH;0;20260414;180757;5427.5;1
LKOH;0;20260414;180757;5427.5;15
LKOH;0;20260414;180757;5427.5;1
LKOH;0;20260414;180757;5427.0;5
LKOH;0;20260414;180757;5427.0;1
LKOH;0;20260414;180757;5427.0;2
LKOH;0;20260414;180757;5427.0;1
LKOH;0;20260414;180757;5427.0;10
LKOH;0;20260414;180757;5427.0;30
LKOH;0;20260414;180757;5427.0;50
LKOH;0;20260414;180757;5426.5;2
LKOH;0;20260414;180757;5426.5;1
LKOH;0;20260414;180757;5426.5;233
LKOH;0;20260414;180839;5428.0;1
LKOH;0;20260414;180839;5428.0;10
LKOH;0;20260414;180843;5428.0;1
LKOH;0;20260414;180848;5428.0;5
LKOH;0;20260414;180850;5428.0;3
LKOH;0;20260414;180853;5428.0;18
LKOH;0;20260414;180911;5426.0;1
LKOH;0;20260414;180911;5426.0;1
LKOH;0;20260414;180918;5426.5;1
LKOH;0;20260414;180918;5426.5;11
LKOH;0;20260414;180932;5426.0;3
LKOH;0;20260414;180937;5426.5;1
LKOH;0;20260414;180937;5426.5;1
LKOH;0;20260414;180937;5426.5;2
LKOH;0;20260414;180937;5427.0;21
LKOH;0;20260414;180938;5427.0;1
LKOH;0;20260414;180942;5427.0;1
LKOH;0;20260414;180943;5426.5;1
LKOH;0;20260414;180948;5427.0;7
LKOH;0;20260414;180948;5427.0;1
LKOH;0;20260414;181009;5427.0;1
LKOH;0;20260414;181010;5426.5;1
LKOH;0;20260414;181010;5426.5;1
LKOH;0;20260414;181034;5427.0;1
LKOH;0;20260414;181039;5426.5;1
LKOH;0;20260414;181040;5426.0;1
LKOH;0;20260414;181048;5426.0;1
LKOH;0;20260414;181048;5426.5;1
LKOH;0;20260414;181053;5426.5;1
LKOH;0;20260414;181053;5427.0;1
LKOH;0;20260414;181053;5427.0;1
LKOH;0;20260414;181122;5426.5;1
LKOH;0;20260414;181122;5426.5;1
LKOH;0;20260414;181124;5426.5;1
LKOH;0;20260414;181125;5426.5;1
LKOH;0;20260414;181145;5426.0;9
LKOH;0;20260414;181145;5426.0;2
LKOH;0;20260414;181145;5426.0;30
LKOH;0;20260414;181145;5426.0;1
LKOH;0;20260414;181150;5426.0;1
LKOH;0;20260414;181150;5426.0;1
LKOH;0;20260414;181153;5426.0;1
LKOH;0;20260414;181153;5426.0;3
LKOH;0;20260414;181156;5425.5;1
LKOH;0;20260414;181200;5425.5;1
LKOH;0;20260414;181200;5426.0;1
LKOH;0;20260414;181229;5425.5;1
LKOH;0;20260414;181234;5425.5;5
LKOH;0;20260414;181234;5425.5;2
LKOH;0;20260414;181234;5425.5;3
LKOH;0;20260414;181234;5426.0;46
LKOH;0;20260414;181234;5426.0;1
LKOH;0;20260414;181234;5426.0;2
LKOH;0;20260414;181234;5426.0;40
LKOH;0;20260414;181234;5426.0;1
LKOH;0;20260414;181234;5426.0;12
LKOH;0;20260414;181234;5426.0;30
LKOH;0;20260414;181243;5426.0;16
LKOH;0;20260414;181256;5426.0;2
LKOH;0;20260414;181302;5425.5;1
LKOH;0;20260414;181303;5425.5;1
LKOH;0;20260414;181303;5426.0;5
LKOH;0;20260414;181305;5426.0;50
LKOH;0;20260414;181305;5426.0;30
LKOH;0;20260414;181305;5426.0;1
LKOH;0;20260414;181305;5426.0;31
LKOH;0;20260414;181305;5426.0;31
LKOH;0;20260414;181305;5426.5;100
LKOH;0;20260414;181305;5426.5;1
LKOH;0;20260414;181305;5426.5;2
LKOH;0;20260414;181305;5426.5;1
LKOH;0;20260414;181305;5426.5;1
LKOH;0;20260414;181305;5426.5;1
LKOH;0;20260414;181305;5426.5;1
LKOH;0;20260414;181305;5426.5;1
LKOH;0;20260414;181305;5426.5;252
LKOH;0;20260414;181308;5425.5;3
LKOH;0;20260414;181309;5425.5;1
LKOH;0;20260414;181334;5426.0;2
LKOH;0;20260414;181346;5428.0;1
LKOH;0;20260414;181346;5428.0;2
LKOH;0;20260414;181346;5428.5;1
LKOH;0;20260414;181346;5428.5;1
LKOH;0;20260414;181346;5428.5;1
LKOH;0;20260414;181346;5428.5;6
LKOH;0;20260414;181346;5429.0;82
LKOH;0;20260414;181346;5429.0;36
LKOH;0;20260414;181346;5429.0;40
LKOH;0;20260414;181346;5429.5;1
LKOH;0;20260414;181346;5429.5;2
LKOH;0;20260414;181346;5429.0;30
LKOH;0;20260414;181346;5429.0;5
LKOH;0;20260414;181346;5429.0;1
LKOH;0;20260414;181346;5428.5;1
LKOH;0;20260414;181346;5428.5;2
LKOH;0;20260414;181346;5428.5;213
LKOH;0;20260414;181346;5429.0;4
LKOH;0;20260414;181347;5428.5;3
LKOH;0;20260414;181354;5428.5;2
LKOH;0;20260414;181354;5428.5;132
LKOH;0;20260414;181354;5429.0;1
LKOH;0;20260414;181405;5428.5;18
LKOH;0;20260414;181405;5428.0;3
LKOH;0;20260414;181410;5428.0;1
LKOH;0;20260414;181410;5428.5;3
LKOH;0;20260414;181443;5427.5;1
LKOH;0;20260414;181445;5428.0;1
LKOH;0;20260414;181458;5428.5;1
LKOH;0;20260414;181503;5428.5;1
LKOH;0;20260414;181513;5428.5;4
LKOH;0;20260414;181514;5428.5;4
LKOH;0;20260414;181517;5428.5;1
LKOH;0;20260414;181518;5428.5;1
LKOH;0;20260414;181518;5428.0;2
LKOH;0;20260414;181529;5428.5;1
LKOH;0;20260414;181554;5428.5;1
LKOH;0;20260414;181609;5428.5;1
LKOH;0;20260414;181612;5428.0;6
LKOH;0;20260414;181612;5428.0;1
LKOH;0;20260414;181612;5428.0;1
LKOH;0;20260414;181614;5427.5;1
LKOH;0;20260414;181626;5427.5;4
LKOH;0;20260414;181626;5428.0;42
LKOH;0;20260414;181626;5428.0;1
LKOH;0;20260414;181626;5428.0;12
LKOH;0;20260414;181626;5428.0;30
LKOH;0;20260414;181626;5428.0;25
LKOH;0;20260414;181627;5428.5;3
LKOH;0;20260414;181630;5428.0;1
LKOH;0;20260414;181645;5428.0;30
LKOH;0;20260414;181645;5428.0;1
LKOH;0;20260414;181705;5428.0;1
LKOH;0;20260414;181717;5428.0;1
LKOH;0;20260414;181718;5427.5;1
LKOH;0;20260414;181718;5427.5;66
LKOH;0;20260414;181735;5427.5;2
LKOH;0;20260414;181735;5427.5;1
LKOH;0;20260414;181738;5427.0;1
LKOH;0;20260414;181740;5427.0;1
LKOH;0;20260414;181740;5427.0;1
LKOH;0;20260414;181740;5427.0;1
LKOH;0;20260414;181740;5427.0;50
LKOH;0;20260414;181741;5427.0;1
LKOH;0;20260414;181823;5427.0;1
LKOH;0;20260414;181843;5427.0;2
LKOH;0;20260414;181850;5427.0;5
LKOH;0;20260414;181853;5426.5;1
LKOH;0;20260414;181859;5427.0;1
LKOH;0;20260414;181903;5427.0;2
LKOH;0;20260414;181908;5426.5;3
LKOH;0;20260414;181908;5426.5;249
LKOH;0;20260414;181912;5426.5;1
LKOH;0;20260414;181913;5426.0;1
LKOH;0;20260414;181915;5427.0;17
LKOH;0;20260414;181958;5427.0;17
LKOH;0;20260414;182029;5426.5;1
LKOH;0;20260414;182040;5427.0;20
LKOH;0;20260414;182105;5427.0;1
LKOH;0;20260414;182109;5427.0;1
LKOH;0;20260414;182135;5426.5;1
LKOH;0;20260414;182139;5426.5;1
LKOH;0;20260414;182146;5426.5;14
LKOH;0;20260414;182149;5426.5;1
LKOH;0;20260414;182154;5426.5;30
LKOH;0;20260414;182212;5426.5;1
LKOH;0;20260414;182226;5426.5;1
LKOH;0;20260414;182231;5426.5;25
LKOH;0;20260414;182231;5426.5;22
LKOH;0;20260414;182231;5426.5;20
LKOH;0;20260414;182231;5426.5;17
LKOH;0;20260414;182232;5426.5;9
LKOH;0;20260414;182232;5426.5;6
LKOH;0;20260414;182238;5426.0;1
LKOH;0;20260414;182250;5426.5;1
LKOH;0;20260414;182252;5427.0;2
LKOH;0;20260414;182307;5427.0;1
LKOH;0;20260414;182318;5427.0;2
LKOH;0;20260414;182320;5427.0;2
LKOH;0;20260414;182321;5427.0;53
LKOH;0;20260414;182321;5427.0;23
LKOH;0;20260414;182321;5427.0;10
LKOH;0;20260414;182321;5427.5;20
LKOH;0;20260414;182330;5427.0;4
LKOH;0;20260414;182337;5427.0;1
LKOH;0;20260414;182338;5427.0;1
LKOH;0;20260414;182343;5427.0;8
LKOH;0;20260414;182350;5427.0;2
LKOH;0;20260414;182403;5426.5;1
LKOH;0;20260414;182415;5426.5;1
LKOH;0;20260414;182419;5427.0;2
LKOH;0;20260414;182422;5427.0;1
LKOH;0;20260414;182430;5427.0;1
LKOH;0;20260414;182435;5426.5;1
LKOH;0;20260414;182502;5426.0;1
LKOH;0;20260414;182502;5426.0;1
LKOH;0;20260414;182523;5427.0;1
LKOH;0;20260414;182540;5427.0;3
LKOH;0;20260414;182554;5427.0;20
LKOH;0;20260414;182555;5427.0;2
LKOH;0;20260414;182559;5426.5;130
LKOH;0;20260414;182559;5426.5;1
LKOH;0;20260414;182559;5426.5;10
LKOH;0;20260414;182603;5427.0;1
LKOH;0;20260414;182606;5427.0;1
LKOH;0;20260414;182608;5426.5;1
LKOH;0;20260414;182610;5427.0;9
LKOH;0;20260414;182611;5427.0;43
LKOH;0;20260414;182611;5427.0;16
LKOH;0;20260414;182621;5426.5;414
LKOH;0;20260414;182621;5426.5;30
LKOH;0;20260414;182621;5426.5;5
LKOH;0;20260414;182621;5426.5;1
LKOH;0;20260414;182621;5426.5;10
LKOH;0;20260414;182621;5426.5;32
LKOH;0;20260414;182621;5426.5;2
LKOH;0;20260414;182631;5426.5;3
LKOH;0;20260414;182641;5426.5;1
LKOH;0;20260414;182650;5426.5;1
LKOH;0;20260414;182651;5426.5;1
LKOH;0;20260414;182651;5427.0;21
LKOH;0;20260414;182651;5427.0;3
LKOH;0;20260414;182651;5427.0;2
LKOH;0;20260414;182651;5427.0;14
LKOH;0;20260414;182651;5427.0;17
LKOH;0;20260414;182652;5427.0;15
LKOH;0;20260414;182654;5427.0;1
LKOH;0;20260414;182707;5427.0;30
LKOH;0;20260414;182707;5427.0;27
LKOH;0;20260414;182708;5427.0;23
LKOH;0;20260414;182708;5427.0;21
LKOH;0;20260414;182708;5427.0;18
LKOH;0;20260414;182708;5427.0;16
LKOH;0;20260414;182715;5427.0;25
LKOH;0;20260414;182731;5427.0;2
LKOH;0;20260414;182733;5426.5;13
LKOH;0;20260414;182736;5427.0;4
LKOH;0;20260414;182740;5427.0;2
LKOH;0;20260414;182743;5426.5;6
LKOH;0;20260414;182753;5426.5;1
LKOH;0;20260414;182753;5426.5;2
LKOH;0;20260414;182802;5427.0;1
LKOH;0;20260414;182803;5426.5;2
LKOH;0;20260414;182807;5426.5;1
LKOH;0;20260414;182809;5427.0;403
LKOH;0;20260414;182809;5427.0;20
LKOH;0;20260414;182809;5427.0;1
LKOH;0;20260414;182809;5427.0;5
LKOH;0;20260414;182814;5427.0;400
LKOH;0;20260414;182816;5427.0;300
LKOH;0;20260414;182819;5427.0;14
LKOH;0;20260414;182819;5427.0;300
LKOH;0;20260414;182820;5427.0;618
LKOH;0;20260414;182821;5427.0;28
LKOH;0;20260414;182822;5426.5;1
LKOH;0;20260414;182826;5427.0;1
LKOH;0;20260414;182827;5427.0;200
LKOH;0;20260414;182832;5427.0;120
LKOH;0;20260414;182832;5427.5;80
LKOH;0;20260414;182832;5427.5;33
LKOH;0;20260414;182832;5427.5;6
LKOH;0;20260414;182832;5427.5;9
LKOH;0;20260414;182832;5427.5;2
LKOH;0;20260414;182832;5428.0;53
LKOH;0;20260414;182832;5428.0;30
LKOH;0;20260414;182832;5428.0;47
LKOH;0;20260414;182832;5428.0;25
LKOH;0;20260414;182832;5428.0;25
LKOH;0;20260414;182832;5428.0;9
LKOH;0;20260414;182832;5428.0;7
LKOH;0;20260414;182845;5428.0;1
LKOH;0;20260414;182847;5428.0;6
LKOH;0;20260414;182847;5428.0;49
LKOH;0;20260414;182847;5428.0;20
LKOH;0;20260414;182847;5428.5;21
LKOH;0;20260414;182847;5429.0;1
LKOH;0;20260414;182847;5429.5;10
LKOH;0;20260414;182847;5429.5;25
LKOH;0;20260414;182847;5429.5;1
LKOH;0;20260414;182847;5430.0;1
LKOH;0;20260414;182847;5430.0;20
LKOH;0;20260414;182847;5430.0;120
LKOH;0;20260414;182847;5430.0;62
LKOH;0;20260414;182854;5429.5;150
LKOH;0;20260414;182856;5430.0;252
LKOH;0;20260414;182856;5430.0;153
LKOH;0;20260414;182856;5430.0;99
LKOH;0;20260414;182856;5430.0;232
LKOH;0;20260414;182856;5430.5;16
LKOH;0;20260414;182856;5430.5;23
LKOH;0;20260414;182856;5430.5;110
LKOH;0;20260414;182856;5430.5;20
LKOH;0;20260414;182856;5431.0;10
LKOH;0;20260414;182856;5431.0;7
LKOH;0;20260414;182856;5431.0;26
LKOH;0;20260414;182856;5431.0;17
LKOH;0;20260414;182856;5431.0;1
LKOH;0;20260414;182856;5431.0;1
LKOH;0;20260414;182856;5431.0;6
LKOH;0;20260414;182856;5431.0;7
LKOH;0;20260414;182856;5431.5;10
LKOH;0;20260414;182856;5431.5;25
LKOH;0;20260414;182856;5431.5;25
LKOH;0;20260414;182856;5432.0;50
LKOH;0;20260414;182856;5432.0;50
LKOH;0;20260414;182856;5432.0;5
LKOH;0;20260414;182856;5432.0;8
LKOH;0;20260414;182856;5432.5;50
LKOH;0;20260414;182856;5433.0;10
LKOH;0;20260414;182856;5433.0;1
LKOH;0;20260414;182856;5433.0;30
LKOH;0;20260414;182856;5433.0;50
LKOH;0;20260414;182856;5433.0;10
LKOH;0;20260414;182856;5433.0;50
LKOH;0;20260414;182856;5433.0;1
LKOH;0;20260414;182856;5432.5;50
LKOH;0;20260414;182856;5433.0;12
LKOH;0;20260414;182856;5433.5;30
LKOH;0;20260414;182856;5433.5;33
LKOH;0;20260414;182856;5433.5;29
LKOH;0;20260414;182857;5433.5;26
LKOH;0;20260414;182857;5433.5;37
LKOH;0;20260414;182857;5434.0;12
LKOH;0;20260414;182857;5434.0;5
LKOH;0;20260414;182857;5434.0;8
LKOH;0;20260414;182857;5434.0;10
LKOH;0;20260414;182857;5434.0;20
LKOH;0;20260414;182857;5434.0;18
LKOH;0;20260414;182900;5433.5;9
LKOH;0;20260414;182910;5433.5;4
LKOH;0;20260414;182931;5434.0;1
LKOH;0;20260414;182931;5434.0;27
LKOH;0;20260414;182937;5434.0;16
LKOH;0;20260414;182937;5434.0;16
LKOH;0;20260414;182941;5434.0;2
LKOH;0;20260414;183005;5434.0;2
LKOH;0;20260414;183012;5433.5;3
LKOH;0;20260414;183012;5434.0;3
LKOH;0;20260414;183013;5434.0;10
LKOH;0;20260414;183025;5434.0;24
LKOH;0;20260414;183025;5434.0;4
LKOH;0;20260414;183025;5434.0;3
LKOH;0;20260414;183030;5434.0;16
LKOH;0;20260414;183036;5434.0;1
LKOH;0;20260414;183053;5434.0;14
LKOH;0;20260414;183053;5434.0;36
LKOH;0;20260414;183053;5434.0;100
LKOH;0;20260414;183053;5434.0;37
LKOH;0;20260414;183053;5434.0;5
LKOH;0;20260414;183053;5434.0;100
LKOH;0;20260414;183053;5434.0;22
LKOH;0;20260414;183101;5434.5;25
LKOH;0;20260414;183101;5434.5;22
LKOH;0;20260414;183101;5434.5;20
LKOH;0;20260414;183102;5434.5;18
LKOH;0;20260414;183102;5434.5;15
LKOH;0;20260414;183102;5434.5;46
LKOH;0;20260414;183102;5434.5;23
LKOH;0;20260414;183102;5434.5;7
LKOH;0;20260414;183107;5434.0;252
LKOH;0;20260414;183107;5434.0;214
LKOH;0;20260414;183107;5434.0;2
LKOH;0;20260414;183107;5434.0;36
LKOH;0;20260414;183127;5434.5;6
LKOH;0;20260414;183128;5434.0;150
LKOH;0;20260414;183129;5434.0;90
LKOH;0;20260414;183129;5433.5;2
LKOH;0;20260414;183129;5433.5;300
LKOH;0;20260414;183129;5433.0;14
LKOH;0;20260414;183129;5432.5;25
LKOH;0;20260414;183129;5433.0;46
LKOH;0;20260414;183129;5432.5;25
LKOH;0;20260414;183129;5432.5;20
LKOH;0;20260414;183130;5433.0;1
LKOH;0;20260414;183140;5432.5;2
LKOH;0;20260414;183143;5432.5;2
LKOH;0;20260414;183144;5433.0;1
LKOH;0;20260414;183145;5433.0;1
LKOH;0;20260414;183145;5432.5;216
LKOH;0;20260414;183145;5432.0;15
LKOH;0;20260414;183147;5432.0;1
LKOH;0;20260414;183151;5432.5;1
LKOH;0;20260414;183151;5432.0;13
LKOH;0;20260414;183151;5432.0;10
LKOH;0;20260414;183207;5432.5;4
LKOH;0;20260414;183221;5432.5;10
LKOH;0;20260414;183232;5432.0;9
LKOH;0;20260414;183248;5432.0;16
LKOH;0;20260414;183315;5432.5;21
LKOH;0;20260414;183316;5432.5;19
LKOH;0;20260414;183316;5432.0;2
LKOH;0;20260414;183316;5432.5;16
LKOH;0;20260414;183316;5432.5;15
LKOH;0;20260414;183317;5432.5;2
LKOH;0;20260414;183317;5432.5;3
LKOH;0;20260414;183322;5432.0;2
LKOH;0;20260414;183330;5432.5;4
LKOH;0;20260414;183336;5432.5;2
LKOH;0;20260414;183340;5432.5;1
LKOH;0;20260414;183340;5432.5;10
LKOH;0;20260414;183347;5432.5;1
LKOH;0;20260414;183402;5432.5;1
LKOH;0;20260414;183405;5432.5;1
LKOH;0;20260414;183424;5432.5;5
LKOH;0;20260414;183430;5432.5;2
LKOH;0;20260414;183438;5432.5;1
LKOH;0;20260414;183443;5432.0;1
LKOH;0;20260414;183446;5432.5;1
LKOH;0;20260414;183452;5432.0;1
LKOH;0;20260414;183453;5432.0;16
LKOH;0;20260414;183455;5432.0;2
LKOH;0;20260414;183457;5432.5;1
LKOH;0;20260414;183500;5432.0;1
LKOH;0;20260414;183500;5432.0;3
LKOH;0;20260414;183500;5432.0;1
LKOH;0;20260414;183500;5431.5;8
LKOH;0;20260414;183500;5431.5;1
LKOH;0;20260414;183501;5432.0;18
LKOH;0;20260414;183511;5432.0;1
LKOH;0;20260414;183531;5432.0;1
LKOH;0;20260414;183532;5432.0;1
LKOH;0;20260414;183534;5431.5;8
LKOH;0;20260414;183534;5431.5;1
LKOH;0;20260414;183534;5431.5;8
LKOH;0;20260414;183534;5431.0;1
LKOH;0;20260414;183546;5431.5;1
LKOH;0;20260414;183546;5431.5;1
LKOH;0;20260414;183548;5432.0;1
LKOH;0;20260414;183607;5431.5;14
LKOH;0;20260414;183613;5431.5;6
LKOH;0;20260414;183614;5432.0;2
LKOH;0;20260414;183616;5432.0;12
LKOH;0;20260414;183632;5432.0;15
LKOH;0;20260414;183632;5432.0;1
LKOH;0;20260414;183632;5432.0;1
LKOH;0;20260414;183632;5432.5;1
LKOH;0;20260414;183632;5432.5;20
LKOH;0;20260414;183633;5432.5;18
LKOH;0;20260414;183633;5432.5;9
LKOH;0;20260414;183633;5433.0;15
LKOH;0;20260414;183633;5433.5;50
LKOH;0;20260414;183633;5433.5;50
LKOH;0;20260414;183633;5433.5;1
LKOH;0;20260414;183633;5434.0;10
LKOH;0;20260414;183633;5434.0;21
LKOH;0;20260414;183633;5434.0;28
LKOH;0;20260414;183633;5434.0;1
LKOH;0;20260414;183633;5434.0;24
LKOH;0;20260414;183634;5434.0;22
LKOH;0;20260414;183634;5434.0;19
LKOH;0;20260414;183634;5434.0;17
LKOH;0;20260414;183634;5434.0;15
LKOH;0;20260414;183637;5434.0;1
LKOH;0;20260414;183645;5434.0;2
LKOH;0;20260414;183645;5434.0;1
LKOH;0;20260414;183645;5434.0;12
LKOH;0;20260414;183646;5434.0;1
LKOH;0;20260414;183646;5434.0;35
LKOH;0;20260414;183646;5434.0;2
LKOH;0;20260414;183646;5434.5;16
LKOH;0;20260414;183646;5434.5;2
LKOH;0;20260414;183646;5434.5;26
LKOH;0;20260414;183646;5434.5;25
LKOH;0;20260414;183647;5434.5;22
LKOH;0;20260414;183647;5434.5;19
LKOH;0;20260414;183647;5434.5;50
LKOH;0;20260414;183647;5434.5;50
LKOH;0;20260414;183647;5434.5;17
LKOH;0;20260414;183647;5434.5;15
LKOH;0;20260414;183648;5434.5;10
LKOH;0;20260414;183648;5434.5;1
LKOH;0;20260414;183648;5434.5;300
LKOH;0;20260414;183649;5434.5;109
LKOH;0;20260414;183649;5434.5;10
LKOH;0;20260414;183649;5434.5;10
LKOH;0;20260414;183649;5434.5;74
LKOH;0;20260414;183649;5434.5;14
LKOH;0;20260414;183649;5434.5;74
LKOH;0;20260414;183649;5434.5;40
LKOH;0;20260414;183649;5434.5;9
LKOH;0;20260414;183649;5434.5;17
LKOH;0;20260414;183649;5434.5;17
LKOH;0;20260414;183649;5434.5;116
LKOH;0;20260414;183649;5435.0;10
LKOH;0;20260414;183649;5435.0;10
LKOH;0;20260414;183649;5435.0;17
LKOH;0;20260414;183649;5435.0;20
LKOH;0;20260414;183649;5437.0;1
LKOH;0;20260414;183649;5437.0;20
LKOH;0;20260414;183649;5437.5;100
LKOH;0;20260414;183649;5438.0;50
LKOH;0;20260414;183649;5438.5;5
LKOH;0;20260414;183649;5438.5;50
LKOH;0;20260414;183649;5439.0;39
LKOH;0;20260414;183649;5438.5;50
LKOH;0;20260414;183649;5438.5;100
LKOH;0;20260414;183649;5438.5;10
LKOH;0;20260414;183649;5438.5;90
LKOH;0;20260414;183649;5438.5;10
LKOH;0;20260414;183650;5438.5;1
LKOH;0;20260414;183650;5439.0;18
LKOH;0;20260414;183650;5438.5;10
LKOH;0;20260414;183651;5438.0;1
LKOH;0;20260414;183652;5439.0;15
LKOH;0;20260414;183652;5439.0;16
LKOH;0;20260414;183652;5439.0;1
LKOH;0;20260414;183652;5439.0;1
LKOH;0;20260414;183652;5439.0;2
LKOH;0;20260414;183652;5439.0;1
LKOH;0;20260414;183652;5439.0;13
LKOH;0;20260414;183652;5439.0;50
LKOH;0;20260414;183652;5439.0;11
LKOH;0;20260414;183652;5439.0;20
LKOH;0;20260414;183652;5439.0;6
LKOH;0;20260414;183652;5439.0;3
LKOH;0;20260414;183652;5439.0;15
LKOH;0;20260414;183652;5439.0;5
LKOH;0;20260414;183652;5439.0;23
LKOH;0;20260414;183652;5439.0;64
LKOH;0;20260414;183652;5439.0;29
LKOH;0;20260414;183652;5439.5;5
LKOH;0;20260414;183652;5439.5;100
LKOH;0;20260414;183652;5439.5;1
LKOH;0;20260414;183652;5439.5;15
LKOH;0;20260414;183652;5439.5;16
LKOH;0;20260414;183652;5439.5;13
LKOH;0;20260414;183652;5439.5;13
LKOH;0;20260414;183652;5440.0;1
LKOH;0;20260414;183652;5440.0;1
LKOH;0;20260414;183652;5440.0;62
LKOH;0;20260414;183654;5439.5;1
LKOH;0;20260414;183654;5439.0;4
LKOH;0;20260414;183655;5439.5;17
LKOH;0;20260414;183655;5439.0;1
LKOH;0;20260414;183655;5440.0;110
LKOH;0;20260414;183655;5440.0;300
LKOH;0;20260414;183656;5440.0;28
LKOH;0;20260414;183656;5440.0;5
LKOH;0;20260414;183656;5440.0;1
LKOH;0;20260414;183656;5440.0;1
LKOH;0;20260414;183656;5440.0;5
LKOH;0;20260414;183656;5440.0;78
LKOH;0;20260414;183656;5440.0;1
LKOH;0;20260414;183657;5440.5;1
LKOH;0;20260414;183657;5441.0;10
LKOH;0;20260414;183657;5442.0;1
LKOH;0;20260414;183657;5442.0;20
LKOH;0;20260414;183657;5442.0;1
LKOH;0;20260414;183657;5442.0;13
LKOH;0;20260414;183657;5442.5;4
LKOH;0;20260414;183657;5442.5;6
LKOH;0;20260414;183657;5442.5;6
LKOH;0;20260414;183657;5442.5;18
LKOH;0;20260414;183657;5443.0;50
LKOH;0;20260414;183657;5443.0;100
LKOH;0;20260414;183657;5443.0;1
LKOH;0;20260414;183657;5443.0;1
LKOH;0;20260414;183657;5443.0;18
LKOH;0;20260414;183657;5442.5;1
LKOH;0;20260414;183658;5442.5;9
LKOH;0;20260414;183658;5442.5;50
LKOH;0;20260414;183658;5443.0;2
LKOH;0;20260414;183658;5443.0;2
LKOH;0;20260414;183658;5443.0;1
LKOH;0;20260414;183658;5443.0;14
LKOH;0;20260414;183658;5443.0;15
LKOH;0;20260414;183658;5443.0;13
LKOH;0;20260414;183658;5443.0;1
LKOH;0;20260414;183658;5443.0;1
LKOH;0;20260414;183658;5443.5;1
LKOH;0;20260414;183658;5443.5;1
LKOH;0;20260414;183659;5443.5;118
LKOH;0;20260414;183659;5444.0;1
LKOH;0;20260414;183659;5444.0;1
LKOH;0;20260414;183659;5444.0;5
LKOH;0;20260414;183659;5444.0;1
LKOH;0;20260414;183659;5443.5;1
LKOH;0;20260414;183701;5444.0;129
LKOH;0;20260414;183703;5444.0;209
LKOH;0;20260414;183703;5444.0;1
LKOH;0;20260414;183703;5444.0;1
LKOH;0;20260414;183703;5444.0;1
LKOH;0;20260414;183703;5444.5;20
LKOH;0;20260414;183703;5444.5;18
LKOH;0;20260414;183703;5444.5;2
LKOH;0;20260414;183703;5445.0;1
LKOH;0;20260414;183703;5445.0;47
LKOH;0;20260414;183703;5444.5;18
LKOH;0;20260414;183704;5444.5;222
LKOH;0;20260414;183704;5444.5;30
LKOH;0;20260414;183704;5444.5;1
LKOH;0;20260414;183704;5444.5;1
LKOH;0;20260414;183705;5444.5;1
LKOH;0;20260414;183706;5445.0;14
LKOH;0;20260414;183706;5445.0;50
LKOH;0;20260414;183706;5445.0;3
LKOH;0;20260414;183706;5445.0;1
LKOH;0;20260414;183706;5445.0;5
LKOH;0;20260414;183706;5445.0;37
LKOH;0;20260414;183706;5445.0;27
LKOH;0;20260414;183706;5445.0;50
LKOH;0;20260414;183706;5445.0;18
LKOH;0;20260414;183706;5445.0;17
LKOH;0;20260414;183707;5444.5;6
LKOH;0;20260414;183707;5444.5;1
LKOH;0;20260414;183708;5444.5;27
LKOH;0;20260414;183708;5444.5;23
LKOH;0;20260414;183709;5445.0;1
LKOH;0;20260414;183709;5445.5;150
LKOH;0;20260414;183709;5445.5;1
LKOH;0;20260414;183709;5445.5;1
LKOH;0;20260414;183709;5446.5;1
LKOH;0;20260414;183715;5446.5;8
LKOH;0;20260414;183716;5446.5;9
LKOH;0;20260414;183716;5446.5;42
LKOH;0;20260414;183716;5446.5;17
LKOH;0;20260414;183716;5446.0;1
LKOH;0;20260414;183717;5446.5;23
LKOH;0;20260414;183717;5447.0;1
LKOH;0;20260414;183717;5447.0;10
LKOH;0;20260414;183717;5447.0;18
LKOH;0;20260414;183717;5447.5;13
LKOH;0;20260414;183717;5447.0;18
LKOH;0;20260414;183717;5447.5;215
LKOH;0;20260414;183717;5447.5;18
LKOH;0;20260414;183717;5447.5;1
LKOH;0;20260414;183717;5447.5;2
LKOH;0;20260414;183717;5447.5;7
LKOH;0;20260414;183717;5447.5;1
LKOH;0;20260414;183717;5448.0;8
LKOH;0;20260414;183717;5448.0;30
LKOH;0;20260414;183717;5447.5;18
LKOH;0;20260414;183717;5447.5;18
LKOH;0;20260414;183718;5448.0;1
LKOH;0;20260414;183719;5447.0;50
LKOH;0;20260414;183725;5447.5;1
LKOH;0;20260414;183726;5447.0;5
LKOH;0;20260414;183726;5447.0;3
LKOH;0;20260414;183726;5447.0;10
LKOH;0;20260414;183726;5447.0;2
LKOH;0;20260414;183728;5446.0;33
LKOH;0;20260414;183729;5444.5;20
LKOH;0;20260414;183729;5443.5;1
LKOH;0;20260414;183730;5443.5;1
LKOH;0;20260414;183735;5443.0;2
LKOH;0;20260414;183747;5442.0;1
LKOH;0;20260414;183747;5442.0;2
LKOH;0;20260414;183753;5443.0;1
LKOH;0;20260414;183753;5443.0;1
LKOH;0;20260414;183753;5443.5;1
LKOH;0;20260414;183753;5443.5;1
LKOH;0;20260414;183753;5443.5;4
LKOH;0;20260414;183753;5443.5;16
LKOH;0;20260414;183753;5443.5;1
LKOH;0;20260414;183753;5443.5;1
LKOH;0;20260414;183753;5443.5;3
LKOH;0;20260414;183753;5443.5;13
LKOH;0;20260414;183753;5443.5;19
LKOH;0;20260414;183803;5442.0;1
LKOH;0;20260414;183820;5443.5;1
LKOH;0;20260414;183820;5443.5;1
LKOH;0;20260414;183820;5443.5;10
LKOH;0;20260414;183820;5443.5;30
LKOH;0;20260414;183820;5443.5;13
LKOH;0;20260414;183820;5444.0;3
LKOH;0;20260414;183820;5444.0;1
LKOH;0;20260414;183820;5444.0;1
LKOH;0;20260414;183820;5444.0;30
LKOH;0;20260414;183820;5444.0;118
LKOH;0;20260414;183820;5444.5;1
LKOH;0;20260414;183820;5444.5;50
LKOH;0;20260414;183820;5444.5;1
LKOH;0;20260414;183820;5444.5;30
LKOH;0;20260414;183820;5444.5;20
LKOH;0;20260414;183820;5444.5;60
LKOH;0;20260414;183820;5445.0;1
LKOH;0;20260414;183820;5445.0;30
LKOH;0;20260414;183820;5445.0;60
LKOH;0;20260414;183820;5445.0;100
LKOH;0;20260414;183820;5445.0;60
LKOH;0;20260414;183820;5445.0;20
LKOH;0;20260414;183820;5445.0;15
LKOH;0;20260414;183820;5445.5;1
LKOH;0;20260414;183820;5445.5;100
LKOH;0;20260414;183820;5445.5;30
LKOH;0;20260414;183820;5445.5;60
LKOH;0;20260414;183820;5445.5;20
LKOH;0;20260414;183820;5445.5;25
LKOH;0;20260414;183820;5446.0;20
LKOH;0;20260414;183820;5446.0;1
LKOH;0;20260414;183820;5446.0;18
LKOH;0;20260414;183820;5446.5;1
LKOH;0;20260414;183820;5446.5;20
LKOH;0;20260414;183820;5446.5;58
LKOH;0;20260414;183820;5446.5;120
LKOH;0;20260414;183820;5446.5;18
LKOH;0;20260414;183820;5446.5;12
LKOH;0;20260414;183820;5447.0;20
LKOH;0;20260414;183820;5447.0;300
LKOH;0;20260414;183820;5447.0;1
LKOH;0;20260414;183820;5447.0;8
LKOH;0;20260414;183820;5447.0;100
LKOH;0;20260414;183820;5447.5;1
LKOH;0;20260414;183820;5447.5;50
LKOH;0;20260414;183820;5447.5;20
LKOH;0;20260414;183820;5447.5;1
LKOH;0;20260414;183820;5447.5;17
LKOH;0;20260414;183820;5447.5;1
LKOH;0;20260414;183820;5447.5;50
LKOH;0;20260414;183820;5447.5;50
LKOH;0;20260414;183820;5448.0;3336
LKOH;0;20260414;183823;5446.0;1
LKOH;0;20260414;183825;5446.5;1
LKOH;0;20260414;183826;5446.5;29
LKOH;0;20260414;183844;5445.0;1
LKOH;0;20260414;183844;5445.0;1
LKOH;0;20260414;183846;5445.0;2
LKOH;0;20260414;183852;5444.5;80
LKOH;0;20260414;183854;5444.5;70
LKOH;0;20260414;183854;5444.5;1
LKOH;0;20260414;183854;5444.0;15
LKOH;0;20260414;183902;5441.5;2
LKOH;0;20260414;183912;5441.0;1
LKOH;0;20260414;183939;5439.5;1
LKOH;0;20260414;183939;5439.5;12
LKOH;0;20260414;183939;5439.5;27
LKOH;0;20260414;183939;5439.5;49
LKOH;0;20260414;183939;5439.0;1
LKOH;0;20260414;183939;5439.0;10
LKOH;0;20260414;183941;5438.5;1
LKOH;0;20260414;184009;5438.5;6
LKOH;0;20260414;184013;5438.5;1
LKOH;0;20260414;184016;5438.5;1
LKOH;0;20260414;184017;5439.5;1
LKOH;0;20260414;184040;5439.5;1
LKOH;0;20260414;184040;5439.5;5
LKOH;0;20260414;184041;5439.0;5
LKOH;0;20260414;184043;5439.0;1
LKOH;0;20260414;184048;5439.5;1
LKOH;0;20260414;184055;5439.5;23
LKOH;0;20260414;184055;5439.5;3
LKOH;0;20260414;184055;5439.5;45
LKOH;0;20260414;184101;5439.0;2
LKOH;0;20260414;184109;5439.0;1
LKOH;0;20260414;184115;5439.0;3
LKOH;0;20260414;184142;5439.5;25
LKOH;0;20260414;184150;5439.0;1
LKOH;0;20260414;184153;5439.5;51
LKOH;0;20260414;184153;5439.5;1
LKOH;0;20260414;184153;5439.5;4
LKOH;0;20260414;184216;5439.5;1
LKOH;0;20260414;184233;5440.0;1
LKOH;0;20260414;184233;5440.0;49
LKOH;0;20260414;184248;5441.0;2
LKOH;0;20260414;184248;5441.0;2
LKOH;0;20260414;184253;5441.5;6
LKOH;0;20260414;184253;5442.0;252
LKOH;0;20260414;184253;5441.5;30
LKOH;0;20260414;184253;5441.5;1
LKOH;0;20260414;184309;5442.5;1
LKOH;0;20260414;184321;5442.0;20
LKOH;0;20260414;184326;5441.5;1
LKOH;0;20260414;184328;5441.0;1
LKOH;0;20260414;184328;5440.5;1
LKOH;0;20260414;184328;5440.5;6
LKOH;0;20260414;184328;5440.5;2
LKOH;0;20260414;184332;5440.5;1
LKOH;0;20260414;184333;5441.5;1
LKOH;0;20260414;184333;5442.0;1
LKOH;0;20260414;184339;5440.5;30
LKOH;0;20260414;184400;5440.5;1
LKOH;0;20260414;184400;5440.5;15
LKOH;0;20260414;184403;5441.5;1
LKOH;0;20260414;184417;5441.5;1
LKOH;0;20260414;184417;5441.5;1
LKOH;0;20260414;184420;5441.5;1
LKOH;0;20260414;184428;5441.5;1
LKOH;0;20260414;184431;5440.5;1
LKOH;0;20260414;184433;5440.0;2
LKOH;0;20260414;184433;5440.0;1
LKOH;0;20260414;184433;5440.0;2
LKOH;0;20260414;184433;5440.0;1
LKOH;0;20260414;184434;5439.5;1
LKOH;0;20260414;184435;5439.5;1
LKOH;0;20260414;184437;5439.5;191
LKOH;0;20260414;184437;5439.5;2
LKOH;0;20260414;184437;5439.5;1
LKOH;0;20260414;184446;5439.0;5
LKOH;0;20260414;184501;5439.0;42
LKOH;0;20260414;184501;5439.0;2
LKOH;0;20260414;184501;5439.0;30
LKOH;0;20260414;184506;5439.0;4
LKOH;0;20260414;184510;5439.0;1
LKOH;0;20260414;184519;5439.0;1
LKOH;0;20260414;184527;5438.5;2
LKOH;0;20260414;184539;5438.5;1
LKOH;0;20260414;184542;5439.0;2
LKOH;0;20260414;184547;5439.0;1
LKOH;0;20260414;184600;5439.0;1
LKOH;0;20260414;184613;5439.5;1
LKOH;0;20260414;184617;5439.0;5
LKOH;0;20260414;184621;5439.5;3
LKOH;0;20260414;184622;5439.0;50
LKOH;0;20260414;184622;5438.5;3
LKOH;0;20260414;184622;5438.5;1
LKOH;0;20260414;184622;5438.5;1
LKOH;0;20260414;184622;5438.5;2
LKOH;0;20260414;184622;5438.5;6
LKOH;0;20260414;184622;5438.5;2
LKOH;0;20260414;184622;5438.5;15
LKOH;0;20260414;184628;5438.5;1
LKOH;0;20260414;184628;5438.5;1
LKOH;0;20260414;184628;5438.5;1
LKOH;0;20260414;184628;5438.5;2
LKOH;0;20260414;184633;5438.0;1
LKOH;0;20260414;184633;5438.0;1
LKOH;0;20260414;184633;5437.5;1
LKOH;0;20260414;184633;5437.5;1
LKOH;0;20260414;184633;5437.5;18
LKOH;0;20260414;184633;5437.5;1
LKOH;0;20260414;184633;5437.5;1
LKOH;0;20260414;184633;5437.5;1
LKOH;0;20260414;184633;5437.5;1
LKOH;0;20260414;184633;5437.0;1
LKOH;0;20260414;184633;5437.0;18
LKOH;0;20260414;184633;5437.0;30
LKOH;0;20260414;184633;5436.5;1
LKOH;0;20260414;184633;5436.5;4
LKOH;0;20260414;184642;5437.5;1
LKOH;0;20260414;184645;5438.5;1
LKOH;0;20260414;184648;5437.5;1
LKOH;0;20260414;184650;5437.5;6
LKOH;0;20260414;184704;5437.0;1
LKOH;0;20260414;184727;5437.0;1
LKOH;0;20260414;184727;5437.0;1
LKOH;0;20260414;184727;5437.0;3
LKOH;0;20260414;184731;5437.0;1
LKOH;0;20260414;184731;5436.5;1
LKOH;0;20260414;184731;5436.5;18
LKOH;0;20260414;184731;5436.5;14
LKOH;0;20260414;184731;5436.5;14
LKOH;0;20260414;184731;5436.5;2
LKOH;0;20260414;184731;5436.5;2
LKOH;0;20260414;184731;5436.5;14
LKOH;0;20260414;184731;5436.0;1
LKOH;0;20260414;184731;5436.0;60
LKOH;0;20260414;184731;5436.0;18
LKOH;0;20260414;184731;5436.0;30
LKOH;0;20260414;184731;5436.0;1
LKOH;0;20260414;184731;5436.0;1
LKOH;0;20260414;184734;5436.0;1
LKOH;0;20260414;184750;5435.5;18
LKOH;0;20260414;184750;5435.5;63
LKOH;0;20260414;184750;5435.5;37
LKOH;0;20260414;184750;5435.5;18
LKOH;0;20260414;184750;5435.5;33
LKOH;0;20260414;184750;5435.5;64
LKOH;0;20260414;184750;5435.5;19
LKOH;0;20260414;184750;5435.5;28
LKOH;0;20260414;184750;5435.5;18
LKOH;0;20260414;184750;5435.5;1
LKOH;0;20260414;184750;5435.5;1
LKOH;0;20260414;184754;5435.5;1
LKOH;0;20260414;184800;5435.5;6
LKOH;0;20260414;184810;5435.0;2
LKOH;0;20260414;184811;5435.0;28
LKOH;0;20260414;184811;5435.0;1
LKOH;0;20260414;184811;5434.5;18
LKOH;0;20260414;184811;5434.5;1
LKOH;0;20260414;184813;5434.5;5
LKOH;0;20260414;184814;5434.5;3
LKOH;0;20260414;184817;5434.0;7
LKOH;0;20260414;184819;5433.5;1
LKOH;0;20260414;184828;5434.5;1
LKOH;0;20260414;184853;5434.0;1
LKOH;0;20260414;184853;5434.0;18
LKOH;0;20260414;184853;5433.5;18
LKOH;0;20260414;184853;5433.5;1
LKOH;0;20260414;184853;5433.5;2
LKOH;0;20260414;184853;5433.5;1
LKOH;0;20260414;184853;5433.5;1
LKOH;0;20260414;184853;5433.5;1
LKOH;0;20260414;184853;5433.5;5
LKOH;0;20260414;184853;5433.5;4
LKOH;0;20260414;184853;5433.0;2
LKOH;0;20260414;184853;5433.0;136
LKOH;0;20260414;184910;5434.5;5
LKOH;0;20260414;184914;5434.0;50
LKOH;0;20260414;184919;5434.5;14
LKOH;0;20260414;184947;5433.5;1
LKOH;0;20260414;184947;5433.5;18
LKOH;0;20260414;184947;5433.5;1
LKOH;0;20260414;184947;5433.5;13
LKOH;0;20260414;185000;5434.0;1
LKOH;0;20260414;185000;5434.5;2
LKOH;0;20260414;185011;5433.5;3
LKOH;0;20260414;185014;5434.5;5
LKOH;0;20260414;185020;5434.0;1
LKOH;0;20260414;185027;5434.5;1
LKOH;0;20260414;185029;5434.0;222
LKOH;0;20260414;185029;5433.5;1
LKOH;0;20260414;185029;5433.5;2
LKOH;0;20260414;185029;5433.0;1
LKOH;0;20260414;185029;5433.0;9
LKOH;0;20260414;185029;5433.0;1
LKOH;0;20260414;185039;5432.5;1
LKOH;0;20260414;185049;5433.0;5
LKOH;0;20260414;185051;5432.5;5
LKOH;0;20260414;185051;5432.5;5
LKOH;0;20260414;185058;5433.0;81
LKOH;0;20260414;185058;5433.0;1
LKOH;0;20260414;185058;5433.5;1
LKOH;0;20260414;185058;5433.5;30
LKOH;0;20260414;185058;5434.0;1
LKOH;0;20260414;185058;5434.0;30
LKOH;0;20260414;185058;5434.5;90
LKOH;0;20260414;185058;5434.5;1
LKOH;0;20260414;185058;5434.5;30
LKOH;0;20260414;185058;5434.5;45
LKOH;0;20260414;185116;5432.5;6
LKOH;0;20260414;185120;5434.0;16
LKOH;0;20260414;185123;5434.0;1
LKOH;0;20260414;185123;5434.0;1
LKOH;0;20260414;185124;5434.0;1
LKOH;0;20260414;185156;5434.0;2
LKOH;0;20260414;185201;5434.0;1
LKOH;0;20260414;185205;5432.5;1
LKOH;0;20260414;185205;5432.5;5
LKOH;0;20260414;185220;5432.5;1
LKOH;0;20260414;185220;5432.0;1
LKOH;0;20260414;185220;5432.0;1
LKOH;0;20260414;185220;5432.0;1
LKOH;0;20260414;185220;5432.0;1
LKOH;0;20260414;185220;5432.0;1
LKOH;0;20260414;185220;5432.0;1
LKOH;0;20260414;185220;5432.0;19
LKOH;0;20260414;185220;5432.0;1
LKOH;0;20260414;185220;5432.0;1
LKOH;0;20260414;185220;5432.0;1
LKOH;0;20260414;185220;5432.0;1
LKOH;0;20260414;185220;5431.5;1
LKOH;0;20260414;185220;5431.5;1
LKOH;0;20260414;185220;5431.5;1
LKOH;0;20260414;185230;5433.0;1
LKOH;0;20260414;185230;5433.5;1
LKOH;0;20260414;185230;5433.5;23
LKOH;0;20260414;185236;5433.5;3
LKOH;0;20260414;185242;5433.5;1
LKOH;0;20260414;185243;5433.0;2
LKOH;0;20260414;185243;5433.0;1
LKOH;0;20260414;185243;5433.5;2
LKOH;0;20260414;185243;5433.5;1
LKOH;0;20260414;185320;5433.5;1
LKOH;0;20260414;185341;5432.5;1
LKOH;0;20260414;185341;5432.5;1
LKOH;0;20260414;185341;5432.0;21
LKOH;0;20260414;185402;5433.5;1
LKOH;0;20260414;185413;5433.5;1
LKOH;0;20260414;185416;5434.0;10
LKOH;0;20260414;185429;5434.0;50
LKOH;0;20260414;185440;5434.0;1
LKOH;0;20260414;185440;5434.0;1
LKOH;0;20260414;185453;5434.0;1
LKOH;0;20260414;185453;5434.5;1
LKOH;0;20260414;185453;5434.5;1
LKOH;0;20260414;185453;5434.5;1
LKOH;0;20260414;185453;5434.5;2
LKOH;0;20260414;185453;5434.5;2
LKOH;0;20260414;185453;5435.0;1
LKOH;0;20260414;185453;5435.5;13
LKOH;0;20260414;185740;5431.0;3
LKOH;0;20260414;185740;5431.0;2
LKOH;0;20260414;185740;5431.0;1
LKOH;0;20260414;185740;5431.0;5
LKOH;0;20260414;185740;5431.0;1
LKOH;0;20260414;185740;5431.0;6
LKOH;0;20260414;185740;5431.0;2
LKOH;0;20260414;185811;5431.0;2
LKOH;0;20260414;185832;5431.0;1
LKOH;0;20260414;185909;5431.0;30
LKOH;0;20260414;190003;5434.5;6
LKOH;0;20260414;190011;5434.0;2
LKOH;0;20260414;190011;5434.0;17
LKOH;0;20260414;190011;5434.0;1
LKOH;0;20260414;190019;5434.0;5
LKOH;0;20260414;190039;5433.5;4
LKOH;0;20260414;190039;5433.5;1
LKOH;0;20260414;190039;5433.0;1
LKOH;0;20260414;190039;5433.0;13
LKOH;0;20260414;190039;5433.0;2
LKOH;0;20260414;190039;5433.0;1
LKOH;0;20260414;190039;5433.0;6
LKOH;0;20260414;190039;5432.5;1
LKOH;0;20260414;190039;5432.5;25
LKOH;0;20260414;190039;5432.5;1
LKOH;0;20260414;190039;5432.5;1
LKOH;0;20260414;190039;5432.0;1
LKOH;0;20260414;190039;5432.0;60
LKOH;0;20260414;190039;5432.0;157
LKOH;0;20260414;190039;5432.0;26
LKOH;0;20260414;190051;5432.0;1
LKOH;0;20260414;190057;5433.0;1
LKOH;0;20260414;190057;5432.5;3
LKOH;0;20260414;190117;5433.5;5
LKOH;0;20260414;190119;5432.5;1
LKOH;0;20260414;190120;5433.5;1
LKOH;0;20260414;190158;5432.5;1
LKOH;0;20260414;190158;5432.5;1
LKOH;0;20260414;190158;5432.5;1
LKOH;0;20260414;190158;5432.5;16
LKOH;0;20260414;190217;5432.5;8
LKOH;0;20260414;190220;5433.5;1
LKOH;0;20260414;190227;5433.5;1
LKOH;0;20260414;190239;5432.5;2
LKOH;0;20260414;190239;5432.5;3
LKOH;0;20260414;190239;5432.5;10
LKOH;0;20260414;190239;5432.5;1
LKOH;0;20260414;190302;5433.5;1
LKOH;0;20260414;190321;5432.5;2
LKOH;0;20260414;190322;5433.5;1
LKOH;0;20260414;190325;5432.5;116
LKOH;0;20260414;190325;5432.5;84
LKOH;0;20260414;190334;5432.0;1
LKOH;0;20260414;190334;5432.0;1
LKOH;0;20260414;190334;5432.0;1
LKOH;0;20260414;190337;5432.0;1
LKOH;0;20260414;190357;5433.0;1
LKOH;0;20260414;190357;5432.0;3
LKOH;0;20260414;190359;5433.0;3
LKOH;0;20260414;190422;5433.0;1
LKOH;0;20260414;190423;5433.0;1
LKOH;0;20260414;190429;5433.0;29
LKOH;0;20260414;190440;5433.0;55
LKOH;0;20260414;190440;5433.0;10
LKOH;0;20260414;190500;5433.5;1
LKOH;0;20260414;190519;5433.5;1
LKOH;0;20260414;190536;5434.0;1
LKOH;0;20260414;190545;5433.5;1
LKOH;0;20260414;190549;5434.0;1
LKOH;0;20260414;190606;5433.5;7
LKOH;0;20260414;190621;5434.0;1
LKOH;0;20260414;190625;5433.5;21
LKOH;0;20260414;190625;5433.5;1
LKOH;0;20260414;190625;5433.5;1
LKOH;0;20260414;190639;5433.5;1
LKOH;0;20260414;190644;5433.0;1
LKOH;0;20260414;190646;5433.5;1
LKOH;0;20260414;190652;5433.0;7
LKOH;0;20260414;190740;5433.0;1
LKOH;0;20260414;190752;5432.5;6
LKOH;0;20260414;190752;5432.5;1
LKOH;0;20260414;190804;5432.5;3
LKOH;0;20260414;190817;5432.0;2
LKOH;0;20260414;190819;5432.0;8
LKOH;0;20260414;190819;5432.0;1
LKOH;0;20260414;190819;5432.0;18
LKOH;0;20260414;190819;5432.0;43
LKOH;0;20260414;190820;5432.5;1
LKOH;0;20260414;190823;5432.5;1
LKOH;0;20260414;190824;5431.5;49
LKOH;0;20260414;190834;5431.0;1
LKOH;0;20260414;190834;5431.0;49
LKOH;0;20260414;190834;5431.0;50
LKOH;0;20260414;190834;5431.0;50
LKOH;0;20260414;190834;5431.0;50
LKOH;0;20260414;190834;5430.5;368
LKOH;0;20260414;190834;5430.5;18
LKOH;0;20260414;190834;5430.5;2
LKOH;0;20260414;190834;5430.5;1
LKOH;0;20260414;190834;5430.0;2
LKOH;0;20260414;190834;5430.0;1
LKOH;0;20260414;190857;5431.0;1
LKOH;0;20260414;190913;5430.5;9
LKOH;0;20260414;190915;5431.5;1
LKOH;0;20260414;190920;5430.5;12
LKOH;0;20260414;191004;5431.5;4
LKOH;0;20260414;191004;5431.0;1
LKOH;0;20260414;191004;5431.0;5
LKOH;0;20260414;191005;5432.0;1
LKOH;0;20260414;191009;5431.0;3
LKOH;0;20260414;191012;5432.0;1
LKOH;0;20260414;191026;5432.0;1
LKOH;0;20260414;191053;5431.0;8
LKOH;0;20260414;191101;5431.0;3
LKOH;0;20260414;191114;5431.0;1
LKOH;0;20260414;191114;5431.0;1
LKOH;0;20260414;191116;5431.0;16
LKOH;0;20260414;191134;5431.0;1
LKOH;0;20260414;191143;5431.5;1
LKOH;0;20260414;191148;5431.5;1
LKOH;0;20260414;191148;5431.5;1
LKOH;0;20260414;191148;5431.0;7
LKOH;0;20260414;191148;5431.0;1
LKOH;0;20260414;191148;5431.0;1
LKOH;0;20260414;191148;5431.0;5
LKOH;0;20260414;191149;5431.0;1
LKOH;0;20260414;191149;5430.5;1
LKOH;0;20260414;191149;5430.5;1
LKOH;0;20260414;191149;5430.5;1
LKOH;0;20260414;191149;5430.5;1
LKOH;0;20260414;191149;5430.0;5
LKOH;0;20260414;191149;5430.0;1
LKOH;0;20260414;191149;5430.0;2
LKOH;0;20260414;191149;5430.0;4
LKOH;0;20260414;191152;5430.0;4
LKOH;0;20260414;191152;5430.0;19
LKOH;0;20260414;191152;5430.0;7
LKOH;0;20260414;191152;5430.0;16
LKOH;0;20260414;191203;5430.0;1
LKOH;0;20260414;191204;5430.0;8
LKOH;0;20260414;191204;5430.0;17
LKOH;0;20260414;191204;5430.0;1
LKOH;0;20260414;191204;5430.0;1
LKOH;0;20260414;191204;5430.0;30
LKOH;0;20260414;191204;5430.0;50
LKOH;0;20260414;191204;5430.0;1
LKOH;0;20260414;191206;5431.0;1
LKOH;0;20260414;191211;5430.0;17
LKOH;0;20260414;191211;5430.0;1
LKOH;0;20260414;191211;5429.5;18
LKOH;0;20260414;191211;5429.5;1
LKOH;0;20260414;191218;5430.5;1
LKOH;0;20260414;191223;5429.5;1
LKOH;0;20260414;191223;5429.5;2
LKOH;0;20260414;191236;5430.0;1
LKOH;0;20260414;191236;5430.0;1
LKOH;0;20260414;191244;5429.0;1
LKOH;0;20260414;191244;5429.0;1
LKOH;0;20260414;191244;5429.0;2
LKOH;0;20260414;191244;5429.0;1
LKOH;0;20260414;191244;5429.0;18
LKOH;0;20260414;191244;5429.0;18
LKOH;0;20260414;191244;5429.0;7
LKOH;0;20260414;191244;5428.5;34
LKOH;0;20260414;191245;5428.5;3
LKOH;0;20260414;191245;5428.0;10
LKOH;0;20260414;191245;5428.0;1
LKOH;0;20260414;191245;5428.0;1
LKOH;0;20260414;191245;5428.0;1
LKOH;0;20260414;191245;5428.0;1
LKOH;0;20260414;191245;5428.0;14
LKOH;0;20260414;191245;5428.0;10
LKOH;0;20260414;191246;5428.0;26
LKOH;0;20260414;191246;5428.0;24
LKOH;0;20260414;191311;5428.5;1
LKOH;0;20260414;191311;5428.5;1
LKOH;0;20260414;191321;5428.5;1
LKOH;0;20260414;191321;5428.5;1
LKOH;0;20260414;191329;5428.0;1
LKOH;0;20260414;191329;5428.5;25
LKOH;0;20260414;191335;5429.0;3
LKOH;0;20260414;191343;5429.0;50
LKOH;0;20260414;191343;5429.0;30
LKOH;0;20260414;191343;5429.0;20
LKOH;0;20260414;191347;5429.0;1
LKOH;0;20260414;191350;5429.5;1
LKOH;0;20260414;191351;5429.5;2
LKOH;0;20260414;191405;5429.5;1
LKOH;0;20260414;191410;5429.0;8
LKOH;0;20260414;191417;5429.0;1
LKOH;0;20260414;191428;5429.0;8
LKOH;0;20260414;191428;5429.0;12
LKOH;0;20260414;191428;5429.5;6
LKOH;0;20260414;191443;5430.0;98
LKOH;0;20260414;191443;5430.0;2
LKOH;0;20260414;191448;5430.0;1
LKOH;0;20260414;191457;5430.0;1
LKOH;0;20260414;191458;5429.5;1
LKOH;0;20260414;191501;5429.5;10
LKOH;0;20260414;191501;5429.5;2
LKOH;0;20260414;191505;5430.0;2
LKOH;0;20260414;191521;5430.0;2
LKOH;0;20260414;191549;5430.5;13
LKOH;0;20260414;191549;5430.5;28
LKOH;0;20260414;191549;5430.5;2
LKOH;0;20260414;191549;5430.5;4
LKOH;0;20260414;191549;5430.5;25
LKOH;0;20260414;191608;5429.5;1
LKOH;0;20260414;191608;5429.0;10
LKOH;0;20260414;191610;5429.5;1
LKOH;0;20260414;191614;5429.0;1
LKOH;0;20260414;191614;5429.0;1
LKOH;0;20260414;191626;5429.5;1
LKOH;0;20260414;191701;5429.0;1
LKOH;0;20260414;191706;5429.0;1
LKOH;0;20260414;191706;5429.0;37
LKOH;0;20260414;191712;5429.0;3
LKOH;0;20260414;191712;5428.5;1
LKOH;0;20260414;191713;5428.5;4
LKOH;0;20260414;191727;5429.0;2
LKOH;0;20260414;191730;5428.5;21
LKOH;0;20260414;191730;5428.5;1
LKOH;0;20260414;191730;5428.5;9
LKOH;0;20260414;191730;5428.5;11
LKOH;0;20260414;191730;5428.5;1
LKOH;0;20260414;191730;5428.0;1
LKOH;0;20260414;191730;5428.0;1
LKOH;0;20260414;191730;5428.0;8
LKOH;0;20260414;191731;5428.0;29
LKOH;0;20260414;191731;5428.0;13
LKOH;0;20260414;191731;5428.0;50
LKOH;0;20260414;191736;5428.0;1
LKOH;0;20260414;191741;5427.5;1
LKOH;0;20260414;191741;5427.5;89
LKOH;0;20260414;191742;5427.5;20
LKOH;0;20260414;191805;5427.5;1
LKOH;0;20260414;191808;5428.0;13
LKOH;0;20260414;191808;5428.0;10
LKOH;0;20260414;191808;5428.0;65
LKOH;0;20260414;191808;5428.0;1
LKOH;0;20260414;191808;5428.0;50
LKOH;0;20260414;191808;5428.0;50
LKOH;0;20260414;191808;5428.0;20
LKOH;0;20260414;191808;5428.0;1
LKOH;0;20260414;191810;5427.5;5
LKOH;0;20260414;191820;5428.0;1
LKOH;0;20260414;191820;5428.0;4
LKOH;0;20260414;191820;5427.5;80
LKOH;0;20260414;191827;5428.0;10
LKOH;0;20260414;191831;5428.0;25
LKOH;0;20260414;191836;5428.0;1
LKOH;0;20260414;191836;5428.0;1
LKOH;0;20260414;191838;5428.0;1
LKOH;0;20260414;191838;5428.0;4
LKOH;0;20260414;191844;5428.5;1
LKOH;0;20260414;191859;5428.0;1
LKOH;0;20260414;191914;5428.0;1
LKOH;0;20260414;191914;5428.0;3
LKOH;0;20260414;191930;5428.0;1
LKOH;0;20260414;191940;5429.0;1
LKOH;0;20260414;191940;5429.0;2
LKOH;0;20260414;191940;5429.0;2
LKOH;0;20260414;191940;5429.5;1
LKOH;0;20260414;191940;5429.5;1
LKOH;0;20260414;191942;5428.0;26
LKOH;0;20260414;191942;5428.0;1
LKOH;0;20260414;191942;5428.0;1
LKOH;0;20260414;191942;5428.0;1
LKOH;0;20260414;191942;5427.5;12
LKOH;0;20260414;191942;5427.5;41
LKOH;0;20260414;191950;5429.0;1
LKOH;0;20260414;191950;5429.5;1
LKOH;0;20260414;191950;5429.5;1
LKOH;0;20260414;191950;5429.5;1
LKOH;0;20260414;191950;5429.5;3
LKOH;0;20260414;191950;5429.5;2
LKOH;0;20260414;191950;5429.5;5
LKOH;0;20260414;192000;5429.5;5
LKOH;0;20260414;192006;5429.5;1
LKOH;0;20260414;192011;5428.5;1
LKOH;0;20260414;192011;5428.0;1
LKOH;0;20260414;192015;5429.5;6
LKOH;0;20260414;192025;5429.5;1
LKOH;0;20260414;192053;5428.5;1
LKOH;0;20260414;192053;5428.0;9
LKOH;0;20260414;192055;5429.5;2
LKOH;0;20260414;192124;5429.0;2
LKOH;0;20260414;192132;5429.5;20
LKOH;0;20260414;192144;5429.5;1
LKOH;0;20260414;192207;5429.5;5
LKOH;0;20260414;192213;5429.5;10
LKOH;0;20260414;192213;5429.5;15
LKOH;0;20260414;192213;5429.5;30
LKOH;0;20260414;192213;5429.5;1
LKOH;0;20260414;192213;5429.5;1
LKOH;0;20260414;192232;5430.0;1
LKOH;0;20260414;192232;5430.0;1
LKOH;0;20260414;192232;5430.5;1
LKOH;0;20260414;192232;5430.5;15
LKOH;0;20260414;192232;5430.5;2
LKOH;0;20260414;192250;5430.0;2
LKOH;0;20260414;192301;5430.0;1
LKOH;0;20260414;192326;5430.0;1
LKOH;0;20260414;192349;5430.0;1
LKOH;0;20260414;192349;5430.0;1
LKOH;0;20260414;192406;5429.5;2
LKOH;0;20260414;192412;5430.5;3
LKOH;0;20260414;192428;5430.0;1
LKOH;0;20260414;192437;5429.5;2
LKOH;0;20260414;192441;5430.0;1
LKOH;0;20260414;192451;5429.5;14
LKOH;0;20260414;192457;5429.5;66
LKOH;0;20260414;192457;5429.5;30
LKOH;0;20260414;192457;5429.5;13
LKOH;0;20260414;192457;5429.5;1
LKOH;0;20260414;192457;5430.0;30
LKOH;0;20260414;192457;5430.0;1
LKOH;0;20260414;192457;5430.0;1
LKOH;0;20260414;192457;5430.0;1
LKOH;0;20260414;192457;5430.0;6
LKOH;0;20260414;192457;5430.0;7
LKOH;0;20260414;192457;5430.0;2
LKOH;0;20260414;192457;5430.0;4
LKOH;0;20260414;192457;5430.0;3
LKOH;0;20260414;192457;5430.0;2
LKOH;0;20260414;192457;5430.0;4
LKOH;0;20260414;192526;5430.5;1
LKOH;0;20260414;192526;5430.5;1
LKOH;0;20260414;192530;5430.5;1
LKOH;0;20260414;192531;5430.0;1
LKOH;0;20260414;192535;5430.0;2
LKOH;0;20260414;192542;5429.5;1
LKOH;0;20260414;192542;5429.5;8
LKOH;0;20260414;192542;5429.5;6
LKOH;0;20260414;192556;5428.0;9
LKOH;0;20260414;192556;5427.5;1
LKOH;0;20260414;192624;5428.5;1
LKOH;0;20260414;192631;5428.0;1
LKOH;0;20260414;192646;5429.0;1
LKOH;0;20260414;192646;5429.5;1
LKOH;0;20260414;192646;5429.5;3
LKOH;0;20260414;192657;5428.5;1
LKOH;0;20260414;192721;5428.5;1
LKOH;0;20260414;192734;5428.0;1
LKOH;0;20260414;192734;5427.5;45
LKOH;0;20260414;192736;5427.5;11
LKOH;0;20260414;192755;5427.5;1
LKOH;0;20260414;192758;5427.5;2
LKOH;0;20260414;192801;5427.5;48
LKOH;0;20260414;192817;5427.5;2
LKOH;0;20260414;192834;5428.0;1
LKOH;0;20260414;192837;5428.0;4
LKOH;0;20260414;192848;5427.5;1
LKOH;0;20260414;192848;5427.5;1
LKOH;0;20260414;192848;5427.5;1
LKOH;0;20260414;192848;5427.5;1
LKOH;0;20260414;192849;5427.5;1
LKOH;0;20260414;192849;5427.5;1
LKOH;0;20260414;192849;5428.0;1
LKOH;0;20260414;192849;5427.5;4
LKOH;0;20260414;192849;5427.5;13
LKOH;0;20260414;192849;5427.5;5
LKOH;0;20260414;192849;5427.5;1
LKOH;0;20260414;192849;5427.5;1
LKOH;0;20260414;192849;5427.5;5
LKOH;0;20260414;192849;5427.5;5
LKOH;0;20260414;192856;5427.5;1
LKOH;0;20260414;192856;5427.5;1
LKOH;0;20260414;192858;5427.5;1
LKOH;0;20260414;192858;5427.5;1
LKOH;0;20260414;192858;5427.5;1
LKOH;0;20260414;192858;5427.5;1
LKOH;0;20260414;192858;5427.5;1
LKOH;0;20260414;192858;5427.5;1
LKOH;0;20260414;192858;5427.5;1
LKOH;0;20260414;192858;5427.5;1
LKOH;0;20260414;192858;5427.5;1
LKOH;0;20260414;192858;5427.5;1
LKOH;0;20260414;192858;5427.5;3
LKOH;0;20260414;192858;5427.0;12
LKOH;0;20260414;192858;5427.0;3
LKOH;0;20260414;192858;5427.0;1
LKOH;0;20260414;192858;5427.0;11
LKOH;0;20260414;192858;5427.5;3
LKOH;0;20260414;192859;5427.0;1
LKOH;0;20260414;192859;5427.0;1
LKOH;0;20260414;192859;5427.0;4
LKOH;0;20260414;192859;5426.0;1
LKOH;0;20260414;192859;5426.0;2
LKOH;0;20260414;192859;5426.0;13
LKOH;0;20260414;192859;5426.0;2
LKOH;0;20260414;192859;5426.0;2
LKOH;0;20260414;192859;5426.0;1
LKOH;0;20260414;192859;5426.0;1
LKOH;0;20260414;192916;5426.0;1
LKOH;0;20260414;192916;5426.0;1
LKOH;0;20260414;192916;5426.0;1
LKOH;0;20260414;192916;5426.0;1
LKOH;0;20260414;192916;5426.0;1
LKOH;0;20260414;192916;5426.0;5
LKOH;0;20260414;192916;5426.0;1
LKOH;0;20260414;192916;5426.0;1
LKOH;0;20260414;192916;5426.0;1
LKOH;0;20260414;192916;5426.0;1
LKOH;0;20260414;192916;5426.0;1
LKOH;0;20260414;192916;5426.0;1
LKOH;0;20260414;192916;5426.0;18
LKOH;0;20260414;192916;5426.0;18
LKOH;0;20260414;192916;5426.0;1
LKOH;0;20260414;192916;5426.0;1
LKOH;0;20260414;192917;5426.0;1
LKOH;0;20260414;192917;5426.0;1
LKOH;0;20260414;192917;5426.0;9
LKOH;0;20260414;192917;5426.0;9
LKOH;0;20260414;192917;5426.0;1
LKOH;0;20260414;192917;5426.0;1
LKOH;0;20260414;192927;5426.5;11
LKOH;0;20260414;192937;5427.0;4
LKOH;0;20260414;192945;5427.5;1
LKOH;0;20260414;192957;5427.5;1
LKOH;0;20260414;193009;5426.5;1
LKOH;0;20260414;193012;5427.0;1
LKOH;0;20260414;193013;5426.5;2
LKOH;0;20260414;193015;5427.5;11
LKOH;0;20260414;193015;5427.5;1
LKOH;0;20260414;193015;5427.5;1
LKOH;0;20260414;193015;5427.5;2
LKOH;0;20260414;193015;5427.5;1
LKOH;0;20260414;193015;5427.5;1
LKOH;0;20260414;193015;5427.5;1
LKOH;0;20260414;193019;5427.5;1
LKOH;0;20260414;193038;5427.5;1
LKOH;0;20260414;193048;5427.5;10
LKOH;0;20260414;193048;5427.5;1
LKOH;0;20260414;193048;5427.5;1
LKOH;0;20260414;193048;5427.5;1
LKOH;0;20260414;193052;5427.5;7
LKOH;0;20260414;193052;5427.5;13
LKOH;0;20260414;193103;5427.0;1
LKOH;0;20260414;193110;5427.5;1
LKOH;0;20260414;193111;5427.5;1
LKOH;0;20260414;193112;5427.0;6
LKOH;0;20260414;193116;5427.0;1
LKOH;0;20260414;193116;5427.0;1
LKOH;0;20260414;193117;5426.5;1
LKOH;0;20260414;193117;5426.0;17
LKOH;0;20260414;193117;5426.0;16
LKOH;0;20260414;193121;5426.0;2
LKOH;0;20260414;193121;5426.0;2
LKOH;0;20260414;193121;5426.5;1
LKOH;0;20260414;193140;5426.0;22
LKOH;0;20260414;193140;5426.0;22
LKOH;0;20260414;193150;5426.0;4
LKOH;0;20260414;193150;5426.0;4
LKOH;0;20260414;193150;5426.0;4
LKOH;0;20260414;193150;5426.0;4
LKOH;0;20260414;193153;5426.0;4
LKOH;0;20260414;193153;5426.0;4
LKOH;0;20260414;193201;5426.0;6
LKOH;0;20260414;193217;5426.0;2
LKOH;0;20260414;193217;5426.0;2
LKOH;0;20260414;193224;5426.0;11
LKOH;0;20260414;193225;5426.0;1
LKOH;0;20260414;193227;5426.5;1
LKOH;0;20260414;193236;5426.0;5
LKOH;0;20260414;193243;5426.0;1
LKOH;0;20260414;193243;5426.0;39
LKOH;0;20260414;193246;5426.5;1
LKOH;0;20260414;193307;5426.5;1
LKOH;0;20260414;193312;5426.0;1
LKOH;0;20260414;193316;5426.5;1
LKOH;0;20260414;193349;5426.5;1
LKOH;0;20260414;193351;5426.0;77
LKOH;0;20260414;193417;5426.0;15
LKOH;0;20260414;193435;5426.5;1
LKOH;0;20260414;193453;5426.5;1
LKOH;0;20260414;193500;5426.5;2
LKOH;0;20260414;193508;5426.5;1
LKOH;0;20260414;193515;5426.0;6
LKOH;0;20260414;193600;5426.5;1
LKOH;0;20260414;193613;5426.5;1
LKOH;0;20260414;193633;5426.5;5
LKOH;0;20260414;193634;5426.0;2
LKOH;0;20260414;193634;5426.0;5
LKOH;0;20260414;193637;5426.5;1
LKOH;0;20260414;193648;5426.5;1
LKOH;0;20260414;193713;5426.0;1
LKOH;0;20260414;193714;5426.5;1
LKOH;0;20260414;193721;5426.0;2
LKOH;0;20260414;193729;5426.0;7
LKOH;0;20260414;193729;5426.0;8
LKOH;0;20260414;193729;5426.0;8
LKOH;0;20260414;193729;5426.0;5
LKOH;0;20260414;193733;5426.5;1
LKOH;0;20260414;193737;5426.5;1
LKOH;0;20260414;193740;5426.5;1
LKOH;0;20260414;193809;5426.5;3
LKOH;0;20260414;193830;5426.0;8
LKOH;0;20260414;193830;5426.0;2
LKOH;0;20260414;193830;5426.0;8
LKOH;0;20260414;193830;5426.0;2
LKOH;0;20260414;193834;5426.5;1
LKOH;0;20260414;193837;5426.0;4
LKOH;0;20260414;193837;5426.0;2
LKOH;0;20260414;193837;5426.0;2
LKOH;0;20260414;193847;5426.0;1
LKOH;0;20260414;193847;5426.0;3
LKOH;0;20260414;193858;5426.5;121
LKOH;0;20260414;193858;5426.5;222
LKOH;0;20260414;193858;5426.5;65
LKOH;0;20260414;193858;5426.5;30
LKOH;0;20260414;193858;5426.5;13
LKOH;0;20260414;193858;5426.5;49
LKOH;0;20260414;193901;5426.5;2
LKOH;0;20260414;193901;5426.5;39
LKOH;0;20260414;193906;5426.5;1
LKOH;0;20260414;193920;5426.5;1
LKOH;0;20260414;193925;5427.0;1
LKOH;0;20260414;193925;5427.0;1
LKOH;0;20260414;193945;5427.0;1
LKOH;0;20260414;193945;5427.0;1
LKOH;0;20260414;193945;5427.5;1
LKOH;0;20260414;193958;5427.5;1
LKOH;0;20260414;194004;5427.5;3
LKOH;0;20260414;194018;5427.5;1
LKOH;0;20260414;194034;5427.5;1
LKOH;0;20260414;194040;5427.0;4
LKOH;0;20260414;194040;5427.0;1
LKOH;0;20260414;194040;5427.0;3
LKOH;0;20260414;194045;5427.5;1
LKOH;0;20260414;194053;5427.0;1
LKOH;0;20260414;194053;5426.5;19
LKOH;0;20260414;194053;5426.5;14
LKOH;0;20260414;194053;5426.0;1
LKOH;0;20260414;194053;5426.0;2
LKOH;0;20260414;194053;5426.0;3
LKOH;0;20260414;194104;5426.0;15
LKOH;0;20260414;194105;5426.0;1
LKOH;0;20260414;194117;5426.0;1
LKOH;0;20260414;194120;5426.0;1
LKOH;0;20260414;194141;5425.5;1
LKOH;0;20260414;194144;5426.0;20
LKOH;0;20260414;194146;5425.5;10
LKOH;0;20260414;194148;5425.5;1
LKOH;0;20260414;194148;5426.0;1
LKOH;0;20260414;194211;5426.0;1
LKOH;0;20260414;194211;5426.0;1
LKOH;0;20260414;194222;5426.5;210
LKOH;0;20260414;194236;5426.5;1
LKOH;0;20260414;194241;5426.5;25
LKOH;0;20260414;194241;5426.5;10
LKOH;0;20260414;194332;5428.0;1
LKOH;0;20260414;194348;5428.0;50
LKOH;0;20260414;194402;5428.0;1
LKOH;0;20260414;194449;5428.0;2
LKOH;0;20260414;194509;5428.0;1
LKOH;0;20260414;194526;5428.0;1
LKOH;0;20260414;194548;5428.0;1
LKOH;0;20260414;194549;5428.0;2
LKOH;0;20260414;194605;5428.0;1
LKOH;0;20260414;194612;5428.0;1
LKOH;0;20260414;194631;5428.0;1
LKOH;0;20260414;194655;5428.0;1
LKOH;0;20260414;194704;5428.0;3
LKOH;0;20260414;194712;5428.0;1
LKOH;0;20260414;194715;5427.5;1
LKOH;0;20260414;194725;5428.0;50
LKOH;0;20260414;194736;5428.0;4
LKOH;0;20260414;194739;5427.5;1
LKOH;0;20260414;194742;5428.0;1
LKOH;0;20260414;194743;5428.0;1
LKOH;0;20260414;194752;5428.0;1
LKOH;0;20260414;194758;5427.5;1
LKOH;0;20260414;194758;5427.5;1
LKOH;0;20260414;194758;5427.5;1
LKOH;0;20260414;194758;5426.5;5
LKOH;0;20260414;194802;5426.5;1
LKOH;0;20260414;194810;5428.0;1
LKOH;0;20260414;194827;5428.0;1
LKOH;0;20260414;194833;5428.0;1
LKOH;0;20260414;194908;5426.5;5
LKOH;0;20260414;194908;5426.5;1
LKOH;0;20260414;194908;5426.5;1
LKOH;0;20260414;194916;5426.5;13
LKOH;0;20260414;194916;5426.5;3
LKOH;0;20260414;194924;5426.5;8
LKOH;0;20260414;194924;5426.5;2
LKOH;0;20260414;194924;5426.5;20
LKOH;0;20260414;194943;5427.0;1
LKOH;0;20260414;194943;5427.5;1
LKOH;0;20260414;194943;5428.0;8
LKOH;0;20260414;194943;5428.0;1
LKOH;0;20260414;194943;5428.0;18
LKOH;0;20260414;195006;5428.0;1
LKOH;0;20260414;195025;5428.0;2
LKOH;0;20260414;195032;5428.0;1
LKOH;0;20260414;195049;5427.0;30
LKOH;0;20260414;195049;5427.0;10
LKOH;0;20260414;195049;5426.5;13
LKOH;0;20260414;195049;5426.5;1
LKOH;0;20260414;195049;5426.5;3
LKOH;0;20260414;195049;5426.5;30
LKOH;0;20260414;195049;5426.5;1
LKOH;0;20260414;195049;5426.5;1
LKOH;0;20260414;195049;5426.5;1
LKOH;0;20260414;195049;5426.5;2
LKOH;0;20260414;195049;5426.5;1
LKOH;0;20260414;195049;5426.5;1
LKOH;0;20260414;195049;5426.0;1
LKOH;0;20260414;195049;5426.0;5
LKOH;0;20260414;195123;5428.0;1
LKOH;0;20260414;195127;5428.0;1
LKOH;0;20260414;195131;5427.0;2
LKOH;0;20260414;195146;5427.0;1
LKOH;0;20260414;195204;5428.0;1
LKOH;0;20260414;195215;5428.0;18
LKOH;0;20260414;195223;5428.0;52
LKOH;0;20260414;195223;5428.0;8
LKOH;0;20260414;195230;5427.5;98
LKOH;0;20260414;195235;5427.5;1
LKOH;0;20260414;195244;5428.0;1
LKOH;0;20260414;195244;5428.0;4
LKOH;0;20260414;195251;5428.5;4
LKOH;0;20260414;195304;5428.0;5
LKOH;0;20260414;195304;5428.0;1
LKOH;0;20260414;195304;5427.5;2
LKOH;0;20260414;195304;5427.5;1
LKOH;0;20260414;195304;5427.5;1
LKOH;0;20260414;195304;5427.5;1
LKOH;0;20260414;195304;5427.5;1
LKOH;0;20260414;195304;5427.5;1
LKOH;0;20260414;195304;5427.5;1
LKOH;0;20260414;195304;5427.5;14
LKOH;0;20260414;195313;5428.5;1
LKOH;0;20260414;195323;5429.0;5
LKOH;0;20260414;195337;5429.0;1
LKOH;0;20260414;195419;5429.0;4
LKOH;0;20260414;195419;5428.5;22
LKOH;0;20260414;195446;5429.0;1
LKOH;0;20260414;195456;5428.5;2
LKOH;0;20260414;195456;5428.0;1
LKOH;0;20260414;195456;5428.0;11
LKOH;0;20260414;195456;5428.0;6
LKOH;0;20260414;195456;5428.0;1
LKOH;0;20260414;195456;5428.0;1
LKOH;0;20260414;195456;5428.0;1
LKOH;0;20260414;195511;5428.0;1
LKOH;0;20260414;195545;5428.0;1
LKOH;0;20260414;195603;5428.0;1
LKOH;0;20260414;195606;5428.0;19
LKOH;0;20260414;195612;5427.5;1
LKOH;0;20260414;195612;5427.5;10
LKOH;0;20260414;195612;5427.0;1
LKOH;0;20260414;195612;5427.0;13
LKOH;0;20260414;195612;5427.0;1
LKOH;0;20260414;195612;5427.0;1
LKOH;0;20260414;195612;5427.0;1
LKOH;0;20260414;195612;5427.0;1
LKOH;0;20260414;195612;5426.5;1
LKOH;0;20260414;195612;5426.5;30
LKOH;0;20260414;195612;5426.5;40
LKOH;0;20260414;195657;5428.0;1
LKOH;0;20260414;195657;5427.0;1
LKOH;0;20260414;195704;5428.0;4
LKOH;0;20260414;195708;5427.0;1
LKOH;0;20260414;195708;5426.5;1
LKOH;0;20260414;195741;5428.0;2
LKOH;0;20260414;195748;5428.0;7
LKOH;0;20260414;195753;5427.0;1
LKOH;0;20260414;195755;5428.0;1
LKOH;0;20260414;195756;5427.0;1
LKOH;0;20260414;195756;5427.0;1
LKOH;0;20260414;195802;5427.0;1
LKOH;0;20260414;195802;5426.5;1
LKOH;0;20260414;195802;5426.5;50
LKOH;0;20260414;195802;5426.5;50
LKOH;0;20260414;195802;5426.5;1
LKOH;0;20260414;195802;5426.5;30
LKOH;0;20260414;195802;5426.5;13
LKOH;0;20260414;195802;5426.5;2
LKOH;0;20260414;195802;5426.5;2
LKOH;0;20260414;195848;5427.0;1
LKOH;0;20260414;195906;5427.5;1
LKOH;0;20260414;195955;5427.5;20
LKOH;0;20260414;200009;5427.5;1
LKOH;0;20260414;200046;5427.5;1
LKOH;0;20260414;200053;5427.5;1
LKOH;0;20260414;200058;5427.0;50
LKOH;0;20260414;200107;5427.0;1
LKOH;0;20260414;200119;5427.0;2
LKOH;0;20260414;200129;5427.0;9
LKOH;0;20260414;200135;5427.0;1
LKOH;0;20260414;200138;5427.0;25
LKOH;0;20260414;200138;5427.0;12
LKOH;0;20260414;200138;5427.0;13
LKOH;0;20260414;200150;5427.0;1
LKOH;0;20260414;200219;5427.0;1
LKOH;0;20260414;200220;5426.5;9
LKOH;0;20260414;200220;5426.5;5
LKOH;0;20260414;200220;5425.5;8
LKOH;0;20260414;200220;5425.5;1
LKOH;0;20260414;200220;5425.0;14
LKOH;0;20260414;200220;5425.0;11
LKOH;0;20260414;200220;5425.0;1
LKOH;0;20260414;200220;5425.0;1
LKOH;0;20260414;200220;5425.0;1
LKOH;0;20260414;200220;5425.0;10
LKOH;0;20260414;200220;5425.0;1
LKOH;0;20260414;200220;5425.0;2
LKOH;0;20260414;200220;5425.0;2
LKOH;0;20260414;200220;5425.0;1
LKOH;0;20260414;200220;5425.0;1
LKOH;0;20260414;200220;5425.0;1
LKOH;0;20260414;200220;5425.0;1
LKOH;0;20260414;200220;5425.0;1
LKOH;0;20260414;200220;5425.0;3
LKOH;0;20260414;200220;5425.5;1
LKOH;0;20260414;200221;5425.0;2
LKOH;0;20260414;200221;5425.0;1
LKOH;0;20260414;200221;5424.5;2
LKOH;0;20260414;200221;5424.5;5
LKOH;0;20260414;200223;5425.0;3
LKOH;0;20260414;200227;5425.0;1
LKOH;0;20260414;200232;5424.0;3
LKOH;0;20260414;200232;5424.0;7
LKOH;0;20260414;200232;5424.0;1
LKOH;0;20260414;200232;5424.0;1
LKOH;0;20260414;200232;5424.0;2
LKOH;0;20260414;200232;5424.0;2
LKOH;0;20260414;200232;5424.0;2
LKOH;0;20260414;200232;5424.0;1
LKOH;0;20260414;200232;5424.0;1
LKOH;0;20260414;200232;5424.0;1
LKOH;0;20260414;200232;5423.5;1
LKOH;0;20260414;200232;5423.5;1
LKOH;0;20260414;200235;5424.0;1
LKOH;0;20260414;200242;5424.0;1
LKOH;0;20260414;200243;5424.0;1
LKOH;0;20260414;200245;5424.0;1
LKOH;0;20260414;200247;5424.0;1
LKOH;0;20260414;200248;5424.0;1
LKOH;0;20260414;200252;5423.5;40
LKOH;0;20260414;200252;5423.5;10
LKOH;0;20260414;200252;5423.5;18
LKOH;0;20260414;200252;5423.5;7
LKOH;0;20260414;200252;5423.5;5
LKOH;0;20260414;200303;5423.5;13
LKOH;0;20260414;200303;5423.5;13
LKOH;0;20260414;200303;5423.5;1
LKOH;0;20260414;200303;5423.5;1
LKOH;0;20260414;200314;5423.0;1
LKOH;0;20260414;200314;5423.5;7
LKOH;0;20260414;200317;5423.5;7
LKOH;0;20260414;200341;5423.0;4
LKOH;0;20260414;200341;5423.0;1
LKOH;0;20260414;200341;5423.0;115
LKOH;0;20260414;200356;5423.5;2
LKOH;0;20260414;200403;5423.5;1
LKOH;0;20260414;200407;5423.5;1
LKOH;0;20260414;200409;5423.5;1
LKOH;0;20260414;200411;5423.5;10
LKOH;0;20260414;200419;5423.5;1
LKOH;0;20260414;200424;5423.5;1
LKOH;0;20260414;200427;5423.0;1
LKOH;0;20260414;200427;5423.5;1
LKOH;0;20260414;200431;5423.0;1
LKOH;0;20260414;200433;5423.0;1
LKOH;0;20260414;200443;5423.5;3
LKOH;0;20260414;200444;5423.5;1
LKOH;0;20260414;200455;5423.5;1
LKOH;0;20260414;200505;5423.5;1
LKOH;0;20260414;200515;5423.0;1
LKOH;0;20260414;200529;5423.5;1
LKOH;0;20260414;200542;5423.5;1
LKOH;0;20260414;200555;5423.0;1
LKOH;0;20260414;200602;5423.5;1
LKOH;0;20260414;200619;5423.5;3
LKOH;0;20260414;200622;5423.0;3
LKOH;0;20260414;200622;5423.5;1
LKOH;0;20260414;200622;5423.5;16
LKOH;0;20260414;200708;5424.0;8
LKOH;0;20260414;200708;5424.0;1
LKOH;0;20260414;200708;5424.0;6
LKOH;0;20260414;200715;5424.5;1
LKOH;0;20260414;200716;5424.5;3
LKOH;0;20260414;200728;5423.5;3
LKOH;0;20260414;200732;5424.0;2
LKOH;0;20260414;200745;5423.5;1
LKOH;0;20260414;200751;5424.5;1
LKOH;0;20260414;200809;5424.5;4
LKOH;0;20260414;200810;5424.0;18
LKOH;0;20260414;200810;5424.0;1
LKOH;0;20260414;200816;5424.5;2
LKOH;0;20260414;200821;5424.5;11
LKOH;0;20260414;200822;5424.5;1
LKOH;0;20260414;200826;5424.5;1
LKOH;0;20260414;200901;5424.0;1
LKOH;0;20260414;200907;5424.5;1
LKOH;0;20260414;200918;5423.5;1
LKOH;0;20260414;200918;5423.5;1
LKOH;0;20260414;200918;5423.5;1
LKOH;0;20260414;200918;5423.5;1
LKOH;0;20260414;200918;5423.0;44
LKOH;0;20260414;200919;5424.5;15
LKOH;0;20260414;200923;5424.5;1
LKOH;0;20260414;200933;5424.5;3
LKOH;0;20260414;200935;5424.5;2
LKOH;0;20260414;200935;5424.5;1
LKOH;0;20260414;200952;5424.0;1
LKOH;0;20260414;200952;5424.0;1
LKOH;0;20260414;201004;5424.5;2
LKOH;0;20260414;201018;5424.0;1
LKOH;0;20260414;201018;5424.0;1
LKOH;0;20260414;201126;5423.5;1
LKOH;0;20260414;201126;5423.5;1
LKOH;0;20260414;201134;5423.5;1
LKOH;0;20260414;201139;5423.5;1
LKOH;0;20260414;201150;5424.0;6
LKOH;0;20260414;201150;5424.0;4
LKOH;0;20260414;201201;5424.0;1
LKOH;0;20260414;201205;5424.0;1
LKOH;0;20260414;201209;5424.0;1
LKOH;0;20260414;201214;5424.0;1
LKOH;0;20260414;201234;5424.5;45
LKOH;0;20260414;201251;5424.5;1
LKOH;0;20260414;201252;5424.0;1
LKOH;0;20260414;201255;5424.5;1
LKOH;0;20260414;201316;5424.5;80
LKOH;0;20260414;201320;5424.5;6
LKOH;0;20260414;201331;5424.5;50
LKOH;0;20260414;201331;5424.5;1
LKOH;0;20260414;201349;5424.0;6
LKOH;0;20260414;201349;5424.0;1
LKOH;0;20260414;201349;5424.0;3
LKOH;0;20260414;201412;5424.0;1
LKOH;0;20260414;201427;5424.0;1
LKOH;0;20260414;201439;5424.0;1
LKOH;0;20260414;201451;5424.5;1
LKOH;0;20260414;201457;5424.5;1
LKOH;0;20260414;201457;5424.5;1
LKOH;0;20260414;201505;5424.0;2
LKOH;0;20260414;201506;5424.0;2
LKOH;0;20260414;201515;5424.5;2
LKOH;0;20260414;201524;5424.5;31
LKOH;0;20260414;201524;5424.5;53
LKOH;0;20260414;201526;5424.0;8
LKOH;0;20260414;201526;5424.0;1
LKOH;0;20260414;201544;5424.0;2
LKOH;0;20260414;201546;5423.5;1
LKOH;0;20260414;201554;5424.0;1
LKOH;0;20260414;201556;5424.5;1
LKOH;0;20260414;201601;5424.5;1
LKOH;0;20260414;201609;5424.5;1
LKOH;0;20260414;201623;5424.5;1
LKOH;0;20260414;201652;5424.5;1
LKOH;0;20260414;201653;5424.5;62
LKOH;0;20260414;201653;5424.5;222
LKOH;0;20260414;201653;5425.0;30
LKOH;0;20260414;201653;5425.0;1
LKOH;0;20260414;201708;5425.5;1
LKOH;0;20260414;201708;5425.5;1
LKOH;0;20260414;201714;5427.0;2
LKOH;0;20260414;201726;5426.0;1
LKOH;0;20260414;201728;5425.5;1
LKOH;0;20260414;201855;5426.0;95
LKOH;0;20260414;201858;5426.0;1
LKOH;0;20260414;201914;5426.0;2
LKOH;0;20260414;201928;5426.0;1
LKOH;0;20260414;201931;5426.0;8
LKOH;0;20260414;201939;5426.0;1
LKOH;0;20260414;201953;5426.0;1
LKOH;0;20260414;202025;5426.0;3
LKOH;0;20260414;202032;5425.5;1
LKOH;0;20260414;202032;5425.5;1
LKOH;0;20260414;202032;5425.5;1
LKOH;0;20260414;202032;5425.5;3
LKOH;0;20260414;202032;5426.0;1
LKOH;0;20260414;202101;5426.0;1
LKOH;0;20260414;202129;5426.0;4
LKOH;0;20260414;202139;5426.0;1
LKOH;0;20260414;202140;5426.0;1
LKOH;0;20260414;202147;5426.0;4
LKOH;0;20260414;202153;5426.0;3
LKOH;0;20260414;202156;5425.5;6
LKOH;0;20260414;202230;5426.0;1
LKOH;0;20260414;202236;5426.0;1
LKOH;0;20260414;202243;5425.5;2
LKOH;0;20260414;202249;5425.5;50
LKOH;0;20260414;202301;5425.5;3
LKOH;0;20260414;202301;5425.5;3
LKOH;0;20260414;202301;5425.5;2
LKOH;0;20260414;202301;5425.5;2
LKOH;0;20260414;202301;5425.5;28
LKOH;0;20260414;202301;5425.0;50
LKOH;0;20260414;202301;5425.0;2
LKOH;0;20260414;202301;5425.5;1
LKOH;0;20260414;202305;5425.5;3
LKOH;0;20260414;202310;5425.0;1
LKOH;0;20260414;202346;5425.5;1
LKOH;0;20260414;202420;5425.5;2
LKOH;0;20260414;202425;5425.5;1
LKOH;0;20260414;202436;5425.5;2
LKOH;0;20260414;202440;5425.0;20
LKOH;0;20260414;202450;5425.0;7
LKOH;0;20260414;202453;5425.5;1
LKOH;0;20260414;202550;5425.0;7
LKOH;0;20260414;202630;5425.5;1
LKOH;0;20260414;202703;5426.0;1
LKOH;0;20260414;202704;5426.0;1
LKOH;0;20260414;202708;5425.5;1
LKOH;0;20260414;202710;5425.5;1
LKOH;0;20260414;202715;5425.5;8
LKOH;0;20260414;202721;5425.5;30
LKOH;0;20260414;202751;5425.0;1
LKOH;0;20260414;202803;5426.0;1
LKOH;0;20260414;202836;5425.5;30
LKOH;0;20260414;202836;5425.5;62
LKOH;0;20260414;202836;5425.5;1
LKOH;0;20260414;202836;5425.5;51
LKOH;0;20260414;202836;5425.5;18
LKOH;0;20260414;202836;5425.5;35
LKOH;0;20260414;202836;5425.5;11
LKOH;0;20260414;202836;5425.0;11
LKOH;0;20260414;202836;5425.0;1
LKOH;0;20260414;202836;5425.0;1
LKOH;0;20260414;202836;5425.0;1
LKOH;0;20260414;202836;5425.0;1
LKOH;0;20260414;202836;5425.0;1
LKOH;0;20260414;202836;5425.0;1
LKOH;0;20260414;202836;5425.0;30
LKOH;0;20260414;202836;5425.0;1
LKOH;0;20260414;202836;5425.0;1
LKOH;0;20260414;202836;5425.0;1
LKOH;0;20260414;202836;5425.0;1
LKOH;0;20260414;202836;5425.0;1
LKOH;0;20260414;202836;5425.0;1
LKOH;0;20260414;202851;5424.5;1
LKOH;0;20260414;202851;5424.5;1
LKOH;0;20260414;202851;5424.5;1
LKOH;0;20260414;202851;5424.0;1
LKOH;0;20260414;202851;5424.5;1
LKOH;0;20260414;202900;5424.5;3
LKOH;0;20260414;202911;5424.0;118
LKOH;0;20260414;202911;5424.0;2
LKOH;0;20260414;202911;5424.0;1
LKOH;0;20260414;202911;5424.0;14
LKOH;0;20260414;202911;5424.0;117
LKOH;0;20260414;202911;5424.0;62
LKOH;0;20260414;202911;5424.0;28
LKOH;0;20260414;202921;5423.5;1
LKOH;0;20260414;202921;5423.5;47
LKOH;0;20260414;202927;5424.5;9
LKOH;0;20260414;202931;5423.5;1
LKOH;0;20260414;202941;5423.5;1
LKOH;0;20260414;202945;5424.5;1
LKOH;0;20260414;203003;5424.5;18
LKOH;0;20260414;203023;5424.5;30
LKOH;0;20260414;203026;5424.5;1
LKOH;0;20260414;203031;5424.0;25
LKOH;0;20260414;203031;5424.0;13
LKOH;0;20260414;203036;5423.5;1
LKOH;0;20260414;203036;5424.0;3
LKOH;0;20260414;203049;5424.0;1
LKOH;0;20260414;203102;5424.0;10
LKOH;0;20260414;203108;5423.5;11
LKOH;0;20260414;203118;5423.5;1
LKOH;0;20260414;203134;5424.0;32
LKOH;0;20260414;203134;5424.0;10
LKOH;0;20260414;203134;5424.0;47
LKOH;0;20260414;203153;5423.5;138
LKOH;0;20260414;203153;5423.5;1
LKOH;0;20260414;203153;5423.5;1
LKOH;0;20260414;203153;5423.5;8
LKOH;0;20260414;203153;5423.5;8
LKOH;0;20260414;203153;5423.0;133
LKOH;0;20260414;203153;5423.0;1
LKOH;0;20260414;203153;5423.0;6
LKOH;0;20260414;203153;5423.0;1
LKOH;0;20260414;203153;5423.0;3
LKOH;0;20260414;203154;5423.5;30
LKOH;0;20260414;203154;5423.5;5
LKOH;0;20260414;203203;5423.5;1
LKOH;0;20260414;203204;5423.5;5
LKOH;0;20260414;203209;5423.5;1
LKOH;0;20260414;203238;5423.5;7
LKOH;0;20260414;203247;5423.0;1
LKOH;0;20260414;203250;5423.0;6
LKOH;0;20260414;203311;5423.0;8
LKOH;0;20260414;203316;5423.0;4
LKOH;0;20260414;203317;5423.0;1
LKOH;0;20260414;203327;5423.5;1
LKOH;0;20260414;203341;5423.0;3
LKOH;0;20260414;203419;5423.5;1
LKOH;0;20260414;203424;5423.0;24
LKOH;0;20260414;203424;5423.0;9
LKOH;0;20260414;203424;5423.0;15
LKOH;0;20260414;203431;5423.0;252
LKOH;0;20260414;203431;5423.0;252
LKOH;0;20260414;203431;5423.0;55
LKOH;0;20260414;203431;5423.0;1
LKOH;0;20260414;203435;5423.0;6
LKOH;0;20260414;203441;5423.0;1
LKOH;0;20260414;203443;5422.5;1
LKOH;0;20260414;203454;5423.0;2
LKOH;0;20260414;203501;5423.0;1
LKOH;0;20260414;203543;5423.0;1
LKOH;0;20260414;203554;5423.0;9
LKOH;0;20260414;203554;5423.5;11
LKOH;0;20260414;203606;5422.5;1
LKOH;0;20260414;203617;5423.5;4
LKOH;0;20260414;203634;5422.5;6
LKOH;0;20260414;203634;5422.5;1
LKOH;0;20260414;203634;5422.5;5
LKOH;0;20260414;203644;5422.5;1
LKOH;0;20260414;203648;5423.0;2
LKOH;0;20260414;203700;5423.0;1
LKOH;0;20260414;203711;5423.0;1
LKOH;0;20260414;203719;5422.5;2
LKOH;0;20260414;203742;5423.0;6
LKOH;0;20260414;203742;5423.0;4
LKOH;0;20260414;203801;5422.5;2
LKOH;0;20260414;203804;5423.5;1
LKOH;0;20260414;203808;5423.5;1
LKOH;0;20260414;203811;5423.5;1
LKOH;0;20260414;203836;5423.0;1
LKOH;0;20260414;203913;5422.5;50
LKOH;0;20260414;203932;5423.0;2
LKOH;0;20260414;203937;5423.0;1
LKOH;0;20260414;203956;5423.0;80
LKOH;0;20260414;204002;5422.5;1
LKOH;0;20260414;204016;5423.0;1
LKOH;0;20260414;204023;5423.0;2
LKOH;0;20260414;204025;5423.0;2
LKOH;0;20260414;204054;5423.0;9
LKOH;0;20260414;204105;5423.5;1
LKOH;0;20260414;204113;5423.5;50
LKOH;0;20260414;204120;5423.5;1
LKOH;0;20260414;204201;5423.0;1
LKOH;0;20260414;204209;5423.0;45
LKOH;0;20260414;204209;5422.5;5
LKOH;0;20260414;204209;5422.5;1
LKOH;0;20260414;204212;5423.5;1
LKOH;0;20260414;204214;5422.5;33
LKOH;0;20260414;204214;5422.5;1
LKOH;0;20260414;204214;5422.5;2
LKOH;0;20260414;204214;5422.5;1
LKOH;0;20260414;204214;5422.5;1
LKOH;0;20260414;204214;5422.5;8
LKOH;0;20260414;204214;5422.5;8
LKOH;0;20260414;204214;5422.5;8
LKOH;0;20260414;204214;5422.5;8
LKOH;0;20260414;204214;5422.0;1
LKOH;0;20260414;204216;5422.0;1
LKOH;0;20260414;204216;5422.0;1
LKOH;0;20260414;204216;5422.0;1
LKOH;0;20260414;204218;5422.0;9
LKOH;0;20260414;204226;5422.0;1
LKOH;0;20260414;204241;5422.0;137
LKOH;0;20260414;204241;5422.0;4
LKOH;0;20260414;204241;5422.0;1
LKOH;0;20260414;204241;5422.0;7
LKOH;0;20260414;204241;5422.0;2
LKOH;0;20260414;204241;5422.0;2
LKOH;0;20260414;204241;5422.0;8
LKOH;0;20260414;204241;5422.0;8
LKOH;0;20260414;204241;5422.0;8
LKOH;0;20260414;204241;5422.0;8
LKOH;0;20260414;204253;5422.0;1
LKOH;0;20260414;204329;5422.0;1
LKOH;0;20260414;204334;5421.5;2
LKOH;0;20260414;204337;5421.5;5
LKOH;0;20260414;204342;5422.0;1
LKOH;0;20260414;204359;5421.5;1
LKOH;0;20260414;204402;5422.0;5
LKOH;0;20260414;204405;5422.0;2
LKOH;0;20260414;204412;5421.5;130
LKOH;0;20260414;204412;5422.0;1
LKOH;0;20260414;204415;5422.0;1
LKOH;0;20260414;204417;5422.0;6
LKOH;0;20260414;204417;5422.0;6
LKOH;0;20260414;204430;5422.0;3
LKOH;0;20260414;204442;5422.0;6
LKOH;0;20260414;204442;5422.0;3
LKOH;0;20260414;204454;5421.5;10
LKOH;0;20260414;204505;5421.5;3
LKOH;0;20260414;204506;5422.0;2
LKOH;0;20260414;204511;5421.5;20
LKOH;0;20260414;204545;5422.0;1
LKOH;0;20260414;204546;5421.5;1
LKOH;0;20260414;204609;5421.5;1
LKOH;0;20260414;204610;5421.5;27
LKOH;0;20260414;204610;5421.5;7
LKOH;0;20260414;204621;5421.5;1
LKOH;0;20260414;204639;5421.0;1
LKOH;0;20260414;204640;5421.5;1
LKOH;0;20260414;204656;5421.5;1
LKOH;0;20260414;204707;5421.0;1
LKOH;0;20260414;204721;5421.5;1
LKOH;0;20260414;204735;5421.0;2
LKOH;0;20260414;204736;5421.5;10
LKOH;0;20260414;204740;5421.5;2
LKOH;0;20260414;204740;5421.5;2
LKOH;0;20260414;204742;5421.0;3
LKOH;0;20260414;204805;5421.5;4
LKOH;0;20260414;204818;5421.5;3
LKOH;0;20260414;204825;5421.5;100
LKOH;0;20260414;204833;5421.5;9
LKOH;0;20260414;204837;5421.5;3
LKOH;0;20260414;204843;5421.0;2
LKOH;0;20260414;204851;5421.5;3
LKOH;0;20260414;204919;5421.0;2
LKOH;0;20260414;204921;5421.0;1
LKOH;0;20260414;204948;5422.0;2
LKOH;0;20260414;204956;5421.5;2
LKOH;0;20260414;205017;5422.0;4
LKOH;0;20260414;205017;5422.0;2
LKOH;0;20260414;205017;5422.0;4
LKOH;0;20260414;205027;5421.5;2
LKOH;0;20260414;205027;5421.5;8
LKOH;0;20260414;205027;5421.5;8
LKOH;0;20260414;205027;5421.5;1
LKOH;0;20260414;205027;5421.5;11
LKOH;0;20260414;205027;5421.0;5
LKOH;0;20260414;205052;5422.0;1
LKOH;0;20260414;205125;5421.5;10
LKOH;0;20260414;205132;5421.5;1
LKOH;0;20260414;205132;5421.5;3
LKOH;0;20260414;205145;5421.5;5
LKOH;0;20260414;205147;5421.5;1
LKOH;0;20260414;205213;5421.5;8
LKOH;0;20260414;205213;5421.5;12
LKOH;0;20260414;205213;5421.5;8
LKOH;0;20260414;205213;5421.5;8
LKOH;0;20260414;205213;5421.5;8
LKOH;0;20260414;205213;5421.0;130
LKOH;0;20260414;205213;5421.0;2
LKOH;0;20260414;205213;5421.0;100
LKOH;0;20260414;205213;5421.0;2
LKOH;0;20260414;205213;5421.0;2
LKOH;0;20260414;205213;5421.0;5
LKOH;0;20260414;205213;5421.0;5
LKOH;0;20260414;205213;5421.0;10
LKOH;0;20260414;205213;5421.0;32
LKOH;0;20260414;205216;5421.0;1
LKOH;0;20260414;205332;5422.0;7
LKOH;0;20260414;205337;5422.0;1
LKOH;0;20260414;205337;5422.0;1
LKOH;0;20260414;205344;5422.0;1
LKOH;0;20260414;205402;5422.0;2
LKOH;0;20260414;205417;5421.5;1
LKOH;0;20260414;205421;5421.5;4
LKOH;0;20260414;205421;5421.5;9
LKOH;0;20260414;205421;5421.5;1
LKOH;0;20260414;205421;5421.5;5
LKOH;0;20260414;205421;5421.5;8
LKOH;0;20260414;205421;5421.5;3
LKOH;0;20260414;205421;5421.5;1
LKOH;0;20260414;205421;5421.5;1
LKOH;0;20260414;205426;5421.0;1
LKOH;0;20260414;205440;5421.5;8
LKOH;0;20260414;205445;5421.5;5
LKOH;0;20260414;205504;5421.5;30
LKOH;0;20260414;205516;5421.5;1
LKOH;0;20260414;205523;5422.0;100
LKOH;0;20260414;205525;5422.0;1
LKOH;0;20260414;205527;5422.0;1
LKOH;0;20260414;205532;5421.5;25
LKOH;0;20260414;205532;5421.5;12
LKOH;0;20260414;205532;5421.5;30
LKOH;0;20260414;205532;5421.5;2
LKOH;0;20260414;205534;5421.5;1
LKOH;0;20260414;205538;5421.5;1
LKOH;0;20260414;205601;5421.5;1
LKOH;0;20260414;205602;5421.5;6
LKOH;0;20260414;205620;5421.5;1
LKOH;0;20260414;205635;5421.0;1
LKOH;0;20260414;205702;5421.5;1
LKOH;0;20260414;205713;5421.0;4
LKOH;0;20260414;205717;5421.5;2
LKOH;0;20260414;205734;5421.0;2
LKOH;0;20260414;205744;5421.0;2
LKOH;0;20260414;205805;5421.0;10
LKOH;0;20260414;205812;5421.0;97
LKOH;0;20260414;205812;5421.0;1
LKOH;0;20260414;205812;5421.0;1
LKOH;0;20260414;205812;5421.0;17
LKOH;0;20260414;205812;5421.0;1
LKOH;0;20260414;205812;5421.0;2
LKOH;0;20260414;205812;5421.0;1
LKOH;0;20260414;205812;5421.0;1
LKOH;0;20260414;205812;5421.0;35
LKOH;0;20260414;205812;5421.0;1
LKOH;0;20260414;205812;5421.0;1
LKOH;0;20260414;205812;5421.0;9
LKOH;0;20260414;205812;5421.0;8
LKOH;0;20260414;205812;5421.0;8
LKOH;0;20260414;205812;5421.0;8
LKOH;0;20260414;205812;5421.0;8
LKOH;0;20260414;205812;5421.0;1
LKOH;0;20260414;205812;5421.0;1
LKOH;0;20260414;205812;5421.0;8
LKOH;0;20260414;205812;5421.0;8
LKOH;0;20260414;205812;5421.0;8
LKOH;0;20260414;205812;5421.0;8
LKOH;0;20260414;205812;5421.0;8
LKOH;0;20260414;205812;5421.0;8
LKOH;0;20260414;205812;5421.0;3
LKOH;0;20260414;205812;5421.0;5
LKOH;0;20260414;205812;5421.0;8
LKOH;0;20260414;205812;5421.0;8
LKOH;0;20260414;205812;5421.0;8
LKOH;0;20260414;205812;5421.0;22
LKOH;0;20260414;205812;5421.0;25
LKOH;0;20260414;205812;5421.0;2
LKOH;0;20260414;205812;5421.0;1
LKOH;0;20260414;205841;5420.5;1
LKOH;0;20260414;205855;5421.0;6
LKOH;0;20260414;205905;5421.0;1
LKOH;0;20260414;205940;5421.0;1
LKOH;0;20260414;205942;5421.0;2
LKOH;0;20260414;205945;5421.0;3
LKOH;0;20260414;205955;5420.5;3
LKOH;0;20260414;210005;5421.0;1
LKOH;0;20260414;210012;5420.5;6
LKOH;0;20260414;210012;5420.5;246
LKOH;0;20260414;210012;5420.5;252
LKOH;0;20260414;210012;5420.5;178
LKOH;0;20260414;210013;5421.0;1
LKOH;0;20260414;210018;5421.0;2
LKOH;0;20260414;210037;5421.0;80
LKOH;0;20260414;210041;5421.0;18
LKOH;0;20260414;210052;5421.0;100
LKOH;0;20260414;210111;5421.0;4
LKOH;0;20260414;210111;5421.0;2
LKOH;0;20260414;210124;5421.0;1
LKOH;0;20260414;210124;5421.0;10
LKOH;0;20260414;210124;5421.0;3
LKOH;0;20260414;210135;5421.5;2
LKOH;0;20260414;210150;5421.5;86
LKOH;0;20260414;210159;5421.0;1
LKOH;0;20260414;210205;5421.0;1
LKOH;0;20260414;210207;5421.0;3
LKOH;0;20260414;210208;5421.0;1
LKOH;0;20260414;210219;5421.0;1
LKOH;0;20260414;210235;5421.0;1
LKOH;0;20260414;210235;5421.5;3
LKOH;0;20260414;210246;5421.0;1
LKOH;0;20260414;210255;5421.0;2
LKOH;0;20260414;210310;5420.5;1
LKOH;0;20260414;210310;5421.0;1
LKOH;0;20260414;210311;5421.0;1
LKOH;0;20260414;210400;5421.5;2
LKOH;0;20260414;210410;5421.0;1
LKOH;0;20260414;210434;5421.0;2
LKOH;0;20260414;210439;5421.5;5
LKOH;0;20260414;210447;5421.5;1
LKOH;0;20260414;210449;5421.5;1
LKOH;0;20260414;210502;5421.5;1
LKOH;0;20260414;210504;5421.5;114
LKOH;0;20260414;210520;5421.0;1
LKOH;0;20260414;210531;5421.5;1
LKOH;0;20260414;210546;5421.5;10
LKOH;0;20260414;210550;5421.5;3
LKOH;0;20260414;210550;5421.0;46
LKOH;0;20260414;210555;5421.0;18
LKOH;0;20260414;210559;5421.5;40
LKOH;0;20260414;210602;5421.5;1
LKOH;0;20260414;210607;5421.5;2
LKOH;0;20260414;210610;5421.0;1
LKOH;0;20260414;210621;5421.5;100
LKOH;0;20260414;210623;5421.5;1
LKOH;0;20260414;210635;5421.5;1
LKOH;0;20260414;210638;5421.5;2
LKOH;0;20260414;210641;5421.0;5
LKOH;0;20260414;210646;5421.5;2
LKOH;0;20260414;210655;5421.0;3
LKOH;0;20260414;210708;5421.5;5
LKOH;0;20260414;210735;5421.5;1
LKOH;0;20260414;210737;5421.0;13
LKOH;0;20260414;210737;5421.0;13
LKOH;0;20260414;210807;5421.0;25
LKOH;0;20260414;210807;5421.0;25
LKOH;0;20260414;210832;5421.0;13
LKOH;0;20260414;210832;5421.0;13
LKOH;0;20260414;210835;5421.5;3
LKOH;0;20260414;210842;5421.0;1
LKOH;0;20260414;210846;5421.0;21
LKOH;0;20260414;210847;5421.0;1
LKOH;0;20260414;210851;5421.5;1
LKOH;0;20260414;210900;5421.0;7
LKOH;0;20260414;210907;5421.5;29
LKOH;0;20260414;210911;5421.0;2
LKOH;0;20260414;210916;5421.0;24
LKOH;0;20260414;210916;5421.0;15
LKOH;0;20260414;210916;5421.0;3
LKOH;0;20260414;210916;5421.0;6
LKOH;0;20260414;210916;5421.0;26
LKOH;0;20260414;210916;5421.0;26
LKOH;0;20260414;210922;5421.0;17
LKOH;0;20260414;210922;5421.0;17
LKOH;0;20260414;210927;5421.0;8
LKOH;0;20260414;210927;5421.0;8
LKOH;0;20260414;210932;5421.0;13
LKOH;0;20260414;210932;5421.0;13
LKOH;0;20260414;210933;5421.0;4
LKOH;0;20260414;210933;5421.0;4
LKOH;0;20260414;210933;5421.0;8
LKOH;0;20260414;210933;5421.0;8
LKOH;0;20260414;210933;5421.0;12
LKOH;0;20260414;210933;5421.0;12
LKOH;0;20260414;210947;5421.5;1
LKOH;0;20260414;211013;5421.5;18
LKOH;0;20260414;211027;5421.5;25
LKOH;0;20260414;211030;5421.0;1
LKOH;0;20260414;211045;5421.5;2
LKOH;0;20260414;211106;5421.5;1
LKOH;0;20260414;211108;5421.0;3
LKOH;0;20260414;211109;5421.5;2
LKOH;0;20260414;211117;5421.5;20
LKOH;0;20260414;211123;5421.0;1
LKOH;0;20260414;211123;5421.0;8
LKOH;0;20260414;211126;5421.0;2
LKOH;0;20260414;211126;5421.0;1
LKOH;0;20260414;211131;5421.5;1
LKOH;0;20260414;211157;5421.5;1
LKOH;0;20260414;211202;5421.5;2
LKOH;0;20260414;211212;5421.5;30
LKOH;0;20260414;211218;5421.5;1
LKOH;0;20260414;211246;5421.5;1
LKOH;0;20260414;211315;5421.0;1
LKOH;0;20260414;211319;5421.5;1
LKOH;0;20260414;211327;5421.5;1
LKOH;0;20260414;211331;5421.5;1
LKOH;0;20260414;211355;5421.5;45
LKOH;0;20260414;211402;5421.5;25
LKOH;0;20260414;211404;5421.5;2
LKOH;0;20260414;211410;5421.5;1
LKOH;0;20260414;211412;5422.0;1
LKOH;0;20260414;211412;5422.0;13
LKOH;0;20260414;211454;5422.0;1
LKOH;0;20260414;211459;5422.0;38
LKOH;0;20260414;211503;5422.0;1
LKOH;0;20260414;211505;5422.0;169
LKOH;0;20260414;211505;5423.5;30
LKOH;0;20260414;211505;5423.5;46
LKOH;0;20260414;211505;5423.5;1
LKOH;0;20260414;211505;5423.5;71
LKOH;0;20260414;211505;5423.5;118
LKOH;0;20260414;211505;5424.0;50
LKOH;0;20260414;211505;5424.0;1
LKOH;0;20260414;211505;5424.0;30
LKOH;0;20260414;211505;5424.5;20
LKOH;0;20260414;211505;5424.5;50
LKOH;0;20260414;211505;5424.5;60
LKOH;0;20260414;211505;5424.5;1
LKOH;0;20260414;211505;5424.5;30
LKOH;0;20260414;211505;5424.5;25
LKOH;0;20260414;211514;5425.0;1
LKOH;0;20260414;211541;5424.5;15
LKOH;0;20260414;211545;5425.0;1
LKOH;0;20260414;211551;5424.5;2
LKOH;0;20260414;211551;5425.0;1
LKOH;0;20260414;211611;5425.0;9
LKOH;0;20260414;211633;5424.5;2
LKOH;0;20260414;211633;5424.5;2
LKOH;0;20260414;211633;5424.5;11
LKOH;0;20260414;211633;5424.5;13
LKOH;0;20260414;211633;5424.5;2
LKOH;0;20260414;211633;5424.5;3
LKOH;0;20260414;211633;5424.5;3
LKOH;0;20260414;211633;5424.5;2
LKOH;0;20260414;211633;5424.5;2
LKOH;0;20260414;211644;5425.0;1
LKOH;0;20260414;211646;5425.0;1
LKOH;0;20260414;211737;5425.0;3
LKOH;0;20260414;211741;5425.0;3
LKOH;0;20260414;211749;5425.0;2
LKOH;0;20260414;211753;5424.5;20
LKOH;0;20260414;211813;5425.0;1
LKOH;0;20260414;211814;5425.0;37
LKOH;0;20260414;211819;5425.0;2
LKOH;0;20260414;211820;5424.5;2
LKOH;0;20260414;211836;5425.0;1
LKOH;0;20260414;211837;5425.0;1
LKOH;0;20260414;211854;5424.5;1
LKOH;0;20260414;211903;5425.0;1
LKOH;0;20260414;211904;5425.0;37
LKOH;0;20260414;211907;5425.0;17
LKOH;0;20260414;211918;5425.0;200
LKOH;0;20260414;211942;5425.0;51
LKOH;0;20260414;211947;5425.0;3
LKOH;0;20260414;212026;5424.5;9
LKOH;0;20260414;212026;5424.5;9
LKOH;0;20260414;212029;5425.0;1
LKOH;0;20260414;212039;5424.5;1
LKOH;0;20260414;212048;5425.0;7
LKOH;0;20260414;212053;5425.0;10
LKOH;0;20260414;212058;5424.5;100
LKOH;0;20260414;212101;5425.0;130
LKOH;0;20260414;212102;5425.0;11
LKOH;0;20260414;212105;5425.0;1
LKOH;0;20260414;212114;5425.0;21
LKOH;0;20260414;212114;5425.0;1
LKOH;0;20260414;212131;5425.0;1
LKOH;0;20260414;212145;5424.5;4
LKOH;0;20260414;212145;5424.5;4
LKOH;0;20260414;212158;5425.0;1
LKOH;0;20260414;212223;5425.0;1
LKOH;0;20260414;212239;5425.0;1
LKOH;0;20260414;212239;5425.0;1
LKOH;0;20260414;212248;5425.0;1
LKOH;0;20260414;212309;5425.0;1
LKOH;0;20260414;212328;5425.0;10
LKOH;0;20260414;212447;5425.0;1
LKOH;0;20260414;212502;5425.0;2
LKOH;0;20260414;212513;5424.5;14
LKOH;0;20260414;212534;5425.0;1
LKOH;0;20260414;212558;5425.0;2
LKOH;0;20260414;212606;5425.0;25
LKOH;0;20260414;212609;5424.5;2
LKOH;0;20260414;212612;5424.5;300
LKOH;0;20260414;212632;5424.5;1
