<TICKER>;<PER>;<DATE>;<TIME>;<LAST>;<VOL>
LKOH;0;20260414;065932;5450;1
LKOH;0;20260414;065932;5450;1
LKOH;0;20260414;065932;5450;3
LKOH;0;20260414;065932;5450;3
LKOH;0;20260414;065932;5450;2
LKOH;0;20260414;065932;5450;6
LKOH;0;20260414;065932;5450;2
LKOH;0;20260414;065932;5450;3
LKOH;0;20260414;065932;5450;39
LKOH;0;20260414;065932;5450;11
LKOH;0;20260414;065932;5450;3
LKOH;0;20260414;065932;5450;1
LKOH;0;20260414;065932;5450;3
LKOH;0;20260414;065932;5450;900
LKOH;0;20260414;065932;5450;82
LKOH;0;20260414;065932;5450;18
LKOH;0;20260414;065932;5450;3
LKOH;0;20260414;065932;5450;5
LKOH;0;20260414;065932;5450;3
LKOH;0;20260414;065932;5450;14
LKOH;0;20260414;065932;5450;2
LKOH;0;20260414;065932;5450;30
LKOH;0;20260414;065932;5450;11
LKOH;0;20260414;065932;5450;10
LKOH;0;20260414;065932;5450;1
LKOH;0;20260414;065932;5450;1
LKOH;0;20260414;070000;5448;1
LKOH;0;20260414;070000;5448;1
LKOH;0;20260414;070000;5451;1
LKOH;0;20260414;070000;5451;1
LKOH;0;20260414;070000;5451;1
LKOH;0;20260414;070000;5448;1
LKOH;0;20260414;070000;5447;1
LKOH;0;20260414;070000;5451;1
LKOH;0;20260414;070000;5451;2
LKOH;0;20260414;070000;5450.5;37
LKOH;0;20260414;070000;5451;194
LKOH;0;20260414;070000;5451.5;39
LKOH;0;20260414;070000;5452.5;10
LKOH;0;20260414;070000;5452.5;2
LKOH;0;20260414;070000;5455;6
LKOH;0;20260414;070000;5455;10
LKOH;0;20260414;070000;5455;102
LKOH;0;20260414;070000;5455;10
LKOH;0;20260414;070000;5450.5;1
LKOH;0;20260414;070000;5450.5;1
LKOH;0;20260414;070000;5451;2
LKOH;0;20260414;070000;5451;3
LKOH;0;20260414;070000;5451;1
LKOH;0;20260414;070000;5448.5;5
LKOH;0;20260414;070000;5448.5;5
LKOH;0;20260414;070000;5447;1
LKOH;0;20260414;070000;5448.5;3
LKOH;0;20260414;070000;5450;5
LKOH;0;20260414;070000;5451;1
LKOH;0;20260414;070000;5452.5;2
LKOH;0;20260414;070000;5452.5;5
LKOH;0;20260414;070000;5452.5;7
LKOH;0;20260414;070000;5447;1
LKOH;0;20260414;070000;5449;1
LKOH;0;20260414;070000;5447;1
LKOH;0;20260414;070001;5447;1
LKOH;0;20260414;070001;5446.5;9
LKOH;0;20260414;070001;5449;1
LKOH;0;20260414;070001;5451;1
LKOH;0;20260414;070001;5454.5;1
LKOH;0;20260414;070001;5454.5;2
LKOH;0;20260414;070002;5452;1
LKOH;0;20260414;070002;5452;1
LKOH;0;20260414;070002;5452.5;28
LKOH;0;20260414;070009;5453.5;1
LKOH;0;20260414;070009;5453.5;1
LKOH;0;20260414;070012;5448.5;2
LKOH;0;20260414;070012;5448;1
LKOH;0;20260414;070012;5448;4
LKOH;0;20260414;070012;5449;2
LKOH;0;20260414;070012;5447.5;1
LKOH;0;20260414;070013;5449.5;2
LKOH;0;20260414;070014;5447.5;2
LKOH;0;20260414;070014;5447;1
LKOH;0;20260414;070014;5446.5;1
LKOH;0;20260414;070014;5446;3
LKOH;0;20260414;070015;5445;3
LKOH;0;20260414;070015;5445;9
LKOH;0;20260414;070015;5445;1
LKOH;0;20260414;070021;5445;1
LKOH;0;20260414;070021;5445;9
LKOH;0;20260414;070025;5445;1
LKOH;0;20260414;070025;5445;1
LKOH;0;20260414;070025;5444;3
LKOH;0;20260414;070025;5444;50
LKOH;0;20260414;070025;5444;1
LKOH;0;20260414;070025;5444;70
LKOH;0;20260414;070025;5443.5;200
LKOH;0;20260414;070025;5443.5;3
LKOH;0;20260414;070025;5443;3
LKOH;0;20260414;070025;5443;3
LKOH;0;20260414;070026;5442.5;1
LKOH;0;20260414;070026;5442.5;1
LKOH;0;20260414;070028;5442;3
LKOH;0;20260414;070028;5441.5;1
LKOH;0;20260414;070030;5442.5;2
LKOH;0;20260414;070030;5443;1
LKOH;0;20260414;070030;5443.5;5
LKOH;0;20260414;070030;5443.5;15
LKOH;0;20260414;070030;5443.5;9
LKOH;0;20260414;070030;5443.5;5
LKOH;0;20260414;070030;5443.5;9
LKOH;0;20260414;070030;5443.5;6
LKOH;0;20260414;070030;5443.5;7
LKOH;0;20260414;070031;5443.5;1
LKOH;0;20260414;070035;5443.5;500
LKOH;0;20260414;070035;5443.5;14
LKOH;0;20260414;070042;5444;1
LKOH;0;20260414;070044;5443.5;14
LKOH;0;20260414;070044;5443;3
LKOH;0;20260414;070045;5443;17
LKOH;0;20260414;070045;5442.5;25
LKOH;0;20260414;070045;5442.5;9
LKOH;0;20260414;070045;5442.5;7
LKOH;0;20260414;070045;5441.5;74
LKOH;0;20260414;070045;5441;30
LKOH;0;20260414;070045;5441;3
LKOH;0;20260414;070045;5440.5;20
LKOH;0;20260414;070045;5440.5;4
LKOH;0;20260414;070045;5440.5;20
LKOH;0;20260414;070045;5440.5;27
LKOH;0;20260414;070045;5440.5;1
LKOH;0;20260414;070045;5440.5;10
LKOH;0;20260414;070045;5440;1
LKOH;0;20260414;070045;5440;3
LKOH;0;20260414;070045;5440;19
LKOH;0;20260414;070045;5440;31
LKOH;0;20260414;070045;5439;3
LKOH;0;20260414;070045;5439;8
LKOH;0;20260414;070045;5439;8
LKOH;0;20260414;070045;5438.5;30
LKOH;0;20260414;070049;5444.5;1
LKOH;0;20260414;070049;5444.5;1
LKOH;0;20260414;070049;5444.5;1
LKOH;0;20260414;070049;5445;1
LKOH;0;20260414;070049;5445.5;1
LKOH;0;20260414;070049;5445.5;4
LKOH;0;20260414;070049;5446;1
LKOH;0;20260414;070049;5447;40
LKOH;0;20260414;070053;5443.5;3
LKOH;0;20260414;070054;5444;1
LKOH;0;20260414;070056;5444;1
LKOH;0;20260414;070057;5444;1
LKOH;0;20260414;070058;5444;1
LKOH;0;20260414;070101;5443;1
LKOH;0;20260414;070102;5443.5;1
LKOH;0;20260414;070103;5442.5;2
LKOH;0;20260414;070103;5442.5;5
LKOH;0;20260414;070104;5443.5;1
LKOH;0;20260414;070105;5444;1
LKOH;0;20260414;070110;5444.5;3
LKOH;0;20260414;070119;5444.5;12
LKOH;0;20260414;070119;5444.5;64
LKOH;0;20260414;070119;5445;24
LKOH;0;20260414;070122;5442.5;1
LKOH;0;20260414;070125;5443;5
LKOH;0;20260414;070125;5443;5
LKOH;0;20260414;070125;5443.5;6
LKOH;0;20260414;070125;5443.5;12
LKOH;0;20260414;070125;5443.5;7
LKOH;0;20260414;070125;5444;5
LKOH;0;20260414;070125;5444;5
LKOH;0;20260414;070125;5444;5
LKOH;0;20260414;070125;5444;5
LKOH;0;20260414;070125;5444;5
LKOH;0;20260414;070125;5444;5
LKOH;0;20260414;070125;5444;5
LKOH;0;20260414;070125;5444;5
LKOH;0;20260414;070125;5444.5;1
LKOH;0;20260414;070125;5445;20
LKOH;0;20260414;070130;5442.5;1
LKOH;0;20260414;070130;5445;256
LKOH;0;20260414;070130;5445;12
LKOH;0;20260414;070130;5445;20
LKOH;0;20260414;070130;5445.5;20
LKOH;0;20260414;070130;5446;5
LKOH;0;20260414;070130;5446;5
LKOH;0;20260414;070130;5446;20
LKOH;0;20260414;070130;5446.5;47
LKOH;0;20260414;070138;5442.5;5
LKOH;0;20260414;070138;5442.5;8
LKOH;0;20260414;070138;5442.5;6
LKOH;0;20260414;070138;5442;9
LKOH;0;20260414;070138;5442;9
LKOH;0;20260414;070138;5442;2
LKOH;0;20260414;070138;5441.5;13
LKOH;0;20260414;070138;5441.5;5
LKOH;0;20260414;070138;5441.5;2
LKOH;0;20260414;070138;5441;1
LKOH;0;20260414;070138;5441;6
LKOH;0;20260414;070138;5441;9
LKOH;0;20260414;070146;5440.5;1
LKOH;0;20260414;070146;5440;5
LKOH;0;20260414;070149;5443.5;1
LKOH;0;20260414;070149;5443.5;4
LKOH;0;20260414;070151;5441.5;1
LKOH;0;20260414;070151;5441;1
LKOH;0;20260414;070151;5440.5;4
LKOH;0;20260414;070151;5440.5;9
LKOH;0;20260414;070155;5440;5
LKOH;0;20260414;070155;5440;12
LKOH;0;20260414;070155;5440;1
LKOH;0;20260414;070155;5440;1
LKOH;0;20260414;070155;5439.5;18
LKOH;0;20260414;070157;5443;3
LKOH;0;20260414;070200;5443;71
LKOH;0;20260414;070200;5443.5;1
LKOH;0;20260414;070200;5443.5;1
LKOH;0;20260414;070200;5443.5;1
LKOH;0;20260414;070200;5443.5;1
LKOH;0;20260414;070200;5443.5;15
LKOH;0;20260414;070203;5441.5;2
LKOH;0;20260414;070203;5441;1
LKOH;0;20260414;070203;5441;1
LKOH;0;20260414;070203;5440.5;2
LKOH;0;20260414;070203;5440.5;12
LKOH;0;20260414;070203;5440.5;1
LKOH;0;20260414;070203;5440.5;1
LKOH;0;20260414;070203;5440.5;14
LKOH;0;20260414;070203;5440;20
LKOH;0;20260414;070203;5439.5;20
LKOH;0;20260414;070203;5439;20
LKOH;0;20260414;070203;5438.5;2
LKOH;0;20260414;070203;5438;1
LKOH;0;20260414;070203;5438;3
LKOH;0;20260414;070203;5438;20
LKOH;0;20260414;070203;5438;74
LKOH;0;20260414;070203;5437.5;64
LKOH;0;20260414;070203;5437.5;50
LKOH;0;20260414;070203;5437.5;10
LKOH;0;20260414;070203;5437.5;14
LKOH;0;20260414;070203;5437;283
LKOH;0;20260414;070203;5442.5;40
LKOH;0;20260414;070205;5441;1
LKOH;0;20260414;070205;5441;1
LKOH;0;20260414;070205;5441;8
LKOH;0;20260414;070224;5438.5;1
LKOH;0;20260414;070224;5438.5;12
LKOH;0;20260414;070224;5438.5;1
LKOH;0;20260414;070224;5438.5;1
LKOH;0;20260414;070224;5438.5;1
LKOH;0;20260414;070224;5438.5;1
LKOH;0;20260414;070224;5438;8
LKOH;0;20260414;070224;5437.5;20
LKOH;0;20260414;070224;5437.5;28
LKOH;0;20260414;070224;5437;425
LKOH;0;20260414;070240;5437.5;1
LKOH;0;20260414;070247;5437;300
LKOH;0;20260414;070248;5437;10
LKOH;0;20260414;070255;5437.5;1
LKOH;0;20260414;070255;5438;1
LKOH;0;20260414;070255;5438;5
LKOH;0;20260414;070255;5438;11
LKOH;0;20260414;070256;5437;2
LKOH;0;20260414;070259;5437;1
LKOH;0;20260414;070301;5439;1
LKOH;0;20260414;070301;5438;3
LKOH;0;20260414;070301;5440;3
LKOH;0;20260414;070306;5440;9
LKOH;0;20260414;070306;5440;14
LKOH;0;20260414;070306;5440;9
LKOH;0;20260414;070306;5440;5
LKOH;0;20260414;070306;5440;15
LKOH;0;20260414;070306;5440;6
LKOH;0;20260414;070306;5440;9
LKOH;0;20260414;070306;5440;9
LKOH;0;20260414;070306;5440;5
LKOH;0;20260414;070308;5438;5
LKOH;0;20260414;070308;5438;2
LKOH;0;20260414;070308;5438;2
LKOH;0;20260414;070308;5438;3
LKOH;0;20260414;070308;5438;5
LKOH;0;20260414;070308;5438;1
LKOH;0;20260414;070313;5440;10
LKOH;0;20260414;070313;5440;19
LKOH;0;20260414;070313;5440;13
LKOH;0;20260414;070331;5438;1
LKOH;0;20260414;070332;5440;9
LKOH;0;20260414;070333;5440;9
LKOH;0;20260414;070333;5440;9
LKOH;0;20260414;070333;5440;9
LKOH;0;20260414;070336;5440;13
LKOH;0;20260414;070409;5440;7
LKOH;0;20260414;070424;5439;1
LKOH;0;20260414;070425;5439;4
LKOH;0;20260414;070434;5439;1
LKOH;0;20260414;070438;5439;1
LKOH;0;20260414;070439;5439;1
LKOH;0;20260414;070442;5438.5;1
LKOH;0;20260414;070455;5439;8
LKOH;0;20260414;070457;5440;1
LKOH;0;20260414;070500;5439.5;5
LKOH;0;20260414;070502;5440;2
LKOH;0;20260414;070506;5440;10
LKOH;0;20260414;070506;5440;20
LKOH;0;20260414;070506;5440;28
LKOH;0;20260414;070508;5440;57
LKOH;0;20260414;070508;5441;1
LKOH;0;20260414;070508;5442;2
LKOH;0;20260414;070511;5442;1
LKOH;0;20260414;070519;5441.5;1
LKOH;0;20260414;070523;5441.5;2
LKOH;0;20260414;070523;5442;3
LKOH;0;20260414;070555;5441.5;1
LKOH;0;20260414;070555;5441.5;1
LKOH;0;20260414;070555;5441.5;1
LKOH;0;20260414;070555;5441.5;16
LKOH;0;20260414;070555;5441.5;16
LKOH;0;20260414;070555;5441.5;13
LKOH;0;20260414;070558;5441;2
LKOH;0;20260414;070600;5441;5
LKOH;0;20260414;070600;5441;18
LKOH;0;20260414;070608;5441.5;4
LKOH;0;20260414;070621;5441.5;1
LKOH;0;20260414;070623;5441.5;19
LKOH;0;20260414;070645;5441.5;2
LKOH;0;20260414;070656;5441;1
LKOH;0;20260414;070656;5441;12
LKOH;0;20260414;070658;5441;8
LKOH;0;20260414;070703;5440.5;1
LKOH;0;20260414;070708;5440;5
LKOH;0;20260414;070708;5440;3
LKOH;0;20260414;070708;5440;1
LKOH;0;20260414;070708;5440;1
LKOH;0;20260414;070708;5440;40
LKOH;0;20260414;070708;5440;2
LKOH;0;20260414;070708;5440;2
LKOH;0;20260414;070708;5439.5;1
LKOH;0;20260414;070708;5439;35
LKOH;0;20260414;070708;5439;9
LKOH;0;20260414;070708;5439;50
LKOH;0;20260414;070708;5439;20
LKOH;0;20260414;070708;5439;1
LKOH;0;20260414;070708;5439;51
LKOH;0;20260414;070715;5439.5;1
LKOH;0;20260414;070716;5440;1
LKOH;0;20260414;070719;5439;13
LKOH;0;20260414;070719;5441;1
LKOH;0;20260414;070719;5438.5;2
LKOH;0;20260414;070719;5438.5;1
LKOH;0;20260414;070719;5438.5;1
LKOH;0;20260414;070719;5438.5;2
LKOH;0;20260414;070725;5438.5;6
LKOH;0;20260414;070727;5438.5;24
LKOH;0;20260414;070727;5438;1
LKOH;0;20260414;070727;5438;20
LKOH;0;20260414;070727;5438;155
LKOH;0;20260414;070727;5438;15
LKOH;0;20260414;070727;5438;19
LKOH;0;20260414;070727;5438;9
LKOH;0;20260414;070727;5438;9
LKOH;0;20260414;070727;5438;5
LKOH;0;20260414;070727;5438;9
LKOH;0;20260414;070727;5438;5
LKOH;0;20260414;070729;5438.5;13
LKOH;0;20260414;070729;5438.5;7
LKOH;0;20260414;070729;5438;26
LKOH;0;20260414;070730;5438;9
LKOH;0;20260414;070730;5438;9
LKOH;0;20260414;070730;5438;9
LKOH;0;20260414;070733;5438;721
LKOH;0;20260414;070733;5438;2
LKOH;0;20260414;070733;5437.5;10
LKOH;0;20260414;070733;5437;5
LKOH;0;20260414;070733;5437;9
LKOH;0;20260414;070733;5437;9
LKOH;0;20260414;070733;5437;9
LKOH;0;20260414;070733;5437;9
LKOH;0;20260414;070733;5437;28
LKOH;0;20260414;070733;5437;28
LKOH;0;20260414;070734;5437;9
LKOH;0;20260414;070734;5437;9
LKOH;0;20260414;070734;5437;20
LKOH;0;20260414;070734;5437;28
LKOH;0;20260414;070734;5437;316
LKOH;0;20260414;070734;5437;1
LKOH;0;20260414;070734;5437;5
LKOH;0;20260414;070734;5436.5;3
LKOH;0;20260414;070745;5436.5;13
LKOH;0;20260414;070745;5436.5;8
LKOH;0;20260414;070745;5436.5;3
LKOH;0;20260414;070745;5436.5;2
LKOH;0;20260414;070745;5436.5;4
LKOH;0;20260414;070745;5436.5;3
LKOH;0;20260414;070745;5436.5;29
LKOH;0;20260414;070745;5436.5;29
LKOH;0;20260414;070745;5436.5;9
LKOH;0;20260414;070745;5436.5;12
LKOH;0;20260414;070745;5436.5;8
LKOH;0;20260414;070758;5436;11
LKOH;0;20260414;070759;5436;2
LKOH;0;20260414;070801;5435.5;3
LKOH;0;20260414;070801;5435.5;3
LKOH;0;20260414;070801;5435.5;1
LKOH;0;20260414;070803;5435;6
LKOH;0;20260414;070803;5435;18
LKOH;0;20260414;070814;5435;1
LKOH;0;20260414;070814;5435;9
LKOH;0;20260414;070821;5435;1
LKOH;0;20260414;070821;5435;17
LKOH;0;20260414;070821;5434.5;3
LKOH;0;20260414;070821;5434;3
LKOH;0;20260414;070821;5433.5;2
LKOH;0;20260414;070821;5433;3
LKOH;0;20260414;070821;5433;2
LKOH;0;20260414;070821;5433;2
LKOH;0;20260414;070821;5433;12
LKOH;0;20260414;070821;5433;24
LKOH;0;20260414;070821;5432;3
LKOH;0;20260414;070821;5432;1
LKOH;0;20260414;070821;5432;152
LKOH;0;20260414;070823;5431;3
LKOH;0;20260414;070823;5431;1
LKOH;0;20260414;070823;5431;1
LKOH;0;20260414;070823;5430;3
LKOH;0;20260414;070823;5430;5
LKOH;0;20260414;070823;5430;19
LKOH;0;20260414;070823;5430;1
LKOH;0;20260414;070824;5430.5;24
LKOH;0;20260414;070824;5430.5;22
LKOH;0;20260414;070824;5430;54
LKOH;0;20260414;070832;5430.5;1
LKOH;0;20260414;070835;5432;20
LKOH;0;20260414;070847;5434.5;28
LKOH;0;20260414;070849;5432;10
LKOH;0;20260414;070849;5432;10
LKOH;0;20260414;070852;5434.5;8
LKOH;0;20260414;070853;5432;3
LKOH;0;20260414;070853;5432;7
LKOH;0;20260414;070904;5433;1
LKOH;0;20260414;070904;5433;11
LKOH;0;20260414;070904;5433;13
LKOH;0;20260414;070904;5433;5
LKOH;0;20260414;070904;5433;35
LKOH;0;20260414;070904;5433;35
LKOH;0;20260414;070904;5433;24
LKOH;0;20260414;070904;5433;3
LKOH;0;20260414;070904;5433;3
LKOH;0;20260414;070904;5433;7
LKOH;0;20260414;070904;5432.5;3
LKOH;0;20260414;070904;5432.5;14
LKOH;0;20260414;070904;5432.5;32
LKOH;0;20260414;070904;5432.5;30
LKOH;0;20260414;070904;5432;1
LKOH;0;20260414;070904;5432;76
LKOH;0;20260414;070904;5432;20
LKOH;0;20260414;070904;5432;8
LKOH;0;20260414;070904;5431.5;12
LKOH;0;20260414;070904;5431.5;50
LKOH;0;20260414;070904;5431.5;17
LKOH;0;20260414;070907;5434.5;10
LKOH;0;20260414;070910;5434;1
LKOH;0;20260414;070910;5434.5;2
LKOH;0;20260414;070913;5434.5;1
LKOH;0;20260414;070915;5434.5;1
LKOH;0;20260414;070918;5434.5;1
LKOH;0;20260414;070928;5432.5;1
LKOH;0;20260414;070928;5432.5;11
LKOH;0;20260414;070928;5432.5;29
LKOH;0;20260414;070928;5432.5;13
LKOH;0;20260414;070928;5432.5;4
LKOH;0;20260414;070928;5432.5;3
LKOH;0;20260414;070928;5432.5;7
LKOH;0;20260414;070928;5432.5;24
LKOH;0;20260414;070928;5432.5;6
LKOH;0;20260414;070928;5432.5;36
LKOH;0;20260414;070928;5432.5;36
LKOH;0;20260414;070936;5434.5;4
LKOH;0;20260414;070953;5434.5;10
LKOH;0;20260414;070955;5434.5;10
LKOH;0;20260414;071016;5434.5;1
LKOH;0;20260414;071017;5434.5;2
LKOH;0;20260414;071022;5434.5;2
LKOH;0;20260414;071030;5434.5;1
LKOH;0;20260414;071036;5434.5;1
LKOH;0;20260414;071046;5434.5;15
LKOH;0;20260414;071113;5434.5;8
LKOH;0;20260414;071124;5434.5;11
LKOH;0;20260414;071126;5433.5;1
LKOH;0;20260414;071148;5433;1
LKOH;0;20260414;071148;5432.5;1
LKOH;0;20260414;071148;5432;11
LKOH;0;20260414;071148;5431.5;11
LKOH;0;20260414;071148;5431.5;5
LKOH;0;20260414;071148;5431.5;13
LKOH;0;20260414;071148;5431;5
LKOH;0;20260414;071148;5431;17
LKOH;0;20260414;071148;5431;36
LKOH;0;20260414;071152;5431;30
LKOH;0;20260414;071155;5431;1
LKOH;0;20260414;071200;5431;10
LKOH;0;20260414;071203;5431;19
LKOH;0;20260414;071203;5431;11
LKOH;0;20260414;071203;5431;1
LKOH;0;20260414;071203;5431;5
LKOH;0;20260414;071203;5431;4
LKOH;0;20260414;071203;5430.5;460
LKOH;0;20260414;071206;5430.5;4
LKOH;0;20260414;071210;5430.5;20
LKOH;0;20260414;071212;5430.5;10
LKOH;0;20260414;071212;5430.5;28
LKOH;0;20260414;071215;5431.5;1
LKOH;0;20260414;071216;5431.5;10
LKOH;0;20260414;071217;5430.5;27
LKOH;0;20260414;071217;5430;15
LKOH;0;20260414;071221;5431.5;20
LKOH;0;20260414;071237;5430.5;1
LKOH;0;20260414;071237;5430.5;5
LKOH;0;20260414;071237;5430.5;1
LKOH;0;20260414;071237;5430.5;2
LKOH;0;20260414;071237;5430.5;1
LKOH;0;20260414;071241;5430.5;5
LKOH;0;20260414;071241;5430;5
LKOH;0;20260414;071315;5433.5;1
LKOH;0;20260414;071318;5431.5;190
LKOH;0;20260414;071318;5431.5;1
LKOH;0;20260414;071318;5431.5;8
LKOH;0;20260414;071318;5431.5;1
LKOH;0;20260414;071319;5433.5;1
LKOH;0;20260414;071345;5432;2
LKOH;0;20260414;071345;5432;3
LKOH;0;20260414;071351;5433;5
LKOH;0;20260414;071354;5433.5;4
LKOH;0;20260414;071356;5432;3
LKOH;0;20260414;071404;5433.5;1
LKOH;0;20260414;071410;5432.5;1
LKOH;0;20260414;071413;5433;3
LKOH;0;20260414;071419;5432.5;1
LKOH;0;20260414;071426;5431.5;1
LKOH;0;20260414;071426;5431.5;1
LKOH;0;20260414;071447;5432.5;1
LKOH;0;20260414;071450;5431;1
LKOH;0;20260414;071510;5432.5;1
LKOH;0;20260414;071513;5432.5;3
LKOH;0;20260414;071513;5432.5;5
LKOH;0;20260414;071517;5431.5;1
LKOH;0;20260414;071517;5431.5;2
LKOH;0;20260414;071517;5431.5;1
LKOH;0;20260414;071539;5432.5;5
LKOH;0;20260414;071552;5432.5;3
LKOH;0;20260414;071553;5432.5;1
LKOH;0;20260414;071617;5431.5;1
LKOH;0;20260414;071617;5431.5;1
LKOH;0;20260414;071617;5431.5;6
LKOH;0;20260414;071620;5433;19
LKOH;0;20260414;071620;5433;6
LKOH;0;20260414;071620;5433.5;10
LKOH;0;20260414;071708;5433;5
LKOH;0;20260414;071742;5433.5;1
LKOH;0;20260414;071756;5433;20
LKOH;0;20260414;071907;5433;1
LKOH;0;20260414;071914;5432;1
LKOH;0;20260414;071924;5431.5;1
LKOH;0;20260414;071924;5431.5;1
LKOH;0;20260414;071924;5431;8
LKOH;0;20260414;071936;5432;1
LKOH;0;20260414;071937;5432;5
LKOH;0;20260414;071937;5432;13
LKOH;0;20260414;071937;5432;15
LKOH;0;20260414;071937;5432.5;4
LKOH;0;20260414;071937;5432.5;4
LKOH;0;20260414;071937;5433;13
LKOH;0;20260414;071953;5432;2
LKOH;0;20260414;071953;5431.5;16
LKOH;0;20260414;071953;5431.5;2
LKOH;0;20260414;071953;5431.5;1
LKOH;0;20260414;071953;5431.5;13
LKOH;0;20260414;071953;5431;10
LKOH;0;20260414;071953;5431;3
LKOH;0;20260414;071953;5431;5
LKOH;0;20260414;071953;5431;8
LKOH;0;20260414;071953;5431;1
LKOH;0;20260414;071953;5430;406
LKOH;0;20260414;071953;5430;2
LKOH;0;20260414;071953;5430;30
LKOH;0;20260414;071953;5430;1
LKOH;0;20260414;071953;5430;2
LKOH;0;20260414;071953;5430;20
LKOH;0;20260414;071953;5430;10
LKOH;0;20260414;071953;5430;4
LKOH;0;20260414;071953;5430;3
LKOH;0;20260414;071953;5430;2
LKOH;0;20260414;071953;5430;1
LKOH;0;20260414;071953;5430;2
LKOH;0;20260414;071953;5430;20
LKOH;0;20260414;071953;5429.5;1
LKOH;0;20260414;071953;5429.5;50
LKOH;0;20260414;071953;5429.5;20
LKOH;0;20260414;071953;5429;3
LKOH;0;20260414;071953;5429;5
LKOH;0;20260414;071953;5429;20
LKOH;0;20260414;071953;5428.5;20
LKOH;0;20260414;071953;5428.5;57
LKOH;0;20260414;071958;5431;10
LKOH;0;20260414;072005;5430.5;1
LKOH;0;20260414;072005;5431;1
LKOH;0;20260414;072052;5432;1
LKOH;0;20260414;072109;5432;1
LKOH;0;20260414;072109;5432;1
LKOH;0;20260414;072109;5431.5;1
LKOH;0;20260414;072109;5431.5;1
LKOH;0;20260414;072115;5431.5;1
LKOH;0;20260414;072116;5431.5;3
LKOH;0;20260414;072131;5431.5;1
LKOH;0;20260414;072135;5431.5;13
LKOH;0;20260414;072135;5431.5;33
LKOH;0;20260414;072135;5431.5;13
LKOH;0;20260414;072140;5431.5;89
LKOH;0;20260414;072140;5431.5;1
LKOH;0;20260414;072151;5433;10
LKOH;0;20260414;072151;5433;10
LKOH;0;20260414;072151;5434;1
LKOH;0;20260414;072151;5434.5;10
LKOH;0;20260414;072151;5434.5;4
LKOH;0;20260414;072151;5434.5;74
LKOH;0;20260414;072151;5435;1
LKOH;0;20260414;072207;5435;2
LKOH;0;20260414;072215;5435;33
LKOH;0;20260414;072228;5438;1
LKOH;0;20260414;072228;5438;2
LKOH;0;20260414;072300;5438;5
LKOH;0;20260414;072301;5437.5;1
LKOH;0;20260414;072349;5437;1
LKOH;0;20260414;072349;5437;22
LKOH;0;20260414;072349;5437;43
LKOH;0;20260414;072349;5437;8
LKOH;0;20260414;072349;5437;8
LKOH;0;20260414;072349;5437;37
LKOH;0;20260414;072349;5437;15
LKOH;0;20260414;072349;5437;1
LKOH;0;20260414;072349;5437;46
LKOH;0;20260414;072349;5437;14
LKOH;0;20260414;072349;5437.5;20
LKOH;0;20260414;072349;5437.5;1
LKOH;0;20260414;072349;5437.5;16
LKOH;0;20260414;072349;5437.5;13
LKOH;0;20260414;072349;5437.5;2
LKOH;0;20260414;072349;5438;20
LKOH;0;20260414;072349;5438;25
LKOH;0;20260414;072349;5438.5;8
LKOH;0;20260414;072349;5438.5;8
LKOH;0;20260414;072349;5438.5;8
LKOH;0;20260414;072349;5438.5;8
LKOH;0;20260414;072349;5438.5;20
LKOH;0;20260414;072349;5438.5;4
LKOH;0;20260414;072349;5439;8
LKOH;0;20260414;072349;5439;8
LKOH;0;20260414;072349;5439;8
LKOH;0;20260414;072349;5439;20
LKOH;0;20260414;072349;5439;14
LKOH;0;20260414;072349;5439.5;8
LKOH;0;20260414;072349;5439.5;8
LKOH;0;20260414;072349;5439.5;50
LKOH;0;20260414;072349;5440;25
LKOH;0;20260414;072349;5440.5;64
LKOH;0;20260414;072349;5440.5;64
LKOH;0;20260414;072349;5441;15
LKOH;0;20260414;072349;5441;8
LKOH;0;20260414;072349;5441;8
LKOH;0;20260414;072349;5441;44
LKOH;0;20260414;072353;5439.5;13
LKOH;0;20260414;072353;5439.5;3
LKOH;0;20260414;072353;5439.5;20
LKOH;0;20260414;072353;5439.5;44
LKOH;0;20260414;072353;5439.5;22
LKOH;0;20260414;072353;5440;7
LKOH;0;20260414;072353;5440;2
LKOH;0;20260414;072353;5440;1
LKOH;0;20260414;072357;5439.5;3
LKOH;0;20260414;072409;5439;1
LKOH;0;20260414;072443;5438.5;1
LKOH;0;20260414;072443;5439;4
LKOH;0;20260414;072445;5439;1
LKOH;0;20260414;072454;5439;1
LKOH;0;20260414;072457;5438;1
LKOH;0;20260414;072458;5439;1
LKOH;0;20260414;072458;5438;4
LKOH;0;20260414;072458;5438;16
LKOH;0;20260414;072458;5438;15
LKOH;0;20260414;072458;5437;13
LKOH;0;20260414;072458;5437;15
LKOH;0;20260414;072458;5436.5;1
LKOH;0;20260414;072458;5436.5;1
LKOH;0;20260414;072458;5436.5;20
LKOH;0;20260414;072458;5436;20
LKOH;0;20260414;072458;5435.5;20
LKOH;0;20260414;072458;5435;20
LKOH;0;20260414;072458;5435;74
LKOH;0;20260414;072458;5434.5;3
LKOH;0;20260414;072515;5435;1
LKOH;0;20260414;072515;5435;16
LKOH;0;20260414;072515;5435;19
LKOH;0;20260414;072515;5435;37
LKOH;0;20260414;072515;5435;22
LKOH;0;20260414;072557;5436.5;9
LKOH;0;20260414;072601;5437;1
LKOH;0;20260414;072609;5438;1
LKOH;0;20260414;072613;5439;1
LKOH;0;20260414;072629;5439.5;23
LKOH;0;20260414;072648;5439.5;1
LKOH;0;20260414;072653;5438;1
LKOH;0;20260414;072653;5437.5;3
LKOH;0;20260414;072704;5439.5;19
LKOH;0;20260414;072704;5439.5;37
LKOH;0;20260414;072704;5439.5;1
LKOH;0;20260414;072704;5439.5;13
LKOH;0;20260414;072712;5439;30
LKOH;0;20260414;072716;5438;1
LKOH;0;20260414;072716;5437.5;1
LKOH;0;20260414;072716;5437.5;13
LKOH;0;20260414;072716;5437.5;1
LKOH;0;20260414;072726;5437.5;1
LKOH;0;20260414;072733;5437.5;1
LKOH;0;20260414;072734;5437.5;1
LKOH;0;20260414;072825;5438.5;1
LKOH;0;20260414;072825;5438.5;1
LKOH;0;20260414;072829;5439;1
LKOH;0;20260414;072845;5439;1
LKOH;0;20260414;072901;5439;1
LKOH;0;20260414;072905;5439;5
LKOH;0;20260414;072917;5439;1
LKOH;0;20260414;072935;5439;1
LKOH;0;20260414;073016;5439;1
LKOH;0;20260414;073018;5439;88
LKOH;0;20260414;073018;5439;13
LKOH;0;20260414;073030;5439.5;1
LKOH;0;20260414;073049;5439.5;7
LKOH;0;20260414;073049;5439.5;1
LKOH;0;20260414;073052;5439;1
LKOH;0;20260414;073109;5439.5;1
LKOH;0;20260414;073138;5439;3
LKOH;0;20260414;073145;5439;75
LKOH;0;20260414;073145;5439;1
LKOH;0;20260414;073145;5439;1
LKOH;0;20260414;073145;5439;14
LKOH;0;20260414;073145;5438;21
LKOH;0;20260414;073154;5438;511
LKOH;0;20260414;073158;5438;1
LKOH;0;20260414;073159;5438.5;1
LKOH;0;20260414;073207;5438.5;6
LKOH;0;20260414;073208;5439.5;2
LKOH;0;20260414;073211;5439.5;13
LKOH;0;20260414;073211;5439.5;13
LKOH;0;20260414;073211;5439.5;28
LKOH;0;20260414;073211;5439.5;8
LKOH;0;20260414;073212;5439.5;9
LKOH;0;20260414;073212;5439.5;9
LKOH;0;20260414;073213;5439.5;9
LKOH;0;20260414;073213;5439.5;9
LKOH;0;20260414;073213;5439.5;1
LKOH;0;20260414;073213;5440;3
LKOH;0;20260414;073213;5440.5;2
LKOH;0;20260414;073213;5440.5;2
LKOH;0;20260414;073234;5440.5;1
LKOH;0;20260414;073237;5440.5;1
LKOH;0;20260414;073240;5440.5;1
LKOH;0;20260414;073301;5441;5
LKOH;0;20260414;073301;5441;1
LKOH;0;20260414;073301;5441.5;3
LKOH;0;20260414;073301;5442;2
LKOH;0;20260414;073301;5442;3
LKOH;0;20260414;073301;5443;1
LKOH;0;20260414;073301;5443;2
LKOH;0;20260414;073301;5443;1
LKOH;0;20260414;073301;5443;13
LKOH;0;20260414;073314;5443.5;1
LKOH;0;20260414;073314;5444;1
LKOH;0;20260414;073314;5444;5
LKOH;0;20260414;073324;5444;1
LKOH;0;20260414;073325;5443.5;2
LKOH;0;20260414;073330;5444;4
LKOH;0;20260414;073356;5444;1
LKOH;0;20260414;073356;5444;8
LKOH;0;20260414;073356;5444;1
LKOH;0;20260414;073356;5444;1
LKOH;0;20260414;073356;5444;2
LKOH;0;20260414;073356;5444;10
LKOH;0;20260414;073403;5445;2
LKOH;0;20260414;073403;5445;4
LKOH;0;20260414;073403;5445;10
LKOH;0;20260414;073403;5445;2
LKOH;0;20260414;073403;5445;8
LKOH;0;20260414;073403;5445;8
LKOH;0;20260414;073403;5446;5
LKOH;0;20260414;073403;5446;5
LKOH;0;20260414;073403;5446;8
LKOH;0;20260414;073403;5446;8
LKOH;0;20260414;073403;5446;13
LKOH;0;20260414;073403;5446.5;12
LKOH;0;20260414;073403;5447;8
LKOH;0;20260414;073403;5447;8
LKOH;0;20260414;073403;5447;1
LKOH;0;20260414;073404;5447;7
LKOH;0;20260414;073404;5447;8
LKOH;0;20260414;073404;5447.5;1
LKOH;0;20260414;073404;5447.5;8
LKOH;0;20260414;073404;5447.5;8
LKOH;0;20260414;073404;5447.5;58
LKOH;0;20260414;073404;5447.5;13
LKOH;0;20260414;073404;5447.5;1
LKOH;0;20260414;073404;5447.5;1
LKOH;0;20260414;073404;5448;8
LKOH;0;20260414;073404;5448.5;2
LKOH;0;20260414;073404;5448.5;1
LKOH;0;20260414;073404;5448.5;2
LKOH;0;20260414;073404;5448.5;5
LKOH;0;20260414;073404;5448.5;77
LKOH;0;20260414;073405;5445.5;1
LKOH;0;20260414;073419;5448;3
LKOH;0;20260414;073419;5449;17
LKOH;0;20260414;073419;5449;1
LKOH;0;20260414;073421;5449;1
LKOH;0;20260414;073422;5449;6
LKOH;0;20260414;073426;5449;1
LKOH;0;20260414;073436;5448.5;3
LKOH;0;20260414;073436;5449;2
LKOH;0;20260414;073440;5449;10
LKOH;0;20260414;073442;5449;1
LKOH;0;20260414;073444;5449;29
LKOH;0;20260414;073444;5449;1
LKOH;0;20260414;073451;5449;7
LKOH;0;20260414;073451;5449;8
LKOH;0;20260414;073451;5449;8
LKOH;0;20260414;073451;5449;8
LKOH;0;20260414;073452;5449;46
LKOH;0;20260414;073454;5449;154
LKOH;0;20260414;073454;5449.5;13
LKOH;0;20260414;073454;5450;1
LKOH;0;20260414;073454;5450;80
LKOH;0;20260414;073454;5450;8
LKOH;0;20260414;073454;5450;8
LKOH;0;20260414;073454;5450;3
LKOH;0;20260414;073454;5450;10
LKOH;0;20260414;073454;5450;23
LKOH;0;20260414;073454;5450.5;20
LKOH;0;20260414;073454;5451;13
LKOH;0;20260414;073454;5451;50
LKOH;0;20260414;073454;5451;20
LKOH;0;20260414;073454;5451;25
LKOH;0;20260414;073454;5451.5;20
LKOH;0;20260414;073454;5451.5;70
LKOH;0;20260414;073454;5452;5
LKOH;0;20260414;073454;5452;5
LKOH;0;20260414;073454;5452;2
LKOH;0;20260414;073454;5452;1
LKOH;0;20260414;073454;5452;40
LKOH;0;20260414;073454;5452;2
LKOH;0;20260414;073454;5452;60
LKOH;0;20260414;073454;5452;1
LKOH;0;20260414;073454;5452.5;30
LKOH;0;20260414;073458;5451;32
LKOH;0;20260414;073458;5451.5;13
LKOH;0;20260414;073458;5451.5;1
LKOH;0;20260414;073458;5451.5;3
LKOH;0;20260414;073458;5451.5;2
LKOH;0;20260414;073458;5452;1
LKOH;0;20260414;073458;5452;20
LKOH;0;20260414;073458;5452.5;5
LKOH;0;20260414;073458;5452.5;5
LKOH;0;20260414;073458;5452.5;18
LKOH;0;20260414;073502;5449.5;2
LKOH;0;20260414;073510;5449.5;25
LKOH;0;20260414;073510;5449.5;37
LKOH;0;20260414;073510;5449;8
LKOH;0;20260414;073525;5448;13
LKOH;0;20260414;073525;5448;1
LKOH;0;20260414;073532;5450;1
LKOH;0;20260414;073532;5450;1
LKOH;0;20260414;073533;5448;1
LKOH;0;20260414;073533;5448;1
LKOH;0;20260414;073533;5448;8
LKOH;0;20260414;073533;5448;1
LKOH;0;20260414;073543;5448.5;5
LKOH;0;20260414;073543;5449.5;13
LKOH;0;20260414;073543;5450;1
LKOH;0;20260414;073543;5450.5;2
LKOH;0;20260414;073543;5450.5;4
LKOH;0;20260414;073545;5448;3
LKOH;0;20260414;073549;5449.5;1
LKOH;0;20260414;073559;5450;3
LKOH;0;20260414;073559;5449.5;1
LKOH;0;20260414;073604;5449.5;18
LKOH;0;20260414;073606;5449.5;5
LKOH;0;20260414;073608;5449.5;1
LKOH;0;20260414;073611;5449.5;5
LKOH;0;20260414;073631;5448.5;1
LKOH;0;20260414;073639;5448;5
LKOH;0;20260414;073642;5447.5;4
LKOH;0;20260414;073644;5447.5;1
LKOH;0;20260414;073702;5445;1
LKOH;0;20260414;073709;5445;3
LKOH;0;20260414;073709;5445;1
LKOH;0;20260414;073730;5445;1
LKOH;0;20260414;073818;5445;1
LKOH;0;20260414;073819;5445;3
LKOH;0;20260414;073828;5445;11
LKOH;0;20260414;073844;5445;7
LKOH;0;20260414;073846;5445;8
LKOH;0;20260414;073846;5445;5
LKOH;0;20260414;073850;5445;1
LKOH;0;20260414;073909;5445;1
LKOH;0;20260414;073913;5445;1
LKOH;0;20260414;073929;5445;19
LKOH;0;20260414;073929;5445;15
LKOH;0;20260414;073929;5445;1
LKOH;0;20260414;073929;5445;5
LKOH;0;20260414;073932;5444.5;1
LKOH;0;20260414;073936;5444.5;1
LKOH;0;20260414;073948;5445;10
LKOH;0;20260414;074001;5445;9
LKOH;0;20260414;074006;5445;4
LKOH;0;20260414;074016;5444.5;25
LKOH;0;20260414;074016;5444.5;13
LKOH;0;20260414;074016;5444.5;11
LKOH;0;20260414;074018;5445;1
LKOH;0;20260414;074020;5445;1
LKOH;0;20260414;074037;5445;3
LKOH;0;20260414;074050;5445;2
LKOH;0;20260414;074057;5445;3
LKOH;0;20260414;074108;5445;1
LKOH;0;20260414;074120;5445;11
LKOH;0;20260414;074128;5445;1
LKOH;0;20260414;074139;5445;1
LKOH;0;20260414;074139;5445;25
LKOH;0;20260414;074139;5445;10
LKOH;0;20260414;074139;5445;1
LKOH;0;20260414;074139;5445;1
LKOH;0;20260414;074140;5446;1
LKOH;0;20260414;074202;5445.5;3
LKOH;0;20260414;074207;5446;1
LKOH;0;20260414;074219;5446;1
LKOH;0;20260414;074228;5446;7
LKOH;0;20260414;074243;5447;1
LKOH;0;20260414;074243;5447;1
LKOH;0;20260414;074244;5447;1
LKOH;0;20260414;074259;5447;1
LKOH;0;20260414;074259;5447;7
LKOH;0;20260414;074259;5449;5
LKOH;0;20260414;074259;5449;11
LKOH;0;20260414;074259;5449;11
LKOH;0;20260414;074259;5449;4
LKOH;0;20260414;074259;5449;13
LKOH;0;20260414;074259;5449.5;39
LKOH;0;20260414;074310;5449.5;11
LKOH;0;20260414;074313;5447;2
LKOH;0;20260414;074323;5447;1
LKOH;0;20260414;074339;5449.5;1
LKOH;0;20260414;074409;5449;1
LKOH;0;20260414;074409;5449;2
LKOH;0;20260414;074409;5449;18
LKOH;0;20260414;074409;5449;13
LKOH;0;20260414;074409;5449;22
LKOH;0;20260414;074413;5449;1
LKOH;0;20260414;074448;5448.5;1
LKOH;0;20260414;074450;5447;5
LKOH;0;20260414;074450;5446.5;1
LKOH;0;20260414;074450;5446.5;1
LKOH;0;20260414;074450;5446;6
LKOH;0;20260414;074457;5446;27
LKOH;0;20260414;074500;5446;15
LKOH;0;20260414;074505;5445.5;1
LKOH;0;20260414;074523;5445;100
LKOH;0;20260414;074525;5445;47
LKOH;0;20260414;074525;5445;1
LKOH;0;20260414;074544;5445;1
LKOH;0;20260414;074558;5444.5;1
LKOH;0;20260414;074558;5444;8
LKOH;0;20260414;074558;5444;12
LKOH;0;20260414;074602;5444.5;25
LKOH;0;20260414;074602;5444.5;10
LKOH;0;20260414;074604;5445;2
LKOH;0;20260414;074624;5445;1
LKOH;0;20260414;074627;5444.5;1
LKOH;0;20260414;074645;5445;6
LKOH;0;20260414;074702;5446;2
LKOH;0;20260414;074713;5446;5
LKOH;0;20260414;074714;5446;5
LKOH;0;20260414;074721;5446;3
LKOH;0;20260414;074733;5445;7
LKOH;0;20260414;074822;5446;1
LKOH;0;20260414;074833;5445;3
LKOH;0;20260414;074836;5446;1
LKOH;0;20260414;074843;5446;1
LKOH;0;20260414;074846;5446;4
LKOH;0;20260414;074846;5446;1
LKOH;0;20260414;074921;5445;1
LKOH;0;20260414;074924;5446;2
LKOH;0;20260414;074948;5446;1
LKOH;0;20260414;074948;5446;1
LKOH;0;20260414;074959;5445;1
LKOH;0;20260414;075007;5445;1
LKOH;0;20260414;075010;5446;1
LKOH;0;20260414;075011;5446;1
LKOH;0;20260414;075013;5446;1
LKOH;0;20260414;075014;5446;2
LKOH;0;20260414;075014;5446.5;1
LKOH;0;20260414;075014;5446.5;1
LKOH;0;20260414;075015;5446.5;1
LKOH;0;20260414;075027;5446.5;7
LKOH;0;20260414;075027;5447;10
LKOH;0;20260414;075027;5447;1
LKOH;0;20260414;075037;5445.5;1
LKOH;0;20260414;075043;5445.5;1
LKOH;0;20260414;075051;5447;1
LKOH;0;20260414;075058;5447;8
LKOH;0;20260414;075058;5447;10
LKOH;0;20260414;075058;5447;25
LKOH;0;20260414;075058;5447;11
LKOH;0;20260414;075128;5446;1
LKOH;0;20260414;075131;5447;1
LKOH;0;20260414;075133;5447;1
LKOH;0;20260414;075134;5447.5;10
LKOH;0;20260414;075134;5448.5;2
LKOH;0;20260414;075134;5448.5;13
LKOH;0;20260414;075134;5449;4
LKOH;0;20260414;075134;5449;19
LKOH;0;20260414;075151;5449.5;16
LKOH;0;20260414;075151;5449.5;14
LKOH;0;20260414;075153;5451;1
LKOH;0;20260414;075214;5450.5;1
LKOH;0;20260414;075215;5450.5;3
LKOH;0;20260414;075215;5451;2
LKOH;0;20260414;075241;5451;1
LKOH;0;20260414;075300;5451;63
LKOH;0;20260414;075300;5451;1
LKOH;0;20260414;075300;5451;12
LKOH;0;20260414;075300;5451;26
LKOH;0;20260414;075300;5451;19
LKOH;0;20260414;075300;5451;37
LKOH;0;20260414;075300;5451;44
LKOH;0;20260414;075300;5451;18
LKOH;0;20260414;075300;5451;25
LKOH;0;20260414;075300;5451;49
LKOH;0;20260414;075300;5451;21
LKOH;0;20260414;075300;5451;19
LKOH;0;20260414;075300;5451.5;555
LKOH;0;20260414;075300;5451.5;1
LKOH;0;20260414;075300;5451.5;1
LKOH;0;20260414;075300;5451.5;1
LKOH;0;20260414;075300;5452;50
LKOH;0;20260414;075300;5452;50
LKOH;0;20260414;075300;5452;5
LKOH;0;20260414;075300;5452;103
LKOH;0;20260414;075300;5451.5;1
LKOH;0;20260414;075303;5451.5;3
LKOH;0;20260414;075303;5451.5;18
LKOH;0;20260414;075303;5451.5;19
LKOH;0;20260414;075303;5452;8
LKOH;0;20260414;075306;5452;4
LKOH;0;20260414;075306;5452;1
LKOH;0;20260414;075319;5452;7
LKOH;0;20260414;075319;5452;2
LKOH;0;20260414;075350;5451;1
LKOH;0;20260414;075352;5451;3
LKOH;0;20260414;075354;5451;9
LKOH;0;20260414;075356;5451;4
LKOH;0;20260414;075356;5451;25
LKOH;0;20260414;075357;5451;5
LKOH;0;20260414;075358;5451;2
LKOH;0;20260414;075412;5451;1
LKOH;0;20260414;075421;5451;11
LKOH;0;20260414;075421;5451;9
LKOH;0;20260414;075445;5451;40
LKOH;0;20260414;075450;5450.5;3
LKOH;0;20260414;075454;5451;2
LKOH;0;20260414;075507;5450.5;1
LKOH;0;20260414;075516;5451;2
LKOH;0;20260414;075519;5451;5
LKOH;0;20260414;075521;5450.5;1
LKOH;0;20260414;075539;5451;1
LKOH;0;20260414;075543;5451;9
LKOH;0;20260414;075543;5451;50
LKOH;0;20260414;075552;5450.5;1
LKOH;0;20260414;075608;5451;2
LKOH;0;20260414;075626;5451;1
LKOH;0;20260414;075632;5451;5
LKOH;0;20260414;075638;5451;1
LKOH;0;20260414;075645;5451;5
LKOH;0;20260414;075648;5451;3
LKOH;0;20260414;075706;5451;10
LKOH;0;20260414;075709;5451;1
LKOH;0;20260414;075724;5451;1
LKOH;0;20260414;075751;5450.5;1
LKOH;0;20260414;075821;5450.5;9
LKOH;0;20260414;075821;5450.5;1
LKOH;0;20260414;075854;5450;1
LKOH;0;20260414;075854;5450;50
LKOH;0;20260414;075854;5450;92
LKOH;0;20260414;075854;5450;10
LKOH;0;20260414;075854;5450;1
LKOH;0;20260414;075854;5450;10
LKOH;0;20260414;075911;5450;1
LKOH;0;20260414;075917;5450;1
LKOH;0;20260414;075927;5449;4
LKOH;0;20260414;075927;5449;9
LKOH;0;20260414;080030;5447.5;1
LKOH;0;20260414;080030;5447.5;1
LKOH;0;20260414;080040;5447.5;17
LKOH;0;20260414;080040;5447.5;21
LKOH;0;20260414;080040;5447.5;21
LKOH;0;20260414;080040;5447.5;31
LKOH;0;20260414;080040;5447.5;63
LKOH;0;20260414;080040;5447.5;12
LKOH;0;20260414;080040;5447.5;35
LKOH;0;20260414;080050;5449;2
LKOH;0;20260414;080050;5449;1
LKOH;0;20260414;080050;5449;1
LKOH;0;20260414;080050;5449.5;6
LKOH;0;20260414;080053;5449.5;1
LKOH;0;20260414;080110;5449.5;1
LKOH;0;20260414;080157;5449.5;1
LKOH;0;20260414;080204;5449.5;1
LKOH;0;20260414;080213;5449.5;1
LKOH;0;20260414;080221;5449.5;7
LKOH;0;20260414;080225;5449.5;22
LKOH;0;20260414;080226;5449;25
LKOH;0;20260414;080235;5447;1
LKOH;0;20260414;080235;5447;1
LKOH;0;20260414;080243;5449.5;1
LKOH;0;20260414;080243;5449.5;1
LKOH;0;20260414;080243;5449.5;1
LKOH;0;20260414;080253;5449.5;1
LKOH;0;20260414;080253;5450;18
LKOH;0;20260414;080253;5450;5
LKOH;0;20260414;080308;5450;1
LKOH;0;20260414;080316;5450;8
LKOH;0;20260414;080316;5450;1
LKOH;0;20260414;080316;5450;1
LKOH;0;20260414;080328;5450;1
LKOH;0;20260414;080329;5449;1
LKOH;0;20260414;080329;5447;1
LKOH;0;20260414;080342;5449.5;8
LKOH;0;20260414;080342;5447;1
LKOH;0;20260414;080342;5447;1
LKOH;0;20260414;080342;5446.5;1
LKOH;0;20260414;080342;5446.5;1
LKOH;0;20260414;080342;5446;26
LKOH;0;20260414;080345;5449;2
LKOH;0;20260414;080346;5449;1
LKOH;0;20260414;080351;5449;1
LKOH;0;20260414;080353;5447;1
LKOH;0;20260414;080359;5448.5;1
LKOH;0;20260414;080359;5448.5;1
LKOH;0;20260414;080403;5446;1
LKOH;0;20260414;080405;5446;2
LKOH;0;20260414;080425;5448.5;2
LKOH;0;20260414;080427;5446;1
LKOH;0;20260414;080430;5448.5;2
LKOH;0;20260414;080435;5448.5;3
LKOH;0;20260414;080514;5446;2
LKOH;0;20260414;080520;5448.5;1
LKOH;0;20260414;080535;5448.5;1
LKOH;0;20260414;080558;5448.5;1
LKOH;0;20260414;080622;5448.5;1
LKOH;0;20260414;080622;5448.5;1
LKOH;0;20260414;080637;5448.5;15
LKOH;0;20260414;080745;5448.5;1
LKOH;0;20260414;080750;5448.5;1
LKOH;0;20260414;080757;5448;1
LKOH;0;20260414;080813;5446;1
LKOH;0;20260414;080822;5446;5
LKOH;0;20260414;080822;5446;2
LKOH;0;20260414;080822;5446;3
LKOH;0;20260414;080929;5447;1
LKOH;0;20260414;080936;5446;5
LKOH;0;20260414;080936;5446;200
LKOH;0;20260414;080936;5446;18
LKOH;0;20260414;080936;5446;33
LKOH;0;20260414;080936;5446;37
LKOH;0;20260414;080936;5446;7
LKOH;0;20260414;080956;5447.5;1
LKOH;0;20260414;081036;5447.5;1
LKOH;0;20260414;081042;5447.5;34
LKOH;0;20260414;081042;5447.5;1
LKOH;0;20260414;081042;5447.5;4
LKOH;0;20260414;081053;5447.5;1
LKOH;0;20260414;081054;5445.5;1
LKOH;0;20260414;081105;5447.5;1
LKOH;0;20260414;081107;5445.5;1
LKOH;0;20260414;081107;5445.5;2
LKOH;0;20260414;081110;5445.5;5
LKOH;0;20260414;081122;5445.5;1
LKOH;0;20260414;081124;5447.5;1
LKOH;0;20260414;081124;5447.5;14
LKOH;0;20260414;081132;5447.5;16
LKOH;0;20260414;081147;5447.5;1
LKOH;0;20260414;081154;5447.5;4
LKOH;0;20260414;081154;5448;1
LKOH;0;20260414;081154;5448;10
LKOH;0;20260414;081207;5448;1
LKOH;0;20260414;081220;5447.5;1
LKOH;0;20260414;081233;5445.5;1
LKOH;0;20260414;081233;5445.5;6
LKOH;0;20260414;081315;5447.5;7
LKOH;0;20260414;081350;5445;1
LKOH;0;20260414;081358;5445;1
LKOH;0;20260414;081358;5445;2
LKOH;0;20260414;081358;5445;1
LKOH;0;20260414;081358;5445;1
LKOH;0;20260414;081358;5445;2
LKOH;0;20260414;081358;5445;1
LKOH;0;20260414;081358;5445;1
LKOH;0;20260414;081358;5445;18
LKOH;0;20260414;081358;5445;2
LKOH;0;20260414;081421;5444.5;6
LKOH;0;20260414;081424;5447;1
LKOH;0;20260414;081424;5447;4
LKOH;0;20260414;081448;5447;1
LKOH;0;20260414;081501;5446.5;1
LKOH;0;20260414;081505;5446;1
LKOH;0;20260414;081512;5446;1
LKOH;0;20260414;081513;5446;1
LKOH;0;20260414;081518;5444.5;1
LKOH;0;20260414;081518;5444.5;4
LKOH;0;20260414;081519;5446;1
LKOH;0;20260414;081541;5446;3
LKOH;0;20260414;081603;5446;1
LKOH;0;20260414;081607;5446.5;1
LKOH;0;20260414;081607;5447;1
LKOH;0;20260414;081607;5447;6
LKOH;0;20260414;081619;5447;1
LKOH;0;20260414;081637;5447;1
LKOH;0;20260414;081656;5447;2
LKOH;0;20260414;081730;5448;5
LKOH;0;20260414;081731;5448;20
LKOH;0;20260414;081735;5448.5;28
LKOH;0;20260414;081735;5449;98
LKOH;0;20260414;081735;5450;8
LKOH;0;20260414;081735;5450;5
LKOH;0;20260414;081735;5450.5;17
LKOH;0;20260414;081735;5450.5;1
LKOH;0;20260414;081735;5450.5;15
LKOH;0;20260414;081735;5450.5;64
LKOH;0;20260414;081735;5450.5;11
LKOH;0;20260414;081735;5451;38
LKOH;0;20260414;081735;5451;1
LKOH;0;20260414;081735;5451;50
LKOH;0;20260414;081735;5451.5;210
LKOH;0;20260414;081735;5451.5;20
LKOH;0;20260414;081735;5451.5;60
LKOH;0;20260414;081735;5452;230
LKOH;0;20260414;081735;5452;19
LKOH;0;20260414;081735;5452;20
LKOH;0;20260414;081745;5452;1
LKOH;0;20260414;081749;5452.5;2
LKOH;0;20260414;081749;5453;2
LKOH;0;20260414;081750;5452;4
LKOH;0;20260414;081750;5452;12
LKOH;0;20260414;081750;5452;34
LKOH;0;20260414;081752;5452;1
LKOH;0;20260414;081802;5452;10
LKOH;0;20260414;081817;5453;1
LKOH;0;20260414;081820;5453;2
LKOH;0;20260414;081820;5453.5;1
LKOH;0;20260414;081820;5454;1
LKOH;0;20260414;081820;5454;5
LKOH;0;20260414;081820;5454.5;1
LKOH;0;20260414;081820;5454.5;2
LKOH;0;20260414;081820;5454.5;64
LKOH;0;20260414;081820;5454.5;64
LKOH;0;20260414;081820;5454.5;12
LKOH;0;20260414;081820;5455;5
LKOH;0;20260414;081820;5455;1
LKOH;0;20260414;081820;5455;38
LKOH;0;20260414;081821;5452.5;74
LKOH;0;20260414;081821;5452.5;26
LKOH;0;20260414;081821;5452.5;5
LKOH;0;20260414;081845;5454.5;1
LKOH;0;20260414;081859;5454.5;1
LKOH;0;20260414;081904;5453;3
LKOH;0;20260414;081907;5453;21
LKOH;0;20260414;081907;5452.5;1
LKOH;0;20260414;081907;5452;72
LKOH;0;20260414;081922;5453;1
LKOH;0;20260414;081930;5453;1
LKOH;0;20260414;081934;5454.5;1
LKOH;0;20260414;082008;5453;50
LKOH;0;20260414;082019;5453;1
LKOH;0;20260414;082021;5454.5;61
LKOH;0;20260414;082021;5454.5;12
LKOH;0;20260414;082021;5454.5;10
LKOH;0;20260414;082021;5454.5;1
LKOH;0;20260414;082021;5454.5;64
LKOH;0;20260414;082021;5455;210
LKOH;0;20260414;082022;5455;1
LKOH;0;20260414;082024;5455;2
LKOH;0;20260414;082026;5455;49
LKOH;0;20260414;082026;5455;50
LKOH;0;20260414;082026;5455;155
LKOH;0;20260414;082026;5455;150
LKOH;0;20260414;082026;5455;345
LKOH;0;20260414;082033;5455;1
LKOH;0;20260414;082034;5455;1
LKOH;0;20260414;082044;5455;1
LKOH;0;20260414;082045;5455;18
LKOH;0;20260414;082045;5455;1
LKOH;0;20260414;082045;5455;12
LKOH;0;20260414;082045;5455;5
LKOH;0;20260414;082045;5455;9
LKOH;0;20260414;082045;5455;5
LKOH;0;20260414;082045;5455;1
LKOH;0;20260414;082045;5455;5
LKOH;0;20260414;082045;5455;5
LKOH;0;20260414;082045;5455.5;50
LKOH;0;20260414;082045;5457;64
LKOH;0;20260414;082045;5457;74
LKOH;0;20260414;082045;5457.5;25
LKOH;0;20260414;082045;5457.5;64
LKOH;0;20260414;082045;5457.5;100
LKOH;0;20260414;082045;5458;100
LKOH;0;20260414;082045;5458;1
LKOH;0;20260414;082045;5458;300
LKOH;0;20260414;082045;5458;20
LKOH;0;20260414;082045;5458.5;240
LKOH;0;20260414;082045;5458.5;1
LKOH;0;20260414;082045;5456;1
LKOH;0;20260414;082046;5458.5;50
LKOH;0;20260414;082050;5458.5;1
LKOH;0;20260414;082051;5456.5;5
LKOH;0;20260414;082057;5458.5;10
LKOH;0;20260414;082058;5456.5;32
LKOH;0;20260414;082058;5456.5;12
LKOH;0;20260414;082058;5456.5;46
LKOH;0;20260414;082058;5456.5;64
LKOH;0;20260414;082058;5456.5;18
LKOH;0;20260414;082058;5456.5;37
LKOH;0;20260414;082058;5456.5;64
LKOH;0;20260414;082058;5456.5;24
LKOH;0;20260414;082102;5456;1
LKOH;0;20260414;082102;5458.5;5
LKOH;0;20260414;082104;5458.5;1
LKOH;0;20260414;082116;5458.5;89
LKOH;0;20260414;082118;5458.5;3
LKOH;0;20260414;082121;5456;1
LKOH;0;20260414;082125;5455;12
LKOH;0;20260414;082138;5457;10
LKOH;0;20260414;082138;5457;18
LKOH;0;20260414;082138;5457;8
LKOH;0;20260414;082143;5456;10
LKOH;0;20260414;082144;5456;1
LKOH;0;20260414;082157;5457;3
LKOH;0;20260414;082202;5457;2
LKOH;0;20260414;082202;5457;18
LKOH;0;20260414;082202;5457;36
LKOH;0;20260414;082202;5457;1
LKOH;0;20260414;082202;5457;37
LKOH;0;20260414;082202;5457;64
LKOH;0;20260414;082202;5457;46
LKOH;0;20260414;082202;5457;64
LKOH;0;20260414;082202;5457;37
LKOH;0;20260414;082202;5457;10
LKOH;0;20260414;082202;5457;3
LKOH;0;20260414;082233;5457;2
LKOH;0;20260414;082233;5457;1
LKOH;0;20260414;082233;5457;36
LKOH;0;20260414;082233;5457;11
LKOH;0;20260414;082236;5457;2
LKOH;0;20260414;082242;5457;1
LKOH;0;20260414;082309;5457;11
LKOH;0;20260414;082309;5457;18
LKOH;0;20260414;082311;5456;9
LKOH;0;20260414;082311;5456;1
LKOH;0;20260414;082311;5456;5
LKOH;0;20260414;082311;5456;2
LKOH;0;20260414;082311;5456;12
LKOH;0;20260414;082323;5456;3
LKOH;0;20260414;082332;5456;34
LKOH;0;20260414;082342;5456;1
LKOH;0;20260414;082347;5456;37
LKOH;0;20260414;082352;5456;96
LKOH;0;20260414;082352;5456;3
LKOH;0;20260414;082352;5456.5;5
LKOH;0;20260414;082352;5456.5;1
LKOH;0;20260414;082352;5456.5;1
LKOH;0;20260414;082352;5457;5
LKOH;0;20260414;082352;5457;1
LKOH;0;20260414;082352;5457;10
LKOH;0;20260414;082352;5457;1
LKOH;0;20260414;082416;5457.5;1
LKOH;0;20260414;082416;5457.5;1
LKOH;0;20260414;082422;5457.5;59
LKOH;0;20260414;082422;5457.5;20
LKOH;0;20260414;082422;5457.5;10
LKOH;0;20260414;082422;5457.5;2
LKOH;0;20260414;082441;5458;1
LKOH;0;20260414;082444;5458;9
LKOH;0;20260414;082444;5458;2
LKOH;0;20260414;082444;5458;3
LKOH;0;20260414;082444;5458.5;9
LKOH;0;20260414;082450;5458.5;5
LKOH;0;20260414;082452;5458.5;10
LKOH;0;20260414;082453;5457.5;1
LKOH;0;20260414;082455;5458.5;1
LKOH;0;20260414;082456;5458.5;1
LKOH;0;20260414;082457;5458.5;27
LKOH;0;20260414;082457;5458.5;27
LKOH;0;20260414;082459;5458.5;1
LKOH;0;20260414;082459;5458.5;10
LKOH;0;20260414;082459;5458.5;10
LKOH;0;20260414;082507;5458.5;2
LKOH;0;20260414;082510;5458.5;1
LKOH;0;20260414;082514;5458.5;8
LKOH;0;20260414;082514;5458.5;9
LKOH;0;20260414;082515;5458;9
LKOH;0;20260414;082515;5458;2
LKOH;0;20260414;082515;5458.5;9
LKOH;0;20260414;082519;5458.5;1
LKOH;0;20260414;082520;5458.5;4
LKOH;0;20260414;082520;5458;1
LKOH;0;20260414;082523;5458;1
LKOH;0;20260414;082526;5458.5;2
LKOH;0;20260414;082530;5458.5;1
LKOH;0;20260414;082536;5458;1
LKOH;0;20260414;082540;5458;7
LKOH;0;20260414;082540;5458;18
LKOH;0;20260414;082540;5458;35
LKOH;0;20260414;082540;5458;14
LKOH;0;20260414;082543;5458;1
LKOH;0;20260414;082547;5458.5;1
LKOH;0;20260414;082552;5458;49
LKOH;0;20260414;082552;5458;1
LKOH;0;20260414;082555;5458.5;1
LKOH;0;20260414;082613;5458;1
LKOH;0;20260414;082615;5458.5;510
LKOH;0;20260414;082615;5458.5;8
LKOH;0;20260414;082615;5458.5;1
LKOH;0;20260414;082615;5458.5;1
LKOH;0;20260414;082615;5459;7
LKOH;0;20260414;082615;5459;3
LKOH;0;20260414;082615;5459;2
LKOH;0;20260414;082615;5459;1
LKOH;0;20260414;082615;5459.5;9
LKOH;0;20260414;082616;5458.5;1
LKOH;0;20260414;082617;5459.5;1
LKOH;0;20260414;082622;5459.5;290
LKOH;0;20260414;082622;5460;1
LKOH;0;20260414;082622;5460;4
LKOH;0;20260414;082622;5460;10
LKOH;0;20260414;082622;5460;6
LKOH;0;20260414;082622;5460.5;5
LKOH;0;20260414;082623;5461;20
LKOH;0;20260414;082623;5460;5
LKOH;0;20260414;082623;5460;10
LKOH;0;20260414;082627;5461.5;1
LKOH;0;20260414;082628;5461.5;1
LKOH;0;20260414;082630;5461.5;1
LKOH;0;20260414;082630;5462.5;10
LKOH;0;20260414;082630;5462.5;2
LKOH;0;20260414;082630;5460.5;10
LKOH;0;20260414;082640;5462.5;2
LKOH;0;20260414;082706;5461.5;5
LKOH;0;20260414;082715;5461.5;7
LKOH;0;20260414;082715;5461.5;14
LKOH;0;20260414;082716;5462;1
LKOH;0;20260414;082717;5462;34
LKOH;0;20260414;082717;5462.5;16
LKOH;0;20260414;082723;5461.5;1
LKOH;0;20260414;082725;5462.5;1
LKOH;0;20260414;082728;5462.5;7
LKOH;0;20260414;082728;5461.5;60
LKOH;0;20260414;082728;5461.5;36
LKOH;0;20260414;082728;5461.5;4
LKOH;0;20260414;082730;5462.5;1
LKOH;0;20260414;082732;5461.5;1
LKOH;0;20260414;082735;5461.5;1
LKOH;0;20260414;082737;5462;2
LKOH;0;20260414;082737;5462.5;18
LKOH;0;20260414;082746;5462.5;38
LKOH;0;20260414;082749;5462.5;20
LKOH;0;20260414;082751;5462;100
LKOH;0;20260414;082759;5462.5;1
LKOH;0;20260414;082803;5462.5;1
LKOH;0;20260414;082811;5462.5;3
LKOH;0;20260414;082811;5462;40
LKOH;0;20260414;082811;5462;5
LKOH;0;20260414;082815;5462.5;180
LKOH;0;20260414;082815;5463;16
LKOH;0;20260414;082815;5463;1
LKOH;0;20260414;082815;5464;40
LKOH;0;20260414;082815;5464;64
LKOH;0;20260414;082815;5464.5;5
LKOH;0;20260414;082815;5464.5;2
LKOH;0;20260414;082815;5464.5;13
LKOH;0;20260414;082815;5464.5;50
LKOH;0;20260414;082815;5465;1
LKOH;0;20260414;082815;5465;268
LKOH;0;20260414;082822;5464.5;3
LKOH;0;20260414;082828;5464.5;9
LKOH;0;20260414;082833;5464.5;1
LKOH;0;20260414;082838;5464.5;1
LKOH;0;20260414;082845;5462.5;1
LKOH;0;20260414;082848;5464.5;3
LKOH;0;20260414;082848;5464.5;15
LKOH;0;20260414;082857;5462.5;4
LKOH;0;20260414;082926;5464;1
LKOH;0;20260414;082928;5464;3
LKOH;0;20260414;082928;5464;3
LKOH;0;20260414;082934;5464;1
LKOH;0;20260414;082934;5464;18
LKOH;0;20260414;083010;5464;1
LKOH;0;20260414;083016;5464;1
LKOH;0;20260414;083022;5464;1
LKOH;0;20260414;083027;5462.5;1
LKOH;0;20260414;083030;5464;2
LKOH;0;20260414;083048;5464;1
LKOH;0;20260414;083048;5464;1
LKOH;0;20260414;083056;5464;4
LKOH;0;20260414;083056;5464;2
LKOH;0;20260414;083104;5464;2
LKOH;0;20260414;083105;5464;11
LKOH;0;20260414;083105;5464;19
LKOH;0;20260414;083105;5464;1
LKOH;0;20260414;083105;5464;1
LKOH;0;20260414;083109;5462.5;1
LKOH;0;20260414;083118;5463.5;5
LKOH;0;20260414;083127;5463;1
LKOH;0;20260414;083128;5463;4
LKOH;0;20260414;083132;5463;1
LKOH;0;20260414;083134;5463;1
LKOH;0;20260414;083139;5463;1
LKOH;0;20260414;083139;5463;8
LKOH;0;20260414;083139;5463;41
LKOH;0;20260414;083141;5463.5;1
LKOH;0;20260414;083141;5462.5;9
LKOH;0;20260414;083141;5462.5;1
LKOH;0;20260414;083202;5462.5;8
LKOH;0;20260414;083202;5462.5;1
LKOH;0;20260414;083202;5462.5;10
LKOH;0;20260414;083202;5462.5;1
LKOH;0;20260414;083202;5462.5;3
LKOH;0;20260414;083203;5462;4
LKOH;0;20260414;083203;5462;27
LKOH;0;20260414;083203;5462.5;1
LKOH;0;20260414;083203;5462;27
LKOH;0;20260414;083204;5462;26
LKOH;0;20260414;083218;5463.5;1
LKOH;0;20260414;083218;5463.5;1
LKOH;0;20260414;083219;5463.5;4
LKOH;0;20260414;083228;5463.5;1
LKOH;0;20260414;083234;5462;10
LKOH;0;20260414;083234;5463.5;4
LKOH;0;20260414;083235;5462;10
LKOH;0;20260414;083246;5463.5;1
LKOH;0;20260414;083246;5463.5;1
LKOH;0;20260414;083248;5463.5;1
LKOH;0;20260414;083249;5462;100
LKOH;0;20260414;083249;5462;8
LKOH;0;20260414;083251;5463.5;1
LKOH;0;20260414;083251;5463.5;1
LKOH;0;20260414;083251;5463.5;20
LKOH;0;20260414;083257;5462.5;1
LKOH;0;20260414;083257;5462.5;1
LKOH;0;20260414;083259;5462;16
LKOH;0;20260414;083259;5462;13
LKOH;0;20260414;083259;5462;13
LKOH;0;20260414;083300;5462;101
LKOH;0;20260414;083300;5462;210
LKOH;0;20260414;083300;5462;3
LKOH;0;20260414;083300;5462;1
LKOH;0;20260414;083300;5462;1
LKOH;0;20260414;083300;5461.5;1
LKOH;0;20260414;083300;5461.5;8
LKOH;0;20260414;083305;5462;1
LKOH;0;20260414;083305;5462.5;2
LKOH;0;20260414;083306;5462;1
LKOH;0;20260414;083306;5461.5;22
LKOH;0;20260414;083306;5461.5;5
LKOH;0;20260414;083308;5462;1
LKOH;0;20260414;083310;5462;1
LKOH;0;20260414;083324;5462;10
LKOH;0;20260414;083334;5461;2
LKOH;0;20260414;083334;5461;20
LKOH;0;20260414;083334;5461;1
LKOH;0;20260414;083335;5461;2
LKOH;0;20260414;083338;5461;1
LKOH;0;20260414;083353;5460.5;2
LKOH;0;20260414;083353;5460.5;5
LKOH;0;20260414;083401;5460;1
LKOH;0;20260414;083401;5460;3
LKOH;0;20260414;083401;5458.5;18
LKOH;0;20260414;083406;5460.5;1
LKOH;0;20260414;083418;5460.5;1
LKOH;0;20260414;083422;5460.5;1
LKOH;0;20260414;083423;5460.5;1
LKOH;0;20260414;083430;5459;1
LKOH;0;20260414;083432;5460.5;1
LKOH;0;20260414;083432;5460.5;1
LKOH;0;20260414;083433;5460.5;1
LKOH;0;20260414;083433;5460.5;1
LKOH;0;20260414;083450;5459;25
LKOH;0;20260414;083450;5458.5;71
LKOH;0;20260414;083455;5460;50
LKOH;0;20260414;083457;5460;3
LKOH;0;20260414;083459;5460;9
LKOH;0;20260414;083459;5460;4
LKOH;0;20260414;083459;5460.5;7
LKOH;0;20260414;083459;5460.5;9
LKOH;0;20260414;083459;5460.5;2
LKOH;0;20260414;083504;5460.5;1
LKOH;0;20260414;083516;5461;1
LKOH;0;20260414;083516;5461;73
LKOH;0;20260414;083516;5461;8
LKOH;0;20260414;083516;5461;44
LKOH;0;20260414;083533;5461;1
LKOH;0;20260414;083553;5460.5;1
LKOH;0;20260414;083553;5460.5;1
LKOH;0;20260414;083556;5460.5;100
LKOH;0;20260414;083556;5460.5;1
LKOH;0;20260414;083556;5460.5;12
LKOH;0;20260414;083557;5460.5;7
LKOH;0;20260414;083610;5460.5;5
LKOH;0;20260414;083614;5460.5;1
LKOH;0;20260414;083616;5461;24
LKOH;0;20260414;083633;5461;10
LKOH;0;20260414;083705;5459.5;25
LKOH;0;20260414;083705;5459.5;12
LKOH;0;20260414;083705;5459.5;32
LKOH;0;20260414;083705;5459.5;18
LKOH;0;20260414;083705;5459.5;30
LKOH;0;20260414;083705;5459.5;57
LKOH;0;20260414;083705;5459.5;43
LKOH;0;20260414;083705;5459.5;125
LKOH;0;20260414;083705;5459.5;64
LKOH;0;20260414;083705;5459.5;68
LKOH;0;20260414;083705;5459.5;37
LKOH;0;20260414;083705;5459.5;1
LKOH;0;20260414;083705;5459.5;1
LKOH;0;20260414;083705;5459.5;1
LKOH;0;20260414;083705;5459;2
LKOH;0;20260414;083705;5459;1
LKOH;0;20260414;083705;5459;20
LKOH;0;20260414;083705;5458.5;390
LKOH;0;20260414;083705;5458.5;60
LKOH;0;20260414;083705;5458.5;20
LKOH;0;20260414;083705;5458.5;10
LKOH;0;20260414;083718;5459.5;1
LKOH;0;20260414;083741;5461;1
LKOH;0;20260414;083746;5461;2
LKOH;0;20260414;083759;5461;2
LKOH;0;20260414;083810;5461;4
LKOH;0;20260414;083813;5459.5;24
LKOH;0;20260414;083813;5459.5;56
LKOH;0;20260414;083813;5459.5;31
LKOH;0;20260414;083813;5459.5;18
LKOH;0;20260414;083813;5459.5;29
LKOH;0;20260414;083813;5459.5;64
LKOH;0;20260414;083813;5459.5;42
LKOH;0;20260414;083813;5459.5;37
LKOH;0;20260414;083813;5459.5;1
LKOH;0;20260414;083813;5459;12
LKOH;0;20260414;083813;5459;46
LKOH;0;20260414;083824;5461;22
LKOH;0;20260414;083829;5459.5;24
LKOH;0;20260414;083840;5461;1
LKOH;0;20260414;083847;5461;25
LKOH;0;20260414;083847;5461;25
LKOH;0;20260414;083847;5461;25
LKOH;0;20260414;083847;5461;14
LKOH;0;20260414;083847;5461;11
LKOH;0;20260414;083847;5461;11
LKOH;0;20260414;083847;5461;1
LKOH;0;20260414;083902;5463.5;1
LKOH;0;20260414;083906;5463.5;10
LKOH;0;20260414;083923;5463.5;1
LKOH;0;20260414;083923;5463.5;1
LKOH;0;20260414;083923;5463.5;8
LKOH;0;20260414;083929;5463.5;1
LKOH;0;20260414;083942;5463.5;1
LKOH;0;20260414;083947;5463.5;5
LKOH;0;20260414;083947;5463.5;2
LKOH;0;20260414;083947;5464;3
LKOH;0;20260414;083948;5464;1
LKOH;0;20260414;084013;5464;1
LKOH;0;20260414;084047;5464;2
LKOH;0;20260414;084049;5464;2
LKOH;0;20260414;084054;5463.5;1
LKOH;0;20260414;084057;5464;1
LKOH;0;20260414;084109;5464;1
LKOH;0;20260414;084109;5464;3
LKOH;0;20260414;084118;5464;1
LKOH;0;20260414;084122;5464;3
LKOH;0;20260414;084145;5462.5;5
LKOH;0;20260414;084145;5461.5;13
LKOH;0;20260414;084145;5461.5;22
LKOH;0;20260414;084211;5463;1
LKOH;0;20260414;084238;5463;5
LKOH;0;20260414;084240;5463;1
LKOH;0;20260414;084245;5461;1
LKOH;0;20260414;084251;5463;1
LKOH;0;20260414;084259;5463;1
LKOH;0;20260414;084309;5462.5;1
LKOH;0;20260414;084317;5462.5;2
LKOH;0;20260414;084317;5461;2
LKOH;0;20260414;084318;5461;2
LKOH;0;20260414;084337;5461;120
LKOH;0;20260414;084338;5461;176
LKOH;0;20260414;084338;5461;20
LKOH;0;20260414;084351;5461;2
LKOH;0;20260414;084355;5461;1
LKOH;0;20260414;084357;5461;2
LKOH;0;20260414;084358;5461;1
LKOH;0;20260414;084359;5461;1
LKOH;0;20260414;084359;5461;1
LKOH;0;20260414;084359;5461;1
LKOH;0;20260414;084400;5461;1
LKOH;0;20260414;084405;5460.5;1
LKOH;0;20260414;084431;5461;2
LKOH;0;20260414;084440;5461;1
LKOH;0;20260414;084447;5461;2
LKOH;0;20260414;084447;5461;3
LKOH;0;20260414;084449;5461;9
LKOH;0;20260414;084449;5461;1
LKOH;0;20260414;084452;5460.5;2
LKOH;0;20260414;084453;5461;1
LKOH;0;20260414;084453;5461;1
LKOH;0;20260414;084501;5460.5;7
LKOH;0;20260414;084501;5460.5;1
LKOH;0;20260414;084507;5460;2
LKOH;0;20260414;084509;5460;18
LKOH;0;20260414;084509;5459.5;2
LKOH;0;20260414;084509;5459;10
LKOH;0;20260414;084509;5459;1
LKOH;0;20260414;084509;5458;1
LKOH;0;20260414;084509;5458;41
LKOH;0;20260414;084515;5460;1
LKOH;0;20260414;084522;5460;2
LKOH;0;20260414;084525;5460;1
LKOH;0;20260414;084526;5460;2
LKOH;0;20260414;084533;5458;12
LKOH;0;20260414;084542;5460;1
LKOH;0;20260414;084546;5460;7
LKOH;0;20260414;084548;5460;2
LKOH;0;20260414;084600;5460;1
LKOH;0;20260414;084609;5460;3
LKOH;0;20260414;084613;5460;5
LKOH;0;20260414;084632;5460;1
LKOH;0;20260414;084640;5457.5;50
LKOH;0;20260414;084643;5457.5;83
LKOH;0;20260414;084645;5460;1
LKOH;0;20260414;084647;5460;2
LKOH;0;20260414;084734;5460;10
LKOH;0;20260414;084750;5457.5;1
LKOH;0;20260414;084753;5459.5;2
LKOH;0;20260414;084758;5459.5;10
LKOH;0;20260414;084804;5459.5;10
LKOH;0;20260414;084808;5458;11
LKOH;0;20260414;084813;5459.5;1
LKOH;0;20260414;084817;5459.5;1
LKOH;0;20260414;084832;5459.5;4
LKOH;0;20260414;084832;5459.5;7
LKOH;0;20260414;084842;5458;2
LKOH;0;20260414;084859;5459.5;1
LKOH;0;20260414;084901;5459.5;2
LKOH;0;20260414;084907;5459.5;2
LKOH;0;20260414;084908;5459.5;1
LKOH;0;20260414;084912;5459.5;1
LKOH;0;20260414;084912;5459.5;1
LKOH;0;20260414;084913;5459.5;3
LKOH;0;20260414;084919;5458;13
LKOH;0;20260414;084929;5459.5;1
LKOH;0;20260414;084940;5459.5;1
LKOH;0;20260414;084951;5458;1
LKOH;0;20260414;085015;5458.5;1
LKOH;0;20260414;085016;5458.5;1
LKOH;0;20260414;085024;5458;10
LKOH;0;20260414;085025;5458.5;1
LKOH;0;20260414;085026;5458;1
LKOH;0;20260414;085026;5458.5;1
LKOH;0;20260414;085029;5458.5;1
LKOH;0;20260414;085032;5458;1
LKOH;0;20260414;085038;5458;1
LKOH;0;20260414;085043;5458;1
LKOH;0;20260414;085044;5458;1
LKOH;0;20260414;085059;5458.5;45
LKOH;0;20260414;085059;5458.5;33
LKOH;0;20260414;085059;5458.5;1
LKOH;0;20260414;085059;5459.5;2
LKOH;0;20260414;085059;5459.5;1
LKOH;0;20260414;085059;5459.5;11
LKOH;0;20260414;085059;5460;1
LKOH;0;20260414;085059;5460.5;5
LKOH;0;20260414;085059;5460.5;1
LKOH;0;20260414;085059;5460.5;20
LKOH;0;20260414;085059;5460.5;50
LKOH;0;20260414;085059;5461;10
LKOH;0;20260414;085059;5461;47
LKOH;0;20260414;085059;5461;20
LKOH;0;20260414;085059;5461;1
LKOH;0;20260414;085059;5461.5;18
LKOH;0;20260414;085059;5461.5;5
LKOH;0;20260414;085059;5461.5;20
LKOH;0;20260414;085059;5461.5;5
LKOH;0;20260414;085059;5461.5;1
LKOH;0;20260414;085059;5462;8
LKOH;0;20260414;085059;5462;20
LKOH;0;20260414;085059;5462;44
LKOH;0;20260414;085100;5459;4
LKOH;0;20260414;085103;5461.5;1
LKOH;0;20260414;085135;5459;8
LKOH;0;20260414;085136;5458.5;1
LKOH;0;20260414;085213;5461;5
LKOH;0;20260414;085213;5461;13
LKOH;0;20260414;085231;5459;1
LKOH;0;20260414;085242;5458.5;2
LKOH;0;20260414;085242;5458.5;274
LKOH;0;20260414;085242;5458.5;55
LKOH;0;20260414;085242;5458.5;11
LKOH;0;20260414;085242;5458;25
LKOH;0;20260414;085242;5458;2
LKOH;0;20260414;085242;5457.5;131
LKOH;0;20260414;085242;5459;5
LKOH;0;20260414;085242;5459;1
LKOH;0;20260414;085242;5459;11
LKOH;0;20260414;085242;5459;18
LKOH;0;20260414;085242;5459;34
LKOH;0;20260414;085242;5459;31
LKOH;0;20260414;085306;5458;1
LKOH;0;20260414;085334;5458;1
LKOH;0;20260414;085335;5458;25
LKOH;0;20260414;085335;5458;1
LKOH;0;20260414;085338;5459.5;1
LKOH;0;20260414;085428;5459.5;2
LKOH;0;20260414;085428;5460;1
LKOH;0;20260414;085428;5460;3
LKOH;0;20260414;085429;5460;3
LKOH;0;20260414;085429;5460;5
LKOH;0;20260414;085437;5460;1
LKOH;0;20260414;085439;5460;2
LKOH;0;20260414;085439;5460;37
LKOH;0;20260414;085439;5460;11
LKOH;0;20260414;085441;5460;1
LKOH;0;20260414;085447;5458.5;5
LKOH;0;20260414;085508;5460.5;4
LKOH;0;20260414;085508;5460.5;6
LKOH;0;20260414;085509;5459;4
LKOH;0;20260414;085617;5459;25
LKOH;0;20260414;085623;5459;1
LKOH;0;20260414;085652;5459;12
LKOH;0;20260414;085709;5459;1
LKOH;0;20260414;085713;5459;13
LKOH;0;20260414;085718;5459;1
LKOH;0;20260414;085718;5458;1
LKOH;0;20260414;085718;5457.5;1
LKOH;0;20260414;085720;5459;15
LKOH;0;20260414;085743;5457.5;100
LKOH;0;20260414;085743;5458.5;1
LKOH;0;20260414;085746;5457.5;8
LKOH;0;20260414;085751;5458.5;1
LKOH;0;20260414;085751;5458.5;3
LKOH;0;20260414;085800;5458.5;9
LKOH;0;20260414;085800;5458.5;1
LKOH;0;20260414;085801;5458.5;1
LKOH;0;20260414;085805;5457.5;50
LKOH;0;20260414;085807;5458.5;4
LKOH;0;20260414;085817;5458.5;1
LKOH;0;20260414;085822;5458.5;7
LKOH;0;20260414;085837;5458.5;1
LKOH;0;20260414;085841;5457.5;1
LKOH;0;20260414;085849;5457.5;98
LKOH;0;20260414;085849;5457.5;1
LKOH;0;20260414;085849;5457.5;20
LKOH;0;20260414;085849;5457;1
LKOH;0;20260414;085849;5457;9
LKOH;0;20260414;085849;5457;1
LKOH;0;20260414;085849;5457;2
LKOH;0;20260414;085849;5457;1
LKOH;0;20260414;085849;5457;1
LKOH;0;20260414;085849;5458;5
LKOH;0;20260414;085850;5456;50
LKOH;0;20260414;085850;5456;1
LKOH;0;20260414;085850;5456;1
LKOH;0;20260414;085850;5455;8
LKOH;0;20260414;085854;5457;64
LKOH;0;20260414;085854;5457;11
LKOH;0;20260414;085854;5457;23
LKOH;0;20260414;085854;5457;37
LKOH;0;20260414;085854;5457;37
LKOH;0;20260414;085854;5457;46
LKOH;0;20260414;085854;5457;64
LKOH;0;20260414;085854;5457;37
LKOH;0;20260414;085854;5457;18
LKOH;0;20260414;085854;5457;36
LKOH;0;20260414;085854;5457;56
LKOH;0;20260414;085854;5457.5;25
LKOH;0;20260414;085854;5457.5;20
LKOH;0;20260414;085854;5457.5;8
LKOH;0;20260414;085854;5457.5;9
LKOH;0;20260414;085854;5458;18
LKOH;0;20260414;085854;5458;20
LKOH;0;20260414;085854;5458;25
LKOH;0;20260414;085854;5458.5;1
LKOH;0;20260414;085854;5458.5;10
LKOH;0;20260414;085854;5458.5;20
LKOH;0;20260414;085854;5458.5;10
LKOH;0;20260414;085854;5459;322
LKOH;0;20260414;085854;5459;1
LKOH;0;20260414;085854;5459;20
LKOH;0;20260414;085854;5459.5;1
LKOH;0;20260414;085854;5459.5;24
LKOH;0;20260414;085854;5460;50
LKOH;0;20260414;085854;5460;60
LKOH;0;20260414;085854;5460.5;1
LKOH;0;20260414;085854;5461;3
LKOH;0;20260414;085854;5461.5;3
LKOH;0;20260414;085854;5461.5;64
LKOH;0;20260414;085854;5461.5;40
LKOH;0;20260414;085854;5461.5;64
LKOH;0;20260414;085854;5462;1
LKOH;0;20260414;085854;5462;200
LKOH;0;20260414;085854;5462;25
LKOH;0;20260414;085854;5462.5;32
LKOH;0;20260414;085854;5463;1
LKOH;0;20260414;085854;5463;2
LKOH;0;20260414;085854;5463;10
LKOH;0;20260414;085854;5463;5
LKOH;0;20260414;085854;5463;200
LKOH;0;20260414;085854;5463;207
LKOH;0;20260414;085854;5463;213
LKOH;0;20260414;085854;5463;16
LKOH;0;20260414;085900;5463.5;27
LKOH;0;20260414;085900;5463.5;23
LKOH;0;20260414;085900;5463.5;4
LKOH;0;20260414;085900;5463.5;16
LKOH;0;20260414;085900;5463.5;6
LKOH;0;20260414;085900;5464;1
LKOH;0;20260414;085900;5464;5
LKOH;0;20260414;085900;5464;21
LKOH;0;20260414;085900;5464;5
LKOH;0;20260414;085900;5464;13
LKOH;0;20260414;085900;5464;33
LKOH;0;20260414;085900;5464;13
LKOH;0;20260414;085901;5464;13
LKOH;0;20260414;085901;5464;33
LKOH;0;20260414;085919;5464;1
LKOH;0;20260414;085919;5463;1
LKOH;0;20260414;085921;5463;1
LKOH;0;20260414;085935;5464;7
LKOH;0;20260414;085936;5464;1
LKOH;0;20260414;085942;5463;46
LKOH;0;20260414;090000;5463;10
LKOH;0;20260414;090000;5463;50
LKOH;0;20260414;090000;5464.5;20
LKOH;0;20260414;090000;5464.5;50
LKOH;0;20260414;090000;5464;20
LKOH;0;20260414;090000;5464;10
LKOH;0;20260414;090000;5464;12
LKOH;0;20260414;090000;5464;5
LKOH;0;20260414;090000;5464;3
LKOH;0;20260414;090000;5464;15
LKOH;0;20260414;090000;5464;5
LKOH;0;20260414;090000;5464;32
LKOH;0;20260414;090000;5464;18
LKOH;0;20260414;090000;5464;10
LKOH;0;20260414;090000;5464;10
LKOH;0;20260414;090000;5464;19
LKOH;0;20260414;090000;5464;10
LKOH;0;20260414;090000;5464;11
LKOH;0;20260414;090001;5464.5;20
LKOH;0;20260414;090001;5464.5;10
LKOH;0;20260414;090001;5464.5;2
LKOH;0;20260414;090001;5464.5;2
LKOH;0;20260414;090003;5465;1
LKOH;0;20260414;090003;5465;5
LKOH;0;20260414;090003;5465;1
LKOH;0;20260414;090003;5465;3
LKOH;0;20260414;090005;5465;2
LKOH;0;20260414;090005;5465;5
LKOH;0;20260414;090005;5465;4
LKOH;0;20260414;090005;5465;11
LKOH;0;20260414;090005;5465;1
LKOH;0;20260414;090005;5465;400
LKOH;0;20260414;090005;5465;20
LKOH;0;20260414;090013;5465.5;3
LKOH;0;20260414;090014;5465.5;2
LKOH;0;20260414;090014;5466;2
LKOH;0;20260414;090014;5466;2
LKOH;0;20260414;090014;5466;1
LKOH;0;20260414;090014;5466;1
LKOH;0;20260414;090014;5466;2
LKOH;0;20260414;090015;5466;1
LKOH;0;20260414;090021;5466;2
LKOH;0;20260414;090021;5466.5;1
LKOH;0;20260414;090023;5466.5;1
LKOH;0;20260414;090030;5465.5;10
LKOH;0;20260414;090030;5465.5;3
LKOH;0;20260414;090030;5465.5;7
LKOH;0;20260414;090030;5464;2
LKOH;0;20260414;090032;5463.5;1
LKOH;0;20260414;090032;5463;2
LKOH;0;20260414;090033;5463;27
LKOH;0;20260414;090035;5463;27
LKOH;0;20260414;090043;5463.5;53
LKOH;0;20260414;090043;5463;76
LKOH;0;20260414;090044;5463;76
LKOH;0;20260414;090044;5463;76
LKOH;0;20260414;090044;5463;9
LKOH;0;20260414;090044;5463;76
LKOH;0;20260414;090044;5463;27
LKOH;0;20260414;090044;5463;27
LKOH;0;20260414;090044;5463;76
LKOH;0;20260414;090044;5463;33
LKOH;0;20260414;090044;5463;13
LKOH;0;20260414;090045;5463;26
LKOH;0;20260414;090045;5463;13
LKOH;0;20260414;090045;5463;13
LKOH;0;20260414;090045;5463;9
LKOH;0;20260414;090045;5463;9
LKOH;0;20260414;090045;5463;555
LKOH;0;20260414;090046;5463;555
LKOH;0;20260414;090048;5463;730
LKOH;0;20260414;090048;5461.5;20
LKOH;0;20260414;090048;5461.5;20
LKOH;0;20260414;090048;5461;20
LKOH;0;20260414;090048;5461;30
LKOH;0;20260414;090048;5461;20
LKOH;0;20260414;090048;5461;160
LKOH;0;20260414;090048;5461;39
LKOH;0;20260414;090050;5459;1
LKOH;0;20260414;090051;5459;1
LKOH;0;20260414;090056;5456.5;2
LKOH;0;20260414;090101;5456;2
LKOH;0;20260414;090101;5456;18
LKOH;0;20260414;090101;5456;37
LKOH;0;20260414;090104;5455;42
LKOH;0;20260414;090104;5455;18
LKOH;0;20260414;090104;5455;16
LKOH;0;20260414;090109;5455;1
LKOH;0;20260414;090122;5454.5;2
LKOH;0;20260414;090123;5454.5;1
LKOH;0;20260414;090126;5454;1
LKOH;0;20260414;090126;5454;1
LKOH;0;20260414;090126;5453.5;5
LKOH;0;20260414;090126;5453.5;1
LKOH;0;20260414;090126;5453;1
LKOH;0;20260414;090127;5453;15
LKOH;0;20260414;090129;5453.5;2
LKOH;0;20260414;090130;5453.5;11
LKOH;0;20260414;090130;5453.5;30
LKOH;0;20260414;090130;5453.5;10
LKOH;0;20260414;090130;5453.5;200
LKOH;0;20260414;090130;5453.5;10
LKOH;0;20260414;090130;5453.5;76
LKOH;0;20260414;090130;5453.5;64
LKOH;0;20260414;090130;5453.5;37
LKOH;0;20260414;090130;5453.5;57
LKOH;0;20260414;090131;5454;1
LKOH;0;20260414;090131;5454;12
LKOH;0;20260414;090131;5454;1
LKOH;0;20260414;090131;5454;9
LKOH;0;20260414;090131;5454;4
LKOH;0;20260414;090132;5454;6
LKOH;0;20260414;090132;5454.5;1
LKOH;0;20260414;090132;5454.5;2
LKOH;0;20260414;090133;5454;30
LKOH;0;20260414;090133;5454;13
LKOH;0;20260414;090133;5454;7
LKOH;0;20260414;090138;5454;7
LKOH;0;20260414;090143;5453.5;20
LKOH;0;20260414;090143;5453.5;20
LKOH;0;20260414;090143;5453.5;30
LKOH;0;20260414;090143;5453.5;13
LKOH;0;20260414;090143;5453.5;13
LKOH;0;20260414;090146;5454.5;2
LKOH;0;20260414;090152;5454;30
LKOH;0;20260414;090152;5454;38
LKOH;0;20260414;090152;5454;8
LKOH;0;20260414;090159;5454.5;1
LKOH;0;20260414;090209;5454.5;5
LKOH;0;20260414;090209;5454.5;10
LKOH;0;20260414;090219;5454.5;1
LKOH;0;20260414;090219;5454;1
LKOH;0;20260414;090222;5454.5;9
LKOH;0;20260414;090222;5454.5;50
LKOH;0;20260414;090223;5455;33
LKOH;0;20260414;090223;5455;7
LKOH;0;20260414;090223;5455;2
LKOH;0;20260414;090223;5455;13
LKOH;0;20260414;090223;5455;9
LKOH;0;20260414;090223;5455;9
LKOH;0;20260414;090226;5454.5;2
LKOH;0;20260414;090237;5455;9
LKOH;0;20260414;090237;5455;73
LKOH;0;20260414;090243;5455;1
LKOH;0;20260414;090243;5454.5;1
LKOH;0;20260414;090243;5454.5;1
LKOH;0;20260414;090256;5454;2
LKOH;0;20260414;090256;5454;1
LKOH;0;20260414;090301;5454;37
LKOH;0;20260414;090301;5453.5;63
LKOH;0;20260414;090312;5453;7
LKOH;0;20260414;090312;5453;7
LKOH;0;20260414;090321;5453.5;5
LKOH;0;20260414;090334;5453;488
LKOH;0;20260414;090334;5453;10
LKOH;0;20260414;090334;5453;7
LKOH;0;20260414;090334;5453;11
LKOH;0;20260414;090334;5453;13
LKOH;0;20260414;090334;5453;1
LKOH;0;20260414;090334;5452.5;5
LKOH;0;20260414;090334;5452.5;2
LKOH;0;20260414;090334;5452.5;1
LKOH;0;20260414;090335;5451.5;2
LKOH;0;20260414;090335;5451;1
LKOH;0;20260414;090335;5451;1
LKOH;0;20260414;090335;5451;17
LKOH;0;20260414;090340;5451;57
LKOH;0;20260414;090340;5451;37
LKOH;0;20260414;090340;5451;6
LKOH;0;20260414;090342;5452;5
LKOH;0;20260414;090344;5450.5;10
LKOH;0;20260414;090347;5450.5;6
LKOH;0;20260414;090350;5451;5
LKOH;0;20260414;090350;5451;10
LKOH;0;20260414;090400;5451;10
LKOH;0;20260414;090408;5451.5;9
LKOH;0;20260414;090408;5451.5;11
LKOH;0;20260414;090408;5451;65
LKOH;0;20260414;090408;5451.5;20
LKOH;0;20260414;090409;5451;9
LKOH;0;20260414;090409;5451;2
LKOH;0;20260414;090419;5451.5;25
LKOH;0;20260414;090420;5452;1
LKOH;0;20260414;090428;5451.5;1
LKOH;0;20260414;090447;5450.5;6
LKOH;0;20260414;090448;5450;3
LKOH;0;20260414;090449;5450;7
LKOH;0;20260414;090449;5450;1
LKOH;0;20260414;090449;5450;1
LKOH;0;20260414;090456;5450;1
LKOH;0;20260414;090456;5450;1
LKOH;0;20260414;090500;5450;1
LKOH;0;20260414;090525;5452;50
LKOH;0;20260414;090525;5452;76
LKOH;0;20260414;090525;5452;40
LKOH;0;20260414;090525;5453;64
LKOH;0;20260414;090525;5453.5;200
LKOH;0;20260414;090525;5453.5;50
LKOH;0;20260414;090525;5453.5;13
LKOH;0;20260414;090525;5454;7
LKOH;0;20260414;090529;5453.5;1
LKOH;0;20260414;090556;5453;30
LKOH;0;20260414;090556;5453;1
LKOH;0;20260414;090556;5453;31
LKOH;0;20260414;090557;5451.5;1
LKOH;0;20260414;090601;5452;30
LKOH;0;20260414;090604;5452;1
LKOH;0;20260414;090606;5452;1
LKOH;0;20260414;090608;5452;38
LKOH;0;20260414;090608;5452;76
LKOH;0;20260414;090611;5452;1
LKOH;0;20260414;090631;5452.5;2
LKOH;0;20260414;090648;5452.5;8
LKOH;0;20260414;090711;5453;1
LKOH;0;20260414;090725;5453;2
LKOH;0;20260414;090725;5453;6
LKOH;0;20260414;090725;5453;1
LKOH;0;20260414;090733;5453;31
LKOH;0;20260414;090733;5453;10
LKOH;0;20260414;090733;5453;10
LKOH;0;20260414;090733;5453;76
LKOH;0;20260414;090816;5454;4
LKOH;0;20260414;090817;5454;20
LKOH;0;20260414;090820;5454.5;1
LKOH;0;20260414;090830;5454.5;1
LKOH;0;20260414;090832;5453.5;1
LKOH;0;20260414;090832;5453.5;1
LKOH;0;20260414;090844;5453;1
LKOH;0;20260414;090854;5453.5;2
LKOH;0;20260414;090857;5453.5;1
LKOH;0;20260414;090858;5453.5;3
LKOH;0;20260414;090905;5453;4
LKOH;0;20260414;090906;5453.5;1
LKOH;0;20260414;090910;5454;5
LKOH;0;20260414;090921;5454;2
LKOH;0;20260414;090924;5453.5;1
LKOH;0;20260414;090924;5453.5;19
LKOH;0;20260414;090929;5453;20
LKOH;0;20260414;090940;5452.5;21
LKOH;0;20260414;090940;5452.5;7
LKOH;0;20260414;090940;5452;2
LKOH;0;20260414;090940;5452;12
LKOH;0;20260414;090943;5453;1
LKOH;0;20260414;090944;5451;10
LKOH;0;20260414;090950;5451.5;1
LKOH;0;20260414;090950;5451;15
LKOH;0;20260414;090950;5451;24
LKOH;0;20260414;090950;5451;1
LKOH;0;20260414;090950;5451;1
LKOH;0;20260414;090952;5450.5;15
LKOH;0;20260414;090952;5450.5;23
LKOH;0;20260414;090955;5451.5;6
LKOH;0;20260414;090955;5451.5;4
LKOH;0;20260414;091004;5453.5;1
LKOH;0;20260414;091018;5452;1
LKOH;0;20260414;091036;5451.5;30
LKOH;0;20260414;091036;5451.5;1
LKOH;0;20260414;091036;5451.5;37
LKOH;0;20260414;091036;5451.5;64
LKOH;0;20260414;091036;5451.5;37
LKOH;0;20260414;091036;5452;10
LKOH;0;20260414;091036;5452;76
LKOH;0;20260414;091036;5452;1
LKOH;0;20260414;091036;5452;23
LKOH;0;20260414;091036;5452;30
LKOH;0;20260414;091036;5452;10
LKOH;0;20260414;091036;5452;1
LKOH;0;20260414;091040;5452.5;1
LKOH;0;20260414;091043;5452.5;9
LKOH;0;20260414;091043;5453;2
LKOH;0;20260414;091043;5453;15
LKOH;0;20260414;091043;5453;5
LKOH;0;20260414;091043;5453;1
LKOH;0;20260414;091043;5453.5;1
LKOH;0;20260414;091043;5453.5;9
LKOH;0;20260414;091046;5452;1
LKOH;0;20260414;091047;5451.5;1
LKOH;0;20260414;091056;5451;2
LKOH;0;20260414;091107;5450;2
LKOH;0;20260414;091116;5451;27
LKOH;0;20260414;091118;5451;1
LKOH;0;20260414;091127;5452;1
LKOH;0;20260414;091129;5451;3
LKOH;0;20260414;091131;5451.5;1
LKOH;0;20260414;091134;5451.5;2
LKOH;0;20260414;091139;5452;1
LKOH;0;20260414;091143;5451.5;2
LKOH;0;20260414;091151;5451.5;2
LKOH;0;20260414;091151;5451.5;2
LKOH;0;20260414;091203;5452.5;1
LKOH;0;20260414;091215;5452.5;1
LKOH;0;20260414;091222;5452;30
LKOH;0;20260414;091222;5452;43
LKOH;0;20260414;091222;5451.5;3
LKOH;0;20260414;091222;5451.5;20
LKOH;0;20260414;091227;5452.5;1
LKOH;0;20260414;091232;5451.5;19
LKOH;0;20260414;091233;5451;5
LKOH;0;20260414;091233;5451;14
LKOH;0;20260414;091242;5451.5;4
LKOH;0;20260414;091255;5451.5;22
LKOH;0;20260414;091257;5451.5;2
LKOH;0;20260414;091309;5452;1
LKOH;0;20260414;091325;5452;3
LKOH;0;20260414;091326;5452.5;1
LKOH;0;20260414;091343;5451;1
LKOH;0;20260414;091351;5452;1
LKOH;0;20260414;091355;5452.5;2
LKOH;0;20260414;091403;5451.5;16
LKOH;0;20260414;091405;5451.5;2
LKOH;0;20260414;091413;5451;14
LKOH;0;20260414;091414;5451.5;1
LKOH;0;20260414;091418;5451.5;9
LKOH;0;20260414;091418;5451.5;11
LKOH;0;20260414;091440;5452.5;1
LKOH;0;20260414;091447;5451.5;5
LKOH;0;20260414;091447;5451;19
LKOH;0;20260414;091447;5451;1
LKOH;0;20260414;091447;5451;27
LKOH;0;20260414;091458;5451.5;1
LKOH;0;20260414;091505;5451.5;1
LKOH;0;20260414;091518;5452;1
LKOH;0;20260414;091530;5452;1
LKOH;0;20260414;091533;5452;1
LKOH;0;20260414;091543;5452;1
LKOH;0;20260414;091544;5452;1
LKOH;0;20260414;091552;5451.5;8
LKOH;0;20260414;091552;5451.5;7
LKOH;0;20260414;091556;5452.5;1
LKOH;0;20260414;091556;5453;3
LKOH;0;20260414;091556;5453;1
LKOH;0;20260414;091624;5453;1
LKOH;0;20260414;091629;5452.5;1
LKOH;0;20260414;091629;5452;1
LKOH;0;20260414;091629;5452;2
LKOH;0;20260414;091629;5452;1
LKOH;0;20260414;091629;5451.5;23
LKOH;0;20260414;091629;5451.5;12
LKOH;0;20260414;091629;5451;6
LKOH;0;20260414;091629;5451;1
LKOH;0;20260414;091629;5450.5;50
LKOH;0;20260414;091629;5450.5;26
LKOH;0;20260414;091629;5450;4
LKOH;0;20260414;091629;5450;40
LKOH;0;20260414;091629;5450;2
LKOH;0;20260414;091629;5450;1
LKOH;0;20260414;091629;5450;5
LKOH;0;20260414;091629;5450;1
LKOH;0;20260414;091629;5450;2
LKOH;0;20260414;091629;5450;5
LKOH;0;20260414;091629;5450;2
LKOH;0;20260414;091629;5450;1
LKOH;0;20260414;091629;5450;13
LKOH;0;20260414;091630;5450;31
LKOH;0;20260414;091634;5450.5;1
LKOH;0;20260414;091634;5450.5;1
LKOH;0;20260414;091635;5450.5;1
LKOH;0;20260414;091635;5450.5;1
LKOH;0;20260414;091637;5451;3
LKOH;0;20260414;091646;5450.5;1
LKOH;0;20260414;091646;5450.5;1
LKOH;0;20260414;091648;5451;2
LKOH;0;20260414;091700;5450.5;2
LKOH;0;20260414;091700;5450.5;3
LKOH;0;20260414;091712;5451;5
LKOH;0;20260414;091712;5451.5;58
LKOH;0;20260414;091712;5451.5;4
LKOH;0;20260414;091712;5451.5;2
LKOH;0;20260414;091712;5452;76
LKOH;0;20260414;091712;5452;1
LKOH;0;20260414;091712;5452.5;1
LKOH;0;20260414;091712;5452.5;64
LKOH;0;20260414;091712;5452.5;30
LKOH;0;20260414;091712;5453;20
LKOH;0;20260414;091712;5453;30
LKOH;0;20260414;091712;5453;50
LKOH;0;20260414;091712;5453;13
LKOH;0;20260414;091712;5453;12
LKOH;0;20260414;091718;5453;1
LKOH;0;20260414;091719;5453;1
LKOH;0;20260414;091720;5453;1
LKOH;0;20260414;091721;5453;1
LKOH;0;20260414;091747;5451.5;1
LKOH;0;20260414;091752;5451.5;4
LKOH;0;20260414;091806;5450;10
LKOH;0;20260414;091808;5451.5;1
LKOH;0;20260414;091823;5451;1
LKOH;0;20260414;091832;5450;40
LKOH;0;20260414;091832;5450;36
LKOH;0;20260414;091834;5450.5;1
LKOH;0;20260414;091907;5450;1
LKOH;0;20260414;091907;5449.5;1
LKOH;0;20260414;091922;5449.5;18
LKOH;0;20260414;091922;5449.5;18
LKOH;0;20260414;091923;5449.5;76
LKOH;0;20260414;091923;5449.5;13
LKOH;0;20260414;091923;5449.5;76
LKOH;0;20260414;091924;5449.5;33
LKOH;0;20260414;091924;5449.5;13
LKOH;0;20260414;091924;5449.5;13
LKOH;0;20260414;091928;5449.5;5
LKOH;0;20260414;091928;5449.5;5
LKOH;0;20260414;091936;5449.5;589
LKOH;0;20260414;091936;5449.5;1
LKOH;0;20260414;091936;5449.5;1
LKOH;0;20260414;091936;5448;5
LKOH;0;20260414;091936;5447;1
LKOH;0;20260414;091936;5447;1
LKOH;0;20260414;091936;5447;1
LKOH;0;20260414;091936;5447;1
LKOH;0;20260414;091936;5447;8
LKOH;0;20260414;091936;5447;1
LKOH;0;20260414;091936;5447;7
LKOH;0;20260414;091936;5446.5;1
LKOH;0;20260414;091936;5446.5;1
LKOH;0;20260414;091936;5446.5;1
LKOH;0;20260414;091936;5446.5;11
LKOH;0;20260414;091936;5446.5;1
LKOH;0;20260414;091936;5446;4
LKOH;0;20260414;091936;5446;10
LKOH;0;20260414;091936;5446;30
LKOH;0;20260414;091937;5447;30
LKOH;0;20260414;091937;5447;12
LKOH;0;20260414;091937;5447;13
LKOH;0;20260414;091937;5447;56
LKOH;0;20260414;091937;5447.5;1
LKOH;0;20260414;091944;5447.5;2
LKOH;0;20260414;091952;5447.5;1
LKOH;0;20260414;091957;5447.5;2
LKOH;0;20260414;092000;5447.5;33
LKOH;0;20260414;092000;5447.5;13
LKOH;0;20260414;092000;5447.5;13
LKOH;0;20260414;092000;5447.5;13
LKOH;0;20260414;092000;5447.5;20
LKOH;0;20260414;092000;5447.5;28
LKOH;0;20260414;092000;5447.5;28
LKOH;0;20260414;092000;5447.5;20
LKOH;0;20260414;092001;5449.5;40
LKOH;0;20260414;092001;5449.5;252
LKOH;0;20260414;092021;5452;2
LKOH;0;20260414;092049;5452;30
LKOH;0;20260414;092049;5452;18
LKOH;0;20260414;092049;5452;46
LKOH;0;20260414;092049;5452;38
LKOH;0;20260414;092049;5452.5;64
LKOH;0;20260414;092049;5452.5;74
LKOH;0;20260414;092058;5452.5;1
LKOH;0;20260414;092107;5452;1
LKOH;0;20260414;092114;5451;1
LKOH;0;20260414;092114;5451;1
LKOH;0;20260414;092114;5451;19
LKOH;0;20260414;092116;5450.5;1
LKOH;0;20260414;092124;5450.5;20
LKOH;0;20260414;092142;5450.5;20
LKOH;0;20260414;092151;5450;1
LKOH;0;20260414;092151;5450;1
LKOH;0;20260414;092151;5450;15
LKOH;0;20260414;092152;5450;1
LKOH;0;20260414;092213;5450;6
LKOH;0;20260414;092256;5450.5;4
LKOH;0;20260414;092307;5451;1
LKOH;0;20260414;092310;5450.5;30
LKOH;0;20260414;092316;5451;3
LKOH;0;20260414;092316;5452;1
LKOH;0;20260414;092341;5453.5;20
LKOH;0;20260414;092341;5453.5;1
LKOH;0;20260414;092344;5453.5;19
LKOH;0;20260414;092346;5454;4
LKOH;0;20260414;092420;5455;1
LKOH;0;20260414;092431;5454;2
LKOH;0;20260414;092527;5454.5;1
LKOH;0;20260414;092530;5455;2
LKOH;0;20260414;092601;5455;2
LKOH;0;20260414;092601;5455;1
LKOH;0;20260414;092601;5455;1
LKOH;0;20260414;092606;5455;1
LKOH;0;20260414;092606;5455;1
LKOH;0;20260414;092607;5455;249
LKOH;0;20260414;092607;5455;32
LKOH;0;20260414;092617;5454.5;48
LKOH;0;20260414;092617;5454.5;13
LKOH;0;20260414;092617;5454;1
LKOH;0;20260414;092626;5454.5;2
LKOH;0;20260414;092632;5454.5;10
LKOH;0;20260414;092642;5454.5;1
LKOH;0;20260414;092717;5454.5;1
LKOH;0;20260414;092717;5454.5;6
LKOH;0;20260414;092721;5454.5;3
LKOH;0;20260414;092722;5454.5;7
LKOH;0;20260414;092722;5454.5;6
LKOH;0;20260414;092742;5454;1
LKOH;0;20260414;092743;5454.5;4
LKOH;0;20260414;092743;5454.5;1
LKOH;0;20260414;092751;5455;1
LKOH;0;20260414;092754;5455;2
LKOH;0;20260414;092754;5455;1
LKOH;0;20260414;092754;5455;1
LKOH;0;20260414;092754;5455;96
LKOH;0;20260414;092810;5455;1
LKOH;0;20260414;092812;5455;1
LKOH;0;20260414;092815;5455;10
LKOH;0;20260414;092815;5454.5;4
LKOH;0;20260414;092818;5455;100
LKOH;0;20260414;092841;5455;44
LKOH;0;20260414;092841;5455;56
LKOH;0;20260414;092842;5455;1
LKOH;0;20260414;092842;5455;1
LKOH;0;20260414;092844;5454.5;76
LKOH;0;20260414;092844;5454.5;15
LKOH;0;20260414;092844;5454.5;55
LKOH;0;20260414;092844;5454.5;6
LKOH;0;20260414;092845;5454.5;7
LKOH;0;20260414;092845;5454.5;30
LKOH;0;20260414;092845;5454;1
LKOH;0;20260414;092845;5454;5
LKOH;0;20260414;092845;5454;20
LKOH;0;20260414;092845;5454;1
LKOH;0;20260414;092845;5454;12
LKOH;0;20260414;092845;5454;18
LKOH;0;20260414;092845;5454;55
LKOH;0;20260414;092845;5454;3
LKOH;0;20260414;092845;5454;30
LKOH;0;20260414;092845;5453.5;46
LKOH;0;20260414;092845;5453.5;30
LKOH;0;20260414;092845;5453.5;20
LKOH;0;20260414;092845;5453;20
LKOH;0;20260414;092845;5453;6
LKOH;0;20260414;092846;5453;24
LKOH;0;20260414;092846;5453;13
LKOH;0;20260414;092846;5453;39
LKOH;0;20260414;092846;5453;35
LKOH;0;20260414;092846;5453;41
LKOH;0;20260414;092858;5453.5;10
LKOH;0;20260414;092858;5453.5;76
LKOH;0;20260414;092858;5454;5
LKOH;0;20260414;092858;5454;30
LKOH;0;20260414;092858;5454.5;30
LKOH;0;20260414;092858;5454.5;6
LKOH;0;20260414;092858;5454.5;23
LKOH;0;20260414;092858;5455;1
LKOH;0;20260414;092858;5455;30
LKOH;0;20260414;092858;5455;20
LKOH;0;20260414;092858;5455;13
LKOH;0;20260414;092858;5455.5;6
LKOH;0;20260414;092858;5455.5;20
LKOH;0;20260414;092858;5455.5;60
LKOH;0;20260414;092858;5455.5;30
LKOH;0;20260414;092858;5455.5;25
LKOH;0;20260414;092858;5456;20
LKOH;0;20260414;092858;5456;50
LKOH;0;20260414;092858;5456;20
LKOH;0;20260414;092858;5456.5;18
LKOH;0;20260414;092858;5456.5;20
LKOH;0;20260414;092858;5457;20
LKOH;0;20260414;092858;5457;30
LKOH;0;20260414;092858;5457;18
LKOH;0;20260414;092858;5457.5;20
LKOH;0;20260414;092858;5457.5;20
LKOH;0;20260414;092858;5457.5;44
LKOH;0;20260414;092858;5458;50
LKOH;0;20260414;092858;5458;20
LKOH;0;20260414;092858;5458.5;20
LKOH;0;20260414;092858;5458.5;14
LKOH;0;20260414;092858;5458.5;64
LKOH;0;20260414;092858;5459;20
LKOH;0;20260414;092858;5459;50
LKOH;0;20260414;092858;5459;64
LKOH;0;20260414;092858;5459.5;20
LKOH;0;20260414;092858;5459.5;50
LKOH;0;20260414;092858;5459.5;50
LKOH;0;20260414;092858;5459.5;25
LKOH;0;20260414;092858;5460;1
LKOH;0;20260414;092858;5460;20
LKOH;0;20260414;092858;5460;50
LKOH;0;20260414;092858;5460;500
LKOH;0;20260414;092858;5460;200
LKOH;0;20260414;092858;5460;117
LKOH;0;20260414;092906;5455.5;4
LKOH;0;20260414;092909;5455.5;1
LKOH;0;20260414;092910;5455.5;1
LKOH;0;20260414;092923;5454.5;10
LKOH;0;20260414;092930;5455;3
LKOH;0;20260414;092942;5455;2
LKOH;0;20260414;092943;5455;1
LKOH;0;20260414;092944;5454.5;30
LKOH;0;20260414;092944;5454.5;46
LKOH;0;20260414;092944;5455;7
LKOH;0;20260414;092944;5455;4
LKOH;0;20260414;092944;5455;9
LKOH;0;20260414;092944;5455;20
LKOH;0;20260414;092944;5455;20
LKOH;0;20260414;092944;5455;20
LKOH;0;20260414;092944;5455;20
LKOH;0;20260414;092944;5455;20
LKOH;0;20260414;092944;5455;20
LKOH;0;20260414;092944;5455;20
LKOH;0;20260414;092944;5455;20
LKOH;0;20260414;092944;5455;20
LKOH;0;20260414;092944;5455;24
LKOH;0;20260414;092944;5455;20
LKOH;0;20260414;092944;5455;19
LKOH;0;20260414;092944;5455;13
LKOH;0;20260414;092944;5455;30
LKOH;0;20260414;092944;5455;18
LKOH;0;20260414;092944;5455;20
LKOH;0;20260414;092944;5455;50
LKOH;0;20260414;092944;5455;50
LKOH;0;20260414;092944;5455;50
LKOH;0;20260414;092944;5455;21
LKOH;0;20260414;092944;5456.5;30
LKOH;0;20260414;092944;5456.5;46
LKOH;0;20260414;092953;5457;1
LKOH;0;20260414;093011;5459;1
LKOH;0;20260414;093019;5460;4
LKOH;0;20260414;093019;5460;37
LKOH;0;20260414;093019;5460;30
LKOH;0;20260414;093019;5460;18
LKOH;0;20260414;093019;5460;11
LKOH;0;20260414;093028;5459.5;2
LKOH;0;20260414;093035;5460.5;57
LKOH;0;20260414;093051;5460;9
LKOH;0;20260414;093051;5460;4
LKOH;0;20260414;093055;5460;6
LKOH;0;20260414;093105;5459.5;2
LKOH;0;20260414;093107;5459;1
LKOH;0;20260414;093107;5458;10
LKOH;0;20260414;093123;5458;30
LKOH;0;20260414;093123;5458;11
LKOH;0;20260414;093123;5458;9
LKOH;0;20260414;093123;5458;23
LKOH;0;20260414;093123;5456.5;37
LKOH;0;20260414;093123;5455.5;4
LKOH;0;20260414;093124;5455;1
LKOH;0;20260414;093124;5455;3
LKOH;0;20260414;093125;5457;1
LKOH;0;20260414;093135;5457;2
LKOH;0;20260414;093137;5458;3
LKOH;0;20260414;093137;5456.5;37
LKOH;0;20260414;093137;5456.5;7
LKOH;0;20260414;093202;5457;1
LKOH;0;20260414;093216;5457;29
LKOH;0;20260414;093216;5457;37
LKOH;0;20260414;093216;5457;33
LKOH;0;20260414;093216;5457;46
LKOH;0;20260414;093216;5457;74
LKOH;0;20260414;093224;5457;1
LKOH;0;20260414;093231;5455.5;4
LKOH;0;20260414;093233;5457;2
LKOH;0;20260414;093247;5456.5;1
LKOH;0;20260414;093247;5457;1
LKOH;0;20260414;093252;5457;174
LKOH;0;20260414;093252;5457;70
LKOH;0;20260414;093252;5457;30
LKOH;0;20260414;093252;5457;30
LKOH;0;20260414;093252;5457;18
LKOH;0;20260414;093252;5457;46
LKOH;0;20260414;093252;5457.5;10
LKOH;0;20260414;093252;5457.5;30
LKOH;0;20260414;093252;5458;30
LKOH;0;20260414;093252;5458;13
LKOH;0;20260414;093252;5458;25
LKOH;0;20260414;093252;5458.5;30
LKOH;0;20260414;093252;5458.5;67
LKOH;0;20260414;093252;5458.5;20
LKOH;0;20260414;093252;5459;20
LKOH;0;20260414;093252;5459;50
LKOH;0;20260414;093252;5459;30
LKOH;0;20260414;093252;5459.5;20
LKOH;0;20260414;093252;5459.5;20
LKOH;0;20260414;093252;5459.5;18
LKOH;0;20260414;093252;5460;48
LKOH;0;20260414;093252;5460;20
LKOH;0;20260414;093252;5460;20
LKOH;0;20260414;093252;5460;18
LKOH;0;20260414;093252;5460;2
LKOH;0;20260414;093252;5460.5;60
LKOH;0;20260414;093252;5460.5;20
LKOH;0;20260414;093252;5461;13
LKOH;0;20260414;093252;5461;3
LKOH;0;20260414;093252;5461;1
LKOH;0;20260414;093252;5461;20
LKOH;0;20260414;093252;5461;24
LKOH;0;20260414;093252;5457;20
LKOH;0;20260414;093252;5457;20
LKOH;0;20260414;093252;5457;20
LKOH;0;20260414;093252;5457;20
LKOH;0;20260414;093252;5457;20
LKOH;0;20260414;093252;5457;20
LKOH;0;20260414;093252;5457;20
LKOH;0;20260414;093252;5457;20
LKOH;0;20260414;093252;5457;20
LKOH;0;20260414;093252;5457;20
LKOH;0;20260414;093252;5457;20
LKOH;0;20260414;093252;5457;20
LKOH;0;20260414;093252;5457;12
LKOH;0;20260414;093252;5457;8
LKOH;0;20260414;093252;5457;30
LKOH;0;20260414;093252;5457;36
LKOH;0;20260414;093254;5457;2
LKOH;0;20260414;093258;5457;100
LKOH;0;20260414;093258;5457;20
LKOH;0;20260414;093258;5457;20
LKOH;0;20260414;093258;5457;20
LKOH;0;20260414;093258;5457;16
LKOH;0;20260414;093258;5457;4
LKOH;0;20260414;093258;5457;30
LKOH;0;20260414;093258;5457;50
LKOH;0;20260414;093258;5457;34
LKOH;0;20260414;093300;5459.5;1
LKOH;0;20260414;093308;5459;1
LKOH;0;20260414;093318;5459.5;1
LKOH;0;20260414;093320;5457;30
LKOH;0;20260414;093320;5457;48
LKOH;0;20260414;093320;5457;3
LKOH;0;20260414;093320;5457;15
LKOH;0;20260414;093320;5457;46
LKOH;0;20260414;093320;5457;20
LKOH;0;20260414;093326;5457.5;1
LKOH;0;20260414;093346;5458;1
LKOH;0;20260414;093347;5458;1
LKOH;0;20260414;093415;5459.5;1
LKOH;0;20260414;093417;5458;7
LKOH;0;20260414;093425;5458.5;1
LKOH;0;20260414;093425;5458;1
LKOH;0;20260414;093428;5458;12
LKOH;0;20260414;093428;5457.5;20
LKOH;0;20260414;093428;5457.5;23
LKOH;0;20260414;093428;5457;1
LKOH;0;20260414;093428;5457;3
LKOH;0;20260414;093428;5457;20
LKOH;0;20260414;093428;5457;13
LKOH;0;20260414;093428;5457;30
LKOH;0;20260414;093428;5457;1
LKOH;0;20260414;093428;5456.5;30
LKOH;0;20260414;093428;5456.5;20
LKOH;0;20260414;093428;5456.5;20
LKOH;0;20260414;093428;5456.5;50
LKOH;0;20260414;093428;5456;20
LKOH;0;20260414;093428;5456;30
LKOH;0;20260414;093428;5456;87
LKOH;0;20260414;093434;5457.5;1
LKOH;0;20260414;093435;5456.5;13
LKOH;0;20260414;093437;5458;1
LKOH;0;20260414;093443;5458;1
LKOH;0;20260414;093445;5458;1
LKOH;0;20260414;093445;5456.5;1
LKOH;0;20260414;093453;5456.5;2
LKOH;0;20260414;093453;5456.5;13
LKOH;0;20260414;093453;5456.5;35
LKOH;0;20260414;093458;5458.5;1
LKOH;0;20260414;093511;5458.5;1
LKOH;0;20260414;093545;5458;1
LKOH;0;20260414;093549;5458;1
LKOH;0;20260414;093557;5458;5
LKOH;0;20260414;093600;5458;1
LKOH;0;20260414;093611;5458;12
LKOH;0;20260414;093617;5459.5;2
LKOH;0;20260414;093621;5460;1
LKOH;0;20260414;093629;5460.5;2
LKOH;0;20260414;093634;5461;1
LKOH;0;20260414;093634;5460;1
LKOH;0;20260414;093635;5460.5;2
LKOH;0;20260414;093635;5461;1
LKOH;0;20260414;093637;5461.5;2
LKOH;0;20260414;093641;5461.5;5
LKOH;0;20260414;093702;5461;2
LKOH;0;20260414;093711;5461.5;3
LKOH;0;20260414;093711;5461.5;30
LKOH;0;20260414;093711;5461.5;1
LKOH;0;20260414;093711;5462;1
LKOH;0;20260414;093711;5462;20
LKOH;0;20260414;093711;5462;10
LKOH;0;20260414;093711;5462;1
LKOH;0;20260414;093711;5462;10
LKOH;0;20260414;093711;5462;1
LKOH;0;20260414;093730;5462.5;1
LKOH;0;20260414;093731;5462.5;1
LKOH;0;20260414;093733;5462.5;1
LKOH;0;20260414;093739;5462;18
LKOH;0;20260414;093739;5461.5;1
LKOH;0;20260414;093749;5460;1
LKOH;0;20260414;093750;5460;1
LKOH;0;20260414;093752;5461;1
LKOH;0;20260414;093754;5461;3
LKOH;0;20260414;093809;5461;1
LKOH;0;20260414;093815;5460.5;13
LKOH;0;20260414;093815;5460.5;12
LKOH;0;20260414;093853;5461;1
LKOH;0;20260414;093910;5460.5;1
LKOH;0;20260414;093910;5460;7
LKOH;0;20260414;093910;5460;5
LKOH;0;20260414;093930;5460;7
LKOH;0;20260414;093930;5460;3
LKOH;0;20260414;093935;5461.5;1
LKOH;0;20260414;093945;5461.5;2
LKOH;0;20260414;093952;5461;1
LKOH;0;20260414;093953;5461.5;4
LKOH;0;20260414;094006;5460.5;1
LKOH;0;20260414;094010;5461.5;5
LKOH;0;20260414;094018;5461;30
LKOH;0;20260414;094018;5461;20
LKOH;0;20260414;094018;5461;64
LKOH;0;20260414;094018;5461;45
LKOH;0;20260414;094018;5461.5;15
LKOH;0;20260414;094040;5460.5;1
LKOH;0;20260414;094040;5460.5;4
LKOH;0;20260414;094041;5460;2
LKOH;0;20260414;094050;5459;4
LKOH;0;20260414;094051;5457;3
LKOH;0;20260414;094051;5459.5;10
LKOH;0;20260414;094059;5459.5;14
LKOH;0;20260414;094103;5457;6
LKOH;0;20260414;094113;5458;1
LKOH;0;20260414;094114;5459.5;30
LKOH;0;20260414;094114;5459.5;16
LKOH;0;20260414;094114;5459.5;18
LKOH;0;20260414;094114;5459.5;27
LKOH;0;20260414;094115;5460;2
LKOH;0;20260414;094122;5459.5;2
LKOH;0;20260414;094125;5460;1
LKOH;0;20260414;094125;5460;1
LKOH;0;20260414;094137;5460;7
LKOH;0;20260414;094137;5460.5;8
LKOH;0;20260414;094143;5460;1
LKOH;0;20260414;094154;5460;1
LKOH;0;20260414;094206;5460;6
LKOH;0;20260414;094209;5460;10
LKOH;0;20260414;094214;5460;1
LKOH;0;20260414;094216;5460;2
LKOH;0;20260414;094225;5460;1
LKOH;0;20260414;094228;5460;10
LKOH;0;20260414;094229;5460;1
LKOH;0;20260414;094229;5460.5;10
LKOH;0;20260414;094229;5460.5;1
LKOH;0;20260414;094229;5460.5;6
LKOH;0;20260414;094229;5460.5;2
LKOH;0;20260414;094234;5460.5;1
LKOH;0;20260414;094252;5461;1
LKOH;0;20260414;094253;5461;3
LKOH;0;20260414;094257;5461;1
LKOH;0;20260414;094302;5461.5;10
LKOH;0;20260414;094308;5461;11
LKOH;0;20260414;094318;5461;1
LKOH;0;20260414;094357;5461.5;6
LKOH;0;20260414;094359;5461.5;1
LKOH;0;20260414;094410;5460.5;3
LKOH;0;20260414;094410;5460.5;1
LKOH;0;20260414;094419;5461.5;125
LKOH;0;20260414;094422;5461.5;3
LKOH;0;20260414;094436;5461;3
LKOH;0;20260414;094436;5461;27
LKOH;0;20260414;094436;5461;13
LKOH;0;20260414;094436;5461;1
LKOH;0;20260414;094436;5461;38
LKOH;0;20260414;094503;5461.5;2
LKOH;0;20260414;094505;5461.5;1
LKOH;0;20260414;094522;5460.5;27
LKOH;0;20260414;094522;5460.5;19
LKOH;0;20260414;094522;5460;4
LKOH;0;20260414;094534;5460;4
LKOH;0;20260414;094534;5460;1
LKOH;0;20260414;094534;5460;2
LKOH;0;20260414;094534;5460;2
LKOH;0;20260414;094536;5460;2
LKOH;0;20260414;094536;5460;2
LKOH;0;20260414;094536;5460;1
LKOH;0;20260414;094536;5460;1
LKOH;0;20260414;094539;5460;1
LKOH;0;20260414;094539;5460;1
LKOH;0;20260414;094541;5460;1
LKOH;0;20260414;094548;5460;1
LKOH;0;20260414;094548;5460;1
LKOH;0;20260414;094549;5460;1
LKOH;0;20260414;094549;5460;1
LKOH;0;20260414;094549;5460;14
LKOH;0;20260414;094549;5460;1
LKOH;0;20260414;094549;5460;1
LKOH;0;20260414;094550;5460;1
LKOH;0;20260414;094550;5460;1
LKOH;0;20260414;094550;5460;4
LKOH;0;20260414;094550;5460;4
LKOH;0;20260414;094550;5460;41
LKOH;0;20260414;094550;5460;11
LKOH;0;20260414;094550;5459.5;30
LKOH;0;20260414;094551;5459.5;70
LKOH;0;20260414;094551;5459.5;9
LKOH;0;20260414;094551;5458;27
LKOH;0;20260414;094551;5458;40
LKOH;0;20260414;094558;5457.5;4
LKOH;0;20260414;094642;5457.5;30
LKOH;0;20260414;094642;5457.5;25
LKOH;0;20260414;094642;5458;45
LKOH;0;20260414;094643;5458.5;1
LKOH;0;20260414;094656;5458.5;1
LKOH;0;20260414;094656;5458.5;19
LKOH;0;20260414;094722;5458.5;1
LKOH;0;20260414;094728;5458.5;1
LKOH;0;20260414;094808;5460;3
LKOH;0;20260414;094813;5459;15
LKOH;0;20260414;094816;5459;15
LKOH;0;20260414;094816;5459;2
LKOH;0;20260414;094824;5460;13
LKOH;0;20260414;094830;5460;9
LKOH;0;20260414;094832;5460;12
LKOH;0;20260414;094839;5459;5
LKOH;0;20260414;094919;5460;1
LKOH;0;20260414;094919;5459.5;30
LKOH;0;20260414;094919;5459.5;1
LKOH;0;20260414;094919;5459;13
LKOH;0;20260414;094919;5459;25
LKOH;0;20260414;094929;5460;1
LKOH;0;20260414;094929;5459;1
LKOH;0;20260414;094938;5459.5;1
LKOH;0;20260414;094955;5460;1
LKOH;0;20260414;095014;5460;6
LKOH;0;20260414;095033;5460;1
LKOH;0;20260414;095057;5459.5;3
LKOH;0;20260414;095057;5459.5;10
LKOH;0;20260414;095110;5460;1
LKOH;0;20260414;095114;5460;1
LKOH;0;20260414;095117;5459.5;1
LKOH;0;20260414;095127;5460.5;1
LKOH;0;20260414;095138;5460.5;1
LKOH;0;20260414;095200;5460;1
LKOH;0;20260414;095204;5459;1
LKOH;0;20260414;095214;5459.5;4
LKOH;0;20260414;095237;5459.5;1
LKOH;0;20260414;095241;5459;1
LKOH;0;20260414;095251;5459.5;1
LKOH;0;20260414;095256;5459.5;1
LKOH;0;20260414;095308;5459;6
LKOH;0;20260414;095308;5459;1
LKOH;0;20260414;095308;5459;1
LKOH;0;20260414;095308;5459;1
LKOH;0;20260414;095308;5459;1
LKOH;0;20260414;095328;5459;4
LKOH;0;20260414;095332;5459;5
LKOH;0;20260414;095400;5459;1
LKOH;0;20260414;095407;5458.5;1
LKOH;0;20260414;095408;5458;1
LKOH;0;20260414;095435;5457;2
LKOH;0;20260414;095435;5457;7
LKOH;0;20260414;095435;5457;1
LKOH;0;20260414;095439;5458;3
LKOH;0;20260414;095453;5457.5;1
LKOH;0;20260414;095503;5457.5;5
LKOH;0;20260414;095511;5457.5;1
LKOH;0;20260414;095512;5457;5
LKOH;0;20260414;095538;5457;1
LKOH;0;20260414;095553;5456.5;1
LKOH;0;20260414;095559;5456.5;4
LKOH;0;20260414;095559;5456.5;4
LKOH;0;20260414;095559;5457;4
LKOH;0;20260414;095559;5457;1
LKOH;0;20260414;095559;5457;17
LKOH;0;20260414;095606;5458;27
LKOH;0;20260414;095610;5458;3
LKOH;0;20260414;095610;5458;27
LKOH;0;20260414;095620;5458;2
LKOH;0;20260414;095624;5457.5;6
LKOH;0;20260414;095624;5457.5;4
LKOH;0;20260414;095634;5457.5;10
LKOH;0;20260414;095634;5457.5;10
LKOH;0;20260414;095642;5457.5;4
LKOH;0;20260414;095722;5458;5
LKOH;0;20260414;095723;5457.5;1
LKOH;0;20260414;095724;5458.5;1
LKOH;0;20260414;095734;5458.5;30
LKOH;0;20260414;095734;5459;118
LKOH;0;20260414;095734;5459;30
LKOH;0;20260414;095734;5459;7
LKOH;0;20260414;095734;5459;5
LKOH;0;20260414;095734;5459.5;1
LKOH;0;20260414;095734;5459.5;30
LKOH;0;20260414;095734;5459.5;12
LKOH;0;20260414;095734;5459.5;30
LKOH;0;20260414;095734;5460;30
LKOH;0;20260414;095734;5460;50
LKOH;0;20260414;095734;5460;20
LKOH;0;20260414;095734;5460;20
LKOH;0;20260414;095734;5460.5;8
LKOH;0;20260414;095734;5460.5;100
LKOH;0;20260414;095734;5460.5;8
LKOH;0;20260414;095734;5460.5;4
LKOH;0;20260414;095734;5460.5;30
LKOH;0;20260414;095734;5460.5;20
LKOH;0;20260414;095734;5460.5;20
LKOH;0;20260414;095734;5461;20
LKOH;0;20260414;095734;5461;20
LKOH;0;20260414;095734;5461;50
LKOH;0;20260414;095734;5461.5;1
LKOH;0;20260414;095734;5461.5;50
LKOH;0;20260414;095734;5461.5;20
LKOH;0;20260414;095734;5461.5;20
LKOH;0;20260414;095734;5461.5;50
LKOH;0;20260414;095734;5461.5;25
LKOH;0;20260414;095734;5462;59
LKOH;0;20260414;095734;5462;1
LKOH;0;20260414;095734;5462;20
LKOH;0;20260414;095734;5462;50
LKOH;0;20260414;095734;5462;30
LKOH;0;20260414;095734;5462;18
LKOH;0;20260414;095734;5462.5;20
LKOH;0;20260414;095734;5462.5;41
LKOH;0;20260414;095749;5458.5;2
LKOH;0;20260414;095755;5458.5;1
LKOH;0;20260414;095800;5460.5;1
LKOH;0;20260414;095838;5460;1
LKOH;0;20260414;095858;5460.5;2
LKOH;0;20260414;095908;5460.5;14
LKOH;0;20260414;095909;5461;1
LKOH;0;20260414;095932;5461.5;1
LKOH;0;20260414;095936;5461.5;1
LKOH;0;20260414;095937;5461;1
LKOH;0;20260414;095939;5461;6
LKOH;0;20260414;095948;5461.5;3
LKOH;0;20260414;095948;5462;1
LKOH;0;20260414;095948;5462.5;5
LKOH;0;20260414;100001;5461;6
LKOH;0;20260414;100001;5461;4
LKOH;0;20260414;100001;5460.5;43
LKOH;0;20260414;100001;5460.5;10
LKOH;0;20260414;100001;5460.5;4
LKOH;0;20260414;100001;5460.5;2
LKOH;0;20260414;100011;5460.5;1
LKOH;0;20260414;100014;5460;3
LKOH;0;20260414;100015;5460;1
LKOH;0;20260414;100018;5460.5;1
LKOH;0;20260414;100032;5459;5
LKOH;0;20260414;100032;5458.5;1
LKOH;0;20260414;100032;5458;50
LKOH;0;20260414;100041;5458;4
LKOH;0;20260414;100046;5458.5;30
LKOH;0;20260414;100046;5458.5;46
LKOH;0;20260414;100046;5458.5;18
LKOH;0;20260414;100046;5458.5;37
LKOH;0;20260414;100046;5458.5;25
LKOH;0;20260414;100046;5458.5;23
LKOH;0;20260414;100051;5458.5;15
LKOH;0;20260414;100051;5461;15
LKOH;0;20260414;100051;5460;15
LKOH;0;20260414;100051;5460;12
LKOH;0;20260414;100051;5459.5;3
LKOH;0;20260414;100051;5459.5;12
LKOH;0;20260414;100051;5459;3
LKOH;0;20260414;100052;5459;1
LKOH;0;20260414;100052;5458.5;14
LKOH;0;20260414;100052;5458.5;3
LKOH;0;20260414;100102;5458;18
LKOH;0;20260414;100102;5458;30
LKOH;0;20260414;100102;5458;10
LKOH;0;20260414;100102;5458;10
LKOH;0;20260414;100102;5458;9
LKOH;0;20260414;100105;5458;1
LKOH;0;20260414;100105;5458;1
LKOH;0;20260414;100109;5458;2
LKOH;0;20260414;100117;5458;3
LKOH;0;20260414;100121;5458;4
LKOH;0;20260414;100121;5458;23
LKOH;0;20260414;100121;5458;10
LKOH;0;20260414;100121;5457.5;17
LKOH;0;20260414;100122;5458;1
LKOH;0;20260414;100123;5458;1
LKOH;0;20260414;100131;5457.5;1
LKOH;0;20260414;100133;5457.5;30
LKOH;0;20260414;100133;5457.5;64
LKOH;0;20260414;100133;5457.5;15
LKOH;0;20260414;100133;5457.5;37
LKOH;0;20260414;100133;5457.5;35
LKOH;0;20260414;100133;5458;30
LKOH;0;20260414;100133;5458;3
LKOH;0;20260414;100133;5458;7
LKOH;0;20260414;100133;5458.5;12
LKOH;0;20260414;100133;5458.5;12
LKOH;0;20260414;100133;5460.5;10
LKOH;0;20260414;100133;5460;5
LKOH;0;20260414;100133;5460;15
LKOH;0;20260414;100133;5460;11
LKOH;0;20260414;100143;5459;1
LKOH;0;20260414;100146;5458.5;20
LKOH;0;20260414;100206;5459;1
LKOH;0;20260414;100208;5459;1
LKOH;0;20260414;100210;5459;1
LKOH;0;20260414;100220;5458.5;1
LKOH;0;20260414;100228;5459;1
LKOH;0;20260414;100230;5459;18
LKOH;0;20260414;100230;5459;1
LKOH;0;20260414;100230;5459;10
LKOH;0;20260414;100230;5459;99
LKOH;0;20260414;100230;5459;9
LKOH;0;20260414;100230;5460;2
LKOH;0;20260414;100230;5460.5;2
LKOH;0;20260414;100230;5461;42
LKOH;0;20260414;100237;5460.5;7
LKOH;0;20260414;100237;5461;1
LKOH;0;20260414;100238;5460.5;3
LKOH;0;20260414;100238;5460.5;6
LKOH;0;20260414;100251;5459;1
LKOH;0;20260414;100253;5459;9
LKOH;0;20260414;100253;5459.5;1
LKOH;0;20260414;100304;5459;30
LKOH;0;20260414;100304;5459;34
LKOH;0;20260414;100304;5459;1
LKOH;0;20260414;100305;5460;1
LKOH;0;20260414;100310;5459.5;1
LKOH;0;20260414;100314;5460;1
LKOH;0;20260414;100317;5460.5;3
LKOH;0;20260414;100324;5461;5
LKOH;0;20260414;100325;5459.5;1
LKOH;0;20260414;100332;5460;1
LKOH;0;20260414;100339;5459.5;1
LKOH;0;20260414;100340;5458.5;2
LKOH;0;20260414;100351;5459;1
LKOH;0;20260414;100353;5459;1
LKOH;0;20260414;100359;5458.5;1
LKOH;0;20260414;100401;5458.5;3
LKOH;0;20260414;100401;5460.5;1
LKOH;0;20260414;100412;5459;1
LKOH;0;20260414;100422;5459.5;13
LKOH;0;20260414;100427;5459;1
LKOH;0;20260414;100430;5459.5;2
LKOH;0;20260414;100432;5459;2
LKOH;0;20260414;100439;5460;2
LKOH;0;20260414;100443;5460;1
LKOH;0;20260414;100448;5459;3
LKOH;0;20260414;100452;5459;1
LKOH;0;20260414;100458;5460.5;20
LKOH;0;20260414;100507;5460;1
LKOH;0;20260414;100518;5460;1
LKOH;0;20260414;100525;5460;1
LKOH;0;20260414;100529;5460;2
LKOH;0;20260414;100531;5460;1
LKOH;0;20260414;100531;5460;36
LKOH;0;20260414;100531;5459.5;1
LKOH;0;20260414;100531;5459.5;1
LKOH;0;20260414;100531;5459;2
LKOH;0;20260414;100531;5459;1
LKOH;0;20260414;100531;5458.5;5
LKOH;0;20260414;100533;5459.5;1
LKOH;0;20260414;100533;5459.5;1
LKOH;0;20260414;100537;5458.5;1
LKOH;0;20260414;100546;5459.5;1
LKOH;0;20260414;100546;5459.5;1
LKOH;0;20260414;100551;5459.5;2
LKOH;0;20260414;100553;5459.5;3
LKOH;0;20260414;100602;5459;1
LKOH;0;20260414;100608;5458.5;1
LKOH;0;20260414;100610;5458.5;24
LKOH;0;20260414;100610;5458.5;13
LKOH;0;20260414;100611;5458.5;462
LKOH;0;20260414;100611;5458.5;1
LKOH;0;20260414;100611;5458.5;1
LKOH;0;20260414;100614;5458;15
LKOH;0;20260414;100614;5458;1
LKOH;0;20260414;100614;5457;5
LKOH;0;20260414;100614;5457;200
LKOH;0;20260414;100614;5457;25
LKOH;0;20260414;100614;5457;5
LKOH;0;20260414;100614;5456.5;5
LKOH;0;20260414;100614;5456.5;40
LKOH;0;20260414;100627;5456;4
LKOH;0;20260414;100627;5456;1
LKOH;0;20260414;100627;5456;40
LKOH;0;20260414;100627;5456;1
LKOH;0;20260414;100627;5455;2
LKOH;0;20260414;100645;5455;5
LKOH;0;20260414;100650;5456;1
LKOH;0;20260414;100651;5455;3
LKOH;0;20260414;100651;5455;5
LKOH;0;20260414;100700;5456;1
LKOH;0;20260414;100708;5455.5;1
LKOH;0;20260414;100713;5455.5;5
LKOH;0;20260414;100730;5456;1
LKOH;0;20260414;100739;5456;1
LKOH;0;20260414;100742;5456;3
LKOH;0;20260414;100752;5455.5;25
LKOH;0;20260414;100752;5455.5;2
LKOH;0;20260414;100752;5455.5;7
LKOH;0;20260414;100752;5455;4
LKOH;0;20260414;100752;5455.5;18
LKOH;0;20260414;100752;5455.5;3
LKOH;0;20260414;100752;5455;7
LKOH;0;20260414;100753;5455;15
LKOH;0;20260414;100753;5455;15
LKOH;0;20260414;100753;5455;21
LKOH;0;20260414;100753;5455;4
LKOH;0;20260414;100753;5455;1
LKOH;0;20260414;100753;5455;1
LKOH;0;20260414;100753;5455;30
LKOH;0;20260414;100753;5454.5;1
LKOH;0;20260414;100753;5454.5;4
LKOH;0;20260414;100753;5454.5;5
LKOH;0;20260414;100753;5454;26
LKOH;0;20260414;100753;5454;26
LKOH;0;20260414;100753;5454;8
LKOH;0;20260414;100753;5454;1
LKOH;0;20260414;100753;5453;1
LKOH;0;20260414;100753;5453;8
LKOH;0;20260414;100753;5453;9
LKOH;0;20260414;100753;5453;76
LKOH;0;20260414;100754;5453.5;8
LKOH;0;20260414;100807;5453;1
LKOH;0;20260414;100812;5453.5;28
LKOH;0;20260414;100815;5453.5;5
LKOH;0;20260414;100820;5453;25
LKOH;0;20260414;100820;5453;25
LKOH;0;20260414;100823;5453;25
LKOH;0;20260414;100823;5453;25
LKOH;0;20260414;100826;5453;6
LKOH;0;20260414;100826;5453;1
LKOH;0;20260414;100826;5453;4
LKOH;0;20260414;100826;5453;12
LKOH;0;20260414;100826;5453;5
LKOH;0;20260414;100826;5453;1
LKOH;0;20260414;100826;5452;6
LKOH;0;20260414;100826;5452;1
LKOH;0;20260414;100827;5452;4
LKOH;0;20260414;100827;5452;1
LKOH;0;20260414;100827;5451;5
LKOH;0;20260414;100843;5451.5;1
LKOH;0;20260414;100844;5451;1
LKOH;0;20260414;100844;5451;1
LKOH;0;20260414;100844;5451;1
LKOH;0;20260414;100857;5451;1
LKOH;0;20260414;100903;5450.5;1
LKOH;0;20260414;100904;5451;5
LKOH;0;20260414;100904;5451;1
LKOH;0;20260414;100904;5451;8
LKOH;0;20260414;100905;5451;8
LKOH;0;20260414;100905;5451;8
LKOH;0;20260414;100907;5451.5;5
LKOH;0;20260414;100909;5451;100
LKOH;0;20260414;100915;5451;5
LKOH;0;20260414;100929;5451;7
LKOH;0;20260414;100930;5451.5;1
LKOH;0;20260414;100930;5451.5;1
LKOH;0;20260414;100930;5451.5;28
LKOH;0;20260414;100935;5451.5;1
LKOH;0;20260414;100945;5452.5;40
LKOH;0;20260414;100946;5453;5
LKOH;0;20260414;100946;5453;50
LKOH;0;20260414;100946;5453;50
LKOH;0;20260414;100946;5453;50
LKOH;0;20260414;100946;5453.5;50
LKOH;0;20260414;100946;5453.5;50
LKOH;0;20260414;100946;5454;1
LKOH;0;20260414;100946;5454;50
LKOH;0;20260414;100946;5454;25
LKOH;0;20260414;100946;5454;74
LKOH;0;20260414;100946;5454.5;1
LKOH;0;20260414;100946;5454.5;1
LKOH;0;20260414;100946;5454.5;20
LKOH;0;20260414;100946;5454.5;30
LKOH;0;20260414;100946;5454.5;50
LKOH;0;20260414;100946;5454.5;8
LKOH;0;20260414;100946;5455;1
LKOH;0;20260414;100946;5455;20
LKOH;0;20260414;100946;5455;14
LKOH;0;20260414;100950;5454.5;1
LKOH;0;20260414;100952;5454;1
LKOH;0;20260414;100952;5454;2
LKOH;0;20260414;100952;5454.5;2
LKOH;0;20260414;101005;5454;2
LKOH;0;20260414;101005;5454;2
LKOH;0;20260414;101005;5454;21
LKOH;0;20260414;101005;5454;1
LKOH;0;20260414;101005;5454;46
LKOH;0;20260414;101005;5454;17
LKOH;0;20260414;101005;5454;1
LKOH;0;20260414;101006;5454.5;1
LKOH;0;20260414;101008;5454.5;1
LKOH;0;20260414;101009;5454.5;25
LKOH;0;20260414;101009;5454.5;8
LKOH;0;20260414;101009;5454;1
LKOH;0;20260414;101009;5454;1
LKOH;0;20260414;101009;5454;23
LKOH;0;20260414;101009;5454;14
LKOH;0;20260414;101010;5452.5;1
LKOH;0;20260414;101015;5453.5;5
LKOH;0;20260414;101018;5453;1
LKOH;0;20260414;101019;5454;1
LKOH;0;20260414;101024;5453.5;2
LKOH;0;20260414;101024;5453.5;1
LKOH;0;20260414;101025;5453;13
LKOH;0;20260414;101025;5453;12
LKOH;0;20260414;101025;5453;13
LKOH;0;20260414;101025;5452.5;10
LKOH;0;20260414;101025;5452.5;1
LKOH;0;20260414;101025;5452.5;1
LKOH;0;20260414;101025;5452.5;13
LKOH;0;20260414;101025;5452.5;10
LKOH;0;20260414;101025;5452.5;7
LKOH;0;20260414;101025;5452;1
LKOH;0;20260414;101025;5452;8
LKOH;0;20260414;101025;5452;14
LKOH;0;20260414;101025;5452;1
LKOH;0;20260414;101026;5452.5;9
LKOH;0;20260414;101026;5452.5;6
LKOH;0;20260414;101029;5453.5;1
LKOH;0;20260414;101034;5452.5;15
LKOH;0;20260414;101034;5452.5;30
LKOH;0;20260414;101034;5452.5;1
LKOH;0;20260414;101034;5452.5;9
LKOH;0;20260414;101035;5453.5;1
LKOH;0;20260414;101035;5452.5;1
LKOH;0;20260414;101036;5452;1
LKOH;0;20260414;101036;5452;1
LKOH;0;20260414;101040;5451.5;1
LKOH;0;20260414;101040;5451.5;24
LKOH;0;20260414;101040;5451.5;6
LKOH;0;20260414;101040;5451.5;14
LKOH;0;20260414;101040;5451.5;1
LKOH;0;20260414;101041;5451;109
LKOH;0;20260414;101041;5451;17
LKOH;0;20260414;101041;5451;1
LKOH;0;20260414;101041;5450.5;99
LKOH;0;20260414;101041;5450.5;1
LKOH;0;20260414;101041;5450.5;28
LKOH;0;20260414;101041;5450;74
LKOH;0;20260414;101041;5450;1
LKOH;0;20260414;101041;5450;15
LKOH;0;20260414;101041;5450;10
LKOH;0;20260414;101041;5450;100
LKOH;0;20260414;101041;5450;13
LKOH;0;20260414;101041;5450;10
LKOH;0;20260414;101041;5450;1
LKOH;0;20260414;101041;5450;1
LKOH;0;20260414;101041;5450;1
LKOH;0;20260414;101041;5450;1
LKOH;0;20260414;101041;5450;1
LKOH;0;20260414;101041;5450;1
LKOH;0;20260414;101041;5450;60
LKOH;0;20260414;101041;5450;18
LKOH;0;20260414;101041;5450;30
LKOH;0;20260414;101041;5449.5;8
LKOH;0;20260414;101042;5450;1
LKOH;0;20260414;101042;5450;1
LKOH;0;20260414;101042;5449.5;18
LKOH;0;20260414;101042;5449;18
LKOH;0;20260414;101043;5449;7
LKOH;0;20260414;101043;5450.5;1
LKOH;0;20260414;101043;5450.5;4
LKOH;0;20260414;101045;5449;1
LKOH;0;20260414;101045;5449;100
LKOH;0;20260414;101053;5449;6
LKOH;0;20260414;101053;5449;4
LKOH;0;20260414;101053;5449;25
LKOH;0;20260414;101053;5449;25
LKOH;0;20260414;101054;5449;3
LKOH;0;20260414;101056;5449;1
LKOH;0;20260414;101100;5449;25
LKOH;0;20260414;101100;5449;25
LKOH;0;20260414;101100;5449;25
LKOH;0;20260414;101101;5449;1
LKOH;0;20260414;101104;5449;21
LKOH;0;20260414;101114;5449.5;1
LKOH;0;20260414;101119;5449.5;1
LKOH;0;20260414;101124;5452;3
LKOH;0;20260414;101125;5452.5;1
LKOH;0;20260414;101125;5452.5;9
LKOH;0;20260414;101131;5454;1
LKOH;0;20260414;101133;5453;1
LKOH;0;20260414;101133;5453;21
LKOH;0;20260414;101141;5452.5;1
LKOH;0;20260414;101141;5452;1
LKOH;0;20260414;101146;5451;1
LKOH;0;20260414;101151;5451;2
LKOH;0;20260414;101152;5451;2
LKOH;0;20260414;101200;5452;7
LKOH;0;20260414;101213;5452.5;2
LKOH;0;20260414;101214;5452.5;2
LKOH;0;20260414;101214;5452.5;2
LKOH;0;20260414;101230;5454;1
LKOH;0;20260414;101238;5453.5;1
LKOH;0;20260414;101239;5454;1
LKOH;0;20260414;101239;5453.5;1
LKOH;0;20260414;101240;5453.5;1
LKOH;0;20260414;101240;5453.5;24
LKOH;0;20260414;101240;5453.5;25
LKOH;0;20260414;101240;5453.5;25
LKOH;0;20260414;101240;5453.5;25
LKOH;0;20260414;101240;5453.5;1
LKOH;0;20260414;101241;5453;1
LKOH;0;20260414;101241;5453;1
LKOH;0;20260414;101241;5452.5;4
LKOH;0;20260414;101244;5452;1
LKOH;0;20260414;101244;5452;5
LKOH;0;20260414;101248;5452;58
LKOH;0;20260414;101248;5452;21
LKOH;0;20260414;101248;5452;1
LKOH;0;20260414;101253;5451.5;25
LKOH;0;20260414;101253;5451.5;1
LKOH;0;20260414;101253;5452;30
LKOH;0;20260414;101253;5452;1
LKOH;0;20260414;101253;5452;6
LKOH;0;20260414;101253;5452.5;1
LKOH;0;20260414;101253;5452.5;30
LKOH;0;20260414;101253;5452.5;6
LKOH;0;20260414;101254;5452;2
LKOH;0;20260414;101254;5452.5;1
LKOH;0;20260414;101255;5451.5;12
LKOH;0;20260414;101255;5451.5;1
LKOH;0;20260414;101255;5451.5;18
LKOH;0;20260414;101255;5451.5;37
LKOH;0;20260414;101255;5451;4
LKOH;0;20260414;101255;5451;1
LKOH;0;20260414;101255;5451;1
LKOH;0;20260414;101255;5451;24
LKOH;0;20260414;101311;5451;1
LKOH;0;20260414;101311;5451;3
LKOH;0;20260414;101315;5451;27
LKOH;0;20260414;101315;5451;1
LKOH;0;20260414;101315;5451;1
LKOH;0;20260414;101315;5451;1
LKOH;0;20260414;101315;5451;11
LKOH;0;20260414;101315;5451;32
LKOH;0;20260414;101316;5449.5;1
LKOH;0;20260414;101316;5449.5;1
LKOH;0;20260414;101316;5449.5;1
LKOH;0;20260414;101316;5449;13
LKOH;0;20260414;101316;5449;1
LKOH;0;20260414;101316;5449;9
LKOH;0;20260414;101336;5449.5;21
LKOH;0;20260414;101338;5449;6
LKOH;0;20260414;101338;5449;1
LKOH;0;20260414;101339;5449;3
LKOH;0;20260414;101356;5449;3
LKOH;0;20260414;101358;5448.5;1
LKOH;0;20260414;101358;5448.5;1
LKOH;0;20260414;101358;5448.5;5
LKOH;0;20260414;101358;5448.5;1
LKOH;0;20260414;101359;5448;8
LKOH;0;20260414;101400;5448;1
LKOH;0;20260414;101403;5448;880
LKOH;0;20260414;101403;5448;1
LKOH;0;20260414;101403;5448;1
LKOH;0;20260414;101403;5448;1
LKOH;0;20260414;101403;5448;1
LKOH;0;20260414;101403;5448;4
LKOH;0;20260414;101405;5448;6
LKOH;0;20260414;101405;5448;31
LKOH;0;20260414;101405;5448;1
LKOH;0;20260414;101405;5447.5;1
LKOH;0;20260414;101405;5447.5;39
LKOH;0;20260414;101412;5446.5;24
LKOH;0;20260414;101413;5447;1
LKOH;0;20260414;101417;5447;6
LKOH;0;20260414;101418;5446.5;1
LKOH;0;20260414;101422;5447;1
LKOH;0;20260414;101427;5447;1
LKOH;0;20260414;101428;5446.5;12
LKOH;0;20260414;101428;5446.5;1
LKOH;0;20260414;101428;5446.5;1
LKOH;0;20260414;101428;5446;16
LKOH;0;20260414;101434;5446.5;13
LKOH;0;20260414;101436;5446.5;5
LKOH;0;20260414;101436;5446.5;5
LKOH;0;20260414;101436;5446.5;6
LKOH;0;20260414;101436;5446.5;6
LKOH;0;20260414;101448;5446.5;1
LKOH;0;20260414;101449;5446;32
LKOH;0;20260414;101450;5446.5;1
LKOH;0;20260414;101451;5446.5;1
LKOH;0;20260414;101451;5446;8
LKOH;0;20260414;101452;5446;14
LKOH;0;20260414;101452;5446;10
LKOH;0;20260414;101452;5446;1
LKOH;0;20260414;101452;5445;3
LKOH;0;20260414;101452;5445;12
LKOH;0;20260414;101452;5445;4
LKOH;0;20260414;101452;5445;34
LKOH;0;20260414;101456;5445;50
LKOH;0;20260414;101456;5445;10
LKOH;0;20260414;101456;5445;1
LKOH;0;20260414;101456;5445;1
LKOH;0;20260414;101456;5445;1
LKOH;0;20260414;101456;5445;1
LKOH;0;20260414;101456;5445;1
LKOH;0;20260414;101456;5445;1
LKOH;0;20260414;101456;5445;5
LKOH;0;20260414;101456;5445;5
LKOH;0;20260414;101456;5444.5;6
LKOH;0;20260414;101456;5444.5;3
LKOH;0;20260414;101456;5444;5
LKOH;0;20260414;101456;5444;2
LKOH;0;20260414;101456;5444;1
LKOH;0;20260414;101456;5444;7
LKOH;0;20260414;101504;5444.5;1
LKOH;0;20260414;101504;5445.5;1
LKOH;0;20260414;101504;5446;2
LKOH;0;20260414;101506;5446.5;1
LKOH;0;20260414;101509;5445.5;1
LKOH;0;20260414;101509;5445.5;9
LKOH;0;20260414;101514;5446;3
LKOH;0;20260414;101518;5446.5;1
LKOH;0;20260414;101524;5447;91
LKOH;0;20260414;101524;5447.5;22
LKOH;0;20260414;101524;5447.5;7
LKOH;0;20260414;101525;5448;1
LKOH;0;20260414;101530;5448;24
LKOH;0;20260414;101530;5448;39
LKOH;0;20260414;101530;5448.5;2
LKOH;0;20260414;101530;5448.5;40
LKOH;0;20260414;101531;5448.5;2
LKOH;0;20260414;101537;5448.5;28
LKOH;0;20260414;101537;5448.5;12
LKOH;0;20260414;101537;5448.5;8
LKOH;0;20260414;101538;5448;30
LKOH;0;20260414;101538;5448;1
LKOH;0;20260414;101538;5448;24
LKOH;0;20260414;101542;5448.5;1
LKOH;0;20260414;101543;5448.5;1
LKOH;0;20260414;101543;5448;1
LKOH;0;20260414;101543;5447.5;1
LKOH;0;20260414;101543;5447;3
LKOH;0;20260414;101543;5447;1
LKOH;0;20260414;101543;5447;6
LKOH;0;20260414;101543;5447;12
LKOH;0;20260414;101543;5446.5;1
LKOH;0;20260414;101543;5446.5;1
LKOH;0;20260414;101543;5446.5;11
LKOH;0;20260414;101546;5448.5;1
LKOH;0;20260414;101552;5448.5;1
LKOH;0;20260414;101552;5448;1
LKOH;0;20260414;101552;5448;2
LKOH;0;20260414;101552;5447.5;1
LKOH;0;20260414;101553;5447.5;1
LKOH;0;20260414;101553;5447.5;19
LKOH;0;20260414;101553;5447.5;20
LKOH;0;20260414;101553;5447.5;20
LKOH;0;20260414;101553;5447.5;5
LKOH;0;20260414;101553;5447.5;1
LKOH;0;20260414;101553;5447.5;14
LKOH;0;20260414;101554;5447.5;1
LKOH;0;20260414;101609;5447.5;1
LKOH;0;20260414;101610;5447.5;2
LKOH;0;20260414;101610;5447.5;16
LKOH;0;20260414;101610;5447.5;30
LKOH;0;20260414;101610;5447.5;1
LKOH;0;20260414;101610;5447.5;25
LKOH;0;20260414;101610;5447.5;21
LKOH;0;20260414;101610;5447.5;4
LKOH;0;20260414;101612;5447.5;2
LKOH;0;20260414;101612;5447.5;6
LKOH;0;20260414;101613;5447.5;2
LKOH;0;20260414;101615;5447.5;10
LKOH;0;20260414;101615;5447.5;1
LKOH;0;20260414;101627;5447.5;5
LKOH;0;20260414;101633;5447;1
LKOH;0;20260414;101651;5447;20
LKOH;0;20260414;101651;5447.5;1
LKOH;0;20260414;101700;5447;1
LKOH;0;20260414;101702;5447.5;2
LKOH;0;20260414;101703;5447.5;1
LKOH;0;20260414;101706;5447.5;1
LKOH;0;20260414;101706;5447.5;3
LKOH;0;20260414;101708;5447.5;1
LKOH;0;20260414;101709;5447;1
LKOH;0;20260414;101709;5447;9
LKOH;0;20260414;101717;5447.5;6
LKOH;0;20260414;101728;5447;2
LKOH;0;20260414;101731;5447;20
LKOH;0;20260414;101732;5447;13
LKOH;0;20260414;101732;5447;1
LKOH;0;20260414;101734;5447;1
LKOH;0;20260414;101735;5447;1
LKOH;0;20260414;101735;5447.5;1
LKOH;0;20260414;101737;5447.5;1
LKOH;0;20260414;101742;5446.5;1
LKOH;0;20260414;101743;5445.5;1
LKOH;0;20260414;101746;5445.5;1
LKOH;0;20260414;101747;5445;2
LKOH;0;20260414;101758;5445;1
LKOH;0;20260414;101758;5444.5;6
LKOH;0;20260414;101758;5444.5;1
LKOH;0;20260414;101758;5444;23
LKOH;0;20260414;101758;5444;1
LKOH;0;20260414;101758;5444;8
LKOH;0;20260414;101758;5443.5;1
LKOH;0;20260414;101758;5443.5;1
LKOH;0;20260414;101758;5443.5;18
LKOH;0;20260414;101758;5443.5;50
LKOH;0;20260414;101758;5443.5;50
LKOH;0;20260414;101758;5443;4
LKOH;0;20260414;101758;5443;1
LKOH;0;20260414;101758;5443;2
LKOH;0;20260414;101758;5443;13
LKOH;0;20260414;101758;5443;2
LKOH;0;20260414;101758;5443;1
LKOH;0;20260414;101758;5443;60
LKOH;0;20260414;101758;5443;3
LKOH;0;20260414;101759;5443;1
LKOH;0;20260414;101759;5443;17
LKOH;0;20260414;101759;5443;21
LKOH;0;20260414;101759;5443;6
LKOH;0;20260414;101759;5443;5
LKOH;0;20260414;101759;5443;21
LKOH;0;20260414;101759;5443;1
LKOH;0;20260414;101759;5443;18
LKOH;0;20260414;101759;5443;46
LKOH;0;20260414;101759;5443;64
LKOH;0;20260414;101759;5442.5;6
LKOH;0;20260414;101759;5442.5;4
LKOH;0;20260414;101759;5442.5;12
LKOH;0;20260414;101759;5442.5;3
LKOH;0;20260414;101759;5442;4
LKOH;0;20260414;101759;5442;21
LKOH;0;20260414;101759;5442;43
LKOH;0;20260414;101759;5441.5;1
LKOH;0;20260414;101759;5441.5;9
LKOH;0;20260414;101801;5443;1
LKOH;0;20260414;101802;5443.5;5
LKOH;0;20260414;101804;5444;3
LKOH;0;20260414;101804;5444;1
LKOH;0;20260414;101804;5444;1
LKOH;0;20260414;101804;5443.5;118
LKOH;0;20260414;101804;5443.5;12
LKOH;0;20260414;101804;5443.5;4
LKOH;0;20260414;101804;5443.5;1
LKOH;0;20260414;101804;5443.5;1
LKOH;0;20260414;101804;5443.5;3
LKOH;0;20260414;101804;5443.5;1
LKOH;0;20260414;101804;5443;13
LKOH;0;20260414;101804;5443;3
LKOH;0;20260414;101804;5443;19
LKOH;0;20260414;101808;5443.5;1
LKOH;0;20260414;101819;5443.5;1
LKOH;0;20260414;101822;5443.5;3
LKOH;0;20260414;101830;5444.5;2
LKOH;0;20260414;101836;5444.5;1
LKOH;0;20260414;101840;5444;1
LKOH;0;20260414;101841;5443.5;1
LKOH;0;20260414;101841;5443;5
LKOH;0;20260414;101841;5443;6
LKOH;0;20260414;101841;5443;3
LKOH;0;20260414;101841;5443;1
LKOH;0;20260414;101841;5443;36
LKOH;0;20260414;101841;5443;8
LKOH;0;20260414;101841;5442;8
LKOH;0;20260414;101841;5442;8
LKOH;0;20260414;101841;5442;12
LKOH;0;20260414;101841;5442;5
LKOH;0;20260414;101841;5442;5
LKOH;0;20260414;101841;5442;1
LKOH;0;20260414;101841;5441.5;1
LKOH;0;20260414;101841;5441.5;14
LKOH;0;20260414;101841;5441;26
LKOH;0;20260414;101841;5441;2
LKOH;0;20260414;101841;5441;47
LKOH;0;20260414;101841;5441;5
LKOH;0;20260414;101841;5441;1
LKOH;0;20260414;101841;5440.5;5
LKOH;0;20260414;101841;5440;5
LKOH;0;20260414;101841;5440;1
LKOH;0;20260414;101841;5440;20
LKOH;0;20260414;101841;5440;100
LKOH;0;20260414;101841;5440;2
LKOH;0;20260414;101841;5440;1
LKOH;0;20260414;101841;5440;1
LKOH;0;20260414;101841;5440;1
LKOH;0;20260414;101841;5440;1
LKOH;0;20260414;101841;5440;1
LKOH;0;20260414;101841;5440;10
LKOH;0;20260414;101841;5440;1
LKOH;0;20260414;101841;5440;40
LKOH;0;20260414;101842;5441;3
LKOH;0;20260414;101842;5440;9
LKOH;0;20260414;101842;5440;1
LKOH;0;20260414;101842;5440;1
LKOH;0;20260414;101842;5440;18
LKOH;0;20260414;101842;5440;21
LKOH;0;20260414;101846;5441;1
LKOH;0;20260414;101847;5440;25
LKOH;0;20260414;101847;5440;1
LKOH;0;20260414;101847;5440;1
LKOH;0;20260414;101847;5440;13
LKOH;0;20260414;101850;5440;1
LKOH;0;20260414;101850;5440;1
LKOH;0;20260414;101850;5440;38
LKOH;0;20260414;101851;5441;3
LKOH;0;20260414;101852;5440.5;35
LKOH;0;20260414;101900;5441;5
LKOH;0;20260414;101900;5441;1
LKOH;0;20260414;101900;5440.5;15
LKOH;0;20260414;101900;5440.5;1
LKOH;0;20260414;101900;5440.5;1
LKOH;0;20260414;101900;5440.5;4
LKOH;0;20260414;101900;5440;2
LKOH;0;20260414;101900;5440;1
LKOH;0;20260414;101900;5439.5;1
LKOH;0;20260414;101908;5440.5;7
LKOH;0;20260414;101908;5440.5;1
LKOH;0;20260414;101908;5440;1
LKOH;0;20260414;101908;5440;2
LKOH;0;20260414;101908;5440;39
LKOH;0;20260414;101909;5441;1
LKOH;0;20260414;101912;5440;40
LKOH;0;20260414;101912;5440;40
LKOH;0;20260414;101919;5440;1
LKOH;0;20260414;101920;5440;30
LKOH;0;20260414;101920;5440;1
LKOH;0;20260414;101920;5439.5;9
LKOH;0;20260414;101922;5440.5;1
LKOH;0;20260414;101924;5440;10
LKOH;0;20260414;101924;5440;18
LKOH;0;20260414;101928;5440;2
LKOH;0;20260414;101931;5440;1
LKOH;0;20260414;101932;5440.5;40
LKOH;0;20260414;101932;5440.5;1
LKOH;0;20260414;101932;5440;37
LKOH;0;20260414;101934;5441;1
LKOH;0;20260414;101940;5441;1
LKOH;0;20260414;101940;5441;1
LKOH;0;20260414;101940;5440.5;22
LKOH;0;20260414;101940;5440.5;16
LKOH;0;20260414;101940;5440.5;12
LKOH;0;20260414;101940;5440.5;28
LKOH;0;20260414;101940;5440.5;22
LKOH;0;20260414;101940;5440.5;1
LKOH;0;20260414;101940;5440;17
LKOH;0;20260414;101940;5441;41
LKOH;0;20260414;101946;5441;40
LKOH;0;20260414;101947;5441.5;2
LKOH;0;20260414;101953;5442;1
LKOH;0;20260414;101954;5441;9
LKOH;0;20260414;101954;5441;1
LKOH;0;20260414;101954;5441;1
LKOH;0;20260414;101954;5441;1
LKOH;0;20260414;101956;5440.5;1
LKOH;0;20260414;102004;5440;1
LKOH;0;20260414;102008;5440;2
LKOH;0;20260414;102011;5440.5;1
LKOH;0;20260414;102011;5441;5
LKOH;0;20260414;102015;5441;480
LKOH;0;20260414;102015;5441;1
LKOH;0;20260414;102015;5441.5;50
LKOH;0;20260414;102016;5443;1
LKOH;0;20260414;102016;5443;2
LKOH;0;20260414;102020;5441.5;2
LKOH;0;20260414;102020;5441.5;2
LKOH;0;20260414;102020;5441.5;2
LKOH;0;20260414;102020;5441.5;2
LKOH;0;20260414;102020;5441.5;2
LKOH;0;20260414;102021;5441.5;2
LKOH;0;20260414;102021;5441.5;1
LKOH;0;20260414;102021;5441.5;1
LKOH;0;20260414;102021;5441.5;1
LKOH;0;20260414;102021;5443;1
LKOH;0;20260414;102025;5443;1
LKOH;0;20260414;102025;5443;1
LKOH;0;20260414;102025;5443;1
LKOH;0;20260414;102025;5443.5;1
LKOH;0;20260414;102025;5445;17
LKOH;0;20260414;102025;5445;15
LKOH;0;20260414;102026;5444.5;56
LKOH;0;20260414;102026;5444.5;12
LKOH;0;20260414;102026;5444.5;30
LKOH;0;20260414;102026;5444.5;1
LKOH;0;20260414;102026;5444.5;1
LKOH;0;20260414;102026;5444.5;1
LKOH;0;20260414;102026;5444;9
LKOH;0;20260414;102027;5445.5;1
LKOH;0;20260414;102051;5445;40
LKOH;0;20260414;102051;5445.5;3
LKOH;0;20260414;102051;5445.5;1
LKOH;0;20260414;102051;5445.5;6
LKOH;0;20260414;102055;5444.5;1
LKOH;0;20260414;102055;5444.5;1
LKOH;0;20260414;102057;5445;2
LKOH;0;20260414;102057;5445;1
LKOH;0;20260414;102057;5445;1
LKOH;0;20260414;102101;5445;1
LKOH;0;20260414;102104;5445;14
LKOH;0;20260414;102104;5445;31
LKOH;0;20260414;102104;5445;64
LKOH;0;20260414;102105;5445;1
LKOH;0;20260414;102107;5445;1
LKOH;0;20260414;102116;5445.5;1
LKOH;0;20260414;102142;5445.5;1
LKOH;0;20260414;102152;5447;13
LKOH;0;20260414;102208;5447;1
LKOH;0;20260414;102209;5447;55
LKOH;0;20260414;102209;5447;3
LKOH;0;20260414;102209;5447;41
LKOH;0;20260414;102216;5446.5;30
LKOH;0;20260414;102216;5446.5;12
LKOH;0;20260414;102216;5446.5;1
LKOH;0;20260414;102216;5446.5;46
LKOH;0;20260414;102216;5446.5;1
LKOH;0;20260414;102216;5446.5;37
LKOH;0;20260414;102216;5446;1
LKOH;0;20260414;102216;5446;1
LKOH;0;20260414;102216;5446;9
LKOH;0;20260414;102216;5446;30
LKOH;0;20260414;102216;5446;8
LKOH;0;20260414;102216;5446;2
LKOH;0;20260414;102217;5446;3
LKOH;0;20260414;102225;5446;1
LKOH;0;20260414;102233;5445.5;1
LKOH;0;20260414;102243;5445.5;3
LKOH;0;20260414;102243;5445.5;5
LKOH;0;20260414;102252;5446;20
LKOH;0;20260414;102305;5446;1
LKOH;0;20260414;102305;5446;12
LKOH;0;20260414;102305;5446;1
LKOH;0;20260414;102305;5446;36
LKOH;0;20260414;102307;5446;1
LKOH;0;20260414;102308;5445.5;2
LKOH;0;20260414;102317;5445.5;1
LKOH;0;20260414;102317;5446;1
LKOH;0;20260414;102319;5446;33
LKOH;0;20260414;102319;5446;13
LKOH;0;20260414;102319;5446;13
LKOH;0;20260414;102319;5445.5;41
LKOH;0;20260414;102319;5445.5;26
LKOH;0;20260414;102319;5445.5;1
LKOH;0;20260414;102319;5445.5;1
LKOH;0;20260414;102319;5445.5;12
LKOH;0;20260414;102322;5446;136
LKOH;0;20260414;102322;5446.5;82
LKOH;0;20260414;102325;5446.5;1
LKOH;0;20260414;102329;5446.5;2
LKOH;0;20260414;102334;5446.5;15
LKOH;0;20260414;102334;5447;77
LKOH;0;20260414;102405;5447;1
LKOH;0;20260414;102406;5447;35
LKOH;0;20260414;102406;5447;12
LKOH;0;20260414;102408;5446.5;5
LKOH;0;20260414;102420;5446.5;8
LKOH;0;20260414;102420;5446.5;5
LKOH;0;20260414;102420;5446.5;1
LKOH;0;20260414;102420;5446.5;20
LKOH;0;20260414;102420;5446.5;5
LKOH;0;20260414;102426;5446.5;18
LKOH;0;20260414;102426;5446.5;46
LKOH;0;20260414;102426;5446.5;2
LKOH;0;20260414;102426;5446.5;13
LKOH;0;20260414;102426;5446.5;1
LKOH;0;20260414;102426;5446;7
LKOH;0;20260414;102426;5446;11
LKOH;0;20260414;102426;5446;1
LKOH;0;20260414;102426;5446;1
LKOH;0;20260414;102426;5445.5;30
LKOH;0;20260414;102426;5445.5;1
LKOH;0;20260414;102426;5445.5;1
LKOH;0;20260414;102426;5445.5;50
LKOH;0;20260414;102426;5445.5;12
LKOH;0;20260414;102426;5445;1
LKOH;0;20260414;102426;5445;1
LKOH;0;20260414;102426;5445;1
LKOH;0;20260414;102426;5445;30
LKOH;0;20260414;102426;5445;2
LKOH;0;20260414;102426;5445;1
LKOH;0;20260414;102426;5445;60
LKOH;0;20260414;102426;5445;18
LKOH;0;20260414;102426;5445;60
LKOH;0;20260414;102437;5445;1
LKOH;0;20260414;102448;5444.5;1
LKOH;0;20260414;102448;5444.5;1
LKOH;0;20260414;102448;5444.5;1
LKOH;0;20260414;102449;5444.5;1
LKOH;0;20260414;102449;5444.5;1
LKOH;0;20260414;102501;5444.5;1
LKOH;0;20260414;102502;5444.5;28
LKOH;0;20260414;102503;5445;2
LKOH;0;20260414;102513;5445;2
LKOH;0;20260414;102514;5444.5;11
LKOH;0;20260414;102514;5444.5;13
LKOH;0;20260414;102514;5444.5;2
LKOH;0;20260414;102514;5444.5;50
LKOH;0;20260414;102514;5444.5;50
LKOH;0;20260414;102514;5444.5;50
LKOH;0;20260414;102514;5444.5;1
LKOH;0;20260414;102514;5444.5;13
LKOH;0;20260414;102525;5444.5;1
LKOH;0;20260414;102537;5444;8
LKOH;0;20260414;102540;5444.5;4
LKOH;0;20260414;102542;5444.5;1
LKOH;0;20260414;102557;5444;42
LKOH;0;20260414;102557;5444;1
LKOH;0;20260414;102557;5444;40
LKOH;0;20260414;102557;5444;6
LKOH;0;20260414;102557;5443.5;2
LKOH;0;20260414;102557;5443.5;1
LKOH;0;20260414;102557;5443.5;1
LKOH;0;20260414;102557;5443.5;30
LKOH;0;20260414;102557;5443;3
LKOH;0;20260414;102557;5443;80
LKOH;0;20260414;102559;5444;29
LKOH;0;20260414;102604;5444;1
LKOH;0;20260414;102605;5444;39
LKOH;0;20260414;102613;5444;4
LKOH;0;20260414;102613;5444;1
LKOH;0;20260414;102613;5444;1
LKOH;0;20260414;102613;5444;14
LKOH;0;20260414;102618;5444.5;1
LKOH;0;20260414;102618;5444.5;1
LKOH;0;20260414;102618;5445;51
LKOH;0;20260414;102618;5445;1
LKOH;0;20260414;102618;5445;1
LKOH;0;20260414;102624;5445;76
LKOH;0;20260414;102627;5445;407
LKOH;0;20260414;102629;5445;93
LKOH;0;20260414;102633;5445;38
LKOH;0;20260414;102640;5445;2
LKOH;0;20260414;102647;5445;13
LKOH;0;20260414;102706;5445;47
LKOH;0;20260414;102706;5445;1
LKOH;0;20260414;102706;5445;1
LKOH;0;20260414;102706;5445;2
LKOH;0;20260414;102706;5445;1
LKOH;0;20260414;102706;5445;39
LKOH;0;20260414;102707;5445;14
LKOH;0;20260414;102712;5445;300
LKOH;0;20260414;102715;5444.5;13
LKOH;0;20260414;102715;5444.5;1
LKOH;0;20260414;102715;5444.5;26
LKOH;0;20260414;102725;5445;1
LKOH;0;20260414;102727;5445;1
LKOH;0;20260414;102742;5445;91
LKOH;0;20260414;102742;5445;1
LKOH;0;20260414;102742;5445;1
LKOH;0;20260414;102747;5445;2
LKOH;0;20260414;102750;5444.5;2
LKOH;0;20260414;102750;5444.5;12
LKOH;0;20260414;102750;5444.5;10
LKOH;0;20260414;102750;5444.5;16
LKOH;0;20260414;102750;5444.5;1
LKOH;0;20260414;102750;5444.5;1
LKOH;0;20260414;102750;5443.5;18
LKOH;0;20260414;102750;5443.5;1
LKOH;0;20260414;102750;5443.5;13
LKOH;0;20260414;102750;5443.5;6
LKOH;0;20260414;102750;5443.5;1
LKOH;0;20260414;102750;5443;2
LKOH;0;20260414;102801;5443;1
LKOH;0;20260414;102801;5443;1
LKOH;0;20260414;102801;5442.5;1
LKOH;0;20260414;102801;5442.5;5
LKOH;0;20260414;102801;5442.5;16
LKOH;0;20260414;102801;5442;3
LKOH;0;20260414;102801;5442;1
LKOH;0;20260414;102801;5442;5
LKOH;0;20260414;102802;5443.5;2
LKOH;0;20260414;102803;5442;29
LKOH;0;20260414;102806;5442;40
LKOH;0;20260414;102824;5443;1
LKOH;0;20260414;102826;5443.5;1
LKOH;0;20260414;102830;5444;1
LKOH;0;20260414;102840;5443.5;1
LKOH;0;20260414;102847;5444;2
LKOH;0;20260414;102851;5444;2
LKOH;0;20260414;102854;5444;1
LKOH;0;20260414;102859;5443.5;1
LKOH;0;20260414;102859;5443.5;1
LKOH;0;20260414;102906;5444;1
LKOH;0;20260414;102906;5444;25
LKOH;0;20260414;102906;5444;1
LKOH;0;20260414;102910;5444.5;2
LKOH;0;20260414;102913;5445;1
LKOH;0;20260414;102922;5444.5;1
LKOH;0;20260414;102922;5444.5;19
LKOH;0;20260414;102922;5444.5;12
LKOH;0;20260414;102923;5444.5;1
LKOH;0;20260414;102923;5444;2
LKOH;0;20260414;102926;5444.5;1
LKOH;0;20260414;102946;5444.5;1
LKOH;0;20260414;102959;5444;19
LKOH;0;20260414;103004;5444.5;1
LKOH;0;20260414;103004;5444.5;1
LKOH;0;20260414;103004;5445;1
LKOH;0;20260414;103004;5444.5;1
LKOH;0;20260414;103006;5444.5;1
LKOH;0;20260414;103006;5444.5;19
LKOH;0;20260414;103006;5444.5;19
LKOH;0;20260414;103014;5445;1
LKOH;0;20260414;103028;5444.5;39
LKOH;0;20260414;103029;5445;48
LKOH;0;20260414;103029;5445;1
LKOH;0;20260414;103029;5445;18
LKOH;0;20260414;103029;5445;33
LKOH;0;20260414;103040;5445;1
LKOH;0;20260414;103054;5445;1
LKOH;0;20260414;103056;5445;43
LKOH;0;20260414;103104;5445;32
LKOH;0;20260414;103104;5445;92
LKOH;0;20260414;103104;5445;1
LKOH;0;20260414;103104;5445;37
LKOH;0;20260414;103104;5445;3
LKOH;0;20260414;103105;5445;2
LKOH;0;20260414;103109;5444.5;1
LKOH;0;20260414;103109;5445;6
LKOH;0;20260414;103109;5445;2
LKOH;0;20260414;103112;5445;1
LKOH;0;20260414;103116;5444.5;1
LKOH;0;20260414;103118;5445;5
LKOH;0;20260414;103123;5445;1
LKOH;0;20260414;103125;5445;1
LKOH;0;20260414;103127;5445;10
LKOH;0;20260414;103128;5445;1
LKOH;0;20260414;103129;5445;39
LKOH;0;20260414;103129;5445;3
LKOH;0;20260414;103131;5445;1
LKOH;0;20260414;103131;5445;1
LKOH;0;20260414;103134;5445;1
LKOH;0;20260414;103135;5445;1
LKOH;0;20260414;103138;5445;4
LKOH;0;20260414;103140;5444.5;8
LKOH;0;20260414;103140;5444.5;8
LKOH;0;20260414;103140;5444.5;5
LKOH;0;20260414;103140;5444.5;5
LKOH;0;20260414;103140;5444.5;30
LKOH;0;20260414;103140;5444.5;5
LKOH;0;20260414;103140;5444.5;5
LKOH;0;20260414;103140;5444.5;5
LKOH;0;20260414;103140;5444.5;5
LKOH;0;20260414;103140;5444.5;13
LKOH;0;20260414;103141;5444.5;1
LKOH;0;20260414;103141;5445;396
LKOH;0;20260414;103141;5445;1
LKOH;0;20260414;103141;5445;4
LKOH;0;20260414;103143;5445;21
LKOH;0;20260414;103143;5444.5;1
LKOH;0;20260414;103146;5444.5;3
LKOH;0;20260414;103146;5444.5;4
LKOH;0;20260414;103159;5444.5;2
LKOH;0;20260414;103159;5444.5;1
LKOH;0;20260414;103203;5444;1
LKOH;0;20260414;103203;5444.5;1
LKOH;0;20260414;103208;5445;1
LKOH;0;20260414;103210;5445;1
LKOH;0;20260414;103211;5445;1
LKOH;0;20260414;103217;5444.5;41
LKOH;0;20260414;103217;5444.5;14
LKOH;0;20260414;103217;5444.5;1
LKOH;0;20260414;103221;5444.5;2
LKOH;0;20260414;103221;5444;1
LKOH;0;20260414;103221;5444;4
LKOH;0;20260414;103224;5444.5;6
LKOH;0;20260414;103224;5444.5;1
LKOH;0;20260414;103234;5444.5;1
LKOH;0;20260414;103240;5444.5;2
LKOH;0;20260414;103240;5445;1
LKOH;0;20260414;103249;5444.5;1
LKOH;0;20260414;103253;5444.5;10
LKOH;0;20260414;103258;5444.5;2
LKOH;0;20260414;103303;5444;3
LKOH;0;20260414;103303;5444;31
LKOH;0;20260414;103303;5444;1
LKOH;0;20260414;103303;5444;1
LKOH;0;20260414;103303;5444;13
LKOH;0;20260414;103303;5444;1
LKOH;0;20260414;103303;5444;13
LKOH;0;20260414;103303;5444;1
LKOH;0;20260414;103303;5444;18
LKOH;0;20260414;103303;5444;24
LKOH;0;20260414;103306;5444.5;3
LKOH;0;20260414;103310;5444;13
LKOH;0;20260414;103310;5444;74
LKOH;0;20260414;103315;5444;3
LKOH;0;20260414;103320;5444.5;1
LKOH;0;20260414;103323;5445;2
LKOH;0;20260414;103323;5445;1
LKOH;0;20260414;103327;5445;1
LKOH;0;20260414;103331;5444;2
LKOH;0;20260414;103334;5444;6
LKOH;0;20260414;103334;5444;2
LKOH;0;20260414;103334;5444;9
LKOH;0;20260414;103339;5443.5;1
LKOH;0;20260414;103346;5444;1
LKOH;0;20260414;103350;5444;1
LKOH;0;20260414;103400;5444;1
LKOH;0;20260414;103401;5444;1
LKOH;0;20260414;103401;5444;3
LKOH;0;20260414;103401;5444;1
LKOH;0;20260414;103404;5444.5;1
LKOH;0;20260414;103404;5444;11
LKOH;0;20260414;103404;5444;1
LKOH;0;20260414;103404;5444;45
LKOH;0;20260414;103404;5444;31
LKOH;0;20260414;103405;5443.5;1
LKOH;0;20260414;103405;5443.5;1
LKOH;0;20260414;103405;5443.5;1
LKOH;0;20260414;103405;5443;8
LKOH;0;20260414;103405;5442.5;29
LKOH;0;20260414;103406;5442;1
LKOH;0;20260414;103406;5442;2
LKOH;0;20260414;103406;5442;1
LKOH;0;20260414;103406;5442;1
LKOH;0;20260414;103406;5442;35
LKOH;0;20260414;103407;5442.5;3
LKOH;0;20260414;103414;5442.5;1
LKOH;0;20260414;103420;5442.5;1
LKOH;0;20260414;103420;5442.5;7
LKOH;0;20260414;103426;5443;5
LKOH;0;20260414;103429;5442.5;32
LKOH;0;20260414;103430;5442;1
LKOH;0;20260414;103434;5442;32
LKOH;0;20260414;103434;5442;32
LKOH;0;20260414;103434;5442;1
LKOH;0;20260414;103435;5442.5;1
LKOH;0;20260414;103435;5442;13
LKOH;0;20260414;103435;5442;1
LKOH;0;20260414;103435;5442;1
LKOH;0;20260414;103437;5442.5;1
LKOH;0;20260414;103437;5442;3
LKOH;0;20260414;103441;5442.5;1
LKOH;0;20260414;103444;5442;9
LKOH;0;20260414;103445;5442;8
LKOH;0;20260414;103446;5442.5;27
LKOH;0;20260414;103446;5442.5;2
LKOH;0;20260414;103446;5442.5;1
LKOH;0;20260414;103446;5442.5;13
LKOH;0;20260414;103446;5442.5;21
LKOH;0;20260414;103447;5442.5;2
LKOH;0;20260414;103447;5442.5;3
LKOH;0;20260414;103447;5442.5;37
LKOH;0;20260414;103450;5442;8
LKOH;0;20260414;103457;5442;1
LKOH;0;20260414;103500;5442.5;1
LKOH;0;20260414;103501;5442;22
LKOH;0;20260414;103501;5442;1
LKOH;0;20260414;103501;5442;1
LKOH;0;20260414;103501;5441.5;1
LKOH;0;20260414;103501;5441.5;1
LKOH;0;20260414;103501;5441;6
LKOH;0;20260414;103503;5442;16
LKOH;0;20260414;103503;5442;14
LKOH;0;20260414;103503;5442;3
LKOH;0;20260414;103503;5442;1
LKOH;0;20260414;103503;5442;28
LKOH;0;20260414;103504;5441.5;25
LKOH;0;20260414;103504;5441.5;25
LKOH;0;20260414;103504;5441.5;1
LKOH;0;20260414;103504;5441.5;14
LKOH;0;20260414;103509;5442.5;2
LKOH;0;20260414;103509;5442.5;1
LKOH;0;20260414;103512;5442.5;3
LKOH;0;20260414;103522;5442.5;1
LKOH;0;20260414;103522;5443;1
LKOH;0;20260414;103522;5443;15
LKOH;0;20260414;103523;5443.5;1
LKOH;0;20260414;103531;5443.5;1
LKOH;0;20260414;103534;5443.5;1
LKOH;0;20260414;103535;5443.5;1
LKOH;0;20260414;103536;5443;1
LKOH;0;20260414;103536;5443;1
LKOH;0;20260414;103536;5442.5;1
LKOH;0;20260414;103536;5442;1
LKOH;0;20260414;103536;5442;11
LKOH;0;20260414;103538;5443;1
LKOH;0;20260414;103538;5443;12
LKOH;0;20260414;103538;5442.5;1
LKOH;0;20260414;103538;5442.5;10
LKOH;0;20260414;103538;5442;10
LKOH;0;20260414;103538;5442;7
LKOH;0;20260414;103540;5442;12
LKOH;0;20260414;103541;5442;38
LKOH;0;20260414;103541;5442;2
LKOH;0;20260414;103548;5442.5;3
LKOH;0;20260414;103549;5442.5;1
LKOH;0;20260414;103554;5441.5;1
LKOH;0;20260414;103554;5441.5;1
LKOH;0;20260414;103554;5441.5;27
LKOH;0;20260414;103554;5441.5;11
LKOH;0;20260414;103555;5442.5;1
LKOH;0;20260414;103555;5442.5;1
LKOH;0;20260414;103555;5443;1
LKOH;0;20260414;103557;5443;1
LKOH;0;20260414;103559;5441.5;1
LKOH;0;20260414;103559;5441.5;39
LKOH;0;20260414;103602;5441;5
LKOH;0;20260414;103602;5441;10
LKOH;0;20260414;103602;5441.5;1
LKOH;0;20260414;103605;5441.5;1
LKOH;0;20260414;103605;5442;1
LKOH;0;20260414;103605;5441;24
LKOH;0;20260414;103605;5441;45
LKOH;0;20260414;103605;5441;15
LKOH;0;20260414;103605;5441;1
LKOH;0;20260414;103605;5440.5;100
LKOH;0;20260414;103605;5440.5;5
LKOH;0;20260414;103605;5440.5;8
LKOH;0;20260414;103611;5440;19
LKOH;0;20260414;103611;5440.5;2
LKOH;0;20260414;103612;5440.5;1
LKOH;0;20260414;103612;5440.5;1
LKOH;0;20260414;103615;5440;40
LKOH;0;20260414;103616;5440.5;1
LKOH;0;20260414;103619;5440;31
LKOH;0;20260414;103623;5440;3
LKOH;0;20260414;103626;5440.5;1
LKOH;0;20260414;103626;5441;1
LKOH;0;20260414;103632;5441.5;3
LKOH;0;20260414;103633;5441.5;1
LKOH;0;20260414;103633;5441.5;2
LKOH;0;20260414;103637;5441.5;1
LKOH;0;20260414;103637;5442;1
LKOH;0;20260414;103637;5442;1
LKOH;0;20260414;103640;5442;1
LKOH;0;20260414;103642;5443;1
LKOH;0;20260414;103648;5443;1
LKOH;0;20260414;103650;5443;1
LKOH;0;20260414;103653;5443;2
LKOH;0;20260414;103653;5443;1
LKOH;0;20260414;103700;5443;4
LKOH;0;20260414;103700;5443.5;1
LKOH;0;20260414;103700;5444;1
LKOH;0;20260414;103702;5444;3
LKOH;0;20260414;103703;5444;10
LKOH;0;20260414;103710;5444;1
LKOH;0;20260414;103711;5445;1
LKOH;0;20260414;103711;5445;1
LKOH;0;20260414;103711;5445.5;4
LKOH;0;20260414;103716;5445;1
LKOH;0;20260414;103716;5445;20
LKOH;0;20260414;103716;5444.5;30
LKOH;0;20260414;103716;5444.5;1
LKOH;0;20260414;103716;5444.5;12
LKOH;0;20260414;103716;5444;6
LKOH;0;20260414;103720;5445;5
LKOH;0;20260414;103729;5445;1
LKOH;0;20260414;103729;5445;1
LKOH;0;20260414;103729;5445.5;6
LKOH;0;20260414;103730;5445.5;1
LKOH;0;20260414;103732;5446;7
LKOH;0;20260414;103733;5446;1
LKOH;0;20260414;103737;5445.5;17
LKOH;0;20260414;103743;5446;2
LKOH;0;20260414;103747;5446;4
LKOH;0;20260414;103748;5446;2
LKOH;0;20260414;103749;5445.5;40
LKOH;0;20260414;103749;5445.5;185
LKOH;0;20260414;103750;5446;2
LKOH;0;20260414;103751;5446;1
LKOH;0;20260414;103756;5445.5;9
LKOH;0;20260414;103801;5446;1
LKOH;0;20260414;103801;5446;4
LKOH;0;20260414;103802;5446;1
LKOH;0;20260414;103802;5445.5;2
LKOH;0;20260414;103802;5445.5;40
LKOH;0;20260414;103803;5446;28
LKOH;0;20260414;103803;5446;2
LKOH;0;20260414;103803;5446;45
LKOH;0;20260414;103803;5446;1
LKOH;0;20260414;103803;5446;18
LKOH;0;20260414;103803;5446;20
LKOH;0;20260414;103807;5446;1
LKOH;0;20260414;103815;5446;1
LKOH;0;20260414;103815;5446;1
LKOH;0;20260414;103834;5446;1
LKOH;0;20260414;103834;5446.5;1
LKOH;0;20260414;103838;5446.5;2
LKOH;0;20260414;103846;5446;3
LKOH;0;20260414;103846;5446;5
LKOH;0;20260414;103846;5446;5
LKOH;0;20260414;103846;5446;5
LKOH;0;20260414;103846;5446;2
LKOH;0;20260414;103846;5446;3
LKOH;0;20260414;103855;5446;3
LKOH;0;20260414;103856;5445.5;4
LKOH;0;20260414;103902;5446;1
LKOH;0;20260414;103905;5446;8
LKOH;0;20260414;103905;5446;6
LKOH;0;20260414;103905;5446;22
LKOH;0;20260414;103905;5446;1
LKOH;0;20260414;103905;5446;5
LKOH;0;20260414;103905;5446;20
LKOH;0;20260414;103905;5446;15
LKOH;0;20260414;103906;5445.5;1
LKOH;0;20260414;103909;5446;1
LKOH;0;20260414;103911;5445.5;1
LKOH;0;20260414;103913;5446;3
LKOH;0;20260414;103919;5446;25
LKOH;0;20260414;103924;5445.5;1
LKOH;0;20260414;103924;5446;3
LKOH;0;20260414;103924;5446;4
LKOH;0;20260414;103925;5446;1
LKOH;0;20260414;103925;5446.5;2
LKOH;0;20260414;103925;5446.5;14
LKOH;0;20260414;103925;5446.5;1
LKOH;0;20260414;103925;5446.5;2
LKOH;0;20260414;103933;5446.5;1
LKOH;0;20260414;103945;5445.5;40
LKOH;0;20260414;103945;5445.5;1
LKOH;0;20260414;103947;5445.5;18
LKOH;0;20260414;103947;5445.5;1
LKOH;0;20260414;103947;5445;1
LKOH;0;20260414;103947;5443.5;1
LKOH;0;20260414;103947;5443.5;1
LKOH;0;20260414;103947;5443;1
LKOH;0;20260414;103947;5443;16
LKOH;0;20260414;103947;5443;2
LKOH;0;20260414;103947;5443;40
LKOH;0;20260414;103947;5443;18
LKOH;0;20260414;103947;5443;10
LKOH;0;20260414;103956;5443;2
LKOH;0;20260414;103956;5443;16
LKOH;0;20260414;103956;5443;17
LKOH;0;20260414;103956;5443;8
LKOH;0;20260414;103956;5443;9
LKOH;0;20260414;103956;5443;26
LKOH;0;20260414;103956;5443;5
LKOH;0;20260414;103957;5443;8
LKOH;0;20260414;103957;5443;1
LKOH;0;20260414;103957;5443;1
LKOH;0;20260414;103957;5442.5;5
LKOH;0;20260414;103957;5442;1
LKOH;0;20260414;103957;5441.5;1
LKOH;0;20260414;103957;5441.5;15
LKOH;0;20260414;104001;5441;1
LKOH;0;20260414;104001;5441;1
LKOH;0;20260414;104002;5441;32
LKOH;0;20260414;104004;5441;5
LKOH;0;20260414;104004;5441;17
LKOH;0;20260414;104004;5441;10
LKOH;0;20260414;104004;5441;7
LKOH;0;20260414;104004;5441;18
LKOH;0;20260414;104004;5441;15
LKOH;0;20260414;104004;5441;31
LKOH;0;20260414;104004;5441;5
LKOH;0;20260414;104004;5441;4
LKOH;0;20260414;104004;5441;1
LKOH;0;20260414;104004;5441;15
LKOH;0;20260414;104004;5441;1
LKOH;0;20260414;104004;5441;23
LKOH;0;20260414;104018;5441;22
LKOH;0;20260414;104018;5441;1
LKOH;0;20260414;104018;5441;1
LKOH;0;20260414;104018;5441;33
LKOH;0;20260414;104019;5440.5;1
LKOH;0;20260414;104021;5441;1
LKOH;0;20260414;104023;5441;1
LKOH;0;20260414;104024;5440.5;2
LKOH;0;20260414;104024;5440;7
LKOH;0;20260414;104024;5440;31
LKOH;0;20260414;104024;5440;29
LKOH;0;20260414;104024;5440;2
LKOH;0;20260414;104024;5440;1
LKOH;0;20260414;104024;5440;1
LKOH;0;20260414;104024;5440;1
LKOH;0;20260414;104024;5440;2
LKOH;0;20260414;104024;5440;1
LKOH;0;20260414;104024;5440;1
LKOH;0;20260414;104024;5440;1
LKOH;0;20260414;104024;5440;1
LKOH;0;20260414;104024;5440.5;3
LKOH;0;20260414;104039;5440;1
LKOH;0;20260414;104040;5441;1
LKOH;0;20260414;104044;5440;24
LKOH;0;20260414;104056;5440.5;1
LKOH;0;20260414;104057;5440.5;1
LKOH;0;20260414;104057;5440.5;1
LKOH;0;20260414;104100;5440;5
LKOH;0;20260414;104100;5440;1
LKOH;0;20260414;104100;5440;4
LKOH;0;20260414;104102;5440.5;4
LKOH;0;20260414;104104;5440.5;2
LKOH;0;20260414;104104;5440;1
LKOH;0;20260414;104104;5440;5
LKOH;0;20260414;104104;5440;1
LKOH;0;20260414;104104;5440;1
LKOH;0;20260414;104104;5440;1
LKOH;0;20260414;104104;5440;24
LKOH;0;20260414;104109;5440.5;1
LKOH;0;20260414;104115;5440.5;1
LKOH;0;20260414;104116;5440;1
LKOH;0;20260414;104124;5440;19
LKOH;0;20260414;104124;5440;15
LKOH;0;20260414;104125;5440;2
LKOH;0;20260414;104125;5439.5;1
LKOH;0;20260414;104125;5439.5;8
LKOH;0;20260414;104125;5439.5;8
LKOH;0;20260414;104125;5439;3
LKOH;0;20260414;104125;5439;1
LKOH;0;20260414;104125;5439;1
LKOH;0;20260414;104125;5438.5;2
LKOH;0;20260414;104125;5438.5;1
LKOH;0;20260414;104125;5438.5;5
LKOH;0;20260414;104125;5438.5;5
LKOH;0;20260414;104125;5438.5;3
LKOH;0;20260414;104126;5438.5;2
LKOH;0;20260414;104126;5438.5;3
LKOH;0;20260414;104126;5439;4
LKOH;0;20260414;104129;5438.5;1
LKOH;0;20260414;104129;5438.5;8
LKOH;0;20260414;104129;5438.5;8
LKOH;0;20260414;104129;5438.5;3
LKOH;0;20260414;104132;5438.5;8
LKOH;0;20260414;104132;5438.5;8
LKOH;0;20260414;104132;5438.5;5
LKOH;0;20260414;104132;5438.5;3
LKOH;0;20260414;104144;5438;2
LKOH;0;20260414;104145;5438.5;1
LKOH;0;20260414;104145;5438.5;1
LKOH;0;20260414;104145;5439;1
LKOH;0;20260414;104145;5439;3
LKOH;0;20260414;104145;5438;5
LKOH;0;20260414;104152;5439;1
LKOH;0;20260414;104155;5438;1
LKOH;0;20260414;104156;5439;2
LKOH;0;20260414;104159;5438;12
LKOH;0;20260414;104159;5438;8
LKOH;0;20260414;104159;5438;4
LKOH;0;20260414;104203;5438.5;1
LKOH;0;20260414;104203;5438;2
LKOH;0;20260414;104203;5438;1
LKOH;0;20260414;104203;5437.5;20
LKOH;0;20260414;104203;5437.5;1
LKOH;0;20260414;104203;5437.5;25
LKOH;0;20260414;104203;5437;1
LKOH;0;20260414;104203;5437;3
LKOH;0;20260414;104203;5437.5;2
LKOH;0;20260414;104208;5437;5
LKOH;0;20260414;104208;5437;8
LKOH;0;20260414;104208;5437;7
LKOH;0;20260414;104208;5437;1
LKOH;0;20260414;104208;5437;3
LKOH;0;20260414;104208;5437;1
LKOH;0;20260414;104208;5437;15
LKOH;0;20260414;104208;5436.5;1
LKOH;0;20260414;104208;5436.5;1
LKOH;0;20260414;104208;5436.5;33
LKOH;0;20260414;104209;5436.5;17
LKOH;0;20260414;104218;5437;31
LKOH;0;20260414;104218;5436.5;1
LKOH;0;20260414;104218;5436.5;1
LKOH;0;20260414;104218;5436.5;1
LKOH;0;20260414;104218;5436;4
LKOH;0;20260414;104218;5436;1
LKOH;0;20260414;104218;5436;1
LKOH;0;20260414;104218;5437;15
LKOH;0;20260414;104218;5436.5;2
LKOH;0;20260414;104218;5436.5;1
LKOH;0;20260414;104218;5436.5;5
LKOH;0;20260414;104218;5436.5;5
LKOH;0;20260414;104218;5436.5;1
LKOH;0;20260414;104218;5436;49
LKOH;0;20260414;104218;5436;50
LKOH;0;20260414;104218;5436;1
LKOH;0;20260414;104218;5436;1
LKOH;0;20260414;104218;5436;50
LKOH;0;20260414;104218;5436;12
LKOH;0;20260414;104218;5435.5;323
LKOH;0;20260414;104218;5435.5;2
LKOH;0;20260414;104219;5435.5;25
LKOH;0;20260414;104219;5435.5;12
LKOH;0;20260414;104219;5435.5;2
LKOH;0;20260414;104219;5435;1
LKOH;0;20260414;104219;5435;4
LKOH;0;20260414;104219;5435;80
LKOH;0;20260414;104219;5435;1
LKOH;0;20260414;104219;5435;14
LKOH;0;20260414;104219;5435;1
LKOH;0;20260414;104219;5435;5
LKOH;0;20260414;104219;5435;1
LKOH;0;20260414;104219;5435;8
LKOH;0;20260414;104219;5435;8
LKOH;0;20260414;104219;5435;8
LKOH;0;20260414;104219;5435;1
LKOH;0;20260414;104219;5435;1
LKOH;0;20260414;104219;5434.5;100
LKOH;0;20260414;104219;5434.5;1
LKOH;0;20260414;104219;5434.5;1
LKOH;0;20260414;104219;5434.5;8
LKOH;0;20260414;104219;5434.5;8
LKOH;0;20260414;104219;5434.5;5
LKOH;0;20260414;104219;5434.5;5
LKOH;0;20260414;104219;5434.5;25
LKOH;0;20260414;104219;5434.5;8
LKOH;0;20260414;104219;5434.5;8
LKOH;0;20260414;104219;5434.5;60
LKOH;0;20260414;104219;5434;1
LKOH;0;20260414;104219;5434;1
LKOH;0;20260414;104219;5434;1
LKOH;0;20260414;104219;5434;10
LKOH;0;20260414;104219;5434;1
LKOH;0;20260414;104219;5434;18
LKOH;0;20260414;104219;5433.5;5
LKOH;0;20260414;104219;5433.5;1
LKOH;0;20260414;104219;5433.5;20
LKOH;0;20260414;104219;5433.5;1
LKOH;0;20260414;104219;5433.5;5
LKOH;0;20260414;104219;5433.5;5
LKOH;0;20260414;104219;5433.5;5
LKOH;0;20260414;104219;5433.5;5
LKOH;0;20260414;104219;5433.5;20
LKOH;0;20260414;104231;5435;5
LKOH;0;20260414;104231;5434.5;1
LKOH;0;20260414;104231;5433.5;8
LKOH;0;20260414;104231;5433.5;8
LKOH;0;20260414;104231;5433.5;3
LKOH;0;20260414;104232;5435;1
LKOH;0;20260414;104232;5435;30
LKOH;0;20260414;104232;5435.5;69
LKOH;0;20260414;104237;5436;1
LKOH;0;20260414;104240;5436;2
LKOH;0;20260414;104243;5435;1
LKOH;0;20260414;104245;5436;1
LKOH;0;20260414;104245;5436.5;1
LKOH;0;20260414;104245;5436.5;1
LKOH;0;20260414;104250;5436.5;1
LKOH;0;20260414;104250;5436.5;3
LKOH;0;20260414;104251;5436.5;1
LKOH;0;20260414;104254;5435.5;1
LKOH;0;20260414;104256;5436;1
LKOH;0;20260414;104258;5436.5;1
LKOH;0;20260414;104258;5436.5;1
LKOH;0;20260414;104303;5436.5;1
LKOH;0;20260414;104303;5436.5;2
LKOH;0;20260414;104303;5436.5;5
LKOH;0;20260414;104308;5437;1
LKOH;0;20260414;104309;5437;6
LKOH;0;20260414;104311;5436.5;16
LKOH;0;20260414;104311;5436.5;1
LKOH;0;20260414;104312;5436.5;8
LKOH;0;20260414;104313;5436.5;2
LKOH;0;20260414;104315;5436;12
LKOH;0;20260414;104315;5436;1
LKOH;0;20260414;104315;5436;1
LKOH;0;20260414;104316;5436;4
LKOH;0;20260414;104317;5436;1
LKOH;0;20260414;104317;5435.5;1
LKOH;0;20260414;104328;5435.5;1
LKOH;0;20260414;104329;5435.5;1
LKOH;0;20260414;104330;5435.5;1
LKOH;0;20260414;104333;5435.5;10
LKOH;0;20260414;104335;5436;1
LKOH;0;20260414;104343;5436;2
LKOH;0;20260414;104353;5436;1
LKOH;0;20260414;104356;5436;2
LKOH;0;20260414;104359;5435.5;2
LKOH;0;20260414;104359;5436;20
LKOH;0;20260414;104400;5436;3
LKOH;0;20260414;104402;5436;5
LKOH;0;20260414;104402;5436;1
LKOH;0;20260414;104403;5436;3
LKOH;0;20260414;104413;5436;1
LKOH;0;20260414;104415;5435.5;3
LKOH;0;20260414;104415;5435.5;5
LKOH;0;20260414;104415;5435.5;5
LKOH;0;20260414;104415;5435.5;5
LKOH;0;20260414;104415;5435.5;22
LKOH;0;20260414;104415;5435.5;15
LKOH;0;20260414;104415;5435.5;15
LKOH;0;20260414;104415;5435.5;4
LKOH;0;20260414;104416;5435.5;41
LKOH;0;20260414;104420;5435.5;1
LKOH;0;20260414;104424;5435;40
LKOH;0;20260414;104431;5435;10
LKOH;0;20260414;104442;5435.5;1
LKOH;0;20260414;104443;5435.5;1
LKOH;0;20260414;104445;5435.5;1
LKOH;0;20260414;104456;5436;2
LKOH;0;20260414;104516;5436;1
LKOH;0;20260414;104517;5436;6
LKOH;0;20260414;104517;5436;2
LKOH;0;20260414;104525;5436;4
LKOH;0;20260414;104526;5436;14
LKOH;0;20260414;104527;5436;1
LKOH;0;20260414;104527;5436;1
LKOH;0;20260414;104531;5436;3
LKOH;0;20260414;104533;5436;1
LKOH;0;20260414;104536;5436;1
LKOH;0;20260414;104537;5436;6
LKOH;0;20260414;104537;5436;9
LKOH;0;20260414;104537;5435.5;1
LKOH;0;20260414;104542;5436;1
LKOH;0;20260414;104547;5435.5;7
LKOH;0;20260414;104547;5435.5;13
LKOH;0;20260414;104551;5435.5;1
LKOH;0;20260414;104559;5435.5;2
LKOH;0;20260414;104606;5435.5;2
LKOH;0;20260414;104607;5435.5;2
LKOH;0;20260414;104607;5435.5;4
LKOH;0;20260414;104618;5435.5;10
LKOH;0;20260414;104619;5435.5;1
LKOH;0;20260414;104621;5435.5;1
LKOH;0;20260414;104623;5435.5;1
LKOH;0;20260414;104633;5435.5;1
LKOH;0;20260414;104634;5435.5;1
LKOH;0;20260414;104637;5435.5;2
LKOH;0;20260414;104640;5435.5;6
LKOH;0;20260414;104640;5435.5;1
LKOH;0;20260414;104641;5435.5;1
LKOH;0;20260414;104641;5435.5;1
LKOH;0;20260414;104643;5435.5;1
LKOH;0;20260414;104650;5435.5;3
LKOH;0;20260414;104650;5435.5;1
LKOH;0;20260414;104656;5435;1
LKOH;0;20260414;104657;5435.5;11
LKOH;0;20260414;104658;5435.5;8
LKOH;0;20260414;104702;5435;2
LKOH;0;20260414;104703;5435.5;1
LKOH;0;20260414;104705;5435.5;5
LKOH;0;20260414;104707;5435;1
LKOH;0;20260414;104707;5435;1
LKOH;0;20260414;104707;5435;8
LKOH;0;20260414;104708;5435.5;1
LKOH;0;20260414;104712;5435;2
LKOH;0;20260414;104713;5435.5;5
LKOH;0;20260414;104717;5435;2
LKOH;0;20260414;104719;5435;2
LKOH;0;20260414;104721;5435.5;1
LKOH;0;20260414;104727;5435.5;1
LKOH;0;20260414;104727;5435.5;2
LKOH;0;20260414;104727;5435.5;3
LKOH;0;20260414;104733;5435.5;9
LKOH;0;20260414;104733;5435.5;9
LKOH;0;20260414;104735;5435.5;3
LKOH;0;20260414;104742;5435.5;1
LKOH;0;20260414;104746;5435.5;1
LKOH;0;20260414;104756;5435.5;1
LKOH;0;20260414;104759;5435.5;2
LKOH;0;20260414;104802;5435.5;3
LKOH;0;20260414;104802;5435.5;2
LKOH;0;20260414;104803;5436;2
LKOH;0;20260414;104811;5436;1
LKOH;0;20260414;104815;5436;2
LKOH;0;20260414;104815;5436;4
LKOH;0;20260414;104818;5436;1
LKOH;0;20260414;104820;5436;1
LKOH;0;20260414;104821;5436;1
LKOH;0;20260414;104822;5436;6
LKOH;0;20260414;104830;5436;1
LKOH;0;20260414;104832;5436;1
LKOH;0;20260414;104832;5435.5;1
LKOH;0;20260414;104832;5435.5;30
LKOH;0;20260414;104832;5435.5;3
LKOH;0;20260414;104832;5435.5;1
LKOH;0;20260414;104832;5435.5;20
LKOH;0;20260414;104833;5436;2
LKOH;0;20260414;104833;5436;1
LKOH;0;20260414;104834;5435.5;11
LKOH;0;20260414;104834;5435.5;7
LKOH;0;20260414;104843;5436;1
LKOH;0;20260414;104851;5436;1
LKOH;0;20260414;104856;5436;1
LKOH;0;20260414;104904;5436;3
LKOH;0;20260414;104905;5436;16
LKOH;0;20260414;104905;5436;1
LKOH;0;20260414;104905;5436;1
LKOH;0;20260414;104911;5436;3
LKOH;0;20260414;104912;5435.5;3
LKOH;0;20260414;104912;5435.5;10
LKOH;0;20260414;104912;5435.5;5
LKOH;0;20260414;104912;5435.5;5
LKOH;0;20260414;104912;5435.5;5
LKOH;0;20260414;104912;5435.5;5
LKOH;0;20260414;104912;5435.5;5
LKOH;0;20260414;104912;5435.5;5
LKOH;0;20260414;104912;5435.5;1
LKOH;0;20260414;104912;5435.5;1
LKOH;0;20260414;104912;5435.5;30
LKOH;0;20260414;104912;5435.5;5
LKOH;0;20260414;104912;5435.5;5
LKOH;0;20260414;104912;5435.5;5
LKOH;0;20260414;104912;5435.5;4
LKOH;0;20260414;104914;5435.5;5
LKOH;0;20260414;104914;5435.5;5
LKOH;0;20260414;104914;5435.5;3
LKOH;0;20260414;104914;5435.5;1
LKOH;0;20260414;104916;5435.5;1
LKOH;0;20260414;104920;5435;1
LKOH;0;20260414;104920;5435.5;1
LKOH;0;20260414;104925;5435.5;1
LKOH;0;20260414;104926;5435.5;2
LKOH;0;20260414;104928;5435.5;1
LKOH;0;20260414;104929;5435.5;45
LKOH;0;20260414;104931;5435.5;7
LKOH;0;20260414;104934;5435;1
LKOH;0;20260414;104939;5435;10
LKOH;0;20260414;104941;5435.5;1
LKOH;0;20260414;104954;5435.5;2
LKOH;0;20260414;104958;5435.5;9
LKOH;0;20260414;105004;5435.5;1
LKOH;0;20260414;105004;5435.5;5
LKOH;0;20260414;105004;5435.5;1
LKOH;0;20260414;105006;5435;1
LKOH;0;20260414;105008;5435.5;2
LKOH;0;20260414;105014;5435.5;7
LKOH;0;20260414;105014;5435.5;13
LKOH;0;20260414;105022;5435.5;23
LKOH;0;20260414;105022;5435.5;6
LKOH;0;20260414;105022;5435.5;6
LKOH;0;20260414;105023;5435.5;1
LKOH;0;20260414;105025;5435.5;1
LKOH;0;20260414;105026;5435.5;1
LKOH;0;20260414;105028;5435.5;1
LKOH;0;20260414;105029;5435.5;67
LKOH;0;20260414;105029;5435.5;20
LKOH;0;20260414;105029;5435.5;36
LKOH;0;20260414;105029;5435.5;37
LKOH;0;20260414;105029;5435.5;11
LKOH;0;20260414;105029;5435.5;1
LKOH;0;20260414;105029;5435.5;28
LKOH;0;20260414;105033;5435.5;1
LKOH;0;20260414;105037;5435.5;1
LKOH;0;20260414;105045;5435.5;1
LKOH;0;20260414;105046;5435.5;1
LKOH;0;20260414;105048;5435;49
LKOH;0;20260414;105048;5435;10
LKOH;0;20260414;105048;5435;3
LKOH;0;20260414;105049;5434.5;1
LKOH;0;20260414;105054;5435;2
LKOH;0;20260414;105057;5435;2
LKOH;0;20260414;105102;5435;1
LKOH;0;20260414;105103;5435;4
LKOH;0;20260414;105103;5435;2
LKOH;0;20260414;105110;5434.5;3
LKOH;0;20260414;105110;5435;1
LKOH;0;20260414;105113;5434.5;1
LKOH;0;20260414;105113;5434.5;1
LKOH;0;20260414;105113;5434;1
LKOH;0;20260414;105113;5434;1
LKOH;0;20260414;105113;5434;9
LKOH;0;20260414;105113;5433.5;1
LKOH;0;20260414;105113;5433.5;1
LKOH;0;20260414;105113;5433.5;2
LKOH;0;20260414;105113;5433.5;3
LKOH;0;20260414;105119;5434.5;3
LKOH;0;20260414;105119;5434;1
LKOH;0;20260414;105121;5434.5;1
LKOH;0;20260414;105122;5434.5;1
LKOH;0;20260414;105124;5434.5;5
LKOH;0;20260414;105126;5434.5;1
LKOH;0;20260414;105132;5434;1
LKOH;0;20260414;105132;5434;99
LKOH;0;20260414;105136;5434.5;4
LKOH;0;20260414;105141;5434.5;7
LKOH;0;20260414;105154;5434;5
LKOH;0;20260414;105154;5434;1
LKOH;0;20260414;105154;5434;4
LKOH;0;20260414;105158;5434;2
LKOH;0;20260414;105158;5434;1
LKOH;0;20260414;105200;5434.5;3
LKOH;0;20260414;105201;5434.5;4
LKOH;0;20260414;105201;5434.5;1
LKOH;0;20260414;105201;5434.5;1
LKOH;0;20260414;105201;5434.5;5
LKOH;0;20260414;105201;5434;1
LKOH;0;20260414;105201;5434;24
LKOH;0;20260414;105207;5434;1
LKOH;0;20260414;105212;5434;2
LKOH;0;20260414;105215;5434;1
LKOH;0;20260414;105234;5434;2
LKOH;0;20260414;105234;5434;1
LKOH;0;20260414;105234;5434;1
LKOH;0;20260414;105241;5434;3
LKOH;0;20260414;105241;5434;2
LKOH;0;20260414;105242;5433.5;1
LKOH;0;20260414;105246;5434;1
LKOH;0;20260414;105250;5433.5;1
LKOH;0;20260414;105251;5434;5
LKOH;0;20260414;105253;5434;2
LKOH;0;20260414;105253;5434;1
LKOH;0;20260414;105253;5434;2
LKOH;0;20260414;105255;5434;5
LKOH;0;20260414;105300;5434;1
LKOH;0;20260414;105300;5434;2
LKOH;0;20260414;105300;5434;3
LKOH;0;20260414;105301;5434;5
LKOH;0;20260414;105301;5434;2
LKOH;0;20260414;105304;5434;4
LKOH;0;20260414;105307;5434;2
LKOH;0;20260414;105309;5434;2
LKOH;0;20260414;105322;5433.5;2
LKOH;0;20260414;105327;5434;3
LKOH;0;20260414;105329;5434;2
LKOH;0;20260414;105329;5434;2
LKOH;0;20260414;105330;5434;1
LKOH;0;20260414;105330;5434;3
LKOH;0;20260414;105332;5434;1
LKOH;0;20260414;105333;5434;1
LKOH;0;20260414;105336;5434;3
LKOH;0;20260414;105336;5434;1
LKOH;0;20260414;105337;5434;22
LKOH;0;20260414;105347;5434;1
LKOH;0;20260414;105347;5434;2
LKOH;0;20260414;105357;5433.5;3
LKOH;0;20260414;105359;5434;8
LKOH;0;20260414;105400;5434;8
LKOH;0;20260414;105402;5434;2
LKOH;0;20260414;105402;5434;6
LKOH;0;20260414;105402;5434;1
LKOH;0;20260414;105404;5434;1
LKOH;0;20260414;105406;5433.5;2
LKOH;0;20260414;105409;5434;1
LKOH;0;20260414;105413;5434;1
LKOH;0;20260414;105419;5434;2
LKOH;0;20260414;105429;5434;1
LKOH;0;20260414;105438;5434;1
LKOH;0;20260414;105438;5434;1
LKOH;0;20260414;105448;5434;2
LKOH;0;20260414;105452;5434;2
LKOH;0;20260414;105452;5434;1
LKOH;0;20260414;105501;5434;14
LKOH;0;20260414;105502;5434;2
LKOH;0;20260414;105502;5434;6
LKOH;0;20260414;105503;5434;2
LKOH;0;20260414;105505;5434;1
LKOH;0;20260414;105505;5434;1
LKOH;0;20260414;105510;5434;1
LKOH;0;20260414;105510;5434;2
LKOH;0;20260414;105514;5433.5;1
LKOH;0;20260414;105521;5434;4
LKOH;0;20260414;105521;5434;9
LKOH;0;20260414;105521;5434;1
LKOH;0;20260414;105521;5434;1
LKOH;0;20260414;105521;5434;1
LKOH;0;20260414;105521;5434;5
LKOH;0;20260414;105521;5434;1
LKOH;0;20260414;105521;5434;4
LKOH;0;20260414;105528;5434;1
LKOH;0;20260414;105535;5434;1
LKOH;0;20260414;105546;5434;4
LKOH;0;20260414;105546;5434;1
LKOH;0;20260414;105547;5433.5;2
LKOH;0;20260414;105547;5433.5;1
LKOH;0;20260414;105547;5433.5;5
LKOH;0;20260414;105547;5433.5;1
LKOH;0;20260414;105547;5433.5;1
LKOH;0;20260414;105547;5433.5;5
LKOH;0;20260414;105547;5433.5;5
LKOH;0;20260414;105547;5433.5;5
LKOH;0;20260414;105547;5433.5;2
LKOH;0;20260414;105547;5433.5;5
LKOH;0;20260414;105547;5433.5;5
LKOH;0;20260414;105547;5433.5;2
LKOH;0;20260414;105547;5433.5;1
LKOH;0;20260414;105547;5433.5;5
LKOH;0;20260414;105547;5434;1
LKOH;0;20260414;105551;5433.5;1
LKOH;0;20260414;105551;5433.5;5
LKOH;0;20260414;105600;5433.5;1
LKOH;0;20260414;105600;5433.5;1
LKOH;0;20260414;105601;5433.5;2
LKOH;0;20260414;105601;5433.5;6
LKOH;0;20260414;105602;5433.5;1
LKOH;0;20260414;105603;5433.5;2
LKOH;0;20260414;105607;5433.5;33
LKOH;0;20260414;105607;5433.5;10
LKOH;0;20260414;105607;5433.5;46
LKOH;0;20260414;105607;5433.5;15
LKOH;0;20260414;105607;5433.5;15
LKOH;0;20260414;105607;5433.5;23
LKOH;0;20260414;105607;5433.5;18
LKOH;0;20260414;105607;5434;8
LKOH;0;20260414;105607;5434;82
LKOH;0;20260414;105607;5434;1
LKOH;0;20260414;105613;5434;2
LKOH;0;20260414;105619;5434;1
LKOH;0;20260414;105622;5433.5;1
LKOH;0;20260414;105622;5433.5;2
LKOH;0;20260414;105625;5434;2
LKOH;0;20260414;105626;5434;1
LKOH;0;20260414;105630;5434;44
LKOH;0;20260414;105630;5434;33
LKOH;0;20260414;105630;5434;36
LKOH;0;20260414;105647;5434.5;1
LKOH;0;20260414;105653;5434.5;1
LKOH;0;20260414;105654;5434.5;3
LKOH;0;20260414;105704;5434.5;5
LKOH;0;20260414;105704;5434.5;5
LKOH;0;20260414;105704;5434.5;3
LKOH;0;20260414;105704;5434.5;1
LKOH;0;20260414;105704;5434.5;1
LKOH;0;20260414;105709;5434;2
LKOH;0;20260414;105710;5434.5;5
LKOH;0;20260414;105710;5434.5;20
LKOH;0;20260414;105712;5434;2
LKOH;0;20260414;105728;5434.5;5
LKOH;0;20260414;105729;5434;1
LKOH;0;20260414;105734;5434;52
LKOH;0;20260414;105756;5434.5;1
LKOH;0;20260414;105800;5434.5;3
LKOH;0;20260414;105800;5434.5;2
LKOH;0;20260414;105805;5435;2
LKOH;0;20260414;105806;5434.5;1
LKOH;0;20260414;105820;5435;5
LKOH;0;20260414;105822;5435;2
LKOH;0;20260414;105822;5435;2
LKOH;0;20260414;105823;5435;2
LKOH;0;20260414;105823;5435;10
LKOH;0;20260414;105823;5435;1
LKOH;0;20260414;105823;5435;14
LKOH;0;20260414;105823;5435;14
LKOH;0;20260414;105823;5435;13
LKOH;0;20260414;105832;5435;9
LKOH;0;20260414;105832;5435.5;6
LKOH;0;20260414;105832;5436;15
LKOH;0;20260414;105832;5435.5;36
LKOH;0;20260414;105833;5435.5;4
LKOH;0;20260414;105837;5435.5;1
LKOH;0;20260414;105837;5435.5;2
LKOH;0;20260414;105845;5436;1
LKOH;0;20260414;105859;5436;1
LKOH;0;20260414;105905;5435.5;10
LKOH;0;20260414;105905;5435.5;10
LKOH;0;20260414;105905;5435.5;2
LKOH;0;20260414;105905;5435.5;1
LKOH;0;20260414;105905;5435.5;1
LKOH;0;20260414;105905;5435;16
LKOH;0;20260414;105908;5435.5;1
LKOH;0;20260414;105913;5435.5;20
LKOH;0;20260414;105919;5435.5;1
LKOH;0;20260414;105931;5435;7
LKOH;0;20260414;105931;5435;3
LKOH;0;20260414;105936;5435.5;1
LKOH;0;20260414;105938;5435;2
LKOH;0;20260414;105947;5435.5;2
LKOH;0;20260414;105954;5435;1
LKOH;0;20260414;105955;5435;6
LKOH;0;20260414;105957;5435.5;1
LKOH;0;20260414;110003;5435.5;1
LKOH;0;20260414;110003;5435.5;9
LKOH;0;20260414;110003;5435.5;1
LKOH;0;20260414;110004;5435.5;1
LKOH;0;20260414;110004;5435.5;3
LKOH;0;20260414;110005;5435.5;1
LKOH;0;20260414;110012;5435.5;1
LKOH;0;20260414;110017;5435.5;35
LKOH;0;20260414;110020;5435.5;15
LKOH;0;20260414;110020;5435.5;25
LKOH;0;20260414;110021;5436;3
LKOH;0;20260414;110023;5436;1
LKOH;0;20260414;110024;5436;4
LKOH;0;20260414;110030;5436;1
LKOH;0;20260414;110042;5436;1
LKOH;0;20260414;110045;5436;2
LKOH;0;20260414;110050;5436;1
LKOH;0;20260414;110056;5436;1
LKOH;0;20260414;110057;5436;1
LKOH;0;20260414;110057;5436;2
LKOH;0;20260414;110107;5436;20
LKOH;0;20260414;110107;5436;1
LKOH;0;20260414;110107;5436;3
LKOH;0;20260414;110108;5436;8
LKOH;0;20260414;110108;5436;8
LKOH;0;20260414;110114;5436;3
LKOH;0;20260414;110114;5436;7
LKOH;0;20260414;110114;5436;2
LKOH;0;20260414;110114;5436.5;1
LKOH;0;20260414;110114;5436.5;12
LKOH;0;20260414;110114;5436.5;21
LKOH;0;20260414;110114;5437;1
LKOH;0;20260414;110118;5437;2
LKOH;0;20260414;110118;5437;2
LKOH;0;20260414;110119;5437;3
LKOH;0;20260414;110119;5437;1
LKOH;0;20260414;110119;5437;2
LKOH;0;20260414;110129;5437;1
LKOH;0;20260414;110129;5437;1
LKOH;0;20260414;110129;5437;3
LKOH;0;20260414;110130;5437;2
LKOH;0;20260414;110135;5437;3
LKOH;0;20260414;110135;5437;3
LKOH;0;20260414;110135;5437;2
LKOH;0;20260414;110135;5437;2
LKOH;0;20260414;110139;5437;8
LKOH;0;20260414;110139;5437;8
LKOH;0;20260414;110142;5436.5;9
LKOH;0;20260414;110142;5436.5;1
LKOH;0;20260414;110142;5436.5;10
LKOH;0;20260414;110142;5436.5;9
LKOH;0;20260414;110142;5436.5;14
LKOH;0;20260414;110142;5436.5;22
LKOH;0;20260414;110142;5436.5;10
LKOH;0;20260414;110142;5436.5;20
LKOH;0;20260414;110142;5436.5;18
LKOH;0;20260414;110142;5436.5;7
LKOH;0;20260414;110146;5437;1
LKOH;0;20260414;110157;5437;1
LKOH;0;20260414;110158;5436.5;5
LKOH;0;20260414;110158;5437;1
LKOH;0;20260414;110203;5437;2
LKOH;0;20260414;110203;5437;2
LKOH;0;20260414;110203;5436.5;3
LKOH;0;20260414;110204;5437;10
LKOH;0;20260414;110209;5437;11
LKOH;0;20260414;110209;5437;11
LKOH;0;20260414;110209;5437;1
LKOH;0;20260414;110217;5437;3
LKOH;0;20260414;110219;5437;1
LKOH;0;20260414;110229;5437;2
LKOH;0;20260414;110232;5437;1
LKOH;0;20260414;110237;5437;2
LKOH;0;20260414;110239;5437;2
LKOH;0;20260414;110254;5436.5;1
LKOH;0;20260414;110256;5437;1
LKOH;0;20260414;110300;5437;13
LKOH;0;20260414;110300;5437;1
LKOH;0;20260414;110300;5437.5;1
LKOH;0;20260414;110300;5438;9
LKOH;0;20260414;110300;5438;1
LKOH;0;20260414;110300;5438.5;1
LKOH;0;20260414;110300;5438.5;24
LKOH;0;20260414;110300;5438.5;4
LKOH;0;20260414;110300;5438.5;1
LKOH;0;20260414;110304;5438.5;1
LKOH;0;20260414;110305;5438;1
LKOH;0;20260414;110305;5438.5;7
LKOH;0;20260414;110307;5438.5;1
LKOH;0;20260414;110318;5437;2
LKOH;0;20260414;110318;5437;5
LKOH;0;20260414;110318;5437;3
LKOH;0;20260414;110318;5437;5
LKOH;0;20260414;110318;5437;1
LKOH;0;20260414;110323;5437.5;1
LKOH;0;20260414;110323;5438;8
LKOH;0;20260414;110323;5438;2
LKOH;0;20260414;110325;5437;1
LKOH;0;20260414;110334;5438;1
LKOH;0;20260414;110334;5438.5;1
LKOH;0;20260414;110345;5437.5;3
LKOH;0;20260414;110348;5437.5;1
LKOH;0;20260414;110349;5437.5;1
LKOH;0;20260414;110352;5437.5;1
LKOH;0;20260414;110355;5437;1
LKOH;0;20260414;110355;5436.5;1
LKOH;0;20260414;110355;5436.5;1
LKOH;0;20260414;110355;5436.5;1
LKOH;0;20260414;110355;5436;2
LKOH;0;20260414;110355;5436;1
LKOH;0;20260414;110355;5436;1
LKOH;0;20260414;110355;5436;12
LKOH;0;20260414;110405;5436.5;1
LKOH;0;20260414;110405;5436.5;1
LKOH;0;20260414;110406;5436.5;3
LKOH;0;20260414;110406;5436.5;1
LKOH;0;20260414;110407;5437;1
LKOH;0;20260414;110415;5437.5;1
LKOH;0;20260414;110415;5437.5;1
LKOH;0;20260414;110415;5437.5;5
LKOH;0;20260414;110415;5437.5;1
LKOH;0;20260414;110425;5438;1
LKOH;0;20260414;110425;5438;2
LKOH;0;20260414;110432;5438;2
LKOH;0;20260414;110432;5438;9
LKOH;0;20260414;110436;5437.5;3
LKOH;0;20260414;110444;5438;10
LKOH;0;20260414;110448;5438;1
LKOH;0;20260414;110450;5437.5;1
LKOH;0;20260414;110507;5438;1
LKOH;0;20260414;110507;5438;1
LKOH;0;20260414;110507;5438;2
LKOH;0;20260414;110512;5438;2
LKOH;0;20260414;110517;5438;1
LKOH;0;20260414;110518;5438;1
LKOH;0;20260414;110521;5438;6
LKOH;0;20260414;110523;5438;1
LKOH;0;20260414;110527;5438;13
LKOH;0;20260414;110529;5438;1
LKOH;0;20260414;110541;5438;1
LKOH;0;20260414;110541;5438;1
LKOH;0;20260414;110549;5438;1
LKOH;0;20260414;110549;5438;7
LKOH;0;20260414;110549;5438.5;3
LKOH;0;20260414;110550;5437.5;3
LKOH;0;20260414;110552;5438;23
LKOH;0;20260414;110555;5438;1
LKOH;0;20260414;110555;5438;1
LKOH;0;20260414;110559;5438.5;1
LKOH;0;20260414;110559;5438;1
LKOH;0;20260414;110610;5438.5;2
LKOH;0;20260414;110611;5438.5;1
LKOH;0;20260414;110611;5438.5;2
LKOH;0;20260414;110636;5438.5;2
LKOH;0;20260414;110636;5438.5;1
LKOH;0;20260414;110641;5438;1
LKOH;0;20260414;110644;5438.5;1
LKOH;0;20260414;110711;5438.5;1
LKOH;0;20260414;110712;5438.5;2
LKOH;0;20260414;110712;5438.5;1
LKOH;0;20260414;110723;5438.5;1
LKOH;0;20260414;110726;5438.5;1
LKOH;0;20260414;110732;5438.5;1
LKOH;0;20260414;110734;5438;1
LKOH;0;20260414;110737;5438.5;2
LKOH;0;20260414;110742;5438.5;1
LKOH;0;20260414;110749;5438.5;1
LKOH;0;20260414;110753;5438;1
LKOH;0;20260414;110804;5438;1
LKOH;0;20260414;110816;5438.5;1
LKOH;0;20260414;110816;5438;1
LKOH;0;20260414;110826;5438;3
LKOH;0;20260414;110826;5438;2
LKOH;0;20260414;110826;5438;95
LKOH;0;20260414;110829;5438.5;1
LKOH;0;20260414;110836;5438.5;1
LKOH;0;20260414;110836;5438.5;9
LKOH;0;20260414;110846;5439;1
LKOH;0;20260414;110857;5438.5;1
LKOH;0;20260414;110908;5440;1
LKOH;0;20260414;110909;5440;2
LKOH;0;20260414;110909;5440;2
LKOH;0;20260414;110909;5441;2
LKOH;0;20260414;110909;5441;1
LKOH;0;20260414;110909;5441.5;13
LKOH;0;20260414;110909;5441.5;10
LKOH;0;20260414;110915;5442;1
LKOH;0;20260414;110915;5442;33
LKOH;0;20260414;110915;5442;16
LKOH;0;20260414;110915;5442;1
LKOH;0;20260414;110916;5442;2
LKOH;0;20260414;110916;5442;2
LKOH;0;20260414;110917;5442;28
LKOH;0;20260414;110917;5442.5;22
LKOH;0;20260414;110919;5441.5;8
LKOH;0;20260414;110919;5441.5;1
LKOH;0;20260414;110919;5441.5;10
LKOH;0;20260414;110919;5441.5;15
LKOH;0;20260414;110920;5442.5;25
LKOH;0;20260414;110920;5442.5;2
LKOH;0;20260414;110920;5442.5;3
LKOH;0;20260414;110920;5443;5
LKOH;0;20260414;110920;5443;1
LKOH;0;20260414;110920;5443;4
LKOH;0;20260414;110920;5443.5;33
LKOH;0;20260414;110920;5444;1
LKOH;0;20260414;110920;5444;29
LKOH;0;20260414;110925;5444;13
LKOH;0;20260414;110925;5444;1
LKOH;0;20260414;110925;5444;12
LKOH;0;20260414;110925;5444;6
LKOH;0;20260414;110925;5444;6
LKOH;0;20260414;110925;5444;7
LKOH;0;20260414;110925;5444;6
LKOH;0;20260414;110925;5444;1
LKOH;0;20260414;110926;5444;3
LKOH;0;20260414;110926;5444;3
LKOH;0;20260414;110926;5444;5
LKOH;0;20260414;110926;5444;5
LKOH;0;20260414;110926;5444;1
LKOH;0;20260414;110926;5444;4
LKOH;0;20260414;110926;5444;5
LKOH;0;20260414;110932;5443.5;79
LKOH;0;20260414;110939;5444;3
LKOH;0;20260414;110939;5444;3
LKOH;0;20260414;110939;5443.5;67
LKOH;0;20260414;110942;5444;1
LKOH;0;20260414;110944;5444;3
LKOH;0;20260414;110950;5444;1
LKOH;0;20260414;110953;5444;1
LKOH;0;20260414;110953;5444;1
LKOH;0;20260414;110956;5443.5;1
LKOH;0;20260414;110959;5443.5;2
LKOH;0;20260414;111001;5444;3
LKOH;0;20260414;111002;5444;3
LKOH;0;20260414;111006;5444;1
LKOH;0;20260414;111014;5444;1
LKOH;0;20260414;111014;5444;14
LKOH;0;20260414;111019;5444;5
LKOH;0;20260414;111019;5444;1
LKOH;0;20260414;111038;5444;7
LKOH;0;20260414;111038;5444;3
LKOH;0;20260414;111039;5444;3
LKOH;0;20260414;111056;5444;2
LKOH;0;20260414;111105;5444.5;1
LKOH;0;20260414;111111;5444.5;2
LKOH;0;20260414;111112;5444.5;1
LKOH;0;20260414;111115;5443.5;6
LKOH;0;20260414;111115;5444;2
LKOH;0;20260414;111118;5443.5;1
LKOH;0;20260414;111119;5443.5;1
LKOH;0;20260414;111119;5443;1
LKOH;0;20260414;111119;5443;2
LKOH;0;20260414;111121;5443;5
LKOH;0;20260414;111124;5443;1
LKOH;0;20260414;111130;5443.5;2
LKOH;0;20260414;111139;5443;2
LKOH;0;20260414;111148;5443;100
LKOH;0;20260414;111148;5443;14
LKOH;0;20260414;111150;5442;2
LKOH;0;20260414;111150;5442.5;1
LKOH;0;20260414;111157;5442.5;3
LKOH;0;20260414;111158;5442.5;10
LKOH;0;20260414;111159;5442;32
LKOH;0;20260414;111204;5442.5;3
LKOH;0;20260414;111204;5442.5;1
LKOH;0;20260414;111212;5442.5;1
LKOH;0;20260414;111212;5442.5;1
LKOH;0;20260414;111219;5442;2
LKOH;0;20260414;111220;5442.5;50
LKOH;0;20260414;111220;5442.5;15
LKOH;0;20260414;111223;5442;3
LKOH;0;20260414;111228;5442.5;1
LKOH;0;20260414;111239;5442;17
LKOH;0;20260414;111242;5442.5;1
LKOH;0;20260414;111250;5442;1
LKOH;0;20260414;111307;5442.5;1
LKOH;0;20260414;111307;5442.5;1
LKOH;0;20260414;111307;5442.5;1
LKOH;0;20260414;111319;5442;1
LKOH;0;20260414;111326;5442.5;3
LKOH;0;20260414;111327;5442.5;2
LKOH;0;20260414;111329;5442;1
LKOH;0;20260414;111329;5442;1
LKOH;0;20260414;111333;5442;2
LKOH;0;20260414;111336;5442;1
LKOH;0;20260414;111339;5441.5;3
LKOH;0;20260414;111343;5442;1
LKOH;0;20260414;111349;5441.5;1
LKOH;0;20260414;111351;5442;1
LKOH;0;20260414;111400;5441.5;1
LKOH;0;20260414;111400;5441.5;1
LKOH;0;20260414;111406;5442;8
LKOH;0;20260414;111407;5442;1
LKOH;0;20260414;111414;5442;1
LKOH;0;20260414;111419;5441.5;1
LKOH;0;20260414;111419;5441.5;4
LKOH;0;20260414;111423;5441.5;2
LKOH;0;20260414;111447;5442;2
LKOH;0;20260414;111457;5442;1
LKOH;0;20260414;111457;5442;1
LKOH;0;20260414;111459;5441.5;1
LKOH;0;20260414;111508;5442;4
LKOH;0;20260414;111508;5442;1
LKOH;0;20260414;111508;5442;3
LKOH;0;20260414;111512;5442;1
LKOH;0;20260414;111512;5442;50
LKOH;0;20260414;111512;5442;6
LKOH;0;20260414;111519;5442;1
LKOH;0;20260414;111519;5442;17
LKOH;0;20260414;111521;5442;1
LKOH;0;20260414;111524;5442.5;2
LKOH;0;20260414;111526;5442.5;1
LKOH;0;20260414;111533;5442.5;1
LKOH;0;20260414;111539;5442;1
LKOH;0;20260414;111553;5442.5;1
LKOH;0;20260414;111603;5442.5;4
LKOH;0;20260414;111603;5442.5;2
LKOH;0;20260414;111616;5442;1
LKOH;0;20260414;111616;5442;3
LKOH;0;20260414;111619;5442;3
LKOH;0;20260414;111620;5442;1
LKOH;0;20260414;111621;5442;2
LKOH;0;20260414;111621;5442;1
LKOH;0;20260414;111629;5442;36
LKOH;0;20260414;111634;5442;1
LKOH;0;20260414;111637;5442.5;1
LKOH;0;20260414;111639;5442;10
LKOH;0;20260414;111642;5442;1
LKOH;0;20260414;111655;5442.5;3
LKOH;0;20260414;111659;5442.5;1
LKOH;0;20260414;111659;5442;1
LKOH;0;20260414;111708;5442.5;1
LKOH;0;20260414;111708;5442.5;1
LKOH;0;20260414;111709;5442.5;1
LKOH;0;20260414;111709;5442;1
LKOH;0;20260414;111719;5442;1
LKOH;0;20260414;111720;5442;1
LKOH;0;20260414;111723;5442;7
LKOH;0;20260414;111727;5442;8
LKOH;0;20260414;111727;5442;2
LKOH;0;20260414;111727;5442;1
LKOH;0;20260414;111728;5441.5;222
LKOH;0;20260414;111728;5441;1
LKOH;0;20260414;111728;5440.5;1
LKOH;0;20260414;111728;5440;1
LKOH;0;20260414;111728;5440;4
LKOH;0;20260414;111728;5440;50
LKOH;0;20260414;111728;5440;24
LKOH;0;20260414;111728;5440;1
LKOH;0;20260414;111728;5440;96
LKOH;0;20260414;111728;5440.5;2
LKOH;0;20260414;111729;5440;1
LKOH;0;20260414;111739;5438.5;61
LKOH;0;20260414;111739;5438.5;1
LKOH;0;20260414;111739;5438.5;40
LKOH;0;20260414;111739;5438;4
LKOH;0;20260414;111740;5438.5;2
LKOH;0;20260414;111741;5438.5;2
LKOH;0;20260414;111748;5438.5;1
LKOH;0;20260414;111751;5438.5;1
LKOH;0;20260414;111756;5438.5;1
LKOH;0;20260414;111759;5438;2
LKOH;0;20260414;111805;5438.5;1
LKOH;0;20260414;111805;5438.5;2
LKOH;0;20260414;111807;5438;3
LKOH;0;20260414;111807;5438.5;1
LKOH;0;20260414;111819;5438;1
LKOH;0;20260414;111821;5438.5;2
LKOH;0;20260414;111826;5438;145
LKOH;0;20260414;111826;5438;40
LKOH;0;20260414;111826;5437.5;1
LKOH;0;20260414;111826;5437.5;32
LKOH;0;20260414;111826;5437.5;8
LKOH;0;20260414;111826;5437;1
LKOH;0;20260414;111827;5436;1
LKOH;0;20260414;111835;5435.5;1
LKOH;0;20260414;111835;5435.5;49
LKOH;0;20260414;111836;5435.5;1
LKOH;0;20260414;111836;5435.5;1
LKOH;0;20260414;111837;5435;3
LKOH;0;20260414;111837;5435.5;39
LKOH;0;20260414;111837;5435.5;19
LKOH;0;20260414;111837;5436;1
LKOH;0;20260414;111837;5436;8
LKOH;0;20260414;111837;5436;1
LKOH;0;20260414;111837;5436;1
LKOH;0;20260414;111837;5436.5;2
LKOH;0;20260414;111837;5436.5;1
LKOH;0;20260414;111837;5436.5;50
LKOH;0;20260414;111837;5436.5;118
LKOH;0;20260414;111837;5436.5;30
LKOH;0;20260414;111837;5437;30
LKOH;0;20260414;111837;5437;3
LKOH;0;20260414;111837;5437;1
LKOH;0;20260414;111837;5437;50
LKOH;0;20260414;111837;5437;60
LKOH;0;20260414;111837;5437;9
LKOH;0;20260414;111837;5437.5;30
LKOH;0;20260414;111837;5437.5;50
LKOH;0;20260414;111837;5437.5;50
LKOH;0;20260414;111837;5437.5;3
LKOH;0;20260414;111837;5437.5;1
LKOH;0;20260414;111837;5437.5;20
LKOH;0;20260414;111837;5437.5;65
LKOH;0;20260414;111837;5437.5;60
LKOH;0;20260414;111837;5438;815
LKOH;0;20260414;111837;5438;1
LKOH;0;20260414;111837;5438;1
LKOH;0;20260414;111837;5438;20
LKOH;0;20260414;111837;5438;60
LKOH;0;20260414;111837;5438;30
LKOH;0;20260414;111837;5438;18
LKOH;0;20260414;111837;5438;19
LKOH;0;20260414;111837;5438.5;1
LKOH;0;20260414;111837;5438.5;26
LKOH;0;20260414;111837;5438.5;7
LKOH;0;20260414;111837;5438.5;1
LKOH;0;20260414;111837;5438.5;142
LKOH;0;20260414;111837;5438.5;100
LKOH;0;20260414;111837;5438.5;33
LKOH;0;20260414;111837;5438.5;18
LKOH;0;20260414;111837;5438.5;1
LKOH;0;20260414;111837;5438.5;14
LKOH;0;20260414;111839;5439;1
LKOH;0;20260414;111839;5439;30
LKOH;0;20260414;111839;5439;9
LKOH;0;20260414;111839;5439;10
LKOH;0;20260414;111839;5439;19
LKOH;0;20260414;111839;5439;18
LKOH;0;20260414;111839;5438.5;36
LKOH;0;20260414;111839;5438.5;50
LKOH;0;20260414;111839;5438.5;30
LKOH;0;20260414;111839;5438.5;1
LKOH;0;20260414;111839;5438.5;60
LKOH;0;20260414;111839;5438.5;5
LKOH;0;20260414;111839;5438;305
LKOH;0;20260414;111847;5439;1
LKOH;0;20260414;111851;5439;1
LKOH;0;20260414;111907;5439;1
LKOH;0;20260414;111907;5439;1
LKOH;0;20260414;111907;5439;1
LKOH;0;20260414;111908;5439;6
LKOH;0;20260414;111915;5439;30
LKOH;0;20260414;111915;5439;9
LKOH;0;20260414;111915;5439;1
LKOH;0;20260414;111915;5439;18
LKOH;0;20260414;111915;5439;18
LKOH;0;20260414;111915;5439;19
LKOH;0;20260414;111915;5439.5;1
LKOH;0;20260414;111919;5439.5;9
LKOH;0;20260414;111919;5439;27
LKOH;0;20260414;111919;5439;2
LKOH;0;20260414;111920;5439.5;2
LKOH;0;20260414;111937;5440.5;1
LKOH;0;20260414;111939;5439.5;1
LKOH;0;20260414;111942;5440.5;1
LKOH;0;20260414;111943;5440;1
LKOH;0;20260414;111945;5440.5;1
LKOH;0;20260414;111950;5440;2
LKOH;0;20260414;111957;5440;2
LKOH;0;20260414;111957;5440.5;2
LKOH;0;20260414;111958;5440.5;1
LKOH;0;20260414;111959;5440;2
LKOH;0;20260414;112002;5440.5;1
LKOH;0;20260414;112003;5440.5;1
LKOH;0;20260414;112012;5439;6
LKOH;0;20260414;112017;5438;161
LKOH;0;20260414;112018;5438;11
LKOH;0;20260414;112018;5438;46
LKOH;0;20260414;112018;5438;29
LKOH;0;20260414;112018;5438;12
LKOH;0;20260414;112018;5438;1
LKOH;0;20260414;112019;5438;67
LKOH;0;20260414;112020;5438;40
LKOH;0;20260414;112026;5438;2
LKOH;0;20260414;112026;5438;36
LKOH;0;20260414;112026;5438;33
LKOH;0;20260414;112026;5438;1
LKOH;0;20260414;112026;5438;13
LKOH;0;20260414;112026;5438;24
LKOH;0;20260414;112026;5438;8
LKOH;0;20260414;112027;5438;9
LKOH;0;20260414;112027;5438;3885
LKOH;0;20260414;112027;5438;25
LKOH;0;20260414;112027;5438;56
LKOH;0;20260414;112027;5438;1
LKOH;0;20260414;112027;5436;71
LKOH;0;20260414;112027;5436;29
LKOH;0;20260414;112028;5435;1
LKOH;0;20260414;112031;5435.5;2
LKOH;0;20260414;112034;5435.5;1
LKOH;0;20260414;112036;5436;3
LKOH;0;20260414;112039;5435.5;8
LKOH;0;20260414;112039;5435.5;1
LKOH;0;20260414;112039;5435.5;40
LKOH;0;20260414;112039;5435.5;252
LKOH;0;20260414;112039;5435;17
LKOH;0;20260414;112039;5435;2
LKOH;0;20260414;112039;5435;12
LKOH;0;20260414;112039;5435;1
LKOH;0;20260414;112039;5435;10
LKOH;0;20260414;112039;5435;1
LKOH;0;20260414;112039;5435;1
LKOH;0;20260414;112039;5435;200
LKOH;0;20260414;112039;5435;28
LKOH;0;20260414;112039;5435;1
LKOH;0;20260414;112039;5435;30
LKOH;0;20260414;112039;5435;1
LKOH;0;20260414;112039;5434.5;1
LKOH;0;20260414;112039;5434.5;2
LKOH;0;20260414;112039;5434.5;1
LKOH;0;20260414;112039;5434.5;1
LKOH;0;20260414;112039;5434.5;1
LKOH;0;20260414;112039;5434.5;1
LKOH;0;20260414;112039;5434.5;30
LKOH;0;20260414;112039;5434.5;60
LKOH;0;20260414;112039;5434;3
LKOH;0;20260414;112039;5434;1
LKOH;0;20260414;112039;5434;1
LKOH;0;20260414;112039;5434;2
LKOH;0;20260414;112039;5434;1
LKOH;0;20260414;112039;5434;30
LKOH;0;20260414;112039;5434;60
LKOH;0;20260414;112039;5434;20
LKOH;0;20260414;112039;5434;100
LKOH;0;20260414;112039;5433.5;1
LKOH;0;20260414;112039;5433.5;139
LKOH;0;20260414;112046;5436;3
LKOH;0;20260414;112049;5435.5;252
LKOH;0;20260414;112049;5435.5;40
LKOH;0;20260414;112049;5435;1
LKOH;0;20260414;112049;5435;1
LKOH;0;20260414;112049;5434.5;1
LKOH;0;20260414;112049;5434.5;10
LKOH;0;20260414;112049;5434;22
LKOH;0;20260414;112049;5434;1
LKOH;0;20260414;112049;5434;22
LKOH;0;20260414;112049;5435.5;30
LKOH;0;20260414;112049;5436;2
LKOH;0;20260414;112056;5436;1
LKOH;0;20260414;112058;5433.5;33
LKOH;0;20260414;112059;5433.5;105
LKOH;0;20260414;112100;5433.5;32
LKOH;0;20260414;112100;5433.5;161
LKOH;0;20260414;112100;5433;1
LKOH;0;20260414;112100;5433;1
LKOH;0;20260414;112100;5433;2
LKOH;0;20260414;112100;5433;16
LKOH;0;20260414;112100;5433;5
LKOH;0;20260414;112100;5433;55
LKOH;0;20260414;112100;5433;1
LKOH;0;20260414;112100;5433;65
LKOH;0;20260414;112100;5433;34
LKOH;0;20260414;112100;5433;58
LKOH;0;20260414;112100;5433;25
LKOH;0;20260414;112100;5433;25
LKOH;0;20260414;112100;5433;5
LKOH;0;20260414;112100;5433;3
LKOH;0;20260414;112100;5432.5;1
LKOH;0;20260414;112100;5432.5;2
LKOH;0;20260414;112100;5432.5;70
LKOH;0;20260414;112100;5432.5;1
LKOH;0;20260414;112100;5432.5;27
LKOH;0;20260414;112100;5432.5;14
LKOH;0;20260414;112100;5432.5;41
LKOH;0;20260414;112100;5432.5;15
LKOH;0;20260414;112100;5432.5;300
LKOH;0;20260414;112100;5432.5;9
LKOH;0;20260414;112100;5432.5;9
LKOH;0;20260414;112100;5432.5;96
LKOH;0;20260414;112100;5432.5;9
LKOH;0;20260414;112100;5432.5;201
LKOH;0;20260414;112100;5432.5;76
LKOH;0;20260414;112101;5432.5;5
LKOH;0;20260414;112101;5432.5;23
LKOH;0;20260414;112101;5432.5;30
LKOH;0;20260414;112101;5432.5;74
LKOH;0;20260414;112101;5432.5;3
LKOH;0;20260414;112101;5432.5;2
LKOH;0;20260414;112101;5432.5;1
LKOH;0;20260414;112101;5432.5;4
LKOH;0;20260414;112101;5432.5;5
LKOH;0;20260414;112101;5432.5;1
LKOH;0;20260414;112101;5432;1
LKOH;0;20260414;112101;5432;1
LKOH;0;20260414;112101;5432;1
LKOH;0;20260414;112101;5432;2
LKOH;0;20260414;112101;5432;4
LKOH;0;20260414;112101;5432;1
LKOH;0;20260414;112101;5431.5;2
LKOH;0;20260414;112101;5431.5;14
LKOH;0;20260414;112101;5431;10
LKOH;0;20260414;112101;5431;5
LKOH;0;20260414;112101;5431;1
LKOH;0;20260414;112101;5431;5
LKOH;0;20260414;112101;5431;1
LKOH;0;20260414;112101;5431;2
LKOH;0;20260414;112101;5430.5;52
LKOH;0;20260414;112101;5430.5;2
LKOH;0;20260414;112101;5430.5;80
LKOH;0;20260414;112101;5430.5;1
LKOH;0;20260414;112101;5430.5;1
LKOH;0;20260414;112101;5430.5;20
LKOH;0;20260414;112101;5430.5;22
LKOH;0;20260414;112101;5430.5;3
LKOH;0;20260414;112101;5430.5;30
LKOH;0;20260414;112101;5430.5;76
LKOH;0;20260414;112101;5430.5;63
LKOH;0;20260414;112101;5430.5;1
LKOH;0;20260414;112101;5430;9
LKOH;0;20260414;112101;5430;5
LKOH;0;20260414;112101;5430;12
LKOH;0;20260414;112101;5430;5
LKOH;0;20260414;112101;5430;1
LKOH;0;20260414;112101;5430;9
LKOH;0;20260414;112101;5430;1
LKOH;0;20260414;112101;5430;2
LKOH;0;20260414;112101;5430;7
LKOH;0;20260414;112101;5430;10
LKOH;0;20260414;112101;5430;20
LKOH;0;20260414;112101;5430;1
LKOH;0;20260414;112101;5430;4
LKOH;0;20260414;112101;5430;6
LKOH;0;20260414;112101;5430;1
LKOH;0;20260414;112101;5430;10
LKOH;0;20260414;112101;5430;1
LKOH;0;20260414;112101;5430;5
LKOH;0;20260414;112101;5430;1
LKOH;0;20260414;112101;5430;1
LKOH;0;20260414;112101;5430;2
LKOH;0;20260414;112101;5430;10
LKOH;0;20260414;112101;5430;5
LKOH;0;20260414;112101;5430;9
LKOH;0;20260414;112101;5430;18
LKOH;0;20260414;112101;5430;18
LKOH;0;20260414;112101;5430;1
LKOH;0;20260414;112101;5430;2
LKOH;0;20260414;112101;5430;4
LKOH;0;20260414;112101;5430;1
LKOH;0;20260414;112101;5430;1
LKOH;0;20260414;112101;5430;9
LKOH;0;20260414;112101;5430;20
LKOH;0;20260414;112101;5430;1
LKOH;0;20260414;112101;5430;5
LKOH;0;20260414;112101;5430;1
LKOH;0;20260414;112101;5430;13
LKOH;0;20260414;112101;5430;6
LKOH;0;20260414;112101;5430;9
LKOH;0;20260414;112101;5429.5;35
LKOH;0;20260414;112101;5429;5
LKOH;0;20260414;112101;5429;1
LKOH;0;20260414;112101;5429;1
LKOH;0;20260414;112101;5428.5;1
LKOH;0;20260414;112101;5428.5;3
LKOH;0;20260414;112101;5428.5;5
LKOH;0;20260414;112101;5428;10
LKOH;0;20260414;112101;5428;16
LKOH;0;20260414;112101;5429;1
LKOH;0;20260414;112101;5428;29
LKOH;0;20260414;112101;5428;9
LKOH;0;20260414;112101;5428;2
LKOH;0;20260414;112101;5429;2
LKOH;0;20260414;112101;5428;2
LKOH;0;20260414;112101;5428;5
LKOH;0;20260414;112101;5428;2
LKOH;0;20260414;112101;5428;1
LKOH;0;20260414;112101;5428;1
LKOH;0;20260414;112101;5428;13
LKOH;0;20260414;112101;5427;2
LKOH;0;20260414;112101;5427;52
LKOH;0;20260414;112101;5427.5;2
LKOH;0;20260414;112101;5427;13
LKOH;0;20260414;112102;5427.5;2
LKOH;0;20260414;112102;5427.5;1
LKOH;0;20260414;112102;5427.5;6
LKOH;0;20260414;112102;5427;35
LKOH;0;20260414;112102;5427;7
LKOH;0;20260414;112102;5426;1
LKOH;0;20260414;112102;5426;1
LKOH;0;20260414;112102;5426;4
LKOH;0;20260414;112102;5426;30
LKOH;0;20260414;112102;5426;2
LKOH;0;20260414;112102;5426;1
LKOH;0;20260414;112102;5426;8
LKOH;0;20260414;112102;5426;8
LKOH;0;20260414;112102;5426;30
LKOH;0;20260414;112102;5426;44
LKOH;0;20260414;112102;5425.5;10
LKOH;0;20260414;112102;5425.5;4
LKOH;0;20260414;112102;5426.5;2
LKOH;0;20260414;112102;5426;17
LKOH;0;20260414;112102;5425.5;14
LKOH;0;20260414;112102;5425;1
LKOH;0;20260414;112102;5425;1
LKOH;0;20260414;112102;5425;1
LKOH;0;20260414;112102;5425;8
LKOH;0;20260414;112102;5425;1
LKOH;0;20260414;112102;5425;5
LKOH;0;20260414;112102;5425;10
LKOH;0;20260414;112102;5425;2
LKOH;0;20260414;112102;5425;10
LKOH;0;20260414;112102;5425;5
LKOH;0;20260414;112102;5425;1
LKOH;0;20260414;112102;5425;1
LKOH;0;20260414;112102;5425;4
LKOH;0;20260414;112102;5425;1
LKOH;0;20260414;112102;5425;11
LKOH;0;20260414;112102;5425;23
LKOH;0;20260414;112102;5425;1
LKOH;0;20260414;112102;5426;9
LKOH;0;20260414;112102;5426;9
LKOH;0;20260414;112102;5425;1
LKOH;0;20260414;112102;5425;12
LKOH;0;20260414;112102;5425;2
LKOH;0;20260414;112102;5425;1
LKOH;0;20260414;112102;5425;18
LKOH;0;20260414;112102;5425;1
LKOH;0;20260414;112102;5425;8
LKOH;0;20260414;112102;5425;8
LKOH;0;20260414;112102;5425;8
LKOH;0;20260414;112102;5425;1
LKOH;0;20260414;112102;5425;8
LKOH;0;20260414;112102;5425;5
LKOH;0;20260414;112102;5425;3
LKOH;0;20260414;112102;5425;13
LKOH;0;20260414;112102;5425.5;1
LKOH;0;20260414;112102;5425.5;2
LKOH;0;20260414;112102;5426;9
LKOH;0;20260414;112102;5425.5;9
LKOH;0;20260414;112102;5425.5;1
LKOH;0;20260414;112102;5426;6
LKOH;0;20260414;112102;5426;1
LKOH;0;20260414;112102;5426.5;1
LKOH;0;20260414;112102;5426.5;1
LKOH;0;20260414;112102;5426.5;1
LKOH;0;20260414;112102;5426.5;10
LKOH;0;20260414;112103;5427;1
LKOH;0;20260414;112103;5427.5;9
LKOH;0;20260414;112103;5428;8
LKOH;0;20260414;112103;5428;1
LKOH;0;20260414;112103;5427.5;1
LKOH;0;20260414;112103;5427.5;6
LKOH;0;20260414;112103;5427.5;1
LKOH;0;20260414;112104;5427.5;5
LKOH;0;20260414;112104;5427.5;1
LKOH;0;20260414;112104;5427.5;5
LKOH;0;20260414;112104;5428;3
LKOH;0;20260414;112104;5427.5;5
LKOH;0;20260414;112104;5427.5;4
LKOH;0;20260414;112105;5427.5;3
LKOH;0;20260414;112105;5427;3
LKOH;0;20260414;112105;5427;3
LKOH;0;20260414;112105;5427;1
LKOH;0;20260414;112106;5426.5;2
LKOH;0;20260414;112106;5426.5;2
LKOH;0;20260414;112106;5426.5;2
LKOH;0;20260414;112106;5426.5;2
LKOH;0;20260414;112112;5426.5;2
LKOH;0;20260414;112112;5426.5;1
LKOH;0;20260414;112112;5426;8
LKOH;0;20260414;112112;5426;9
LKOH;0;20260414;112112;5426;2
LKOH;0;20260414;112112;5426;1
LKOH;0;20260414;112112;5426;10
LKOH;0;20260414;112112;5425.5;18
LKOH;0;20260414;112112;5425.5;1
LKOH;0;20260414;112112;5425.5;2
LKOH;0;20260414;112112;5425.5;30
LKOH;0;20260414;112112;5425;9
LKOH;0;20260414;112112;5425;5
LKOH;0;20260414;112112;5425;5
LKOH;0;20260414;112112;5425;5
LKOH;0;20260414;112112;5425;3
LKOH;0;20260414;112112;5425;24
LKOH;0;20260414;112112;5425;50
LKOH;0;20260414;112112;5425;1
LKOH;0;20260414;112112;5425;30
LKOH;0;20260414;112112;5425;50
LKOH;0;20260414;112112;5425;60
LKOH;0;20260414;112112;5424.5;5
LKOH;0;20260414;112112;5424.5;10
LKOH;0;20260414;112112;5424.5;8
LKOH;0;20260414;112112;5424.5;8
LKOH;0;20260414;112112;5424.5;50
LKOH;0;20260414;112112;5424.5;1
LKOH;0;20260414;112112;5424.5;1
LKOH;0;20260414;112112;5424.5;30
LKOH;0;20260414;112112;5424.5;140
LKOH;0;20260414;112112;5424.5;60
LKOH;0;20260414;112112;5424.5;100
LKOH;0;20260414;112112;5424.5;10
LKOH;0;20260414;112112;5425.5;9
LKOH;0;20260414;112112;5425.5;7
LKOH;0;20260414;112112;5425.5;10
LKOH;0;20260414;112112;5425.5;9
LKOH;0;20260414;112112;5425.5;25
LKOH;0;20260414;112112;5425.5;3
LKOH;0;20260414;112112;5424.5;6
LKOH;0;20260414;112112;5424.5;4
LKOH;0;20260414;112112;5424;66
LKOH;0;20260414;112113;5424;22
LKOH;0;20260414;112113;5424;300
LKOH;0;20260414;112113;5424;1
LKOH;0;20260414;112113;5424;394
LKOH;0;20260414;112113;5424;76
LKOH;0;20260414;112113;5424;40
LKOH;0;20260414;112113;5424;76
LKOH;0;20260414;112113;5424;25
LKOH;0;20260414;112113;5424;50
LKOH;0;20260414;112113;5424;1
LKOH;0;20260414;112113;5424;9
LKOH;0;20260414;112113;5424;20
LKOH;0;20260414;112113;5424;4
LKOH;0;20260414;112113;5424;4
LKOH;0;20260414;112113;5424;8
LKOH;0;20260414;112113;5424;2
LKOH;0;20260414;112113;5424;12
LKOH;0;20260414;112113;5424;15
LKOH;0;20260414;112113;5423.5;1
LKOH;0;20260414;112113;5423.5;1
LKOH;0;20260414;112113;5423.5;1
LKOH;0;20260414;112113;5423.5;8
LKOH;0;20260414;112113;5423.5;8
LKOH;0;20260414;112113;5423.5;8
LKOH;0;20260414;112113;5423.5;8
LKOH;0;20260414;112113;5423.5;5
LKOH;0;20260414;112113;5423;37
LKOH;0;20260414;112114;5423;33
LKOH;0;20260414;112114;5423.5;6
LKOH;0;20260414;112114;5423.5;1
LKOH;0;20260414;112114;5423;76
LKOH;0;20260414;112114;5423;46
LKOH;0;20260414;112114;5423;1
LKOH;0;20260414;112114;5423;29
LKOH;0;20260414;112114;5423;1
LKOH;0;20260414;112114;5422.5;2
LKOH;0;20260414;112114;5422.5;2
LKOH;0;20260414;112114;5422.5;8
LKOH;0;20260414;112114;5422.5;8
LKOH;0;20260414;112114;5422;58
LKOH;0;20260414;112114;5422.5;2
LKOH;0;20260414;112114;5422;42
LKOH;0;20260414;112114;5422;10
LKOH;0;20260414;112114;5422;8
LKOH;0;20260414;112114;5422;15
LKOH;0;20260414;112114;5422;8
LKOH;0;20260414;112114;5422;8
LKOH;0;20260414;112114;5422;8
LKOH;0;20260414;112114;5422;8
LKOH;0;20260414;112114;5422;5
LKOH;0;20260414;112114;5422;5
LKOH;0;20260414;112114;5422;8
LKOH;0;20260414;112114;5422;8
LKOH;0;20260414;112114;5422;2
LKOH;0;20260414;112114;5421.5;1
LKOH;0;20260414;112115;5422;8
LKOH;0;20260414;112115;5421.5;2
LKOH;0;20260414;112115;5421.5;1
LKOH;0;20260414;112115;5421.5;73
LKOH;0;20260414;112115;5421.5;8
LKOH;0;20260414;112116;5422;2
LKOH;0;20260414;112117;5421.5;16
LKOH;0;20260414;112119;5422;2
LKOH;0;20260414;112122;5421.5;1
LKOH;0;20260414;112122;5421.5;6
LKOH;0;20260414;112124;5421.5;2
LKOH;0;20260414;112125;5421.5;1
LKOH;0;20260414;112126;5422;2
LKOH;0;20260414;112129;5422;24
LKOH;0;20260414;112132;5422;1
LKOH;0;20260414;112132;5421.5;76
LKOH;0;20260414;112133;5421.5;17
LKOH;0;20260414;112133;5421.5;25
LKOH;0;20260414;112133;5421;2
LKOH;0;20260414;112133;5421;9
LKOH;0;20260414;112133;5421;27
LKOH;0;20260414;112133;5421;18
LKOH;0;20260414;112133;5421;1
LKOH;0;20260414;112133;5421;5
LKOH;0;20260414;112133;5421;2
LKOH;0;20260414;112133;5421;1
LKOH;0;20260414;112133;5421;5
LKOH;0;20260414;112133;5421;49
LKOH;0;20260414;112133;5421;5
LKOH;0;20260414;112133;5420.5;1
LKOH;0;20260414;112133;5420.5;1
LKOH;0;20260414;112133;5420.5;1
LKOH;0;20260414;112133;5420.5;1
LKOH;0;20260414;112133;5420.5;2
LKOH;0;20260414;112133;5420.5;4
LKOH;0;20260414;112133;5420;1
LKOH;0;20260414;112133;5420;1
LKOH;0;20260414;112133;5420;10
LKOH;0;20260414;112133;5420;1
LKOH;0;20260414;112133;5420;4
LKOH;0;20260414;112133;5420;10
LKOH;0;20260414;112133;5420;12
LKOH;0;20260414;112133;5420;1
LKOH;0;20260414;112133;5420;100
LKOH;0;20260414;112133;5420;1
LKOH;0;20260414;112133;5420;4
LKOH;0;20260414;112133;5420;3
LKOH;0;20260414;112133;5420;30
LKOH;0;20260414;112133;5420;26
LKOH;0;20260414;112133;5420;76
LKOH;0;20260414;112133;5420;90
LKOH;0;20260414;112133;5420;2
LKOH;0;20260414;112133;5420.5;1
LKOH;0;20260414;112133;5420;4
LKOH;0;20260414;112133;5420;2
LKOH;0;20260414;112133;5420;3
LKOH;0;20260414;112133;5420;1
LKOH;0;20260414;112133;5420;70
LKOH;0;20260414;112133;5420;3
LKOH;0;20260414;112133;5420;2
LKOH;0;20260414;112133;5420;5
LKOH;0;20260414;112133;5420;9
LKOH;0;20260414;112133;5420;22
LKOH;0;20260414;112133;5420;19
LKOH;0;20260414;112133;5420;11
LKOH;0;20260414;112133;5420;1
LKOH;0;20260414;112133;5420;2
LKOH;0;20260414;112133;5420;1
LKOH;0;20260414;112133;5420;1
LKOH;0;20260414;112133;5420;1
LKOH;0;20260414;112133;5420;10
LKOH;0;20260414;112133;5420;10
LKOH;0;20260414;112133;5420;1
LKOH;0;20260414;112133;5420;1
LKOH;0;20260414;112133;5420;11
LKOH;0;20260414;112134;5420;9
LKOH;0;20260414;112134;5420;5
LKOH;0;20260414;112134;5420;10
LKOH;0;20260414;112134;5420;5
LKOH;0;20260414;112134;5420;21
LKOH;0;20260414;112134;5420;10
LKOH;0;20260414;112134;5420;50
LKOH;0;20260414;112134;5420;50
LKOH;0;20260414;112134;5420;36
LKOH;0;20260414;112136;5420;2
LKOH;0;20260414;112138;5420;3
LKOH;0;20260414;112138;5420;153
LKOH;0;20260414;112138;5420;36
LKOH;0;20260414;112138;5420;139
LKOH;0;20260414;112138;5420;1
LKOH;0;20260414;112138;5420;5
LKOH;0;20260414;112138;5420;1
LKOH;0;20260414;112138;5420;4
LKOH;0;20260414;112138;5420;1
LKOH;0;20260414;112138;5420;5
LKOH;0;20260414;112138;5420;1
LKOH;0;20260414;112138;5420;5
LKOH;0;20260414;112138;5420;10
LKOH;0;20260414;112138;5419.5;5
LKOH;0;20260414;112138;5419.5;1
LKOH;0;20260414;112138;5419;1
LKOH;0;20260414;112138;5419;1
LKOH;0;20260414;112138;5418.5;1
LKOH;0;20260414;112138;5418.5;10
LKOH;0;20260414;112138;5418.5;7
LKOH;0;20260414;112138;5419;1
LKOH;0;20260414;112138;5418.5;22
LKOH;0;20260414;112138;5418.5;1
LKOH;0;20260414;112138;5418.5;4
LKOH;0;20260414;112138;5418.5;1
LKOH;0;20260414;112138;5418.5;1
LKOH;0;20260414;112138;5418.5;2
LKOH;0;20260414;112138;5418.5;7
LKOH;0;20260414;112138;5418.5;7
LKOH;0;20260414;112138;5418.5;14
LKOH;0;20260414;112138;5418;1
LKOH;0;20260414;112138;5418;1
LKOH;0;20260414;112138;5418;9
LKOH;0;20260414;112138;5418.5;1
LKOH;0;20260414;112138;5418;16
LKOH;0;20260414;112138;5418;5
LKOH;0;20260414;112138;5418;1
LKOH;0;20260414;112138;5418;1
LKOH;0;20260414;112138;5417.5;5
LKOH;0;20260414;112138;5417.5;1
LKOH;0;20260414;112138;5417;1
LKOH;0;20260414;112138;5417;1
LKOH;0;20260414;112138;5417;1
LKOH;0;20260414;112138;5417;1
LKOH;0;20260414;112138;5416.5;1
LKOH;0;20260414;112138;5416.5;1
LKOH;0;20260414;112138;5416.5;5
LKOH;0;20260414;112138;5416.5;5
LKOH;0;20260414;112138;5416;1
LKOH;0;20260414;112138;5415.5;5
LKOH;0;20260414;112138;5415.5;5
LKOH;0;20260414;112138;5415.5;50
LKOH;0;20260414;112138;5415.5;213
LKOH;0;20260414;112138;5415.5;50
LKOH;0;20260414;112138;5415;5
LKOH;0;20260414;112138;5415;1
LKOH;0;20260414;112138;5415;10
LKOH;0;20260414;112138;5415;1
LKOH;0;20260414;112138;5415;2
LKOH;0;20260414;112138;5415;60
LKOH;0;20260414;112138;5415;1
LKOH;0;20260414;112138;5415;1
LKOH;0;20260414;112138;5415;1
LKOH;0;20260414;112138;5415;1
LKOH;0;20260414;112138;5415;8
LKOH;0;20260414;112138;5415;7
LKOH;0;20260414;112138;5415;1
LKOH;0;20260414;112138;5415;171
LKOH;0;20260414;112138;5414.5;1
LKOH;0;20260414;112138;5414;1
LKOH;0;20260414;112138;5414;1
LKOH;0;20260414;112138;5414;1
LKOH;0;20260414;112138;5414;8
LKOH;0;20260414;112138;5414;2
LKOH;0;20260414;112138;5414;1
LKOH;0;20260414;112138;5414;7
LKOH;0;20260414;112138;5414;1
LKOH;0;20260414;112138;5414;1
LKOH;0;20260414;112138;5413.5;100
LKOH;0;20260414;112138;5413;30
LKOH;0;20260414;112138;5413;10
LKOH;0;20260414;112138;5413;10
LKOH;0;20260414;112138;5412.5;1
LKOH;0;20260414;112138;5412.5;1
LKOH;0;20260414;112138;5412;1
LKOH;0;20260414;112138;5412;22
LKOH;0;20260414;112138;5412;20
LKOH;0;20260414;112138;5412;50
LKOH;0;20260414;112138;5412;9
LKOH;0;20260414;112138;5412;2
LKOH;0;20260414;112138;5412;405
LKOH;0;20260414;112138;5412;1
LKOH;0;20260414;112138;5412;18
LKOH;0;20260414;112138;5412;1
LKOH;0;20260414;112138;5412;10
LKOH;0;20260414;112138;5412;25
LKOH;0;20260414;112138;5414;2
LKOH;0;20260414;112138;5412.5;2
LKOH;0;20260414;112138;5412.5;14
LKOH;0;20260414;112138;5412;1
LKOH;0;20260414;112138;5412.5;1
LKOH;0;20260414;112138;5412;5
LKOH;0;20260414;112138;5412.5;5
LKOH;0;20260414;112138;5412.5;14
LKOH;0;20260414;112138;5412;18
LKOH;0;20260414;112138;5412;100
LKOH;0;20260414;112138;5412;8
LKOH;0;20260414;112138;5412;10
LKOH;0;20260414;112138;5412;1
LKOH;0;20260414;112138;5412.5;14
LKOH;0;20260414;112138;5412.5;1
LKOH;0;20260414;112138;5412.5;13
LKOH;0;20260414;112138;5412.5;17
LKOH;0;20260414;112138;5412.5;10
LKOH;0;20260414;112138;5412.5;1
LKOH;0;20260414;112138;5412;10
LKOH;0;20260414;112138;5412.5;1
LKOH;0;20260414;112138;5412;17
LKOH;0;20260414;112138;5412;3
LKOH;0;20260414;112138;5412;10
LKOH;0;20260414;112138;5412.5;2
LKOH;0;20260414;112138;5412.5;1
LKOH;0;20260414;112138;5412.5;7
LKOH;0;20260414;112138;5412.5;15
LKOH;0;20260414;112138;5412.5;5
LKOH;0;20260414;112138;5412;5
LKOH;0;20260414;112138;5412.5;1
LKOH;0;20260414;112138;5412.5;3
LKOH;0;20260414;112138;5412.5;2
LKOH;0;20260414;112138;5412.5;1
LKOH;0;20260414;112138;5413;22
LKOH;0;20260414;112138;5413;8
LKOH;0;20260414;112138;5413;1
LKOH;0;20260414;112138;5413;19
LKOH;0;20260414;112138;5412.5;11
LKOH;0;20260414;112138;5412;1
LKOH;0;20260414;112138;5412;1
LKOH;0;20260414;112139;5413.5;9
LKOH;0;20260414;112139;5413;11
LKOH;0;20260414;112139;5413;30
LKOH;0;20260414;112139;5413;9
LKOH;0;20260414;112139;5413;1
LKOH;0;20260414;112139;5413;12
LKOH;0;20260414;112139;5413;2
LKOH;0;20260414;112139;5413;5
LKOH;0;20260414;112139;5413;13
LKOH;0;20260414;112139;5412.5;118
LKOH;0;20260414;112139;5412.5;18
LKOH;0;20260414;112139;5412.5;1
LKOH;0;20260414;112139;5412;93
LKOH;0;20260414;112139;5412;2
LKOH;0;20260414;112139;5412.5;6
LKOH;0;20260414;112139;5412.5;13
LKOH;0;20260414;112139;5412.5;1
LKOH;0;20260414;112139;5412;10
LKOH;0;20260414;112139;5412;15
LKOH;0;20260414;112139;5412;2
LKOH;0;20260414;112139;5412;8
LKOH;0;20260414;112139;5412;8
LKOH;0;20260414;112139;5412;8
LKOH;0;20260414;112139;5412;8
LKOH;0;20260414;112139;5412;42
LKOH;0;20260414;112139;5412;58
LKOH;0;20260414;112139;5412;18
LKOH;0;20260414;112139;5412.5;5
LKOH;0;20260414;112139;5412;9
LKOH;0;20260414;112139;5412.5;1
LKOH;0;20260414;112139;5412.5;14
LKOH;0;20260414;112139;5412;4
LKOH;0;20260414;112139;5412;18
LKOH;0;20260414;112139;5412.5;9
LKOH;0;20260414;112139;5412;300
LKOH;0;20260414;112139;5412;27
LKOH;0;20260414;112139;5412;76
LKOH;0;20260414;112139;5412;76
LKOH;0;20260414;112139;5412;21
LKOH;0;20260414;112139;5412;21
LKOH;0;20260414;112139;5412;76
LKOH;0;20260414;112140;5412;76
LKOH;0;20260414;112140;5412;59
LKOH;0;20260414;112140;5412;17
LKOH;0;20260414;112140;5412;50
LKOH;0;20260414;112140;5412;26
LKOH;0;20260414;112140;5412;24
LKOH;0;20260414;112140;5412;52
LKOH;0;20260414;112143;5412.5;9
LKOH;0;20260414;112143;5412.5;9
LKOH;0;20260414;112143;5412.5;3
LKOH;0;20260414;112143;5412.5;6
LKOH;0;20260414;112143;5412.5;5
LKOH;0;20260414;112143;5412.5;5
LKOH;0;20260414;112143;5412.5;4
LKOH;0;20260414;112143;5412.5;9
LKOH;0;20260414;112143;5412;6
LKOH;0;20260414;112143;5412.5;1
LKOH;0;20260414;112144;5412.5;20
LKOH;0;20260414;112144;5412.5;13
LKOH;0;20260414;112148;5412.5;1
LKOH;0;20260414;112149;5412.5;9
LKOH;0;20260414;112149;5412.5;76
LKOH;0;20260414;112151;5414;10
LKOH;0;20260414;112152;5414.5;46
LKOH;0;20260414;112153;5416;1
LKOH;0;20260414;112156;5416;91
LKOH;0;20260414;112156;5416.5;60
LKOH;0;20260414;112210;5417;1
LKOH;0;20260414;112211;5417;1
LKOH;0;20260414;112211;5417;1
LKOH;0;20260414;112212;5417;3
LKOH;0;20260414;112212;5417;50
LKOH;0;20260414;112212;5418;1
LKOH;0;20260414;112212;5418;6
LKOH;0;20260414;112212;5418.5;76
LKOH;0;20260414;112212;5418.5;42
LKOH;0;20260414;112212;5418.5;13
LKOH;0;20260414;112212;5418.5;11
LKOH;0;20260414;112212;5418.5;10
LKOH;0;20260414;112212;5418.5;22
LKOH;0;20260414;112212;5418.5;1
LKOH;0;20260414;112213;5418.5;9
LKOH;0;20260414;112213;5418.5;11
LKOH;0;20260414;112213;5416.5;15
LKOH;0;20260414;112213;5416.5;18
LKOH;0;20260414;112213;5416.5;37
LKOH;0;20260414;112213;5416.5;4
LKOH;0;20260414;112213;5417;1
LKOH;0;20260414;112214;5417;1
LKOH;0;20260414;112214;5416.5;1
LKOH;0;20260414;112214;5416.5;46
LKOH;0;20260414;112214;5416.5;12
LKOH;0;20260414;112214;5416.5;39
LKOH;0;20260414;112215;5416.5;1
LKOH;0;20260414;112215;5416;19
LKOH;0;20260414;112215;5416;11
LKOH;0;20260414;112217;5416;1
LKOH;0;20260414;112218;5416.5;1
LKOH;0;20260414;112219;5416;2
LKOH;0;20260414;112220;5416.5;1
LKOH;0;20260414;112224;5416.5;1
LKOH;0;20260414;112227;5416.5;1
LKOH;0;20260414;112230;5416.5;18
LKOH;0;20260414;112232;5416;1
LKOH;0;20260414;112239;5416;13
LKOH;0;20260414;112239;5416;20
LKOH;0;20260414;112239;5416;18
LKOH;0;20260414;112239;5416;44
LKOH;0;20260414;112239;5416;1
LKOH;0;20260414;112239;5416;1
LKOH;0;20260414;112239;5416;12
LKOH;0;20260414;112239;5416;39
LKOH;0;20260414;112239;5416;1
LKOH;0;20260414;112239;5416;37
LKOH;0;20260414;112239;5416;12
LKOH;0;20260414;112239;5416;1
LKOH;0;20260414;112239;5416;500
LKOH;0;20260414;112239;5416;17
LKOH;0;20260414;112239;5416;18
LKOH;0;20260414;112239;5416;30
LKOH;0;20260414;112239;5416;80
LKOH;0;20260414;112242;5416;1
LKOH;0;20260414;112243;5416;2
LKOH;0;20260414;112247;5416;1
LKOH;0;20260414;112249;5416;2
LKOH;0;20260414;112249;5416;200
LKOH;0;20260414;112251;5416;7
LKOH;0;20260414;112252;5416;2
LKOH;0;20260414;112253;5415.5;15
LKOH;0;20260414;112253;5415.5;6
LKOH;0;20260414;112253;5415.5;9
LKOH;0;20260414;112258;5416;9
LKOH;0;20260414;112259;5416;33
LKOH;0;20260414;112259;5416;13
LKOH;0;20260414;112259;5416;9
LKOH;0;20260414;112300;5416;13
LKOH;0;20260414;112300;5416;9
LKOH;0;20260414;112300;5416;18
LKOH;0;20260414;112300;5416;37
LKOH;0;20260414;112300;5416;10
LKOH;0;20260414;112300;5416;17
LKOH;0;20260414;112300;5416;7
LKOH;0;20260414;112300;5416;4
LKOH;0;20260414;112300;5416;1
LKOH;0;20260414;112304;5416;1
LKOH;0;20260414;112304;5415.5;1
LKOH;0;20260414;112306;5416;14
LKOH;0;20260414;112308;5415.5;2
LKOH;0;20260414;112308;5416;1
LKOH;0;20260414;112314;5416;32
LKOH;0;20260414;112316;5416;2
LKOH;0;20260414;112316;5415.5;5
LKOH;0;20260414;112316;5415.5;8
LKOH;0;20260414;112316;5415.5;8
LKOH;0;20260414;112316;5415.5;8
LKOH;0;20260414;112316;5415.5;3
LKOH;0;20260414;112316;5415.5;17
LKOH;0;20260414;112316;5415.5;13
LKOH;0;20260414;112316;5415.5;1
LKOH;0;20260414;112316;5415.5;50
LKOH;0;20260414;112316;5415.5;1
LKOH;0;20260414;112316;5415.5;2
LKOH;0;20260414;112316;5415.5;2
LKOH;0;20260414;112316;5415.5;2
LKOH;0;20260414;112316;5415;1
LKOH;0;20260414;112317;5415.5;31
LKOH;0;20260414;112318;5415.5;5
LKOH;0;20260414;112319;5415.5;1
LKOH;0;20260414;112320;5415;14
LKOH;0;20260414;112320;5415;1
LKOH;0;20260414;112329;5415.5;31
LKOH;0;20260414;112329;5415.5;4
LKOH;0;20260414;112334;5415.5;1
LKOH;0;20260414;112334;5415.5;33
LKOH;0;20260414;112334;5416;266
LKOH;0;20260414;112336;5415.5;1
LKOH;0;20260414;112337;5415.5;29
LKOH;0;20260414;112338;5415;1
LKOH;0;20260414;112338;5415.5;2
LKOH;0;20260414;112339;5415.5;1
LKOH;0;20260414;112339;5415.5;33
LKOH;0;20260414;112341;5416;83
LKOH;0;20260414;112341;5416;33
LKOH;0;20260414;112341;5416;400
LKOH;0;20260414;112341;5416;39
LKOH;0;20260414;112341;5416;150
LKOH;0;20260414;112341;5416;180
LKOH;0;20260414;112341;5416;211
LKOH;0;20260414;112341;5416;33
LKOH;0;20260414;112341;5416;39
LKOH;0;20260414;112341;5416;150
LKOH;0;20260414;112341;5416;91
LKOH;0;20260414;112341;5416;33
LKOH;0;20260414;112341;5416;1
LKOH;0;20260414;112343;5416;3
LKOH;0;20260414;112345;5416;1
LKOH;0;20260414;112348;5415.5;1
LKOH;0;20260414;112349;5416;335
LKOH;0;20260414;112349;5416;65
LKOH;0;20260414;112351;5416;33
LKOH;0;20260414;112356;5415.5;1
LKOH;0;20260414;112356;5416;100
LKOH;0;20260414;112402;5416;8
LKOH;0;20260414;112405;5416;2
LKOH;0;20260414;112410;5416;13
LKOH;0;20260414;112412;5416;20
LKOH;0;20260414;112413;5416;58
LKOH;0;20260414;112413;5416;406
LKOH;0;20260414;112413;5416;18
LKOH;0;20260414;112413;5416;18
LKOH;0;20260414;112415;5416;1
LKOH;0;20260414;112415;5416;300
LKOH;0;20260414;112417;5416;1
LKOH;0;20260414;112424;5416;9
LKOH;0;20260414;112424;5416;4
LKOH;0;20260414;112428;5416;79
LKOH;0;20260414;112428;5416;6
LKOH;0;20260414;112428;5416;15
LKOH;0;20260414;112432;5416;1
LKOH;0;20260414;112436;5416;1
LKOH;0;20260414;112436;5416;1
LKOH;0;20260414;112442;5416;1
LKOH;0;20260414;112447;5416;1
LKOH;0;20260414;112447;5416;10
LKOH;0;20260414;112450;5415.5;8
LKOH;0;20260414;112450;5415.5;17
LKOH;0;20260414;112451;5416;1
LKOH;0;20260414;112451;5416;1
LKOH;0;20260414;112454;5416;388
LKOH;0;20260414;112454;5416;37
LKOH;0;20260414;112454;5416;19
LKOH;0;20260414;112454;5416;18
LKOH;0;20260414;112454;5416;12
LKOH;0;20260414;112454;5416;12
LKOH;0;20260414;112454;5416;1
LKOH;0;20260414;112454;5416;13
LKOH;0;20260414;112455;5416;3
LKOH;0;20260414;112457;5416;1
LKOH;0;20260414;112504;5416;211
LKOH;0;20260414;112507;5416.5;33
LKOH;0;20260414;112507;5416.5;17
LKOH;0;20260414;112507;5416.5;12
LKOH;0;20260414;112507;5416.5;1
LKOH;0;20260414;112507;5416.5;3
LKOH;0;20260414;112510;5417;1
LKOH;0;20260414;112511;5417;2
LKOH;0;20260414;112514;5417;3
LKOH;0;20260414;112514;5417;30
LKOH;0;20260414;112516;5417.5;1
LKOH;0;20260414;112520;5418.5;33
LKOH;0;20260414;112520;5419;42
LKOH;0;20260414;112520;5419;1
LKOH;0;20260414;112520;5419;30
LKOH;0;20260414;112520;5419;13
LKOH;0;20260414;112520;5419.5;1
LKOH;0;20260414;112520;5419.5;30
LKOH;0;20260414;112520;5419.5;50
LKOH;0;20260414;112520;5420;1
LKOH;0;20260414;112520;5420;30
LKOH;0;20260414;112520;5420;68
LKOH;0;20260414;112520;5420.5;20
LKOH;0;20260414;112520;5420.5;1
LKOH;0;20260414;112520;5420.5;1
LKOH;0;20260414;112520;5420.5;30
LKOH;0;20260414;112520;5420.5;60
LKOH;0;20260414;112520;5420.5;60
LKOH;0;20260414;112520;5420.5;29
LKOH;0;20260414;112520;5420.5;33
LKOH;0;20260414;112520;5420.5;2
LKOH;0;20260414;112520;5420.5;13
LKOH;0;20260414;112520;5420.5;18
LKOH;0;20260414;112520;5420.5;46
LKOH;0;20260414;112520;5421;30
LKOH;0;20260414;112520;5421.5;1
LKOH;0;20260414;112520;5421.5;30
LKOH;0;20260414;112520;5421.5;27
LKOH;0;20260414;112521;5419.5;1
LKOH;0;20260414;112528;5420;1
LKOH;0;20260414;112529;5420;5
LKOH;0;20260414;112529;5420;10
LKOH;0;20260414;112530;5419.5;1
LKOH;0;20260414;112533;5420;18
LKOH;0;20260414;112533;5420.5;33
LKOH;0;20260414;112533;5420.5;13
LKOH;0;20260414;112533;5421;1
LKOH;0;20260414;112533;5421;1
LKOH;0;20260414;112533;5421.5;30
LKOH;0;20260414;112533;5421.5;1
LKOH;0;20260414;112533;5421.5;3
LKOH;0;20260414;112533;5421.5;5
LKOH;0;20260414;112533;5421.5;33
LKOH;0;20260414;112533;5421.5;30
LKOH;0;20260414;112533;5421.5;13
LKOH;0;20260414;112533;5421.5;12
LKOH;0;20260414;112533;5421.5;7
LKOH;0;20260414;112534;5421.5;2
LKOH;0;20260414;112535;5421;1
LKOH;0;20260414;112538;5421.5;3
LKOH;0;20260414;112538;5421.5;7
LKOH;0;20260414;112541;5421.5;2
LKOH;0;20260414;112545;5421.5;24
LKOH;0;20260414;112545;5421.5;13
LKOH;0;20260414;112545;5421.5;18
LKOH;0;20260414;112545;5421.5;45
LKOH;0;20260414;112549;5421.5;4
LKOH;0;20260414;112553;5421;3
LKOH;0;20260414;112555;5421;4
LKOH;0;20260414;112555;5421;1
LKOH;0;20260414;112555;5421;29
LKOH;0;20260414;112555;5420.5;1
LKOH;0;20260414;112555;5420;2
LKOH;0;20260414;112555;5420;1
LKOH;0;20260414;112555;5420;2
LKOH;0;20260414;112555;5421;1
LKOH;0;20260414;112559;5420.5;10
LKOH;0;20260414;112605;5420;2
LKOH;0;20260414;112606;5420;9
LKOH;0;20260414;112609;5420;4
LKOH;0;20260414;112611;5420.5;1
LKOH;0;20260414;112619;5420.5;4
LKOH;0;20260414;112622;5420.5;1
LKOH;0;20260414;112622;5421;9
LKOH;0;20260414;112624;5421;1
LKOH;0;20260414;112627;5421;2
LKOH;0;20260414;112645;5420.5;1
LKOH;0;20260414;112708;5420.5;1
LKOH;0;20260414;112708;5420.5;1
LKOH;0;20260414;112708;5420.5;6
LKOH;0;20260414;112721;5421;1
LKOH;0;20260414;112722;5421;8
LKOH;0;20260414;112722;5421;1
LKOH;0;20260414;112730;5421;27
LKOH;0;20260414;112730;5421;27
LKOH;0;20260414;112732;5420.5;12
LKOH;0;20260414;112734;5421;1
LKOH;0;20260414;112743;5421;1
LKOH;0;20260414;112746;5421;2
LKOH;0;20260414;112746;5421;1
LKOH;0;20260414;112746;5421;2
LKOH;0;20260414;112748;5421;11
LKOH;0;20260414;112748;5421;24
LKOH;0;20260414;112748;5421;18
LKOH;0;20260414;112748;5421;46
LKOH;0;20260414;112748;5421;37
LKOH;0;20260414;112748;5421;12
LKOH;0;20260414;112748;5421;12
LKOH;0;20260414;112748;5421;1
LKOH;0;20260414;112748;5421;33
LKOH;0;20260414;112748;5421;33
LKOH;0;20260414;112749;5421.5;1
LKOH;0;20260414;112753;5421;2
LKOH;0;20260414;112753;5421.5;1
LKOH;0;20260414;112804;5421;1
LKOH;0;20260414;112807;5421.5;1
LKOH;0;20260414;112809;5421;2
LKOH;0;20260414;112819;5421.5;1
LKOH;0;20260414;112819;5422;1
LKOH;0;20260414;112819;5422;1
LKOH;0;20260414;112819;5422;4
LKOH;0;20260414;112826;5421;18
LKOH;0;20260414;112826;5421;5
LKOH;0;20260414;112826;5420.5;2
LKOH;0;20260414;112826;5420;33
LKOH;0;20260414;112826;5420;10
LKOH;0;20260414;112826;5420;4
LKOH;0;20260414;112826;5420;1
LKOH;0;20260414;112826;5420;88
LKOH;0;20260414;112907;5420;12
LKOH;0;20260414;112909;5420.5;1
LKOH;0;20260414;112909;5420;1
LKOH;0;20260414;112942;5420;1
LKOH;0;20260414;112946;5420.5;2
LKOH;0;20260414;112946;5420.5;1
LKOH;0;20260414;112956;5420.5;1
LKOH;0;20260414;112958;5420.5;1
LKOH;0;20260414;113001;5420.5;1
LKOH;0;20260414;113007;5420;2
LKOH;0;20260414;113007;5420;6
LKOH;0;20260414;113014;5420.5;3
LKOH;0;20260414;113016;5420.5;1
LKOH;0;20260414;113018;5420.5;2
LKOH;0;20260414;113021;5420.5;1
LKOH;0;20260414;113028;5420;2
LKOH;0;20260414;113041;5420.5;16
LKOH;0;20260414;113041;5420.5;37
LKOH;0;20260414;113041;5420.5;18
LKOH;0;20260414;113041;5420.5;1
LKOH;0;20260414;113041;5420.5;33
LKOH;0;20260414;113041;5420.5;13
LKOH;0;20260414;113041;5420.5;30
LKOH;0;20260414;113041;5420.5;17
LKOH;0;20260414;113041;5420.5;11
LKOH;0;20260414;113041;5420.5;20
LKOH;0;20260414;113041;5420.5;11
LKOH;0;20260414;113041;5420.5;3
LKOH;0;20260414;113050;5420.5;1
LKOH;0;20260414;113056;5420.5;1
LKOH;0;20260414;113100;5420.5;2
LKOH;0;20260414;113105;5420.5;46
LKOH;0;20260414;113105;5420.5;13
LKOH;0;20260414;113105;5420.5;1
LKOH;0;20260414;113105;5420.5;1
LKOH;0;20260414;113105;5420.5;1
LKOH;0;20260414;113105;5420.5;18
LKOH;0;20260414;113105;5420.5;33
LKOH;0;20260414;113105;5420.5;37
LKOH;0;20260414;113105;5420.5;6
LKOH;0;20260414;113105;5421;2
LKOH;0;20260414;113105;5421;4
LKOH;0;20260414;113105;5421;18
LKOH;0;20260414;113105;5421;1
LKOH;0;20260414;113105;5421;1
LKOH;0;20260414;113105;5421;30
LKOH;0;20260414;113105;5421;38
LKOH;0;20260414;113108;5420;2
LKOH;0;20260414;113108;5420;18
LKOH;0;20260414;113108;5420;2
LKOH;0;20260414;113108;5420;18
LKOH;0;20260414;113108;5420;20
LKOH;0;20260414;113108;5420;12
LKOH;0;20260414;113108;5420;8
LKOH;0;20260414;113108;5420;2
LKOH;0;20260414;113108;5420;10
LKOH;0;20260414;113108;5419.5;1
LKOH;0;20260414;113116;5418.5;1
LKOH;0;20260414;113118;5418;2
LKOH;0;20260414;113118;5418;1
LKOH;0;20260414;113118;5418;1
LKOH;0;20260414;113118;5418;18
LKOH;0;20260414;113118;5418;46
LKOH;0;20260414;113118;5417.5;1
LKOH;0;20260414;113118;5417;1
LKOH;0;20260414;113118;5417;1
LKOH;0;20260414;113118;5417;1
LKOH;0;20260414;113118;5416.5;11
LKOH;0;20260414;113118;5416.5;2
LKOH;0;20260414;113118;5416.5;3
LKOH;0;20260414;113121;5416.5;32
LKOH;0;20260414;113123;5416.5;15
LKOH;0;20260414;113123;5416;2
LKOH;0;20260414;113123;5416;1
LKOH;0;20260414;113123;5415.5;10
LKOH;0;20260414;113123;5415.5;50
LKOH;0;20260414;113123;5415.5;6
LKOH;0;20260414;113123;5415.5;1
LKOH;0;20260414;113123;5415.5;4
LKOH;0;20260414;113123;5415.5;5
LKOH;0;20260414;113123;5415;48
LKOH;0;20260414;113123;5415;5
LKOH;0;20260414;113123;5415;10
LKOH;0;20260414;113123;5415;10
LKOH;0;20260414;113123;5415;3
LKOH;0;20260414;113123;5415;62
LKOH;0;20260414;113127;5415.5;5
LKOH;0;20260414;113128;5415.5;4
LKOH;0;20260414;113128;5415.5;6
LKOH;0;20260414;113131;5415;3
LKOH;0;20260414;113134;5415.5;44
LKOH;0;20260414;113134;5415.5;10
LKOH;0;20260414;113140;5417.5;1
LKOH;0;20260414;113148;5417.5;1
LKOH;0;20260414;113152;5418;1
LKOH;0;20260414;113157;5418;1
LKOH;0;20260414;113157;5418;1
LKOH;0;20260414;113157;5418;1
LKOH;0;20260414;113157;5418;9
LKOH;0;20260414;113203;5418;1
LKOH;0;20260414;113203;5418;2
LKOH;0;20260414;113204;5418;24
LKOH;0;20260414;113205;5418;1
LKOH;0;20260414;113209;5418.5;2
LKOH;0;20260414;113216;5418.5;1
LKOH;0;20260414;113218;5418.5;10
LKOH;0;20260414;113218;5418.5;2
LKOH;0;20260414;113218;5418;225
LKOH;0;20260414;113218;5418;50
LKOH;0;20260414;113218;5418;1
LKOH;0;20260414;113218;5418;2
LKOH;0;20260414;113218;5418;1
LKOH;0;20260414;113218;5418;3
LKOH;0;20260414;113218;5418;6
LKOH;0;20260414;113218;5418;13
LKOH;0;20260414;113218;5418;9
LKOH;0;20260414;113218;5418;1
LKOH;0;20260414;113218;5418.5;1
LKOH;0;20260414;113219;5418;1
LKOH;0;20260414;113220;5418;1
LKOH;0;20260414;113222;5418;2
LKOH;0;20260414;113223;5417.5;12
LKOH;0;20260414;113223;5417.5;2
LKOH;0;20260414;113223;5417.5;75
LKOH;0;20260414;113224;5418;1
LKOH;0;20260414;113227;5417.5;2
LKOH;0;20260414;113227;5417.5;7
LKOH;0;20260414;113227;5417.5;17
LKOH;0;20260414;113227;5417.5;8
LKOH;0;20260414;113227;5417.5;5
LKOH;0;20260414;113227;5418;4
LKOH;0;20260414;113227;5417.5;23
LKOH;0;20260414;113227;5417.5;5
LKOH;0;20260414;113227;5417.5;4
LKOH;0;20260414;113227;5417.5;4
LKOH;0;20260414;113227;5417.5;4
LKOH;0;20260414;113227;5417.5;4
LKOH;0;20260414;113227;5417.5;48
LKOH;0;20260414;113227;5417.5;46
LKOH;0;20260414;113227;5417;8
LKOH;0;20260414;113227;5417;10
LKOH;0;20260414;113227;5416.5;4
LKOH;0;20260414;113228;5416.5;14
LKOH;0;20260414;113228;5416.5;3
LKOH;0;20260414;113228;5416.5;11
LKOH;0;20260414;113228;5416.5;4
LKOH;0;20260414;113228;5416.5;26
LKOH;0;20260414;113228;5416.5;17
LKOH;0;20260414;113228;5416.5;5
LKOH;0;20260414;113228;5416.5;8
LKOH;0;20260414;113232;5417;2
LKOH;0;20260414;113233;5416;2
LKOH;0;20260414;113234;5416;14
LKOH;0;20260414;113234;5416;1
LKOH;0;20260414;113234;5416;1
LKOH;0;20260414;113234;5416;1
LKOH;0;20260414;113234;5416;3
LKOH;0;20260414;113234;5416;5
LKOH;0;20260414;113234;5416;29
LKOH;0;20260414;113234;5416;11
LKOH;0;20260414;113234;5416;4
LKOH;0;20260414;113234;5415.5;4
LKOH;0;20260414;113234;5415.5;4
LKOH;0;20260414;113234;5415.5;2
LKOH;0;20260414;113234;5415.5;8
LKOH;0;20260414;113234;5415.5;2
LKOH;0;20260414;113234;5415.5;2
LKOH;0;20260414;113234;5415.5;1
LKOH;0;20260414;113234;5415.5;1
LKOH;0;20260414;113234;5415.5;3
LKOH;0;20260414;113234;5415.5;3
LKOH;0;20260414;113234;5415.5;16
LKOH;0;20260414;113234;5415.5;1
LKOH;0;20260414;113234;5415.5;3
LKOH;0;20260414;113234;5415.5;1
LKOH;0;20260414;113234;5415;15
LKOH;0;20260414;113234;5415.5;1
LKOH;0;20260414;113234;5415;7
LKOH;0;20260414;113234;5415;8
LKOH;0;20260414;113234;5415;5
LKOH;0;20260414;113234;5415;21
LKOH;0;20260414;113234;5415;4
LKOH;0;20260414;113235;5416;1
LKOH;0;20260414;113235;5416.5;8
LKOH;0;20260414;113235;5416.5;1
LKOH;0;20260414;113235;5416.5;11
LKOH;0;20260414;113235;5415.5;7
LKOH;0;20260414;113235;5415.5;4
LKOH;0;20260414;113235;5415.5;19
LKOH;0;20260414;113235;5415.5;3
LKOH;0;20260414;113235;5415.5;3
LKOH;0;20260414;113235;5415;38
LKOH;0;20260414;113235;5415;1
LKOH;0;20260414;113235;5415;6
LKOH;0;20260414;113235;5415;8
LKOH;0;20260414;113235;5415;10
LKOH;0;20260414;113235;5415;1
LKOH;0;20260414;113235;5415;1
LKOH;0;20260414;113236;5416;1
LKOH;0;20260414;113241;5415.5;10
LKOH;0;20260414;113242;5416.5;1
LKOH;0;20260414;113242;5416.5;1
LKOH;0;20260414;113242;5416.5;9
LKOH;0;20260414;113242;5417;11
LKOH;0;20260414;113243;5415.5;20
LKOH;0;20260414;113243;5415.5;13
LKOH;0;20260414;113243;5415.5;6
LKOH;0;20260414;113243;5415.5;1
LKOH;0;20260414;113243;5415.5;37
LKOH;0;20260414;113243;5415.5;11
LKOH;0;20260414;113243;5415.5;11
LKOH;0;20260414;113243;5415;4
LKOH;0;20260414;113243;5415;5
LKOH;0;20260414;113243;5415;2
LKOH;0;20260414;113243;5415;48
LKOH;0;20260414;113247;5415.5;30
LKOH;0;20260414;113247;5415.5;2
LKOH;0;20260414;113247;5415;2
LKOH;0;20260414;113247;5415;2
LKOH;0;20260414;113247;5415;30
LKOH;0;20260414;113247;5415;1
LKOH;0;20260414;113247;5415;13
LKOH;0;20260414;113247;5414.5;4
LKOH;0;20260414;113247;5414.5;30
LKOH;0;20260414;113247;5414.5;18
LKOH;0;20260414;113247;5414;2
LKOH;0;20260414;113247;5414;30
LKOH;0;20260414;113247;5414;10
LKOH;0;20260414;113247;5414;20
LKOH;0;20260414;113247;5414;18
LKOH;0;20260414;113247;5414;60
LKOH;0;20260414;113247;5414;1
LKOH;0;20260414;113247;5413.5;20
LKOH;0;20260414;113247;5413.5;36
LKOH;0;20260414;113247;5413.5;10
LKOH;0;20260414;113247;5413.5;1
LKOH;0;20260414;113247;5413.5;30
LKOH;0;20260414;113247;5413.5;60
LKOH;0;20260414;113247;5413.5;50
LKOH;0;20260414;113247;5413;100
LKOH;0;20260414;113247;5413;100
LKOH;0;20260414;113247;5413;1
LKOH;0;20260414;113247;5413;20
LKOH;0;20260414;113247;5413;1
LKOH;0;20260414;113247;5413;1
LKOH;0;20260414;113247;5413;20
LKOH;0;20260414;113247;5413;60
LKOH;0;20260414;113247;5413;1
LKOH;0;20260414;113247;5413;60
LKOH;0;20260414;113247;5413;1
LKOH;0;20260414;113247;5412.5;2
LKOH;0;20260414;113247;5412.5;1
LKOH;0;20260414;113247;5412.5;152
LKOH;0;20260414;113247;5413.5;36
LKOH;0;20260414;113247;5413.5;4
LKOH;0;20260414;113254;5414.5;3
LKOH;0;20260414;113256;5415;2
LKOH;0;20260414;113256;5415.5;1
LKOH;0;20260414;113259;5415;1
LKOH;0;20260414;113259;5415;9
LKOH;0;20260414;113301;5415;1
LKOH;0;20260414;113303;5415;13
LKOH;0;20260414;113303;5415;7
LKOH;0;20260414;113303;5415;1
LKOH;0;20260414;113303;5414.5;2
LKOH;0;20260414;113303;5414.5;1
LKOH;0;20260414;113303;5414.5;1
LKOH;0;20260414;113303;5414.5;30
LKOH;0;20260414;113303;5414;2
LKOH;0;20260414;113303;5414;4
LKOH;0;20260414;113303;5414;1
LKOH;0;20260414;113303;5414;30
LKOH;0;20260414;113303;5414;18
LKOH;0;20260414;113303;5414;1
LKOH;0;20260414;113303;5413.5;5
LKOH;0;20260414;113303;5413.5;10
LKOH;0;20260414;113303;5413.5;1
LKOH;0;20260414;113303;5413.5;20
LKOH;0;20260414;113303;5413.5;30
LKOH;0;20260414;113303;5413.5;20
LKOH;0;20260414;113303;5413.5;60
LKOH;0;20260414;113303;5413.5;7
LKOH;0;20260414;113306;5414;12
LKOH;0;20260414;113306;5414;9
LKOH;0;20260414;113306;5414;37
LKOH;0;20260414;113306;5414;18
LKOH;0;20260414;113306;5414;46
LKOH;0;20260414;113306;5413.5;13
LKOH;0;20260414;113306;5413.5;20
LKOH;0;20260414;113306;5413;5
LKOH;0;20260414;113306;5413;1
LKOH;0;20260414;113306;5413;20
LKOH;0;20260414;113306;5413;118
LKOH;0;20260414;113306;5413;118
LKOH;0;20260414;113306;5413;83
LKOH;0;20260414;113309;5413.5;1
LKOH;0;20260414;113309;5414;8
LKOH;0;20260414;113309;5414;1
LKOH;0;20260414;113309;5414;30
LKOH;0;20260414;113309;5414;10
LKOH;0;20260414;113309;5414;5
LKOH;0;20260414;113309;5414.5;1
LKOH;0;20260414;113309;5414.5;30
LKOH;0;20260414;113309;5414.5;60
LKOH;0;20260414;113309;5414.5;2
LKOH;0;20260414;113309;5414.5;1
LKOH;0;20260414;113309;5415;1
LKOH;0;20260414;113309;5415;30
LKOH;0;20260414;113309;5415;60
LKOH;0;20260414;113309;5415;49
LKOH;0;20260414;113309;5414;1
LKOH;0;20260414;113310;5414.5;1
LKOH;0;20260414;113318;5414.5;1
LKOH;0;20260414;113320;5415;1
LKOH;0;20260414;113320;5415.5;20
LKOH;0;20260414;113320;5415.5;1
LKOH;0;20260414;113320;5415.5;24
LKOH;0;20260414;113321;5415.5;15
LKOH;0;20260414;113321;5416;8
LKOH;0;20260414;113321;5416;1
LKOH;0;20260414;113321;5416.5;8
LKOH;0;20260414;113321;5416.5;1
LKOH;0;20260414;113321;5416.5;33
LKOH;0;20260414;113321;5416.5;300
LKOH;0;20260414;113321;5416.5;66
LKOH;0;20260414;113321;5417;1
LKOH;0;20260414;113321;5417;30
LKOH;0;20260414;113321;5417.5;30
LKOH;0;20260414;113321;5417.5;1
LKOH;0;20260414;113321;5417.5;20
LKOH;0;20260414;113321;5417.5;54
LKOH;0;20260414;113321;5415.5;25
LKOH;0;20260414;113323;5415;30
LKOH;0;20260414;113323;5415;28
LKOH;0;20260414;113323;5415;48
LKOH;0;20260414;113323;5415;1
LKOH;0;20260414;113323;5415;18
LKOH;0;20260414;113323;5415;13
LKOH;0;20260414;113323;5415;20
LKOH;0;20260414;113323;5415;200
LKOH;0;20260414;113327;5415.5;8
LKOH;0;20260414;113327;5416;1
LKOH;0;20260414;113327;5417;1
LKOH;0;20260414;113327;5417;44
LKOH;0;20260414;113329;5415.5;7
LKOH;0;20260414;113330;5415;1
LKOH;0;20260414;113331;5415.5;1
LKOH;0;20260414;113333;5415;5
LKOH;0;20260414;113334;5415.5;5
LKOH;0;20260414;113334;5415.5;2
LKOH;0;20260414;113337;5415.5;1
LKOH;0;20260414;113343;5415;8
LKOH;0;20260414;113343;5415;2
LKOH;0;20260414;113343;5415;5
LKOH;0;20260414;113343;5414.5;4
LKOH;0;20260414;113344;5415;9
LKOH;0;20260414;113344;5415;1
LKOH;0;20260414;113344;5415;29
LKOH;0;20260414;113344;5415;16
LKOH;0;20260414;113344;5415.5;30
LKOH;0;20260414;113344;5415.5;37
LKOH;0;20260414;113344;5415.5;1
LKOH;0;20260414;113344;5415.5;10
LKOH;0;20260414;113344;5415.5;10
LKOH;0;20260414;113344;5415.5;1
LKOH;0;20260414;113354;5416.5;5
LKOH;0;20260414;113357;5416;54
LKOH;0;20260414;113357;5416;1
LKOH;0;20260414;113357;5415.5;155
LKOH;0;20260414;113357;5415.5;1
LKOH;0;20260414;113357;5415.5;4
LKOH;0;20260414;113357;5415.5;1
LKOH;0;20260414;113357;5415.5;1
LKOH;0;20260414;113357;5415;1
LKOH;0;20260414;113357;5415;7
LKOH;0;20260414;113357;5414.5;15
LKOH;0;20260414;113357;5414.5;1
LKOH;0;20260414;113357;5414.5;50
LKOH;0;20260414;113357;5414.5;6
LKOH;0;20260414;113358;5415;1
LKOH;0;20260414;113358;5415;18
LKOH;0;20260414;113358;5415.5;30
LKOH;0;20260414;113358;5415.5;1
LKOH;0;20260414;113358;5415.5;41
LKOH;0;20260414;113401;5415;82
LKOH;0;20260414;113403;5414.5;9
LKOH;0;20260414;113403;5414.5;13
LKOH;0;20260414;113403;5414.5;1
LKOH;0;20260414;113403;5414.5;18
LKOH;0;20260414;113403;5414;4
LKOH;0;20260414;113403;5414;9
LKOH;0;20260414;113403;5414;1
LKOH;0;20260414;113403;5414;1
LKOH;0;20260414;113403;5413.5;5
LKOH;0;20260414;113403;5413.5;7
LKOH;0;20260414;113403;5413.5;5
LKOH;0;20260414;113403;5413.5;30
LKOH;0;20260414;113403;5413.5;1
LKOH;0;20260414;113403;5413.5;1
LKOH;0;20260414;113403;5413.5;1
LKOH;0;20260414;113403;5413.5;1
LKOH;0;20260414;113403;5413;15
LKOH;0;20260414;113403;5413;8
LKOH;0;20260414;113403;5413;8
LKOH;0;20260414;113403;5413;1
LKOH;0;20260414;113403;5413;1
LKOH;0;20260414;113403;5413;1
LKOH;0;20260414;113403;5413;14
LKOH;0;20260414;113404;5414;1
LKOH;0;20260414;113404;5414;1
LKOH;0;20260414;113404;5414.5;4
LKOH;0;20260414;113407;5414;5
LKOH;0;20260414;113412;5414.5;1
LKOH;0;20260414;113412;5414.5;9
LKOH;0;20260414;113414;5414;6
LKOH;0;20260414;113414;5414;1
LKOH;0;20260414;113414;5413.5;9
LKOH;0;20260414;113415;5414.5;1
LKOH;0;20260414;113418;5414;1
LKOH;0;20260414;113418;5414;4
LKOH;0;20260414;113418;5413.5;19
LKOH;0;20260414;113420;5413.5;1
LKOH;0;20260414;113420;5413.5;1
LKOH;0;20260414;113420;5413.5;1
LKOH;0;20260414;113420;5413.5;1
LKOH;0;20260414;113420;5413;5
LKOH;0;20260414;113420;5413;15
LKOH;0;20260414;113421;5413;1
LKOH;0;20260414;113423;5413.5;1
LKOH;0;20260414;113423;5413;6
LKOH;0;20260414;113423;5413;1
LKOH;0;20260414;113423;5413;1
LKOH;0;20260414;113423;5413;14
LKOH;0;20260414;113424;5413;65
LKOH;0;20260414;113424;5413;30
LKOH;0;20260414;113424;5413;10
LKOH;0;20260414;113424;5413;20
LKOH;0;20260414;113424;5412.5;84
LKOH;0;20260414;113425;5413;1
LKOH;0;20260414;113429;5414;1
LKOH;0;20260414;113430;5414;32
LKOH;0;20260414;113430;5414;1
LKOH;0;20260414;113430;5414;11
LKOH;0;20260414;113430;5414;222
LKOH;0;20260414;113430;5414;13
LKOH;0;20260414;113430;5414;12
LKOH;0;20260414;113432;5413.5;3
LKOH;0;20260414;113432;5413.5;1
LKOH;0;20260414;113432;5413;23
LKOH;0;20260414;113432;5413;1
LKOH;0;20260414;113435;5412.5;10
LKOH;0;20260414;113439;5413;1
LKOH;0;20260414;113440;5413;10
LKOH;0;20260414;113443;5412.5;138
LKOH;0;20260414;113447;5413;1
LKOH;0;20260414;113448;5412.5;1
LKOH;0;20260414;113449;5413;60
LKOH;0;20260414;113450;5413;1
LKOH;0;20260414;113451;5413;20
LKOH;0;20260414;113453;5413;62
LKOH;0;20260414;113453;5413;2
LKOH;0;20260414;113453;5412.5;6
LKOH;0;20260414;113453;5412.5;300
LKOH;0;20260414;113453;5412.5;40
LKOH;0;20260414;113453;5412.5;17
LKOH;0;20260414;113453;5412.5;76
LKOH;0;20260414;113453;5412.5;76
LKOH;0;20260414;113454;5412.5;76
LKOH;0;20260414;113454;5412.5;76
LKOH;0;20260414;113454;5412.5;76
LKOH;0;20260414;113454;5412.5;76
LKOH;0;20260414;113455;5412.5;76
LKOH;0;20260414;113455;5412.5;8
LKOH;0;20260414;113458;5413;1
LKOH;0;20260414;113458;5412.5;76
LKOH;0;20260414;113459;5412.5;417
LKOH;0;20260414;113459;5412.5;32
LKOH;0;20260414;113459;5412.5;9
LKOH;0;20260414;113459;5412.5;9
LKOH;0;20260414;113459;5412.5;9
LKOH;0;20260414;113459;5412.5;9
LKOH;0;20260414;113459;5412.5;13
LKOH;0;20260414;113459;5412.5;15
LKOH;0;20260414;113459;5412.5;33
LKOH;0;20260414;113459;5412.5;9
LKOH;0;20260414;113459;5412.5;9
LKOH;0;20260414;113459;5412.5;5
LKOH;0;20260414;113459;5412.5;9
LKOH;0;20260414;113459;5412.5;13
LKOH;0;20260414;113459;5412.5;9
LKOH;0;20260414;113501;5413;1
LKOH;0;20260414;113501;5413;1
LKOH;0;20260414;113503;5412.5;36
LKOH;0;20260414;113503;5412.5;5
LKOH;0;20260414;113503;5412.5;15
LKOH;0;20260414;113503;5412.5;5
LKOH;0;20260414;113503;5412;401
LKOH;0;20260414;113503;5412;2
LKOH;0;20260414;113503;5412;1
LKOH;0;20260414;113503;5412;1
LKOH;0;20260414;113503;5412;3
LKOH;0;20260414;113503;5412;2
LKOH;0;20260414;113503;5412;1
LKOH;0;20260414;113503;5412;10
LKOH;0;20260414;113503;5412;1
LKOH;0;20260414;113504;5412.5;8
LKOH;0;20260414;113505;5412;24
LKOH;0;20260414;113506;5412.5;4
LKOH;0;20260414;113507;5412;281
LKOH;0;20260414;113509;5412;36
LKOH;0;20260414;113509;5412;132
LKOH;0;20260414;113512;5412;80
LKOH;0;20260414;113512;5412.5;2
LKOH;0;20260414;113518;5412.5;1
LKOH;0;20260414;113519;5412;113
LKOH;0;20260414;113519;5412;149
LKOH;0;20260414;113519;5412;24
LKOH;0;20260414;113522;5412.5;68
LKOH;0;20260414;113522;5412.5;30
LKOH;0;20260414;113522;5412.5;33
LKOH;0;20260414;113522;5412.5;13
LKOH;0;20260414;113522;5412.5;11
LKOH;0;20260414;113522;5412.5;18
LKOH;0;20260414;113522;5412.5;46
LKOH;0;20260414;113522;5412.5;1
LKOH;0;20260414;113523;5412.5;1
LKOH;0;20260414;113523;5412;14
LKOH;0;20260414;113523;5412;252
LKOH;0;20260414;113523;5412;3
LKOH;0;20260414;113525;5412;5
LKOH;0;20260414;113526;5412.5;7
LKOH;0;20260414;113527;5412;1
LKOH;0;20260414;113527;5412;11
LKOH;0;20260414;113527;5412;5
LKOH;0;20260414;113527;5412;3
LKOH;0;20260414;113527;5412;16
LKOH;0;20260414;113528;5412.5;23
LKOH;0;20260414;113528;5412.5;4
LKOH;0;20260414;113528;5412.5;65
LKOH;0;20260414;113528;5412.5;45
LKOH;0;20260414;113528;5412.5;11
LKOH;0;20260414;113528;5412.5;11
LKOH;0;20260414;113528;5412.5;18
LKOH;0;20260414;113528;5412.5;2
LKOH;0;20260414;113528;5412.5;1
LKOH;0;20260414;113531;5412.5;1
LKOH;0;20260414;113531;5412.5;5
LKOH;0;20260414;113532;5412.5;14
LKOH;0;20260414;113532;5412.5;1
LKOH;0;20260414;113532;5412.5;2
LKOH;0;20260414;113532;5412.5;21
LKOH;0;20260414;113535;5412.5;6
LKOH;0;20260414;113538;5412.5;2
LKOH;0;20260414;113538;5412.5;3
LKOH;0;20260414;113540;5412.5;12
LKOH;0;20260414;113540;5412.5;23
LKOH;0;20260414;113541;5413;1
LKOH;0;20260414;113541;5413;8
LKOH;0;20260414;113541;5413;7
LKOH;0;20260414;113541;5413;1
LKOH;0;20260414;113542;5413;1
LKOH;0;20260414;113543;5412.5;84
LKOH;0;20260414;113544;5413;55
LKOH;0;20260414;113545;5412.5;2
LKOH;0;20260414;113546;5413;1
LKOH;0;20260414;113549;5413;1
LKOH;0;20260414;113552;5415;1
LKOH;0;20260414;113552;5415;2
LKOH;0;20260414;113552;5415;2
LKOH;0;20260414;113552;5415;13
LKOH;0;20260414;113552;5415.5;7
LKOH;0;20260414;113552;5415.5;30
LKOH;0;20260414;113553;5415.5;1
LKOH;0;20260414;113558;5414.5;1
LKOH;0;20260414;113559;5414.5;16
LKOH;0;20260414;113559;5414.5;18
LKOH;0;20260414;113559;5414.5;6
LKOH;0;20260414;113559;5414.5;5
LKOH;0;20260414;113603;5414;1
LKOH;0;20260414;113603;5414.5;4
LKOH;0;20260414;113603;5414;17
LKOH;0;20260414;113603;5413.5;9
LKOH;0;20260414;113603;5413.5;1
LKOH;0;20260414;113603;5413.5;1
LKOH;0;20260414;113603;5413;13
LKOH;0;20260414;113604;5414;1
LKOH;0;20260414;113607;5414;5
LKOH;0;20260414;113620;5415.5;1
LKOH;0;20260414;113620;5415.5;4
LKOH;0;20260414;113621;5416;1
LKOH;0;20260414;113621;5416;8
LKOH;0;20260414;113623;5415;5
LKOH;0;20260414;113626;5416;2
LKOH;0;20260414;113632;5416;10
LKOH;0;20260414;113635;5416;1
LKOH;0;20260414;113641;5416;15
LKOH;0;20260414;113641;5416.5;1
LKOH;0;20260414;113641;5417;1
LKOH;0;20260414;113641;5417;50
LKOH;0;20260414;113641;5417.5;1
LKOH;0;20260414;113641;5417.5;71
LKOH;0;20260414;113641;5417.5;50
LKOH;0;20260414;113641;5417.5;18
LKOH;0;20260414;113641;5417.5;50
LKOH;0;20260414;113641;5417.5;25
LKOH;0;20260414;113641;5418;1
LKOH;0;20260414;113641;5418;57
LKOH;0;20260414;113641;5418;1
LKOH;0;20260414;113641;5418;5
LKOH;0;20260414;113644;5417.5;30
LKOH;0;20260414;113644;5417.5;13
LKOH;0;20260414;113644;5417.5;1
LKOH;0;20260414;113644;5417.5;17
LKOH;0;20260414;113644;5417.5;11
LKOH;0;20260414;113644;5417;18
LKOH;0;20260414;113648;5417;1
LKOH;0;20260414;113657;5418.5;1
LKOH;0;20260414;113657;5418.5;1
LKOH;0;20260414;113657;5418.5;1
LKOH;0;20260414;113700;5417;6
LKOH;0;20260414;113703;5417.5;1
LKOH;0;20260414;113704;5417;3
LKOH;0;20260414;113710;5417;10
LKOH;0;20260414;113714;5417.5;5
LKOH;0;20260414;113717;5417.5;11
LKOH;0;20260414;113717;5417.5;1
LKOH;0;20260414;113720;5417;11
LKOH;0;20260414;113720;5417;1
LKOH;0;20260414;113721;5417.5;1
LKOH;0;20260414;113724;5417;4
LKOH;0;20260414;113724;5417;1
LKOH;0;20260414;113724;5417;5
LKOH;0;20260414;113729;5417.5;1
LKOH;0;20260414;113729;5417.5;4
LKOH;0;20260414;113731;5417.5;19
LKOH;0;20260414;113731;5417.5;9
LKOH;0;20260414;113734;5417;1
LKOH;0;20260414;113734;5417;1
LKOH;0;20260414;113734;5417;8
LKOH;0;20260414;113740;5417.5;1
LKOH;0;20260414;113742;5417.5;1
LKOH;0;20260414;113744;5416.5;11
LKOH;0;20260414;113744;5417.5;3
LKOH;0;20260414;113752;5417;10
LKOH;0;20260414;113757;5416.5;1
LKOH;0;20260414;113757;5416;1
LKOH;0;20260414;113757;5416;8
LKOH;0;20260414;113800;5416.5;1
LKOH;0;20260414;113800;5416;12
LKOH;0;20260414;113804;5416.5;9
LKOH;0;20260414;113805;5417.5;1
LKOH;0;20260414;113813;5417.5;3
LKOH;0;20260414;113813;5417.5;1
LKOH;0;20260414;113813;5418;1
LKOH;0;20260414;113813;5418;2
LKOH;0;20260414;113813;5418;11
LKOH;0;20260414;113813;5418;7
LKOH;0;20260414;113813;5418;5
LKOH;0;20260414;113813;5418;5
LKOH;0;20260414;113814;5418;3
LKOH;0;20260414;113824;5418.5;10
LKOH;0;20260414;113824;5419;1
LKOH;0;20260414;113824;5419;1
LKOH;0;20260414;113824;5418.5;3
LKOH;0;20260414;113828;5418.5;8
LKOH;0;20260414;113832;5418;6
LKOH;0;20260414;113835;5418.5;1
LKOH;0;20260414;113839;5418.5;1
LKOH;0;20260414;113844;5418;5
LKOH;0;20260414;113846;5418.5;1
LKOH;0;20260414;113846;5418.5;2
LKOH;0;20260414;113851;5418.5;4
LKOH;0;20260414;113851;5419;5
LKOH;0;20260414;113851;5419;4
LKOH;0;20260414;113851;5419;1
LKOH;0;20260414;113851;5419;1
LKOH;0;20260414;113851;5419;25
LKOH;0;20260414;113854;5418;4
LKOH;0;20260414;113856;5418;1
LKOH;0;20260414;113857;5419;1
LKOH;0;20260414;113903;5418.5;17
LKOH;0;20260414;113903;5418;23
LKOH;0;20260414;113904;5418;22
LKOH;0;20260414;113911;5418.5;2
LKOH;0;20260414;113912;5418.5;5
LKOH;0;20260414;113923;5418;1
LKOH;0;20260414;113923;5418;9
LKOH;0;20260414;113924;5418;1
LKOH;0;20260414;113924;5418;4
LKOH;0;20260414;113924;5418.5;5
LKOH;0;20260414;113925;5418;6
LKOH;0;20260414;113925;5418;1
LKOH;0;20260414;113925;5418;3
LKOH;0;20260414;113928;5418;1
LKOH;0;20260414;113929;5418.5;1
LKOH;0;20260414;113936;5418.5;1
LKOH;0;20260414;113936;5418.5;1
LKOH;0;20260414;113939;5418.5;2
LKOH;0;20260414;113940;5418.5;6
LKOH;0;20260414;113944;5418;6
LKOH;0;20260414;113944;5418;1
LKOH;0;20260414;113949;5418;3
LKOH;0;20260414;113949;5418.5;1
LKOH;0;20260414;113949;5418.5;19
LKOH;0;20260414;113950;5418;3
LKOH;0;20260414;113950;5418;8
LKOH;0;20260414;113950;5418;1
LKOH;0;20260414;113950;5417.5;25
LKOH;0;20260414;113951;5417.5;10
LKOH;0;20260414;113951;5416.5;3
LKOH;0;20260414;113951;5416;5
LKOH;0;20260414;113951;5416;2
LKOH;0;20260414;113951;5416;10
LKOH;0;20260414;113951;5416;4
LKOH;0;20260414;113951;5416;18
LKOH;0;20260414;113952;5416;16
LKOH;0;20260414;113952;5416;14
LKOH;0;20260414;113952;5416;8
LKOH;0;20260414;113952;5416;1
LKOH;0;20260414;113952;5416;4
LKOH;0;20260414;113952;5416;7
LKOH;0;20260414;113953;5415;10
LKOH;0;20260414;113953;5416;1
LKOH;0;20260414;113953;5415;5
LKOH;0;20260414;113953;5415;3
LKOH;0;20260414;113953;5415;1
LKOH;0;20260414;113953;5415;8
LKOH;0;20260414;113953;5415;7
LKOH;0;20260414;113954;5415;4
LKOH;0;20260414;113954;5415;2
LKOH;0;20260414;113954;5415;3
LKOH;0;20260414;113954;5415;3
LKOH;0;20260414;113954;5415;5
LKOH;0;20260414;113954;5415;3
LKOH;0;20260414;113954;5415;1
LKOH;0;20260414;113955;5415;4
LKOH;0;20260414;113955;5415;3
LKOH;0;20260414;113955;5415;3
LKOH;0;20260414;113955;5415;1
LKOH;0;20260414;113956;5414.5;3
LKOH;0;20260414;113956;5414.5;2
LKOH;0;20260414;113956;5414.5;2
LKOH;0;20260414;113956;5414.5;2
LKOH;0;20260414;114001;5415;1
LKOH;0;20260414;114001;5415;1
LKOH;0;20260414;114001;5415.5;1
LKOH;0;20260414;114001;5415.5;1
LKOH;0;20260414;114001;5415.5;1
LKOH;0;20260414;114004;5414.5;3
LKOH;0;20260414;114004;5414.5;5
LKOH;0;20260414;114004;5414.5;1
LKOH;0;20260414;114004;5414;12
LKOH;0;20260414;114004;5414;10
LKOH;0;20260414;114004;5414;1
LKOH;0;20260414;114004;5414;2
LKOH;0;20260414;114004;5414;1
LKOH;0;20260414;114004;5414;11
LKOH;0;20260414;114004;5414;7
LKOH;0;20260414;114004;5413.5;8
LKOH;0;20260414;114006;5415;1
LKOH;0;20260414;114006;5415.5;1
LKOH;0;20260414;114006;5415.5;1
LKOH;0;20260414;114022;5416;5
LKOH;0;20260414;114022;5415.5;13
LKOH;0;20260414;114023;5415;11
LKOH;0;20260414;114023;5414.5;9
LKOH;0;20260414;114023;5414;8
LKOH;0;20260414;114023;5414;2
LKOH;0;20260414;114023;5413.5;9
LKOH;0;20260414;114023;5413.5;12
LKOH;0;20260414;114024;5414;6
LKOH;0;20260414;114024;5413.5;18
LKOH;0;20260414;114024;5413.5;1
LKOH;0;20260414;114024;5413.5;1
LKOH;0;20260414;114024;5413.5;6
LKOH;0;20260414;114024;5413.5;6
LKOH;0;20260414;114024;5413.5;4
LKOH;0;20260414;114024;5413.5;16
LKOH;0;20260414;114024;5413.5;14
LKOH;0;20260414;114025;5413.5;12
LKOH;0;20260414;114025;5413.5;2
LKOH;0;20260414;114025;5413.5;9
LKOH;0;20260414;114025;5413.5;9
LKOH;0;20260414;114025;5413.5;8
LKOH;0;20260414;114026;5413.5;1
LKOH;0;20260414;114026;5413.5;1
LKOH;0;20260414;114026;5413;2
LKOH;0;20260414;114026;5413;1
LKOH;0;20260414;114026;5413;4
LKOH;0;20260414;114026;5413;6
LKOH;0;20260414;114026;5413;6
LKOH;0;20260414;114027;5413.5;1
LKOH;0;20260414;114027;5414;1
LKOH;0;20260414;114027;5414.5;1
LKOH;0;20260414;114027;5414.5;1
LKOH;0;20260414;114027;5413.5;3
LKOH;0;20260414;114027;5413.5;1
LKOH;0;20260414;114027;5413;5
LKOH;0;20260414;114027;5413;4
LKOH;0;20260414;114027;5413;3
LKOH;0;20260414;114028;5413.5;1
LKOH;0;20260414;114028;5413.5;1
LKOH;0;20260414;114028;5413;3
LKOH;0;20260414;114028;5413.5;1
LKOH;0;20260414;114028;5413.5;1
LKOH;0;20260414;114028;5413.5;1
LKOH;0;20260414;114028;5413.5;2
LKOH;0;20260414;114029;5413.5;2
LKOH;0;20260414;114029;5413.5;2
LKOH;0;20260414;114029;5413.5;3
LKOH;0;20260414;114035;5413.5;1
LKOH;0;20260414;114041;5414;1
LKOH;0;20260414;114041;5414;1
LKOH;0;20260414;114041;5413.5;3
LKOH;0;20260414;114041;5413.5;1
LKOH;0;20260414;114041;5413.5;1
LKOH;0;20260414;114041;5413.5;1
LKOH;0;20260414;114042;5413;1
LKOH;0;20260414;114042;5413;3
LKOH;0;20260414;114042;5413;2
LKOH;0;20260414;114042;5412.5;7
LKOH;0;20260414;114042;5412.5;6
LKOH;0;20260414;114042;5412.5;24
LKOH;0;20260414;114042;5412.5;33
LKOH;0;20260414;114042;5413;13
LKOH;0;20260414;114042;5413;8
LKOH;0;20260414;114042;5413;1
LKOH;0;20260414;114042;5413;30
LKOH;0;20260414;114042;5413;29
LKOH;0;20260414;114043;5413;19
LKOH;0;20260414;114043;5412.5;23
LKOH;0;20260414;114043;5412.5;21
LKOH;0;20260414;114043;5412.5;18
LKOH;0;20260414;114044;5412.5;16
LKOH;0;20260414;114044;5412.5;65
LKOH;0;20260414;114044;5412.5;7
LKOH;0;20260414;114044;5412;28
LKOH;0;20260414;114044;5412;14
LKOH;0;20260414;114044;5412;13
LKOH;0;20260414;114044;5412;11
LKOH;0;20260414;114045;5412;10
LKOH;0;20260414;114045;5412;5
LKOH;0;20260414;114045;5412;3
LKOH;0;20260414;114045;5412;6
LKOH;0;20260414;114045;5412;3
LKOH;0;20260414;114045;5412;3
LKOH;0;20260414;114045;5412;1
LKOH;0;20260414;114045;5412;1
LKOH;0;20260414;114045;5412;2
LKOH;0;20260414;114045;5412;5
LKOH;0;20260414;114046;5412;6
LKOH;0;20260414;114046;5412;5
LKOH;0;20260414;114046;5412;5
LKOH;0;20260414;114046;5412;4
LKOH;0;20260414;114047;5412;3
LKOH;0;20260414;114047;5412;3
LKOH;0;20260414;114047;5412;2
LKOH;0;20260414;114047;5412;3
LKOH;0;20260414;114047;5412;2
LKOH;0;20260414;114048;5412;2
LKOH;0;20260414;114048;5412;2
LKOH;0;20260414;114048;5412;2
LKOH;0;20260414;114050;5412;10
LKOH;0;20260414;114050;5412.5;1
LKOH;0;20260414;114050;5412.5;1
LKOH;0;20260414;114051;5413;1
LKOH;0;20260414;114057;5412;1
LKOH;0;20260414;114100;5413;1
LKOH;0;20260414;114101;5412.5;5
LKOH;0;20260414;114103;5412;1
LKOH;0;20260414;114104;5412;38
LKOH;0;20260414;114114;5412;15
LKOH;0;20260414;114114;5412;2
LKOH;0;20260414;114114;5412;3
LKOH;0;20260414;114114;5412;9
LKOH;0;20260414;114115;5412.5;35
LKOH;0;20260414;114115;5412.5;30
LKOH;0;20260414;114115;5413;7
LKOH;0;20260414;114115;5413;1
LKOH;0;20260414;114115;5413;30
LKOH;0;20260414;114115;5413;13
LKOH;0;20260414;114115;5413.5;30
LKOH;0;20260414;114115;5413.5;7
LKOH;0;20260414;114115;5413.5;1
LKOH;0;20260414;114115;5413.5;118
LKOH;0;20260414;114115;5413.5;21
LKOH;0;20260414;114115;5414;9
LKOH;0;20260414;114115;5414;30
LKOH;0;20260414;114115;5414;1
LKOH;0;20260414;114115;5414;50
LKOH;0;20260414;114115;5414;1
LKOH;0;20260414;114115;5414.5;7
LKOH;0;20260414;114115;5414.5;1
LKOH;0;20260414;114115;5414.5;30
LKOH;0;20260414;114115;5414.5;20
LKOH;0;20260414;114115;5414.5;60
LKOH;0;20260414;114115;5415;1
LKOH;0;20260414;114115;5415;10
LKOH;0;20260414;114115;5415;60
LKOH;0;20260414;114115;5415;20
LKOH;0;20260414;114115;5415;63
LKOH;0;20260414;114115;5415;18
LKOH;0;20260414;114115;5415;100
LKOH;0;20260414;114115;5415;25
LKOH;0;20260414;114115;5415;60
LKOH;0;20260414;114115;5415.5;1
LKOH;0;20260414;114115;5415.5;20
LKOH;0;20260414;114115;5415.5;18
LKOH;0;20260414;114115;5416;20
LKOH;0;20260414;114115;5416;1
LKOH;0;20260414;114115;5416;1
LKOH;0;20260414;114116;5414.5;2
LKOH;0;20260414;114116;5413.5;4
LKOH;0;20260414;114120;5414;6
LKOH;0;20260414;114120;5414;1
LKOH;0;20260414;114120;5413.5;9
LKOH;0;20260414;114120;5413.5;1
LKOH;0;20260414;114120;5413.5;10
LKOH;0;20260414;114121;5414.5;6
LKOH;0;20260414;114121;5413.5;4
LKOH;0;20260414;114121;5413.5;1
LKOH;0;20260414;114123;5413.5;5
LKOH;0;20260414;114124;5413.5;1
LKOH;0;20260414;114124;5413.5;1
LKOH;0;20260414;114124;5413;9
LKOH;0;20260414;114124;5413;1
LKOH;0;20260414;114124;5413;30
LKOH;0;20260414;114124;5413;6
LKOH;0;20260414;114124;5413;3
LKOH;0;20260414;114124;5413;2
LKOH;0;20260414;114124;5412.5;30
LKOH;0;20260414;114124;5412.5;20
LKOH;0;20260414;114124;5412.5;11
LKOH;0;20260414;114124;5412.5;1
LKOH;0;20260414;114124;5412;91
LKOH;0;20260414;114124;5412;2
LKOH;0;20260414;114124;5412;1
LKOH;0;20260414;114124;5412;30
LKOH;0;20260414;114124;5412;11
LKOH;0;20260414;114125;5414;2
LKOH;0;20260414;114126;5414;1
LKOH;0;20260414;114133;5414;3
LKOH;0;20260414;114138;5414.5;1
LKOH;0;20260414;114138;5414.5;1
LKOH;0;20260414;114144;5413.5;2
LKOH;0;20260414;114146;5415;1
LKOH;0;20260414;114147;5415;1
LKOH;0;20260414;114152;5413.5;1
LKOH;0;20260414;114154;5415;1
LKOH;0;20260414;114201;5415;9
LKOH;0;20260414;114201;5415.5;12
LKOH;0;20260414;114201;5415.5;13
LKOH;0;20260414;114201;5415.5;2
LKOH;0;20260414;114201;5415.5;2
LKOH;0;20260414;114201;5416.5;17
LKOH;0;20260414;114204;5415;1
LKOH;0;20260414;114204;5415;9
LKOH;0;20260414;114204;5415;1
LKOH;0;20260414;114204;5414.5;4
LKOH;0;20260414;114204;5415;1
LKOH;0;20260414;114204;5415;7
LKOH;0;20260414;114204;5414.5;8
LKOH;0;20260414;114204;5414.5;1
LKOH;0;20260414;114204;5414.5;1
LKOH;0;20260414;114204;5414.5;1
LKOH;0;20260414;114204;5414.5;2
LKOH;0;20260414;114204;5414.5;1
LKOH;0;20260414;114209;5416;1
LKOH;0;20260414;114212;5417;1
LKOH;0;20260414;114215;5417;1
LKOH;0;20260414;114224;5415.5;3
LKOH;0;20260414;114224;5415.5;1
LKOH;0;20260414;114224;5415.5;2
LKOH;0;20260414;114224;5416.5;1
LKOH;0;20260414;114224;5416.5;1
LKOH;0;20260414;114224;5417;1
LKOH;0;20260414;114224;5417;25
LKOH;0;20260414;114224;5417;20
LKOH;0;20260414;114224;5417;3
LKOH;0;20260414;114230;5416.5;1
LKOH;0;20260414;114230;5416.5;1
LKOH;0;20260414;114230;5416;12
LKOH;0;20260414;114230;5416;1
LKOH;0;20260414;114230;5416;1
LKOH;0;20260414;114230;5416;2
LKOH;0;20260414;114230;5416;2
LKOH;0;20260414;114230;5416;2
LKOH;0;20260414;114230;5415.5;1
LKOH;0;20260414;114230;5415.5;8
LKOH;0;20260414;114230;5415.5;1
LKOH;0;20260414;114230;5415.5;30
LKOH;0;20260414;114230;5415.5;1
LKOH;0;20260414;114230;5415.5;1
LKOH;0;20260414;114230;5415;22
LKOH;0;20260414;114230;5415;2
LKOH;0;20260414;114230;5415;1
LKOH;0;20260414;114230;5415;11
LKOH;0;20260414;114239;5416.5;1
LKOH;0;20260414;114243;5417;1
LKOH;0;20260414;114243;5417.5;1
LKOH;0;20260414;114243;5417.5;1
LKOH;0;20260414;114243;5418;1
LKOH;0;20260414;114244;5416;3
LKOH;0;20260414;114244;5416;1
LKOH;0;20260414;114244;5416;30
LKOH;0;20260414;114244;5415.5;4
LKOH;0;20260414;114244;5415.5;1
LKOH;0;20260414;114247;5417;1
LKOH;0;20260414;114247;5417;13
LKOH;0;20260414;114247;5417;15
LKOH;0;20260414;114250;5416;3
LKOH;0;20260414;114250;5416;1
LKOH;0;20260414;114251;5416.5;1
LKOH;0;20260414;114251;5416.5;2
LKOH;0;20260414;114254;5417;1
LKOH;0;20260414;114254;5417;1
LKOH;0;20260414;114257;5416.5;1
LKOH;0;20260414;114257;5417;9
LKOH;0;20260414;114304;5416;3
LKOH;0;20260414;114304;5416;1
LKOH;0;20260414;114304;5415.5;8
LKOH;0;20260414;114324;5416.5;2
LKOH;0;20260414;114324;5416.5;1
LKOH;0;20260414;114324;5416.5;1
LKOH;0;20260414;114338;5417;1
LKOH;0;20260414;114342;5418;1
LKOH;0;20260414;114342;5418;4
LKOH;0;20260414;114344;5417.5;1
LKOH;0;20260414;114350;5417;4
LKOH;0;20260414;114350;5417;1
LKOH;0;20260414;114352;5417;1
LKOH;0;20260414;114402;5418;1
LKOH;0;20260414;114402;5418;1
LKOH;0;20260414;114402;5418;1
LKOH;0;20260414;114402;5418;2
LKOH;0;20260414;114404;5417;3
LKOH;0;20260414;114409;5418.5;1
LKOH;0;20260414;114417;5419;1
LKOH;0;20260414;114417;5419;1
LKOH;0;20260414;114424;5418;1
LKOH;0;20260414;114426;5419;5
LKOH;0;20260414;114434;5418;1
LKOH;0;20260414;114441;5418;8
LKOH;0;20260414;114441;5418;1
LKOH;0;20260414;114441;5418;2
LKOH;0;20260414;114442;5418.5;1
LKOH;0;20260414;114442;5418.5;1
LKOH;0;20260414;114444;5418;3
LKOH;0;20260414;114444;5417.5;1
LKOH;0;20260414;114449;5417;1
LKOH;0;20260414;114450;5417;4
LKOH;0;20260414;114450;5417;1
LKOH;0;20260414;114456;5417.5;1
LKOH;0;20260414;114456;5417.5;2
LKOH;0;20260414;114500;5417.5;1
LKOH;0;20260414;114500;5418;3
LKOH;0;20260414;114500;5418;1
LKOH;0;20260414;114504;5417.5;1
LKOH;0;20260414;114504;5417;2
LKOH;0;20260414;114504;5417;1
LKOH;0;20260414;114510;5418.5;5
LKOH;0;20260414;114516;5417.5;1
LKOH;0;20260414;114516;5417.5;1
LKOH;0;20260414;114522;5418;10
LKOH;0;20260414;114522;5418;1
LKOH;0;20260414;114524;5416.5;1
LKOH;0;20260414;114524;5416.5;3
LKOH;0;20260414;114533;5418;1
LKOH;0;20260414;114533;5418;8
LKOH;0;20260414;114534;5418.5;5
LKOH;0;20260414;114544;5417;2
LKOH;0;20260414;114544;5417;1
LKOH;0;20260414;114544;5417;1
LKOH;0;20260414;114544;5418;1
LKOH;0;20260414;114546;5418;1
LKOH;0;20260414;114546;5418.5;8
LKOH;0;20260414;114546;5418.5;30
LKOH;0;20260414;114546;5418.5;1
LKOH;0;20260414;114546;5418.5;1
LKOH;0;20260414;114546;5418.5;9
LKOH;0;20260414;114549;5418.5;1
LKOH;0;20260414;114549;5417;1
LKOH;0;20260414;114550;5417;1
LKOH;0;20260414;114550;5417;1
LKOH;0;20260414;114550;5416.5;2
LKOH;0;20260414;114550;5416.5;1
LKOH;0;20260414;114555;5417;1
LKOH;0;20260414;114556;5418.5;1
LKOH;0;20260414;114558;5419;2
LKOH;0;20260414;114604;5418.5;15
LKOH;0;20260414;114615;5418.5;1
LKOH;0;20260414;114618;5419;1
LKOH;0;20260414;114624;5418.5;1
LKOH;0;20260414;114634;5419;10
LKOH;0;20260414;114644;5418.5;2
LKOH;0;20260414;114650;5418.5;5
LKOH;0;20260414;114650;5419;1
LKOH;0;20260414;114653;5418.5;1
LKOH;0;20260414;114653;5419;1
LKOH;0;20260414;114655;5418.5;2
LKOH;0;20260414;114658;5419;1
LKOH;0;20260414;114659;5419;1
LKOH;0;20260414;114659;5418.5;5
LKOH;0;20260414;114704;5418.5;5
LKOH;0;20260414;114705;5419;4
LKOH;0;20260414;114706;5419;2
LKOH;0;20260414;114708;5418.5;1
LKOH;0;20260414;114724;5418.5;1
LKOH;0;20260414;114730;5419;2
LKOH;0;20260414;114732;5418.5;11
LKOH;0;20260414;114732;5418.5;1
LKOH;0;20260414;114732;5418.5;1
LKOH;0;20260414;114735;5418.5;4
LKOH;0;20260414;114744;5418;1
LKOH;0;20260414;114744;5418;4
LKOH;0;20260414;114747;5418.5;1
LKOH;0;20260414;114747;5418;1
LKOH;0;20260414;114750;5418;5
LKOH;0;20260414;114753;5417.5;13
LKOH;0;20260414;114753;5417.5;30
LKOH;0;20260414;114753;5417.5;13
LKOH;0;20260414;114802;5417.5;1
LKOH;0;20260414;114804;5417;16
LKOH;0;20260414;114804;5417.5;5
LKOH;0;20260414;114808;5417;1
LKOH;0;20260414;114809;5417;2
LKOH;0;20260414;114821;5417;2
LKOH;0;20260414;114823;5417.5;1
LKOH;0;20260414;114824;5417;1
LKOH;0;20260414;114824;5417;1
LKOH;0;20260414;114824;5416.5;1
LKOH;0;20260414;114825;5417.5;1
LKOH;0;20260414;114825;5418;4
LKOH;0;20260414;114830;5418;1
LKOH;0;20260414;114839;5418;1
LKOH;0;20260414;114844;5417;1
LKOH;0;20260414;114844;5417;1
LKOH;0;20260414;114847;5418;7
LKOH;0;20260414;114850;5416.5;3
LKOH;0;20260414;114850;5416.5;1
LKOH;0;20260414;114850;5416.5;1
LKOH;0;20260414;114854;5418;1
LKOH;0;20260414;114854;5418;3
LKOH;0;20260414;114900;5417;30
LKOH;0;20260414;114900;5417;2
LKOH;0;20260414;114900;5417;1
LKOH;0;20260414;114900;5417;13
LKOH;0;20260414;114900;5416.5;4
LKOH;0;20260414;114900;5416.5;1
LKOH;0;20260414;114900;5416.5;30
LKOH;0;20260414;114900;5416.5;1
LKOH;0;20260414;114900;5416.5;1
LKOH;0;20260414;114900;5416.5;2
LKOH;0;20260414;114900;5416.5;6
LKOH;0;20260414;114900;5416;2
LKOH;0;20260414;114900;5416;1
LKOH;0;20260414;114900;5416;1
LKOH;0;20260414;114900;5416;1
LKOH;0;20260414;114900;5416;2
LKOH;0;20260414;114900;5416;62
LKOH;0;20260414;114904;5416.5;44
LKOH;0;20260414;114907;5417.5;1
LKOH;0;20260414;114907;5417.5;1
LKOH;0;20260414;114907;5417.5;2
LKOH;0;20260414;114915;5417.5;1
LKOH;0;20260414;114921;5417;1
LKOH;0;20260414;114921;5416.5;4
LKOH;0;20260414;114921;5417.5;10
LKOH;0;20260414;114924;5416.5;5
LKOH;0;20260414;114932;5416.5;1
LKOH;0;20260414;114936;5417;1
LKOH;0;20260414;114936;5416.5;1
LKOH;0;20260414;114945;5417;31
LKOH;0;20260414;114945;5417;13
LKOH;0;20260414;114945;5417;1
LKOH;0;20260414;114945;5417;30
LKOH;0;20260414;114945;5417;25
LKOH;0;20260414;114946;5416.5;3
LKOH;0;20260414;114946;5416.5;1
LKOH;0;20260414;114946;5416;96
LKOH;0;20260414;114950;5416;5
LKOH;0;20260414;114957;5416.5;1
LKOH;0;20260414;114959;5416.5;4
LKOH;0;20260414;115004;5416;53
LKOH;0;20260414;115010;5416;33
LKOH;0;20260414;115010;5416;115
LKOH;0;20260414;115010;5416;1
LKOH;0;20260414;115010;5415.5;2
LKOH;0;20260414;115010;5415.5;2
LKOH;0;20260414;115010;5416;1
LKOH;0;20260414;115014;5416;3
LKOH;0;20260414;115020;5416;2
LKOH;0;20260414;115024;5415.5;1
LKOH;0;20260414;115024;5415.5;1
LKOH;0;20260414;115024;5415.5;2
LKOH;0;20260414;115024;5415.5;36
LKOH;0;20260414;115025;5415.5;1
LKOH;0;20260414;115025;5415.5;2
LKOH;0;20260414;115025;5415;1
LKOH;0;20260414;115025;5415;1
LKOH;0;20260414;115025;5415;1
LKOH;0;20260414;115025;5415;1
LKOH;0;20260414;115025;5415;13
LKOH;0;20260414;115028;5415.5;30
LKOH;0;20260414;115028;5415.5;1
LKOH;0;20260414;115028;5416;10
LKOH;0;20260414;115028;5416;7
LKOH;0;20260414;115039;5416;1
LKOH;0;20260414;115044;5415.5;3
LKOH;0;20260414;115044;5415;2
LKOH;0;20260414;115044;5415;1
LKOH;0;20260414;115044;5415;5
LKOH;0;20260414;115044;5415;1
LKOH;0;20260414;115044;5414.5;5
LKOH;0;20260414;115050;5415;5
LKOH;0;20260414;115054;5416;32
LKOH;0;20260414;115054;5416;1
LKOH;0;20260414;115054;5416.5;1
LKOH;0;20260414;115054;5416.5;13
LKOH;0;20260414;115054;5417;1
LKOH;0;20260414;115054;5417.5;2
LKOH;0;20260414;115104;5416;2
LKOH;0;20260414;115104;5416;1
LKOH;0;20260414;115104;5415.5;4
LKOH;0;20260414;115104;5415.5;7
LKOH;0;20260414;115104;5417;1
LKOH;0;20260414;115115;5416.5;5
LKOH;0;20260414;115115;5416.5;1
LKOH;0;20260414;115115;5416.5;13
LKOH;0;20260414;115116;5416.5;1
LKOH;0;20260414;115116;5416.5;1
LKOH;0;20260414;115116;5416;37
LKOH;0;20260414;115116;5416;3
LKOH;0;20260414;115116;5416;1
LKOH;0;20260414;115116;5416;7
LKOH;0;20260414;115118;5417;1
LKOH;0;20260414;115124;5416;4
LKOH;0;20260414;115124;5416;1
LKOH;0;20260414;115124;5415.5;1
LKOH;0;20260414;115124;5415.5;6
LKOH;0;20260414;115124;5415.5;1
LKOH;0;20260414;115124;5415.5;1
LKOH;0;20260414;115124;5415.5;3
LKOH;0;20260414;115129;5416.5;1
LKOH;0;20260414;115132;5416;1
LKOH;0;20260414;115133;5416.5;1
LKOH;0;20260414;115144;5416;1
LKOH;0;20260414;115145;5416.5;5
LKOH;0;20260414;115150;5416;1
LKOH;0;20260414;115150;5416;1
LKOH;0;20260414;115150;5415.5;1
LKOH;0;20260414;115150;5415.5;1
LKOH;0;20260414;115150;5415;1
LKOH;0;20260414;115204;5415;1
LKOH;0;20260414;115204;5415;1
LKOH;0;20260414;115204;5415;1
LKOH;0;20260414;115206;5415.5;1
LKOH;0;20260414;115207;5415;3
LKOH;0;20260414;115207;5415.5;1
LKOH;0;20260414;115214;5415.5;1
LKOH;0;20260414;115215;5415;2
LKOH;0;20260414;115215;5415;1
LKOH;0;20260414;115215;5415;1
LKOH;0;20260414;115215;5414.5;7
LKOH;0;20260414;115215;5414.5;3
LKOH;0;20260414;115215;5414.5;13
LKOH;0;20260414;115215;5414.5;1
LKOH;0;20260414;115215;5414;10
LKOH;0;20260414;115215;5414;1
LKOH;0;20260414;115215;5414;1
LKOH;0;20260414;115215;5414;30
LKOH;0;20260414;115215;5414;10
LKOH;0;20260414;115215;5414;15
LKOH;0;20260414;115224;5414;3
LKOH;0;20260414;115224;5413.5;11
LKOH;0;20260414;115224;5413.5;2
LKOH;0;20260414;115224;5413.5;1
LKOH;0;20260414;115224;5413.5;1
LKOH;0;20260414;115224;5413.5;5
LKOH;0;20260414;115224;5413;2
LKOH;0;20260414;115224;5414;1
LKOH;0;20260414;115225;5413;1
LKOH;0;20260414;115226;5414;3
LKOH;0;20260414;115230;5414;1
LKOH;0;20260414;115243;5414;10
LKOH;0;20260414;115244;5413.5;4
LKOH;0;20260414;115250;5413.5;1
LKOH;0;20260414;115250;5414;1
LKOH;0;20260414;115250;5413.5;1
LKOH;0;20260414;115250;5413;4
LKOH;0;20260414;115254;5414;1
LKOH;0;20260414;115255;5414;2
LKOH;0;20260414;115257;5414;1
LKOH;0;20260414;115258;5414;3
LKOH;0;20260414;115258;5414;1
LKOH;0;20260414;115258;5414.5;9
LKOH;0;20260414;115258;5414.5;1
LKOH;0;20260414;115258;5414.5;4
LKOH;0;20260414;115303;5414.5;1
LKOH;0;20260414;115304;5414;7
LKOH;0;20260414;115306;5414;1
LKOH;0;20260414;115307;5413.5;1
LKOH;0;20260414;115310;5414;1
LKOH;0;20260414;115320;5414;5
LKOH;0;20260414;115324;5413.5;2
LKOH;0;20260414;115330;5413.5;3
LKOH;0;20260414;115330;5413.5;1
LKOH;0;20260414;115330;5413;6
LKOH;0;20260414;115330;5413;9
LKOH;0;20260414;115334;5413.5;1
LKOH;0;20260414;115338;5413.5;1
LKOH;0;20260414;115340;5413.5;1
LKOH;0;20260414;115341;5413.5;1
LKOH;0;20260414;115341;5413.5;10
LKOH;0;20260414;115344;5413;9
LKOH;0;20260414;115350;5413;5
LKOH;0;20260414;115352;5413;1
LKOH;0;20260414;115355;5413.5;4
LKOH;0;20260414;115359;5413;1
LKOH;0;20260414;115401;5413.5;1
LKOH;0;20260414;115404;5413;3
LKOH;0;20260414;115412;5413;53
LKOH;0;20260414;115412;5413;1
LKOH;0;20260414;115412;5413;2
LKOH;0;20260414;115412;5413;18
LKOH;0;20260414;115412;5413;7
LKOH;0;20260414;115413;5413;1
LKOH;0;20260414;115418;5413;2
LKOH;0;20260414;115424;5412.5;1
LKOH;0;20260414;115424;5412.5;6
LKOH;0;20260414;115424;5412.5;1
LKOH;0;20260414;115424;5412.5;1
LKOH;0;20260414;115424;5412.5;12
LKOH;0;20260414;115426;5412.5;2
LKOH;0;20260414;115426;5412.5;1
LKOH;0;20260414;115427;5413;2
LKOH;0;20260414;115428;5413;1
LKOH;0;20260414;115430;5413;2
LKOH;0;20260414;115444;5412.5;2
LKOH;0;20260414;115445;5413;1
LKOH;0;20260414;115447;5413;1
LKOH;0;20260414;115450;5413;1
LKOH;0;20260414;115450;5412.5;5
LKOH;0;20260414;115450;5413;1
LKOH;0;20260414;115452;5413;10
LKOH;0;20260414;115459;5414;3
LKOH;0;20260414;115504;5414;1
LKOH;0;20260414;115504;5414;1
LKOH;0;20260414;115504;5414;3
LKOH;0;20260414;115507;5414.5;2
LKOH;0;20260414;115518;5414;1
LKOH;0;20260414;115518;5414;1
LKOH;0;20260414;115518;5414;1
LKOH;0;20260414;115518;5414;1
LKOH;0;20260414;115518;5414;1
LKOH;0;20260414;115518;5414;21
LKOH;0;20260414;115524;5414;1
LKOH;0;20260414;115524;5413.5;6
LKOH;0;20260414;115524;5414.5;9
LKOH;0;20260414;115524;5414.5;1
LKOH;0;20260414;115524;5414.5;5
LKOH;0;20260414;115524;5414.5;5
LKOH;0;20260414;115524;5414.5;5
LKOH;0;20260414;115527;5414;4
LKOH;0;20260414;115533;5414;1
LKOH;0;20260414;115535;5414.5;1
LKOH;0;20260414;115535;5414.5;1
LKOH;0;20260414;115540;5414.5;1
LKOH;0;20260414;115544;5414;3
LKOH;0;20260414;115544;5414;1
LKOH;0;20260414;115544;5414;2
LKOH;0;20260414;115544;5413.5;2
LKOH;0;20260414;115550;5413.5;6
LKOH;0;20260414;115604;5413.5;2
LKOH;0;20260414;115617;5414;2
LKOH;0;20260414;115617;5414;1
LKOH;0;20260414;115624;5414.5;1
LKOH;0;20260414;115624;5413.5;1
LKOH;0;20260414;115631;5414.5;2
LKOH;0;20260414;115636;5414;1
LKOH;0;20260414;115636;5414;1
LKOH;0;20260414;115636;5414;9
LKOH;0;20260414;115636;5414;25
LKOH;0;20260414;115636;5413.5;3
LKOH;0;20260414;115644;5413.5;1
LKOH;0;20260414;115644;5413.5;1
LKOH;0;20260414;115644;5413.5;1
LKOH;0;20260414;115644;5413.5;7
LKOH;0;20260414;115650;5413.5;1
LKOH;0;20260414;115650;5413.5;1
LKOH;0;20260414;115650;5413;3
LKOH;0;20260414;115655;5414;1
LKOH;0;20260414;115655;5414;1
LKOH;0;20260414;115700;5413.5;19
LKOH;0;20260414;115704;5413.5;7
LKOH;0;20260414;115723;5414;30
LKOH;0;20260414;115723;5414;5
LKOH;0;20260414;115723;5414;1
LKOH;0;20260414;115723;5414;12
LKOH;0;20260414;115723;5413.5;1
LKOH;0;20260414;115723;5413.5;1
LKOH;0;20260414;115723;5413.5;30
LKOH;0;20260414;115723;5413;9
LKOH;0;20260414;115723;5413;1
LKOH;0;20260414;115723;5413;1
LKOH;0;20260414;115723;5413;10
LKOH;0;20260414;115723;5413;1
LKOH;0;20260414;115723;5413;30
LKOH;0;20260414;115723;5413;12
LKOH;0;20260414;115723;5413;118
LKOH;0;20260414;115723;5413;20
LKOH;0;20260414;115723;5413;60
LKOH;0;20260414;115723;5412.5;105
LKOH;0;20260414;115723;5412.5;1
LKOH;0;20260414;115723;5412.5;5
LKOH;0;20260414;115723;5412.5;10
LKOH;0;20260414;115723;5412.5;1
LKOH;0;20260414;115723;5412.5;30
LKOH;0;20260414;115723;5412.5;60
LKOH;0;20260414;115723;5412.5;20
LKOH;0;20260414;115723;5412.5;100
LKOH;0;20260414;115723;5412;2
LKOH;0;20260414;115723;5412;127
LKOH;0;20260414;115723;5412;1
LKOH;0;20260414;115723;5412;1
LKOH;0;20260414;115723;5412;30
LKOH;0;20260414;115723;5412;1
LKOH;0;20260414;115723;5412;1
LKOH;0;20260414;115723;5412;30
LKOH;0;20260414;115723;5412;1
LKOH;0;20260414;115723;5412;10
LKOH;0;20260414;115723;5412;50
LKOH;0;20260414;115723;5412;60
LKOH;0;20260414;115723;5412;20
LKOH;0;20260414;115723;5412;18
LKOH;0;20260414;115724;5412;5
LKOH;0;20260414;115724;5412;141
LKOH;0;20260414;115724;5412;40
LKOH;0;20260414;115724;5412;4
LKOH;0;20260414;115724;5412;35
LKOH;0;20260414;115724;5412;37
LKOH;0;20260414;115725;5412.5;1
LKOH;0;20260414;115725;5413;2
LKOH;0;20260414;115725;5413;1
LKOH;0;20260414;115725;5413;12
LKOH;0;20260414;115725;5413;1
LKOH;0;20260414;115725;5413;1
LKOH;0;20260414;115725;5413;3
LKOH;0;20260414;115725;5413;5
LKOH;0;20260414;115725;5413;4
LKOH;0;20260414;115732;5413;2
LKOH;0;20260414;115734;5413;2
LKOH;0;20260414;115737;5412;1
LKOH;0;20260414;115739;5413;5
LKOH;0;20260414;115739;5412.5;1
LKOH;0;20260414;115739;5412;108
LKOH;0;20260414;115739;5412;1
LKOH;0;20260414;115739;5412;1
LKOH;0;20260414;115739;5412;4
LKOH;0;20260414;115740;5413;1
LKOH;0;20260414;115744;5412;18
LKOH;0;20260414;115744;5412;1
LKOH;0;20260414;115744;5412;1
LKOH;0;20260414;115744;5412;19
LKOH;0;20260414;115745;5413;1
LKOH;0;20260414;115745;5413.5;1
LKOH;0;20260414;115745;5413.5;22
LKOH;0;20260414;115749;5412.5;2
LKOH;0;20260414;115750;5413;1
LKOH;0;20260414;115750;5412.5;2
LKOH;0;20260414;115750;5412.5;1
LKOH;0;20260414;115750;5412.5;2
LKOH;0;20260414;115751;5412.5;1
LKOH;0;20260414;115751;5412.5;5
LKOH;0;20260414;115751;5412;33
LKOH;0;20260414;115752;5413;1
LKOH;0;20260414;115755;5412.5;4
LKOH;0;20260414;115755;5412;38
LKOH;0;20260414;115759;5413;3
LKOH;0;20260414;115759;5413;1
LKOH;0;20260414;115800;5413;1
LKOH;0;20260414;115801;5413;1
LKOH;0;20260414;115804;5412.5;4
LKOH;0;20260414;115804;5412.5;1
LKOH;0;20260414;115804;5412;25
LKOH;0;20260414;115806;5412.5;3
LKOH;0;20260414;115806;5412;4
LKOH;0;20260414;115806;5412;3
LKOH;0;20260414;115806;5412;75
LKOH;0;20260414;115808;5413;4
LKOH;0;20260414;115809;5413;1
LKOH;0;20260414;115809;5413;6
LKOH;0;20260414;115810;5414.5;1
LKOH;0;20260414;115814;5415;33
LKOH;0;20260414;115816;5414.5;8
LKOH;0;20260414;115816;5414.5;1
LKOH;0;20260414;115817;5414.5;8
LKOH;0;20260414;115819;5414.5;1
LKOH;0;20260414;115819;5414.5;11
LKOH;0;20260414;115819;5414.5;1
LKOH;0;20260414;115819;5414;4
LKOH;0;20260414;115819;5414;1
LKOH;0;20260414;115819;5414;3
LKOH;0;20260414;115819;5414;1
LKOH;0;20260414;115819;5414;1
LKOH;0;20260414;115819;5413.5;17
LKOH;0;20260414;115824;5414.5;1
LKOH;0;20260414;115824;5414;1
LKOH;0;20260414;115824;5414;1
LKOH;0;20260414;115824;5413.5;14
LKOH;0;20260414;115824;5413.5;1
LKOH;0;20260414;115824;5413.5;12
LKOH;0;20260414;115824;5413;17
LKOH;0;20260414;115831;5414;52
LKOH;0;20260414;115831;5414;12
LKOH;0;20260414;115831;5414;3
LKOH;0;20260414;115831;5414;1
LKOH;0;20260414;115831;5414;6
LKOH;0;20260414;115841;5414.5;8
LKOH;0;20260414;115841;5414.5;1
LKOH;0;20260414;115841;5414.5;13
LKOH;0;20260414;115841;5414.5;28
LKOH;0;20260414;115843;5415.5;1
LKOH;0;20260414;115844;5415;1
LKOH;0;20260414;115844;5415;1
LKOH;0;20260414;115844;5414.5;4
LKOH;0;20260414;115844;5414.5;1
LKOH;0;20260414;115844;5414.5;9
LKOH;0;20260414;115844;5414.5;9
LKOH;0;20260414;115844;5414.5;2
LKOH;0;20260414;115844;5414;4
LKOH;0;20260414;115844;5415.5;6
LKOH;0;20260414;115844;5415.5;1
LKOH;0;20260414;115844;5416;6
LKOH;0;20260414;115847;5414.5;5
LKOH;0;20260414;115850;5415;1
LKOH;0;20260414;115850;5415;1
LKOH;0;20260414;115850;5414.5;1
LKOH;0;20260414;115850;5414.5;1
LKOH;0;20260414;115850;5414.5;1
LKOH;0;20260414;115853;5415.5;1
LKOH;0;20260414;115853;5415.5;3
LKOH;0;20260414;115855;5415.5;1
LKOH;0;20260414;115855;5415.5;2
LKOH;0;20260414;115902;5415.5;1
LKOH;0;20260414;115904;5414.5;1
LKOH;0;20260414;115904;5414.5;5
LKOH;0;20260414;115904;5414.5;1
LKOH;0;20260414;115904;5414;1
LKOH;0;20260414;115906;5415.5;1
LKOH;0;20260414;115914;5415.5;1
LKOH;0;20260414;115919;5416;1
LKOH;0;20260414;115919;5415.5;1
LKOH;0;20260414;115919;5415.5;4
LKOH;0;20260414;115919;5415.5;2
LKOH;0;20260414;115920;5415.5;1
LKOH;0;20260414;115920;5415.5;11
LKOH;0;20260414;115920;5415.5;1
LKOH;0;20260414;115920;5416;273
LKOH;0;20260414;115920;5416;1
LKOH;0;20260414;115920;5416.5;5
LKOH;0;20260414;115920;5416.5;5
LKOH;0;20260414;115920;5416.5;1
LKOH;0;20260414;115920;5416.5;30
LKOH;0;20260414;115920;5417;36
LKOH;0;20260414;115920;5417;1
LKOH;0;20260414;115920;5417;30
LKOH;0;20260414;115920;5417;6
LKOH;0;20260414;115924;5416.5;8
LKOH;0;20260414;115924;5416.5;1
LKOH;0;20260414;115924;5416;9
LKOH;0;20260414;115924;5416;1
LKOH;0;20260414;115924;5416;3
LKOH;0;20260414;115924;5416;13
LKOH;0;20260414;115924;5416;7
LKOH;0;20260414;115924;5416;1
LKOH;0;20260414;115924;5415.5;3
LKOH;0;20260414;115924;5415.5;14
LKOH;0;20260414;115924;5415.5;1
LKOH;0;20260414;115924;5415;11
LKOH;0;20260414;115924;5415;1
LKOH;0;20260414;115924;5415;30
LKOH;0;20260414;115927;5414.5;1
LKOH;0;20260414;115927;5414.5;20
LKOH;0;20260414;115927;5414;6
LKOH;0;20260414;115927;5414;2
LKOH;0;20260414;115927;5414;61
LKOH;0;20260414;115931;5414.5;2
LKOH;0;20260414;115931;5414;39
LKOH;0;20260414;115931;5414;1
LKOH;0;20260414;115931;5414;2
LKOH;0;20260414;115931;5414;4
LKOH;0;20260414;115931;5414;3
LKOH;0;20260414;115931;5414;2
LKOH;0;20260414;115931;5414;1
LKOH;0;20260414;115932;5415;1
LKOH;0;20260414;115932;5415;5
LKOH;0;20260414;115932;5415;3
LKOH;0;20260414;115932;5415;5
LKOH;0;20260414;115932;5415;30
LKOH;0;20260414;115932;5415;9
LKOH;0;20260414;115932;5415;13
LKOH;0;20260414;115932;5415;65
LKOH;0;20260414;115932;5415.5;1
LKOH;0;20260414;115935;5414.5;1
LKOH;0;20260414;115944;5414.5;1
LKOH;0;20260414;115944;5414.5;1
LKOH;0;20260414;115944;5414.5;44
LKOH;0;20260414;115944;5414;23
LKOH;0;20260414;115949;5415;1
LKOH;0;20260414;115950;5414;3
LKOH;0;20260414;115950;5414;1
LKOH;0;20260414;115950;5414;1
LKOH;0;20260414;115952;5414;1
LKOH;0;20260414;115958;5414.5;1
LKOH;0;20260414;120000;5414.5;7
LKOH;0;20260414;120000;5414.5;3
LKOH;0;20260414;120001;5414;4
LKOH;0;20260414;120002;5414.5;2
LKOH;0;20260414;120002;5414.5;3
LKOH;0;20260414;120004;5414;7
LKOH;0;20260414;120006;5414.5;1
LKOH;0;20260414;120016;5414.5;1
LKOH;0;20260414;120016;5414.5;1
LKOH;0;20260414;120023;5414.5;1
LKOH;0;20260414;120024;5414;1
LKOH;0;20260414;120028;5414.5;1
LKOH;0;20260414;120031;5414.5;1
LKOH;0;20260414;120031;5414.5;1
LKOH;0;20260414;120031;5414.5;1
LKOH;0;20260414;120035;5414.5;19
LKOH;0;20260414;120037;5415.5;3
LKOH;0;20260414;120044;5416;2
LKOH;0;20260414;120044;5416;7
LKOH;0;20260414;120048;5416.5;1
LKOH;0;20260414;120050;5416;5
LKOH;0;20260414;120051;5416.5;1
LKOH;0;20260414;120053;5416.5;1
LKOH;0;20260414;120055;5416.5;1
LKOH;0;20260414;120055;5417;1
LKOH;0;20260414;120100;5417;10
LKOH;0;20260414;120100;5417;1
LKOH;0;20260414;120100;5417;3
LKOH;0;20260414;120103;5417;5
LKOH;0;20260414;120103;5417;7
LKOH;0;20260414;120103;5417;2
LKOH;0;20260414;120104;5416.5;6
LKOH;0;20260414;120104;5416.5;1
LKOH;0;20260414;120104;5416.5;2
LKOH;0;20260414;120118;5416.5;1
LKOH;0;20260414;120118;5416.5;2
LKOH;0;20260414;120118;5416.5;2
LKOH;0;20260414;120118;5416.5;10
LKOH;0;20260414;120118;5416.5;9
LKOH;0;20260414;120118;5416.5;1
LKOH;0;20260414;120118;5416.5;4
LKOH;0;20260414;120118;5416.5;9
LKOH;0;20260414;120118;5416.5;23
LKOH;0;20260414;120122;5417;2
LKOH;0;20260414;120124;5416.5;16
LKOH;0;20260414;120134;5417;1
LKOH;0;20260414;120137;5417;2
LKOH;0;20260414;120137;5417;5
LKOH;0;20260414;120137;5417;5
LKOH;0;20260414;120137;5417;5
LKOH;0;20260414;120137;5417;5
LKOH;0;20260414;120137;5417;5
LKOH;0;20260414;120137;5417;2
LKOH;0;20260414;120137;5417;5
LKOH;0;20260414;120137;5417;5
LKOH;0;20260414;120137;5417;5
LKOH;0;20260414;120137;5417;5
LKOH;0;20260414;120137;5417;5
LKOH;0;20260414;120137;5417;5
LKOH;0;20260414;120137;5417;5
LKOH;0;20260414;120137;5417;5
LKOH;0;20260414;120137;5417;5
LKOH;0;20260414;120137;5417;5
LKOH;0;20260414;120137;5417;5
LKOH;0;20260414;120137;5417;5
LKOH;0;20260414;120137;5417;5
LKOH;0;20260414;120137;5417.5;17
LKOH;0;20260414;120138;5417.5;2
LKOH;0;20260414;120141;5417.5;1
LKOH;0;20260414;120144;5417;5
LKOH;0;20260414;120144;5417;1
LKOH;0;20260414;120144;5417;1
LKOH;0;20260414;120144;5417;12
LKOH;0;20260414;120144;5417;10
LKOH;0;20260414;120148;5417.5;1
LKOH;0;20260414;120148;5417;2
LKOH;0;20260414;120150;5417;5
LKOH;0;20260414;120159;5417;1
LKOH;0;20260414;120203;5417;1
LKOH;0;20260414;120203;5417;1
LKOH;0;20260414;120204;5416.5;1
LKOH;0;20260414;120204;5416.5;2
LKOH;0;20260414;120211;5417;3
LKOH;0;20260414;120215;5416.5;2
LKOH;0;20260414;120216;5416.5;5
LKOH;0;20260414;120217;5417;9
LKOH;0;20260414;120218;5417;1
LKOH;0;20260414;120224;5416.5;1
LKOH;0;20260414;120224;5416.5;1
LKOH;0;20260414;120224;5416;3
LKOH;0;20260414;120228;5416.5;2
LKOH;0;20260414;120228;5416.5;8
LKOH;0;20260414;120228;5416.5;12
LKOH;0;20260414;120228;5416.5;1
LKOH;0;20260414;120228;5417;3
LKOH;0;20260414;120228;5417;30
LKOH;0;20260414;120228;5417;1
LKOH;0;20260414;120228;5417;1
LKOH;0;20260414;120228;5417;1
LKOH;0;20260414;120228;5417;7
LKOH;0;20260414;120228;5417;1
LKOH;0;20260414;120228;5417;1
LKOH;0;20260414;120228;5417;4
LKOH;0;20260414;120228;5417;5
LKOH;0;20260414;120228;5417;1
LKOH;0;20260414;120231;5417.5;2
LKOH;0;20260414;120232;5417.5;2
LKOH;0;20260414;120232;5417.5;2
LKOH;0;20260414;120232;5417.5;2
LKOH;0;20260414;120233;5417.5;2
LKOH;0;20260414;120233;5417.5;2
LKOH;0;20260414;120239;5417.5;1
LKOH;0;20260414;120244;5417.5;2
LKOH;0;20260414;120244;5417.5;1
LKOH;0;20260414;120244;5417;19
LKOH;0;20260414;120245;5417.5;2
LKOH;0;20260414;120246;5417.5;1
LKOH;0;20260414;120247;5417.5;2
LKOH;0;20260414;120251;5417;5
LKOH;0;20260414;120252;5417;10
LKOH;0;20260414;120258;5417;1
LKOH;0;20260414;120300;5417;17
LKOH;0;20260414;120304;5417.5;1
LKOH;0;20260414;120304;5417;10
LKOH;0;20260414;120305;5417.5;1
LKOH;0;20260414;120310;5417.5;1
LKOH;0;20260414;120310;5417.5;9
LKOH;0;20260414;120312;5417.5;1
LKOH;0;20260414;120314;5417.5;1
LKOH;0;20260414;120317;5418;1
LKOH;0;20260414;120319;5417.5;1
LKOH;0;20260414;120319;5417.5;1
LKOH;0;20260414;120319;5417.5;3
LKOH;0;20260414;120324;5417.5;2
LKOH;0;20260414;120324;5417.5;1
LKOH;0;20260414;120324;5417.5;2
LKOH;0;20260414;120332;5417.5;1
LKOH;0;20260414;120332;5417.5;1
LKOH;0;20260414;120333;5417;3
LKOH;0;20260414;120333;5417;1
LKOH;0;20260414;120337;5417.5;1
LKOH;0;20260414;120337;5417.5;10
LKOH;0;20260414;120341;5417;2
LKOH;0;20260414;120344;5417;2
LKOH;0;20260414;120344;5417;5
LKOH;0;20260414;120349;5417;1
LKOH;0;20260414;120351;5417;5
LKOH;0;20260414;120356;5417;4
LKOH;0;20260414;120404;5417;3
LKOH;0;20260414;120410;5417.5;1
LKOH;0;20260414;120417;5417.5;6
LKOH;0;20260414;120417;5417.5;1
LKOH;0;20260414;120424;5417;2
LKOH;0;20260414;120427;5417.5;1
LKOH;0;20260414;120430;5417.5;1
LKOH;0;20260414;120431;5417.5;2
LKOH;0;20260414;120431;5417.5;1
LKOH;0;20260414;120440;5417;1
LKOH;0;20260414;120444;5417;1
LKOH;0;20260414;120445;5417.5;1
LKOH;0;20260414;120450;5417.5;1
LKOH;0;20260414;120451;5417;5
LKOH;0;20260414;120451;5417.5;3
LKOH;0;20260414;120451;5417.5;5
LKOH;0;20260414;120451;5417.5;2
LKOH;0;20260414;120452;5417;578
LKOH;0;20260414;120455;5417.5;1
LKOH;0;20260414;120455;5417.5;2
LKOH;0;20260414;120456;5417;2
LKOH;0;20260414;120458;5417.5;2
LKOH;0;20260414;120459;5417.5;3
LKOH;0;20260414;120459;5417.5;5
LKOH;0;20260414;120459;5417.5;3
LKOH;0;20260414;120459;5417.5;2
LKOH;0;20260414;120502;5417;2
LKOH;0;20260414;120503;5417.5;1
LKOH;0;20260414;120504;5417;155
LKOH;0;20260414;120509;5417;10
LKOH;0;20260414;120518;5417.5;1
LKOH;0;20260414;120519;5417.5;1
LKOH;0;20260414;120524;5417;3
LKOH;0;20260414;120542;5417.5;1
LKOH;0;20260414;120546;5417.5;1
LKOH;0;20260414;120550;5417.5;2
LKOH;0;20260414;120551;5417;5
LKOH;0;20260414;120557;5417;70
LKOH;0;20260414;120600;5417.5;1
LKOH;0;20260414;120600;5417.5;1
LKOH;0;20260414;120603;5417;14
LKOH;0;20260414;120604;5417;23
LKOH;0;20260414;120606;5417;2
LKOH;0;20260414;120609;5417;1
LKOH;0;20260414;120613;5417.5;4
LKOH;0;20260414;120613;5417.5;5
LKOH;0;20260414;120613;5417.5;5
LKOH;0;20260414;120613;5417.5;5
LKOH;0;20260414;120613;5417.5;5
LKOH;0;20260414;120613;5417.5;5
LKOH;0;20260414;120613;5417.5;5
LKOH;0;20260414;120613;5417.5;5
LKOH;0;20260414;120613;5417.5;5
LKOH;0;20260414;120613;5417.5;5
LKOH;0;20260414;120613;5417.5;5
LKOH;0;20260414;120613;5417.5;3
LKOH;0;20260414;120615;5417;1
LKOH;0;20260414;120617;5417;11
LKOH;0;20260414;120618;5417.5;2
LKOH;0;20260414;120618;5417.5;3
LKOH;0;20260414;120619;5417.5;1
LKOH;0;20260414;120624;5417;20
LKOH;0;20260414;120624;5417.5;1
LKOH;0;20260414;120624;5417.5;2
LKOH;0;20260414;120628;5417.5;1
LKOH;0;20260414;120635;5417;50
LKOH;0;20260414;120635;5417;1
LKOH;0;20260414;120644;5417;14
LKOH;0;20260414;120645;5417.5;1
LKOH;0;20260414;120651;5417;5
LKOH;0;20260414;120704;5417;1
LKOH;0;20260414;120705;5417.5;1
LKOH;0;20260414;120705;5417.5;4
LKOH;0;20260414;120706;5417.5;1
LKOH;0;20260414;120711;5417.5;1
LKOH;0;20260414;120722;5417.5;1
LKOH;0;20260414;120723;5417;4
LKOH;0;20260414;120724;5417;3
LKOH;0;20260414;120730;5417.5;3
LKOH;0;20260414;120730;5417.5;1
LKOH;0;20260414;120733;5417.5;1
LKOH;0;20260414;120738;5417;2
LKOH;0;20260414;120738;5417.5;1
LKOH;0;20260414;120744;5417.5;2
LKOH;0;20260414;120744;5417.5;5
LKOH;0;20260414;120744;5417.5;1
LKOH;0;20260414;120744;5417.5;1
LKOH;0;20260414;120744;5417.5;1
LKOH;0;20260414;120744;5417;5
LKOH;0;20260414;120745;5417.5;1
LKOH;0;20260414;120750;5417.5;2
LKOH;0;20260414;120751;5417;5
LKOH;0;20260414;120757;5417.5;1
LKOH;0;20260414;120757;5417.5;2
LKOH;0;20260414;120804;5417;2
LKOH;0;20260414;120807;5417.5;1
LKOH;0;20260414;120808;5417.5;1
LKOH;0;20260414;120811;5417.5;1
LKOH;0;20260414;120811;5417.5;13
LKOH;0;20260414;120811;5417.5;7
LKOH;0;20260414;120812;5417.5;26
LKOH;0;20260414;120812;5417.5;33
LKOH;0;20260414;120814;5418;1
LKOH;0;20260414;120815;5418;2
LKOH;0;20260414;120815;5418;50
LKOH;0;20260414;120815;5418;10
LKOH;0;20260414;120815;5418;33
LKOH;0;20260414;120815;5418;5
LKOH;0;20260414;120815;5418;28
LKOH;0;20260414;120817;5418.5;14
LKOH;0;20260414;120824;5418.5;16
LKOH;0;20260414;120824;5418.5;36
LKOH;0;20260414;120824;5418.5;1
LKOH;0;20260414;120824;5418.5;1
LKOH;0;20260414;120824;5418;2
LKOH;0;20260414;120824;5418;1
LKOH;0;20260414;120825;5419;1
LKOH;0;20260414;120830;5419;2
LKOH;0;20260414;120831;5418.5;4
LKOH;0;20260414;120839;5419;2
LKOH;0;20260414;120839;5419;1
LKOH;0;20260414;120840;5419;1
LKOH;0;20260414;120844;5418.5;2
LKOH;0;20260414;120851;5418.5;6
LKOH;0;20260414;120854;5419;3
LKOH;0;20260414;120854;5419;1
LKOH;0;20260414;120854;5419;7
LKOH;0;20260414;120904;5418.5;8
LKOH;0;20260414;120904;5418.5;5
LKOH;0;20260414;120906;5418.5;11
LKOH;0;20260414;120908;5418.5;1
LKOH;0;20260414;120908;5418.5;1
LKOH;0;20260414;120908;5418.5;2
LKOH;0;20260414;120908;5418.5;1
LKOH;0;20260414;120908;5418.5;5
LKOH;0;20260414;120909;5419;1
LKOH;0;20260414;120909;5419;4
LKOH;0;20260414;120909;5419;9
LKOH;0;20260414;120909;5419.5;5
LKOH;0;20260414;120909;5419.5;118
LKOH;0;20260414;120909;5419.5;1
LKOH;0;20260414;120909;5419.5;30
LKOH;0;20260414;120909;5419.5;17
LKOH;0;20260414;120909;5419.5;6
LKOH;0;20260414;120909;5419.5;1
LKOH;0;20260414;120909;5419.5;3
LKOH;0;20260414;120909;5419.5;2
LKOH;0;20260414;120909;5420;28
LKOH;0;20260414;120910;5420;35
LKOH;0;20260414;120910;5420;5
LKOH;0;20260414;120915;5420;132
LKOH;0;20260414;120915;5420;30
LKOH;0;20260414;120915;5420;10
LKOH;0;20260414;120915;5420;33
LKOH;0;20260414;120915;5420;18
LKOH;0;20260414;120915;5420;46
LKOH;0;20260414;120915;5420;8
LKOH;0;20260414;120915;5420;8
LKOH;0;20260414;120915;5420;37
LKOH;0;20260414;120915;5420;8
LKOH;0;20260414;120915;5420;4
LKOH;0;20260414;120915;5420;8
LKOH;0;20260414;120915;5420.5;8
LKOH;0;20260414;120915;5420.5;8
LKOH;0;20260414;120917;5420;11
LKOH;0;20260414;120917;5420;13
LKOH;0;20260414;120924;5420;23
LKOH;0;20260414;120924;5420;2
LKOH;0;20260414;120924;5419.5;2
LKOH;0;20260414;120924;5419.5;1
LKOH;0;20260414;120924;5419.5;11
LKOH;0;20260414;120924;5419;1
LKOH;0;20260414;120924;5419;1
LKOH;0;20260414;120924;5419;2
LKOH;0;20260414;120924;5419;5
LKOH;0;20260414;120924;5418.5;1
LKOH;0;20260414;120924;5418.5;3
LKOH;0;20260414;120924;5418.5;2
LKOH;0;20260414;120924;5418.5;50
LKOH;0;20260414;120924;5418.5;2
LKOH;0;20260414;120924;5418.5;50
LKOH;0;20260414;120924;5418;13
LKOH;0;20260414;120938;5419;36
LKOH;0;20260414;120938;5419;64
LKOH;0;20260414;120942;5419;1
LKOH;0;20260414;120944;5418.5;25
LKOH;0;20260414;120946;5419;2
LKOH;0;20260414;120951;5418.5;5
LKOH;0;20260414;120952;5419;1
LKOH;0;20260414;121001;5418.5;2
LKOH;0;20260414;121004;5418.5;2
LKOH;0;20260414;121010;5418.5;1
LKOH;0;20260414;121016;5419;26
LKOH;0;20260414;121016;5419;25
LKOH;0;20260414;121016;5419;1
LKOH;0;20260414;121016;5419;18
LKOH;0;20260414;121016;5419;46
LKOH;0;20260414;121016;5419;5
LKOH;0;20260414;121016;5419;11
LKOH;0;20260414;121016;5419;8
LKOH;0;20260414;121016;5419;8
LKOH;0;20260414;121016;5419;37
LKOH;0;20260414;121016;5419;33
LKOH;0;20260414;121016;5419;33
LKOH;0;20260414;121017;5419;147
LKOH;0;20260414;121024;5419;100
LKOH;0;20260414;121039;5419;1
LKOH;0;20260414;121044;5419.5;2
LKOH;0;20260414;121044;5419;1
LKOH;0;20260414;121045;5419;300
LKOH;0;20260414;121045;5419;36
LKOH;0;20260414;121045;5419;1
LKOH;0;20260414;121045;5419;40
LKOH;0;20260414;121045;5419;50
LKOH;0;20260414;121045;5419;1
LKOH;0;20260414;121051;5418.5;1
LKOH;0;20260414;121051;5418.5;4
LKOH;0;20260414;121053;5419;1
LKOH;0;20260414;121058;5419;1
LKOH;0;20260414;121104;5418.5;32
LKOH;0;20260414;121104;5418.5;1
LKOH;0;20260414;121104;5418.5;50
LKOH;0;20260414;121104;5418;1
LKOH;0;20260414;121104;5418;25
LKOH;0;20260414;121104;5418.5;36
LKOH;0;20260414;121105;5418.5;1
LKOH;0;20260414;121107;5418.5;1
LKOH;0;20260414;121110;5418.5;5
LKOH;0;20260414;121119;5418;1
LKOH;0;20260414;121119;5418;6
LKOH;0;20260414;121121;5418.5;7
LKOH;0;20260414;121121;5418.5;13
LKOH;0;20260414;121122;5418;390
LKOH;0;20260414;121124;5418;115
LKOH;0;20260414;121141;5418.5;3
LKOH;0;20260414;121151;5418;5
LKOH;0;20260414;121203;5418;157
LKOH;0;20260414;121203;5418.5;1
LKOH;0;20260414;121204;5418.5;2
LKOH;0;20260414;121204;5418;42
LKOH;0;20260414;121205;5418.5;1
LKOH;0;20260414;121205;5418.5;5
LKOH;0;20260414;121205;5418.5;2
LKOH;0;20260414;121206;5418.5;2
LKOH;0;20260414;121214;5418;285
LKOH;0;20260414;121214;5418;36
LKOH;0;20260414;121214;5418;1
LKOH;0;20260414;121214;5418;252
LKOH;0;20260414;121221;5418.5;1
LKOH;0;20260414;121222;5418;36
LKOH;0;20260414;121222;5418;1
LKOH;0;20260414;121222;5417.5;113
LKOH;0;20260414;121222;5417.5;3
LKOH;0;20260414;121222;5417.5;8
LKOH;0;20260414;121222;5417.5;8
LKOH;0;20260414;121224;5418;5
LKOH;0;20260414;121224;5417.5;9
LKOH;0;20260414;121224;5417.5;2
LKOH;0;20260414;121224;5417.5;36
LKOH;0;20260414;121224;5417.5;1
LKOH;0;20260414;121224;5417.5;2
LKOH;0;20260414;121224;5417.5;36
LKOH;0;20260414;121224;5417;1
LKOH;0;20260414;121224;5417;2
LKOH;0;20260414;121224;5417;2
LKOH;0;20260414;121224;5417;5
LKOH;0;20260414;121224;5417;5
LKOH;0;20260414;121224;5417;10
LKOH;0;20260414;121224;5417;1
LKOH;0;20260414;121224;5417;5
LKOH;0;20260414;121224;5417;1
LKOH;0;20260414;121224;5417;71
LKOH;0;20260414;121224;5417.5;36
LKOH;0;20260414;121225;5417.5;1
LKOH;0;20260414;121225;5417;13
LKOH;0;20260414;121225;5417;11
LKOH;0;20260414;121225;5417;11
LKOH;0;20260414;121226;5417;1
LKOH;0;20260414;121226;5417;2
LKOH;0;20260414;121227;5417;1
LKOH;0;20260414;121227;5417;2
LKOH;0;20260414;121229;5417.5;1
LKOH;0;20260414;121235;5417;125
LKOH;0;20260414;121236;5417;7
LKOH;0;20260414;121236;5417;7
LKOH;0;20260414;121244;5417;55
LKOH;0;20260414;121245;5417;3
LKOH;0;20260414;121245;5417;3
LKOH;0;20260414;121250;5417.5;1
LKOH;0;20260414;121251;5417;5
LKOH;0;20260414;121304;5417;3
LKOH;0;20260414;121305;5417.5;3
LKOH;0;20260414;121305;5417.5;2
LKOH;0;20260414;121311;5417;1
LKOH;0;20260414;121312;5417;1
LKOH;0;20260414;121312;5417;1
LKOH;0;20260414;121321;5417.5;1
LKOH;0;20260414;121324;5417;2
LKOH;0;20260414;121327;5417;100
LKOH;0;20260414;121328;5417;5
LKOH;0;20260414;121328;5417;6
LKOH;0;20260414;121328;5417.5;1
LKOH;0;20260414;121332;5417.5;4
LKOH;0;20260414;121334;5417.5;1
LKOH;0;20260414;121343;5417.5;1
LKOH;0;20260414;121343;5417.5;2
LKOH;0;20260414;121344;5417;30
LKOH;0;20260414;121345;5417.5;2
LKOH;0;20260414;121345;5417;2
LKOH;0;20260414;121345;5417;2
LKOH;0;20260414;121349;5417;8
LKOH;0;20260414;121351;5417;5
LKOH;0;20260414;121352;5417;2
LKOH;0;20260414;121352;5417;1
LKOH;0;20260414;121352;5417;1
LKOH;0;20260414;121354;5417.5;5
LKOH;0;20260414;121355;5417.5;31
LKOH;0;20260414;121355;5417.5;18
LKOH;0;20260414;121355;5417.5;46
LKOH;0;20260414;121355;5417.5;65
LKOH;0;20260414;121355;5417.5;1
LKOH;0;20260414;121355;5417.5;5
LKOH;0;20260414;121355;5417.5;8
LKOH;0;20260414;121355;5417.5;8
LKOH;0;20260414;121355;5417.5;8
LKOH;0;20260414;121355;5417.5;3
LKOH;0;20260414;121355;5417.5;5
LKOH;0;20260414;121355;5417.5;8
LKOH;0;20260414;121355;5417.5;8
LKOH;0;20260414;121355;5417.5;8
LKOH;0;20260414;121355;5417.5;12
LKOH;0;20260414;121355;5418;5
LKOH;0;20260414;121355;5418;1
LKOH;0;20260414;121355;5418;26
LKOH;0;20260414;121355;5418;24
LKOH;0;20260414;121355;5418;1
LKOH;0;20260414;121355;5418;4
LKOH;0;20260414;121355;5418;1
LKOH;0;20260414;121355;5418;5
LKOH;0;20260414;121355;5418;28
LKOH;0;20260414;121355;5418;1
LKOH;0;20260414;121355;5418;1
LKOH;0;20260414;121355;5418;30
LKOH;0;20260414;121355;5418.5;1
LKOH;0;20260414;121355;5418.5;1
LKOH;0;20260414;121355;5418.5;3
LKOH;0;20260414;121355;5418.5;10
LKOH;0;20260414;121355;5418.5;24
LKOH;0;20260414;121355;5418;11
LKOH;0;20260414;121356;5417.5;22
LKOH;0;20260414;121356;5417.5;14
LKOH;0;20260414;121356;5417.5;9
LKOH;0;20260414;121356;5417.5;1
LKOH;0;20260414;121356;5417.5;36
LKOH;0;20260414;121356;5417.5;13
LKOH;0;20260414;121357;5417.5;3
LKOH;0;20260414;121357;5417.5;4
LKOH;0;20260414;121357;5417.5;1
LKOH;0;20260414;121358;5417.5;28
LKOH;0;20260414;121358;5417.5;3
LKOH;0;20260414;121358;5417;58
LKOH;0;20260414;121359;5417;5
LKOH;0;20260414;121359;5417;5
LKOH;0;20260414;121359;5417;28
LKOH;0;20260414;121359;5417;28
LKOH;0;20260414;121359;5417;13
LKOH;0;20260414;121400;5417;1
LKOH;0;20260414;121400;5417;2
LKOH;0;20260414;121400;5417;28
LKOH;0;20260414;121400;5417;28
LKOH;0;20260414;121400;5417;13
LKOH;0;20260414;121401;5417;2
LKOH;0;20260414;121401;5417;2
LKOH;0;20260414;121401;5417;4
LKOH;0;20260414;121401;5417;4
LKOH;0;20260414;121404;5417;199
LKOH;0;20260414;121405;5417;11
LKOH;0;20260414;121405;5417;11
LKOH;0;20260414;121413;5417.5;5
LKOH;0;20260414;121415;5417;3
LKOH;0;20260414;121419;5417.5;3
LKOH;0;20260414;121420;5417;1
LKOH;0;20260414;121420;5417;1
LKOH;0;20260414;121424;5417;8
LKOH;0;20260414;121431;5417;4
LKOH;0;20260414;121444;5417;1
LKOH;0;20260414;121445;5417.5;100
LKOH;0;20260414;121446;5417;6
LKOH;0;20260414;121446;5417;6
LKOH;0;20260414;121449;5417;1
LKOH;0;20260414;121450;5417.5;1
LKOH;0;20260414;121451;5417;5
LKOH;0;20260414;121456;5417;8
LKOH;0;20260414;121457;5417;1
LKOH;0;20260414;121457;5417;1
LKOH;0;20260414;121504;5417;33
LKOH;0;20260414;121505;5417;2
LKOH;0;20260414;121505;5417;2
LKOH;0;20260414;121505;5417;2
LKOH;0;20260414;121509;5417;391
LKOH;0;20260414;121510;5417;20
LKOH;0;20260414;121510;5417;21
LKOH;0;20260414;121510;5417;22
LKOH;0;20260414;121511;5417;1
LKOH;0;20260414;121511;5417;1
LKOH;0;20260414;121514;5417;2
LKOH;0;20260414;121515;5417;8
LKOH;0;20260414;121515;5417;3
LKOH;0;20260414;121515;5417;1
LKOH;0;20260414;121515;5417;1
LKOH;0;20260414;121517;5417.5;2
LKOH;0;20260414;121517;5417.5;67
LKOH;0;20260414;121517;5417.5;2
LKOH;0;20260414;121518;5417;4
LKOH;0;20260414;121518;5417;4
LKOH;0;20260414;121519;5417;10
LKOH;0;20260414;121519;5417.5;1
LKOH;0;20260414;121520;5417.5;3
LKOH;0;20260414;121524;5417;142
LKOH;0;20260414;121525;5417;8
LKOH;0;20260414;121525;5417;9
LKOH;0;20260414;121528;5417.5;1
LKOH;0;20260414;121533;5417.5;1
LKOH;0;20260414;121533;5417.5;1
LKOH;0;20260414;121544;5417;5
LKOH;0;20260414;121548;5417.5;2
LKOH;0;20260414;121549;5417.5;1
LKOH;0;20260414;121551;5417;5
LKOH;0;20260414;121552;5417;1
LKOH;0;20260414;121552;5417;1
LKOH;0;20260414;121601;5417.5;2
LKOH;0;20260414;121604;5417;2
LKOH;0;20260414;121604;5417;4
LKOH;0;20260414;121606;5417;25
LKOH;0;20260414;121607;5417;2
LKOH;0;20260414;121607;5417;2
LKOH;0;20260414;121607;5417;25
LKOH;0;20260414;121608;5417;1
LKOH;0;20260414;121608;5417;1
LKOH;0;20260414;121609;5417.5;24
LKOH;0;20260414;121610;5417;1
LKOH;0;20260414;121610;5417;2
LKOH;0;20260414;121614;5417.5;1
LKOH;0;20260414;121614;5417.5;1
LKOH;0;20260414;121619;5417.5;1
LKOH;0;20260414;121619;5417;25
LKOH;0;20260414;121620;5417;1
LKOH;0;20260414;121620;5417;2
LKOH;0;20260414;121622;5417.5;10
LKOH;0;20260414;121622;5417.5;18
LKOH;0;20260414;121622;5417.5;46
LKOH;0;20260414;121622;5417.5;65
LKOH;0;20260414;121622;5417.5;8
LKOH;0;20260414;121622;5417.5;8
LKOH;0;20260414;121622;5417.5;8
LKOH;0;20260414;121622;5417.5;8
LKOH;0;20260414;121622;5417.5;8
LKOH;0;20260414;121622;5417.5;1
LKOH;0;20260414;121623;5417;10
LKOH;0;20260414;121623;5417;10
LKOH;0;20260414;121624;5417;78
LKOH;0;20260414;121625;5417;4
LKOH;0;20260414;121625;5417;5
LKOH;0;20260414;121628;5417;25
LKOH;0;20260414;121628;5417;25
LKOH;0;20260414;121628;5417;4
LKOH;0;20260414;121629;5417;25
LKOH;0;20260414;121629;5417;1
LKOH;0;20260414;121629;5417;2
LKOH;0;20260414;121630;5417;5
LKOH;0;20260414;121630;5417;2
LKOH;0;20260414;121630;5417;3
LKOH;0;20260414;121630;5417;6
LKOH;0;20260414;121631;5417;5
LKOH;0;20260414;121631;5417;1
LKOH;0;20260414;121631;5417;1
LKOH;0;20260414;121631;5417;5
LKOH;0;20260414;121632;5417;5
LKOH;0;20260414;121635;5417.5;1
LKOH;0;20260414;121636;5417;1
LKOH;0;20260414;121636;5417;1
LKOH;0;20260414;121639;5417.5;6
LKOH;0;20260414;121639;5417.5;8
LKOH;0;20260414;121639;5417.5;6
LKOH;0;20260414;121640;5417;1
LKOH;0;20260414;121640;5417;1
LKOH;0;20260414;121641;5417.5;1
LKOH;0;20260414;121644;5417;38
LKOH;0;20260414;121645;5417;25
LKOH;0;20260414;121645;5417;2
LKOH;0;20260414;121645;5417;2
LKOH;0;20260414;121646;5417.5;1
LKOH;0;20260414;121646;5417;1
LKOH;0;20260414;121646;5417;2
LKOH;0;20260414;121651;5417;5
LKOH;0;20260414;121658;5417.5;1
LKOH;0;20260414;121700;5417;20
LKOH;0;20260414;121700;5417;1
LKOH;0;20260414;121701;5417;1
LKOH;0;20260414;121701;5417;2
LKOH;0;20260414;121701;5417;6
LKOH;0;20260414;121704;5417;17
LKOH;0;20260414;121705;5417;1
LKOH;0;20260414;121705;5417;2
LKOH;0;20260414;121707;5417;40
LKOH;0;20260414;121708;5417;2
LKOH;0;20260414;121708;5417;2
LKOH;0;20260414;121714;5417;40
LKOH;0;20260414;121715;5417;2
LKOH;0;20260414;121715;5417;2
LKOH;0;20260414;121716;5417;2
LKOH;0;20260414;121716;5417;45
LKOH;0;20260414;121717;5417;3
LKOH;0;20260414;121717;5417;3
LKOH;0;20260414;121721;5417;10
LKOH;0;20260414;121724;5417;38
LKOH;0;20260414;121725;5417;2
LKOH;0;20260414;121725;5417;3
LKOH;0;20260414;121744;5417;2
LKOH;0;20260414;121750;5417.5;1
LKOH;0;20260414;121751;5417;5
LKOH;0;20260414;121757;5417.5;1
LKOH;0;20260414;121757;5417.5;3
LKOH;0;20260414;121758;5417.5;1
LKOH;0;20260414;121802;5417.5;1
LKOH;0;20260414;121803;5417;1
LKOH;0;20260414;121803;5417;1
LKOH;0;20260414;121804;5417;3
LKOH;0;20260414;121813;5417;90
LKOH;0;20260414;121814;5417;5
LKOH;0;20260414;121814;5417;5
LKOH;0;20260414;121824;5417;1
LKOH;0;20260414;121824;5417;25
LKOH;0;20260414;121825;5417;1
LKOH;0;20260414;121825;5417;2
LKOH;0;20260414;121839;5417;250
LKOH;0;20260414;121840;5417;2097
LKOH;0;20260414;121840;5417;7
LKOH;0;20260414;121840;5417;1
LKOH;0;20260414;121840;5417;2
LKOH;0;20260414;121840;5417;50
LKOH;0;20260414;121840;5417;1
LKOH;0;20260414;121840;5417;1
LKOH;0;20260414;121840;5417;1
LKOH;0;20260414;121840;5417;36
LKOH;0;20260414;121840;5417;252
LKOH;0;20260414;121840;5417;1
LKOH;0;20260414;121840;5417;1
LKOH;0;20260414;121840;5417;9
LKOH;0;20260414;121840;5417;1
LKOH;0;20260414;121840;5417;2
LKOH;0;20260414;121840;5417;1
LKOH;0;20260414;121840;5417;2
LKOH;0;20260414;121840;5417;2
LKOH;0;20260414;121840;5416.5;1
LKOH;0;20260414;121840;5416.5;2
LKOH;0;20260414;121840;5416.5;1
LKOH;0;20260414;121840;5416.5;13
LKOH;0;20260414;121840;5416.5;27
LKOH;0;20260414;121840;5416;10
LKOH;0;20260414;121840;5416;1
LKOH;0;20260414;121840;5416;2
LKOH;0;20260414;121840;5416;2
LKOH;0;20260414;121840;5416;1
LKOH;0;20260414;121840;5415.5;17
LKOH;0;20260414;121840;5415.5;1
LKOH;0;20260414;121840;5415.5;27
LKOH;0;20260414;121840;5416;80
LKOH;0;20260414;121840;5416.5;62
LKOH;0;20260414;121840;5417;30
LKOH;0;20260414;121840;5417;25
LKOH;0;20260414;121840;5417;28
LKOH;0;20260414;121840;5415;14
LKOH;0;20260414;121840;5415;14
LKOH;0;20260414;121840;5415;1
LKOH;0;20260414;121841;5415.5;1
LKOH;0;20260414;121841;5415;71
LKOH;0;20260414;121841;5415;1
LKOH;0;20260414;121841;5415;52
LKOH;0;20260414;121841;5415;3
LKOH;0;20260414;121841;5415;27
LKOH;0;20260414;121841;5415;23
LKOH;0;20260414;121841;5415;1
LKOH;0;20260414;121841;5415;1
LKOH;0;20260414;121841;5415;130
LKOH;0;20260414;121841;5415;25
LKOH;0;20260414;121841;5415;25
LKOH;0;20260414;121841;5415;25
LKOH;0;20260414;121841;5415;25
LKOH;0;20260414;121841;5415;22
LKOH;0;20260414;121841;5415;1
LKOH;0;20260414;121841;5415;2
LKOH;0;20260414;121841;5415;30
LKOH;0;20260414;121841;5415;50
LKOH;0;20260414;121841;5415;35
LKOH;0;20260414;121841;5415;1
LKOH;0;20260414;121842;5415;1
LKOH;0;20260414;121842;5415;1
LKOH;0;20260414;121842;5415;1
LKOH;0;20260414;121842;5415;13
LKOH;0;20260414;121842;5415;13
LKOH;0;20260414;121844;5415;105
LKOH;0;20260414;121844;5414.5;50
LKOH;0;20260414;121844;5414.5;2
LKOH;0;20260414;121844;5414;10
LKOH;0;20260414;121844;5414;2
LKOH;0;20260414;121844;5414;1
LKOH;0;20260414;121844;5414;1
LKOH;0;20260414;121844;5413.5;1
LKOH;0;20260414;121844;5413.5;2
LKOH;0;20260414;121844;5413.5;1
LKOH;0;20260414;121844;5413;2
LKOH;0;20260414;121844;5413;1
LKOH;0;20260414;121844;5413;1
LKOH;0;20260414;121844;5413;2
LKOH;0;20260414;121844;5413;9
LKOH;0;20260414;121844;5413;100
LKOH;0;20260414;121844;5412.5;1
LKOH;0;20260414;121844;5412.5;11
LKOH;0;20260414;121844;5412.5;1
LKOH;0;20260414;121844;5412.5;1
LKOH;0;20260414;121844;5412.5;1
LKOH;0;20260414;121844;5412.5;60
LKOH;0;20260414;121844;5412;382
LKOH;0;20260414;121844;5412;2
LKOH;0;20260414;121844;5412;1
LKOH;0;20260414;121844;5412;1
LKOH;0;20260414;121844;5412;2
LKOH;0;20260414;121844;5412;100
LKOH;0;20260414;121844;5412;1
LKOH;0;20260414;121844;5412;1
LKOH;0;20260414;121844;5412;60
LKOH;0;20260414;121844;5415;25
LKOH;0;20260414;121844;5415;30
LKOH;0;20260414;121844;5415;20
LKOH;0;20260414;121844;5415;20
LKOH;0;20260414;121844;5415;120
LKOH;0;20260414;121844;5415;24
LKOH;0;20260414;121844;5415;13
LKOH;0;20260414;121845;5412.5;21
LKOH;0;20260414;121845;5412.5;89
LKOH;0;20260414;121845;5412.5;2
LKOH;0;20260414;121845;5412.5;51
LKOH;0;20260414;121845;5412.5;51
LKOH;0;20260414;121846;5412.5;17
LKOH;0;20260414;121846;5412.5;18
LKOH;0;20260414;121847;5412;2
LKOH;0;20260414;121847;5412;2
LKOH;0;20260414;121847;5412;10
LKOH;0;20260414;121848;5412;1
LKOH;0;20260414;121848;5412;1
LKOH;0;20260414;121851;5412;5
LKOH;0;20260414;121853;5412.5;1
LKOH;0;20260414;121854;5412;19
LKOH;0;20260414;121855;5412;1
LKOH;0;20260414;121855;5412;2
LKOH;0;20260414;121902;5412.5;1
LKOH;0;20260414;121904;5412;75
LKOH;0;20260414;121904;5412;18
LKOH;0;20260414;121904;5412;44
LKOH;0;20260414;121905;5412;8
LKOH;0;20260414;121905;5412;1
LKOH;0;20260414;121905;5412;7
LKOH;0;20260414;121908;5412.5;1
LKOH;0;20260414;121908;5412.5;2
LKOH;0;20260414;121916;5412;1
LKOH;0;20260414;121916;5412;44
LKOH;0;20260414;121917;5412;2
LKOH;0;20260414;121917;5412;3
LKOH;0;20260414;121917;5412;6
LKOH;0;20260414;121918;5412.5;1
LKOH;0;20260414;121922;5412.5;1
LKOH;0;20260414;121922;5412.5;3
LKOH;0;20260414;121924;5412;20
LKOH;0;20260414;121925;5412.5;20
LKOH;0;20260414;121925;5412;2
LKOH;0;20260414;121925;5412;2
LKOH;0;20260414;121926;5412;1
LKOH;0;20260414;121926;5412;1
LKOH;0;20260414;121927;5412.5;1
LKOH;0;20260414;121932;5412.5;1
LKOH;0;20260414;121944;5412;7
LKOH;0;20260414;121951;5412;5
LKOH;0;20260414;122000;5412;7
LKOH;0;20260414;122000;5412;2
LKOH;0;20260414;122000;5412;1
LKOH;0;20260414;122000;5412;1
LKOH;0;20260414;122000;5412;8
LKOH;0;20260414;122001;5412;1
LKOH;0;20260414;122001;5412;1
LKOH;0;20260414;122004;5412;6
LKOH;0;20260414;122005;5412;1
LKOH;0;20260414;122005;5412;1
LKOH;0;20260414;122013;5412.5;1
LKOH;0;20260414;122020;5412.5;17
LKOH;0;20260414;122020;5412.5;1
LKOH;0;20260414;122020;5412.5;10
LKOH;0;20260414;122020;5412.5;1
LKOH;0;20260414;122020;5412.5;692
LKOH;0;20260414;122020;5412.5;8
LKOH;0;20260414;122020;5412.5;8
LKOH;0;20260414;122020;5412.5;1
LKOH;0;20260414;122020;5412.5;13
LKOH;0;20260414;122020;5413;1
LKOH;0;20260414;122020;5413;8
LKOH;0;20260414;122020;5413;8
LKOH;0;20260414;122020;5413;8
LKOH;0;20260414;122020;5413;8
LKOH;0;20260414;122020;5413;216
LKOH;0;20260414;122021;5412.5;7
LKOH;0;20260414;122021;5412.5;30
LKOH;0;20260414;122021;5412.5;18
LKOH;0;20260414;122021;5412.5;32
LKOH;0;20260414;122021;5412.5;7
LKOH;0;20260414;122021;5412.5;17
LKOH;0;20260414;122021;5412.5;33
LKOH;0;20260414;122021;5412.5;13
LKOH;0;20260414;122021;5412.5;4
LKOH;0;20260414;122022;5412.5;3
LKOH;0;20260414;122022;5412.5;3
LKOH;0;20260414;122024;5412.5;65
LKOH;0;20260414;122024;5412.5;27
LKOH;0;20260414;122024;5412.5;30
LKOH;0;20260414;122024;5412.5;38
LKOH;0;20260414;122024;5412.5;11
LKOH;0;20260414;122024;5412;27
LKOH;0;20260414;122024;5412;95
LKOH;0;20260414;122025;5412;5
LKOH;0;20260414;122025;5412;11
LKOH;0;20260414;122025;5412;16
LKOH;0;20260414;122026;5412.5;1
LKOH;0;20260414;122031;5413;1
LKOH;0;20260414;122032;5413;1
LKOH;0;20260414;122039;5412.5;9
LKOH;0;20260414;122039;5412.5;1
LKOH;0;20260414;122040;5412;1
LKOH;0;20260414;122040;5412;1
LKOH;0;20260414;122042;5412.5;1
LKOH;0;20260414;122042;5413;2
LKOH;0;20260414;122044;5412;77
LKOH;0;20260414;122044;5412;31
LKOH;0;20260414;122044;5412;5
LKOH;0;20260414;122044;5412;4
LKOH;0;20260414;122045;5412;1
LKOH;0;20260414;122045;5412;1
LKOH;0;20260414;122049;5412;1
LKOH;0;20260414;122051;5412;5
LKOH;0;20260414;122052;5412;77
LKOH;0;20260414;122052;5412;1
LKOH;0;20260414;122052;5412;1
LKOH;0;20260414;122053;5412;4
LKOH;0;20260414;122053;5412;4
LKOH;0;20260414;122057;5412.5;1
LKOH;0;20260414;122057;5412.5;2
LKOH;0;20260414;122059;5412;5
LKOH;0;20260414;122102;5412.5;3
LKOH;0;20260414;122102;5412.5;8
LKOH;0;20260414;122102;5412.5;30
LKOH;0;20260414;122102;5412.5;1
LKOH;0;20260414;122102;5412.5;33
LKOH;0;20260414;122102;5412.5;9
LKOH;0;20260414;122102;5412.5;9
LKOH;0;20260414;122102;5412.5;1
LKOH;0;20260414;122102;5413;134
LKOH;0;20260414;122102;5413;3
LKOH;0;20260414;122102;5413;3
LKOH;0;20260414;122102;5413;1
LKOH;0;20260414;122102;5413;8
LKOH;0;20260414;122102;5413;1
LKOH;0;20260414;122102;5413;30
LKOH;0;20260414;122102;5413;5
LKOH;0;20260414;122102;5413;1
LKOH;0;20260414;122102;5413;33
LKOH;0;20260414;122102;5413.5;33
LKOH;0;20260414;122102;5413.5;7
LKOH;0;20260414;122102;5413.5;6
LKOH;0;20260414;122102;5413.5;13
LKOH;0;20260414;122102;5413.5;9
LKOH;0;20260414;122102;5413.5;5
LKOH;0;20260414;122102;5413.5;15
LKOH;0;20260414;122102;5413.5;30
LKOH;0;20260414;122102;5413.5;3
LKOH;0;20260414;122102;5413.5;33
LKOH;0;20260414;122103;5414;8
LKOH;0;20260414;122103;5414;1
LKOH;0;20260414;122103;5414;7
LKOH;0;20260414;122103;5414;8
LKOH;0;20260414;122103;5414;8
LKOH;0;20260414;122103;5414;5
LKOH;0;20260414;122103;5413.5;10
LKOH;0;20260414;122104;5413.5;9
LKOH;0;20260414;122104;5413.5;9
LKOH;0;20260414;122104;5413.5;11
LKOH;0;20260414;122104;5413.5;50
LKOH;0;20260414;122104;5413.5;50
LKOH;0;20260414;122104;5413.5;50
LKOH;0;20260414;122105;5413.5;2
LKOH;0;20260414;122105;5413.5;2
LKOH;0;20260414;122106;5413.5;9
LKOH;0;20260414;122106;5413.5;5
LKOH;0;20260414;122106;5413.5;5
LKOH;0;20260414;122109;5414;33
LKOH;0;20260414;122109;5414;8
LKOH;0;20260414;122109;5415;1
LKOH;0;20260414;122109;5415.5;1
LKOH;0;20260414;122109;5415.5;2
LKOH;0;20260414;122109;5415.5;5
LKOH;0;20260414;122109;5414.5;30
LKOH;0;20260414;122109;5414;2
LKOH;0;20260414;122109;5414;1
LKOH;0;20260414;122109;5414.5;1
LKOH;0;20260414;122109;5414.5;15
LKOH;0;20260414;122109;5414.5;30
LKOH;0;20260414;122109;5414.5;18
LKOH;0;20260414;122109;5414.5;13
LKOH;0;20260414;122110;5414.5;2
LKOH;0;20260414;122110;5414.5;3
LKOH;0;20260414;122111;5415;6
LKOH;0;20260414;122111;5415;6
LKOH;0;20260414;122111;5415.5;8
LKOH;0;20260414;122119;5416.5;1
LKOH;0;20260414;122119;5416.5;1
LKOH;0;20260414;122119;5416.5;17
LKOH;0;20260414;122120;5416.5;2
LKOH;0;20260414;122120;5416.5;2
LKOH;0;20260414;122120;5416.5;9
LKOH;0;20260414;122120;5416.5;9
LKOH;0;20260414;122120;5416.5;3
LKOH;0;20260414;122120;5416.5;34
LKOH;0;20260414;122120;5416.5;22
LKOH;0;20260414;122121;5416.5;4
LKOH;0;20260414;122121;5416.5;4
LKOH;0;20260414;122124;5416.5;30
LKOH;0;20260414;122124;5416.5;49
LKOH;0;20260414;122125;5416.5;4
LKOH;0;20260414;122125;5416.5;5
LKOH;0;20260414;122143;5416;1
LKOH;0;20260414;122144;5416;3
LKOH;0;20260414;122151;5416;6
LKOH;0;20260414;122204;5416;1
LKOH;0;20260414;122209;5416;19
LKOH;0;20260414;122210;5416;1
LKOH;0;20260414;122210;5416;2
LKOH;0;20260414;122212;5416.5;1
LKOH;0;20260414;122219;5416.5;1
LKOH;0;20260414;122219;5416.5;1
LKOH;0;20260414;122219;5417;10
LKOH;0;20260414;122220;5416.5;1
LKOH;0;20260414;122220;5416.5;1
LKOH;0;20260414;122224;5416.5;4
LKOH;0;20260414;122224;5416.5;1
LKOH;0;20260414;122224;5416.5;4
LKOH;0;20260414;122224;5416.5;1
LKOH;0;20260414;122232;5416.5;1
LKOH;0;20260414;122233;5417;1
LKOH;0;20260414;122234;5416.5;6
LKOH;0;20260414;122235;5416.5;1
LKOH;0;20260414;122235;5416.5;1
LKOH;0;20260414;122238;5417;8
LKOH;0;20260414;122238;5417;2
LKOH;0;20260414;122243;5417;10
LKOH;0;20260414;122243;5417;7
LKOH;0;20260414;122243;5417;1
LKOH;0;20260414;122244;5417;1
LKOH;0;20260414;122244;5417;1
LKOH;0;20260414;122244;5417;1
LKOH;0;20260414;122244;5417;1
LKOH;0;20260414;122244;5417;1
LKOH;0;20260414;122244;5417;5
LKOH;0;20260414;122245;5417;5
LKOH;0;20260414;122245;5417;3
LKOH;0;20260414;122245;5417;1
LKOH;0;20260414;122245;5417;1
LKOH;0;20260414;122251;5417.5;2
LKOH;0;20260414;122252;5417;5
LKOH;0;20260414;122257;5417.5;1
LKOH;0;20260414;122303;5417;46
LKOH;0;20260414;122303;5417;1
LKOH;0;20260414;122303;5417;1
LKOH;0;20260414;122303;5416.5;8
LKOH;0;20260414;122303;5416.5;30
LKOH;0;20260414;122303;5416.5;1
LKOH;0;20260414;122303;5416.5;8
LKOH;0;20260414;122303;5416.5;1
LKOH;0;20260414;122303;5416.5;1
LKOH;0;20260414;122303;5416.5;2
LKOH;0;20260414;122303;5416.5;1
LKOH;0;20260414;122303;5416.5;13
LKOH;0;20260414;122303;5416.5;3
LKOH;0;20260414;122303;5416.5;3
LKOH;0;20260414;122303;5416.5;7
LKOH;0;20260414;122303;5416.5;22
LKOH;0;20260414;122303;5416;5
LKOH;0;20260414;122303;5416;1
LKOH;0;20260414;122303;5416;30
LKOH;0;20260414;122303;5416;13
LKOH;0;20260414;122303;5416;3
LKOH;0;20260414;122304;5415.5;12
LKOH;0;20260414;122304;5415.5;16
LKOH;0;20260414;122304;5415.5;12
LKOH;0;20260414;122304;5415.5;12
LKOH;0;20260414;122304;5415.5;18
LKOH;0;20260414;122304;5415.5;46
LKOH;0;20260414;122304;5415.5;4
LKOH;0;20260414;122305;5416;2
LKOH;0;20260414;122305;5415.5;1
LKOH;0;20260414;122305;5415.5;2
LKOH;0;20260414;122306;5415.5;3
LKOH;0;20260414;122306;5415.5;4
LKOH;0;20260414;122312;5415.5;3
LKOH;0;20260414;122322;5415;2
LKOH;0;20260414;122324;5414.5;1
LKOH;0;20260414;122324;5414.5;3
LKOH;0;20260414;122325;5414.5;1
LKOH;0;20260414;122325;5414.5;1
LKOH;0;20260414;122333;5415;1
LKOH;0;20260414;122336;5415;2
LKOH;0;20260414;122340;5414.5;1
LKOH;0;20260414;122340;5414.5;1
LKOH;0;20260414;122340;5414.5;1
LKOH;0;20260414;122344;5414.5;2
LKOH;0;20260414;122352;5414.5;5
LKOH;0;20260414;122402;5415;1
LKOH;0;20260414;122405;5414.5;2
LKOH;0;20260414;122430;5415;1
LKOH;0;20260414;122435;5415;1
LKOH;0;20260414;122436;5414.5;1
LKOH;0;20260414;122436;5414.5;1
LKOH;0;20260414;122437;5415;2
LKOH;0;20260414;122443;5415;3
LKOH;0;20260414;122445;5414.5;1
LKOH;0;20260414;122445;5414.5;1
LKOH;0;20260414;122446;5414.5;1
LKOH;0;20260414;122448;5414.5;5
LKOH;0;20260414;122452;5414;5
LKOH;0;20260414;122453;5414;1
LKOH;0;20260414;122453;5414;1
LKOH;0;20260414;122500;5414.5;1
LKOH;0;20260414;122504;5414;1
LKOH;0;20260414;122505;5414;4
LKOH;0;20260414;122511;5414.5;43
LKOH;0;20260414;122511;5414.5;12
LKOH;0;20260414;122512;5414.5;1
LKOH;0;20260414;122512;5414.5;1
LKOH;0;20260414;122512;5414;3
LKOH;0;20260414;122512;5414;2
LKOH;0;20260414;122516;5414;1
LKOH;0;20260414;122517;5414;1
LKOH;0;20260414;122519;5414;5
LKOH;0;20260414;122522;5414.5;1
LKOH;0;20260414;122525;5414;4
LKOH;0;20260414;122525;5414;2
LKOH;0;20260414;122525;5414;10
LKOH;0;20260414;122525;5414;1
LKOH;0;20260414;122525;5414;1
LKOH;0;20260414;122525;5414;1
LKOH;0;20260414;122525;5414;1
LKOH;0;20260414;122525;5414;1
LKOH;0;20260414;122528;5414.5;2
LKOH;0;20260414;122534;5414.5;1
LKOH;0;20260414;122535;5414.5;47
LKOH;0;20260414;122535;5414.5;1
LKOH;0;20260414;122535;5414.5;1
LKOH;0;20260414;122535;5414.5;29
LKOH;0;20260414;122536;5414;2
LKOH;0;20260414;122536;5414;2
LKOH;0;20260414;122536;5414;5
LKOH;0;20260414;122537;5414.5;1
LKOH;0;20260414;122537;5414.5;1
LKOH;0;20260414;122537;5414.5;1
LKOH;0;20260414;122537;5414.5;1
LKOH;0;20260414;122545;5414.5;25
LKOH;0;20260414;122545;5414.5;1
LKOH;0;20260414;122546;5414.5;1
LKOH;0;20260414;122546;5414.5;1
LKOH;0;20260414;122546;5414.5;1
LKOH;0;20260414;122546;5414.5;1
LKOH;0;20260414;122547;5414;1
LKOH;0;20260414;122552;5414;1
LKOH;0;20260414;122552;5414;2
LKOH;0;20260414;122552;5414;2
LKOH;0;20260414;122605;5414;2
LKOH;0;20260414;122610;5414.5;1
LKOH;0;20260414;122618;5414;3
LKOH;0;20260414;122619;5414;1
LKOH;0;20260414;122620;5414.5;6
LKOH;0;20260414;122621;5414;1
LKOH;0;20260414;122621;5414;1
LKOH;0;20260414;122625;5414;2
LKOH;0;20260414;122625;5414;2
LKOH;0;20260414;122625;5414;1
LKOH;0;20260414;122634;5414;3
LKOH;0;20260414;122637;5414;7
LKOH;0;20260414;122637;5414;1
LKOH;0;20260414;122637;5414;3
LKOH;0;20260414;122638;5414;1
LKOH;0;20260414;122638;5414;1
LKOH;0;20260414;122639;5414.5;1
LKOH;0;20260414;122645;5414;2
LKOH;0;20260414;122645;5414;2
LKOH;0;20260414;122652;5414;5
LKOH;0;20260414;122656;5414.5;2
LKOH;0;20260414;122700;5414.5;3
LKOH;0;20260414;122701;5414;1
LKOH;0;20260414;122701;5414;1
LKOH;0;20260414;122705;5414;3
LKOH;0;20260414;122707;5414;1
LKOH;0;20260414;122712;5414.5;9
LKOH;0;20260414;122714;5414.5;14
LKOH;0;20260414;122714;5414.5;1
LKOH;0;20260414;122714;5414.5;1
LKOH;0;20260414;122714;5415;20
LKOH;0;20260414;122714;5415;6
LKOH;0;20260414;122714;5415;1
LKOH;0;20260414;122714;5415;50
LKOH;0;20260414;122714;5415;1
LKOH;0;20260414;122714;5415;1
LKOH;0;20260414;122714;5415;1
LKOH;0;20260414;122714;5415;32
LKOH;0;20260414;122714;5415;7
LKOH;0;20260414;122714;5415;8
LKOH;0;20260414;122725;5415;38
LKOH;0;20260414;122726;5415;2
LKOH;0;20260414;122726;5415;2
LKOH;0;20260414;122732;5415;1
LKOH;0;20260414;122745;5415;2
LKOH;0;20260414;122752;5415;5
LKOH;0;20260414;122752;5415;19
LKOH;0;20260414;122753;5415.5;1
LKOH;0;20260414;122753;5415;1
LKOH;0;20260414;122753;5415;2
LKOH;0;20260414;122754;5415;2
LKOH;0;20260414;122754;5415.5;100
LKOH;0;20260414;122755;5415;6
LKOH;0;20260414;122755;5415;6
LKOH;0;20260414;122757;5415.5;5
LKOH;0;20260414;122805;5415;36
LKOH;0;20260414;122806;5415;2
LKOH;0;20260414;122806;5415;2
LKOH;0;20260414;122811;5415;1
LKOH;0;20260414;122814;5415.5;13
LKOH;0;20260414;122815;5415;1
LKOH;0;20260414;122815;5415;1
LKOH;0;20260414;122819;5415;10
LKOH;0;20260414;122825;5415;8
LKOH;0;20260414;122826;5415;1
LKOH;0;20260414;122826;5415;1
LKOH;0;20260414;122840;5415.5;1
LKOH;0;20260414;122845;5415;1
LKOH;0;20260414;122846;5415.5;1
LKOH;0;20260414;122852;5415;5
LKOH;0;20260414;122852;5415;2
LKOH;0;20260414;122853;5415;1
LKOH;0;20260414;122859;5415.5;1
LKOH;0;20260414;122903;5415.5;1974
LKOH;0;20260414;122903;5415.5;1
LKOH;0;20260414;122903;5415.5;36
LKOH;0;20260414;122903;5416;48
LKOH;0;20260414;122903;5416.5;1
LKOH;0;20260414;122904;5417;30
LKOH;0;20260414;122904;5417;1
LKOH;0;20260414;122904;5417;30
LKOH;0;20260414;122904;5417;13
LKOH;0;20260414;122904;5417;10
LKOH;0;20260414;122904;5417;18
LKOH;0;20260414;122904;5417;10
LKOH;0;20260414;122904;5417;35
LKOH;0;20260414;122904;5417;65
LKOH;0;20260414;122904;5417;13
LKOH;0;20260414;122905;5417.5;1
LKOH;0;20260414;122905;5417.5;1
LKOH;0;20260414;122905;5417;21
LKOH;0;20260414;122905;5417;11
LKOH;0;20260414;122905;5417;30
LKOH;0;20260414;122905;5417;13
LKOH;0;20260414;122905;5417;26
LKOH;0;20260414;122905;5417;10
LKOH;0;20260414;122905;5416.5;32
LKOH;0;20260414;122905;5416.5;30
LKOH;0;20260414;122905;5416.5;18
LKOH;0;20260414;122905;5416.5;41
LKOH;0;20260414;122905;5416.5;29
LKOH;0;20260414;122905;5416.5;3
LKOH;0;20260414;122905;5416.5;1
LKOH;0;20260414;122905;5416.5;3
LKOH;0;20260414;122905;5416.5;2
LKOH;0;20260414;122905;5416.5;19
LKOH;0;20260414;122905;5416.5;1
LKOH;0;20260414;122905;5416;7
LKOH;0;20260414;122905;5416;30
LKOH;0;20260414;122905;5416;36
LKOH;0;20260414;122905;5416;14
LKOH;0;20260414;122905;5416.5;3
LKOH;0;20260414;122905;5416.5;2
LKOH;0;20260414;122906;5416.5;14
LKOH;0;20260414;122906;5416.5;7
LKOH;0;20260414;122906;5416.5;2
LKOH;0;20260414;122906;5416.5;1
LKOH;0;20260414;122906;5416.5;9
LKOH;0;20260414;122906;5416.5;9
LKOH;0;20260414;122937;5417;2
LKOH;0;20260414;122944;5416.5;1
LKOH;0;20260414;122944;5416.5;2
LKOH;0;20260414;122944;5416.5;1
LKOH;0;20260414;122944;5416.5;56
LKOH;0;20260414;122945;5416.5;3
LKOH;0;20260414;122945;5416.5;3
LKOH;0;20260414;122945;5416.5;4
LKOH;0;20260414;122951;5416.5;1
LKOH;0;20260414;122952;5416.5;5
LKOH;0;20260414;122959;5416.5;24
LKOH;0;20260414;122959;5416.5;2
LKOH;0;20260414;122959;5416.5;2
LKOH;0;20260414;123000;5417;1
LKOH;0;20260414;123005;5416.5;1
LKOH;0;20260414;123016;5417;28
LKOH;0;20260414;123017;5416.5;1
LKOH;0;20260414;123017;5416.5;2
LKOH;0;20260414;123018;5416.5;11
LKOH;0;20260414;123021;5416.5;5
LKOH;0;20260414;123021;5416.5;95
LKOH;0;20260414;123022;5416.5;1
LKOH;0;20260414;123022;5416;7
LKOH;0;20260414;123022;5416;5
LKOH;0;20260414;123028;5416.5;5
LKOH;0;20260414;123034;5416.5;8
LKOH;0;20260414;123034;5416.5;7
LKOH;0;20260414;123035;5416;1
LKOH;0;20260414;123035;5416;1
LKOH;0;20260414;123052;5416;5
LKOH;0;20260414;123053;5416;3
LKOH;0;20260414;123058;5416;8
LKOH;0;20260414;123059;5416;1
LKOH;0;20260414;123059;5416;1
LKOH;0;20260414;123106;5416;1
LKOH;0;20260414;123108;5416;1
LKOH;0;20260414;123114;5416.5;1
LKOH;0;20260414;123131;5416.5;1
LKOH;0;20260414;123136;5416.5;2
LKOH;0;20260414;123152;5416;5
LKOH;0;20260414;123157;5416.5;1
LKOH;0;20260414;123202;5416.5;1
LKOH;0;20260414;123203;5416;11
LKOH;0;20260414;123203;5416;5
LKOH;0;20260414;123203;5416;1
LKOH;0;20260414;123203;5416;2
LKOH;0;20260414;123203;5415.5;6
LKOH;0;20260414;123203;5415.5;1
LKOH;0;20260414;123204;5415.5;2
LKOH;0;20260414;123204;5415.5;2
LKOH;0;20260414;123205;5416;2
LKOH;0;20260414;123213;5416;1
LKOH;0;20260414;123226;5416;2
LKOH;0;20260414;123231;5416;1
LKOH;0;20260414;123240;5416;1
LKOH;0;20260414;123252;5416;10
LKOH;0;20260414;123252;5415.5;5
LKOH;0;20260414;123253;5415.5;1
LKOH;0;20260414;123253;5415.5;1
LKOH;0;20260414;123255;5415.5;3
LKOH;0;20260414;123256;5416;1
LKOH;0;20260414;123257;5416;1
LKOH;0;20260414;123309;5416;1
LKOH;0;20260414;123328;5416;1
LKOH;0;20260414;123333;5416;1
LKOH;0;20260414;123339;5416;5
LKOH;0;20260414;123340;5415.5;1
LKOH;0;20260414;123340;5415.5;1
LKOH;0;20260414;123352;5415.5;5
LKOH;0;20260414;123401;5416;3
LKOH;0;20260414;123402;5416;1
LKOH;0;20260414;123404;5415.5;2
LKOH;0;20260414;123417;5415.5;1
LKOH;0;20260414;123424;5416;4
LKOH;0;20260414;123425;5415.5;1
LKOH;0;20260414;123425;5415.5;1
LKOH;0;20260414;123426;5416;1
LKOH;0;20260414;123434;5416;2
LKOH;0;20260414;123435;5416;12
LKOH;0;20260414;123435;5416;6
LKOH;0;20260414;123436;5415.5;1
LKOH;0;20260414;123436;5415.5;1
LKOH;0;20260414;123443;5416;2
LKOH;0;20260414;123447;5415.5;3
LKOH;0;20260414;123452;5415.5;6
LKOH;0;20260414;123454;5415.5;3
LKOH;0;20260414;123455;5416;10
LKOH;0;20260414;123456;5415.5;1
LKOH;0;20260414;123456;5415.5;2
LKOH;0;20260414;123504;5416;1
LKOH;0;20260414;123506;5415.5;1
LKOH;0;20260414;123508;5416;17
LKOH;0;20260414;123508;5416;1
LKOH;0;20260414;123508;5416;52
LKOH;0;20260414;123509;5416;1
LKOH;0;20260414;123509;5415.5;4
LKOH;0;20260414;123509;5415.5;4
LKOH;0;20260414;123511;5416;1
LKOH;0;20260414;123522;5416;2
LKOH;0;20260414;123526;5415.5;5
LKOH;0;20260414;123530;5416;1
LKOH;0;20260414;123542;5416;1
LKOH;0;20260414;123545;5416;3
LKOH;0;20260414;123552;5415.5;5
LKOH;0;20260414;123553;5415.5;1
LKOH;0;20260414;123553;5415.5;1
LKOH;0;20260414;123558;5416;5
LKOH;0;20260414;123602;5415.5;3
LKOH;0;20260414;123605;5416;1
LKOH;0;20260414;123606;5416;1
LKOH;0;20260414;123606;5416;1
LKOH;0;20260414;123610;5416;1
LKOH;0;20260414;123610;5416;1
LKOH;0;20260414;123614;5416;3
LKOH;0;20260414;123624;5415.5;26
LKOH;0;20260414;123624;5415.5;1
LKOH;0;20260414;123624;5415.5;252
LKOH;0;20260414;123624;5415.5;10
LKOH;0;20260414;123624;5415.5;211
LKOH;0;20260414;123624;5415.5;36
LKOH;0;20260414;123624;5415.5;1
LKOH;0;20260414;123624;5415.5;4
LKOH;0;20260414;123625;5415;17
LKOH;0;20260414;123625;5415;17
LKOH;0;20260414;123626;5415;13
LKOH;0;20260414;123626;5415;3
LKOH;0;20260414;123626;5415;1
LKOH;0;20260414;123626;5415;5
LKOH;0;20260414;123626;5415;1
LKOH;0;20260414;123626;5415;3
LKOH;0;20260414;123627;5415;1
LKOH;0;20260414;123627;5415;1
LKOH;0;20260414;123627;5415.5;2
LKOH;0;20260414;123633;5415;1
LKOH;0;20260414;123633;5415.5;1
LKOH;0;20260414;123647;5415.5;1
LKOH;0;20260414;123651;5415.5;1
LKOH;0;20260414;123652;5415;5
LKOH;0;20260414;123657;5415.5;5
LKOH;0;20260414;123712;5415.5;10
LKOH;0;20260414;123713;5415;1
LKOH;0;20260414;123713;5415;1
LKOH;0;20260414;123717;5415.5;4
LKOH;0;20260414;123721;5415;7
LKOH;0;20260414;123721;5415;12
LKOH;0;20260414;123722;5415;1
LKOH;0;20260414;123722;5415;2
LKOH;0;20260414;123723;5415;35
LKOH;0;20260414;123723;5415;86
LKOH;0;20260414;123723;5415;10
LKOH;0;20260414;123723;5415;1
LKOH;0;20260414;123723;5415;10
LKOH;0;20260414;123723;5415;52
LKOH;0;20260414;123724;5415;11
LKOH;0;20260414;123724;5415;11
LKOH;0;20260414;123733;5415.5;2
LKOH;0;20260414;123736;5415.5;3
LKOH;0;20260414;123736;5415;1
LKOH;0;20260414;123743;5415.5;2
LKOH;0;20260414;123745;5415;2
LKOH;0;20260414;123750;5415.5;1
LKOH;0;20260414;123752;5415;3
LKOH;0;20260414;123752;5415;2
LKOH;0;20260414;123757;5415;1
LKOH;0;20260414;123759;5415.5;1
LKOH;0;20260414;123759;5415.5;1
LKOH;0;20260414;123800;5415.5;1
LKOH;0;20260414;123800;5415;1
LKOH;0;20260414;123800;5415;1
LKOH;0;20260414;123802;5415.5;2
LKOH;0;20260414;123806;5415;1
LKOH;0;20260414;123806;5415;2
LKOH;0;20260414;123807;5415.5;1
LKOH;0;20260414;123807;5415.5;9
LKOH;0;20260414;123808;5415;1
LKOH;0;20260414;123809;5415;1
LKOH;0;20260414;123809;5415;1
LKOH;0;20260414;123815;5415;3
LKOH;0;20260414;123831;5415;18
LKOH;0;20260414;123832;5415;1
LKOH;0;20260414;123832;5415;1
LKOH;0;20260414;123846;5415.5;1
LKOH;0;20260414;123850;5415;2
LKOH;0;20260414;123850;5415;13
LKOH;0;20260414;123851;5415;1
LKOH;0;20260414;123851;5415;1
LKOH;0;20260414;123852;5415;5
LKOH;0;20260414;123855;5415.5;4
LKOH;0;20260414;123856;5415.5;1
LKOH;0;20260414;123900;5415.5;1
LKOH;0;20260414;123901;5415;60
LKOH;0;20260414;123902;5415;4
LKOH;0;20260414;123902;5415;4
LKOH;0;20260414;123903;5415;2
LKOH;0;20260414;123908;5415.5;1
LKOH;0;20260414;123910;5415;1
LKOH;0;20260414;123914;5415;1
LKOH;0;20260414;123917;5415;105
LKOH;0;20260414;123918;5415;6
LKOH;0;20260414;123918;5415;6
LKOH;0;20260414;123919;5415;2
LKOH;0;20260414;123922;5415.5;2
LKOH;0;20260414;123932;5415.5;4
LKOH;0;20260414;123932;5415.5;1
LKOH;0;20260414;123933;5415;2
LKOH;0;20260414;123942;5415.5;3
LKOH;0;20260414;123950;5415;1
LKOH;0;20260414;123952;5415;8
LKOH;0;20260414;123952;5415;3
LKOH;0;20260414;123952;5415;5
LKOH;0;20260414;123952;5415;1
LKOH;0;20260414;123952;5415;83
LKOH;0;20260414;123952;5415;30
LKOH;0;20260414;123952;5415;13
LKOH;0;20260414;123952;5415;36
LKOH;0;20260414;123952;5415;18
LKOH;0;20260414;123952;5415;1
LKOH;0;20260414;123952;5415;24
LKOH;0;20260414;123952;5414.5;1
LKOH;0;20260414;123952;5414.5;4
LKOH;0;20260414;123953;5414.5;1
LKOH;0;20260414;123953;5414.5;2
LKOH;0;20260414;123954;5414.5;7
LKOH;0;20260414;123954;5414.5;4
LKOH;0;20260414;123954;5414.5;1
LKOH;0;20260414;123954;5414.5;1
LKOH;0;20260414;123954;5414.5;10
LKOH;0;20260414;124003;5414.5;2
LKOH;0;20260414;124011;5414.5;1
LKOH;0;20260414;124013;5414;2
LKOH;0;20260414;124013;5414;1
LKOH;0;20260414;124016;5414;1
LKOH;0;20260414;124017;5414.5;1
LKOH;0;20260414;124018;5414.5;1
LKOH;0;20260414;124018;5414;1
LKOH;0;20260414;124018;5414;1
LKOH;0;20260414;124033;5414;18
LKOH;0;20260414;124034;5414;1
LKOH;0;20260414;124034;5414;1
LKOH;0;20260414;124034;5414.5;1
LKOH;0;20260414;124045;5414.5;1
LKOH;0;20260414;124048;5414.5;1
LKOH;0;20260414;124049;5414;2
LKOH;0;20260414;124052;5414;17
LKOH;0;20260414;124052;5414;1
LKOH;0;20260414;124052;5414;5
LKOH;0;20260414;124053;5414;1
LKOH;0;20260414;124053;5414;1
LKOH;0;20260414;124055;5414.5;1
LKOH;0;20260414;124058;5414.5;1
LKOH;0;20260414;124107;5414;5
LKOH;0;20260414;124108;5414;1
LKOH;0;20260414;124108;5414;1
LKOH;0;20260414;124113;5414.5;1
LKOH;0;20260414;124119;5414;3
LKOH;0;20260414;124124;5414;6
LKOH;0;20260414;124135;5414.5;1
LKOH;0;20260414;124140;5414;1
LKOH;0;20260414;124145;5414.5;38
LKOH;0;20260414;124145;5414.5;36
LKOH;0;20260414;124145;5414.5;26
LKOH;0;20260414;124146;5414;6
LKOH;0;20260414;124146;5414;6
LKOH;0;20260414;124149;5414;2
LKOH;0;20260414;124153;5414;5
LKOH;0;20260414;124155;5414.5;5
LKOH;0;20260414;124155;5414.5;1
LKOH;0;20260414;124203;5414.5;1
LKOH;0;20260414;124204;5414;1
LKOH;0;20260414;124204;5414;1
LKOH;0;20260414;124209;5414;2
LKOH;0;20260414;124211;5414.5;1
LKOH;0;20260414;124219;5414;3
LKOH;0;20260414;124223;5414.5;2
LKOH;0;20260414;124225;5414.5;1
LKOH;0;20260414;124225;5414.5;1
LKOH;0;20260414;124229;5414.5;1
LKOH;0;20260414;124241;5414;2
LKOH;0;20260414;124243;5414.5;1
LKOH;0;20260414;124249;5414;2
LKOH;0;20260414;124253;5414;5
LKOH;0;20260414;124253;5414;1
LKOH;0;20260414;124253;5414;1
LKOH;0;20260414;124257;5414;4
LKOH;0;20260414;124257;5414;10
LKOH;0;20260414;124308;5414;1
LKOH;0;20260414;124309;5414;1
LKOH;0;20260414;124309;5414;1
LKOH;0;20260414;124311;5414;3
LKOH;0;20260414;124319;5414;3
LKOH;0;20260414;124320;5414.5;1
LKOH;0;20260414;124321;5414;1
LKOH;0;20260414;124321;5414.5;1
LKOH;0;20260414;124324;5414.5;1
LKOH;0;20260414;124331;5414.5;2
LKOH;0;20260414;124340;5414.5;28
LKOH;0;20260414;124340;5414.5;71
LKOH;0;20260414;124340;5414.5;1
LKOH;0;20260414;124341;5414;6
LKOH;0;20260414;124341;5414;6
LKOH;0;20260414;124345;5414.5;2
LKOH;0;20260414;124348;5414.5;1
LKOH;0;20260414;124349;5414;2
LKOH;0;20260414;124353;5414;5
LKOH;0;20260414;124355;5414.5;1
LKOH;0;20260414;124400;5414;13
LKOH;0;20260414;124401;5414;1
LKOH;0;20260414;124401;5414;2
LKOH;0;20260414;124408;5414.5;1
LKOH;0;20260414;124408;5414.5;8
LKOH;0;20260414;124414;5414.5;1
LKOH;0;20260414;124417;5414.5;9
LKOH;0;20260414;124418;5414;1
LKOH;0;20260414;124418;5414;1
LKOH;0;20260414;124419;5414;3
LKOH;0;20260414;124421;5414.5;18
LKOH;0;20260414;124421;5414.5;2
LKOH;0;20260414;124422;5414;1
LKOH;0;20260414;124422;5414;1
LKOH;0;20260414;124423;5414.5;1
LKOH;0;20260414;124431;5414.5;1
LKOH;0;20260414;124432;5414.5;4
LKOH;0;20260414;124433;5414.5;3
LKOH;0;20260414;124436;5414;2
LKOH;0;20260414;124437;5414;1
LKOH;0;20260414;124437;5414;1
LKOH;0;20260414;124441;5414;78
LKOH;0;20260414;124441;5414;10
LKOH;0;20260414;124441;5414;10
LKOH;0;20260414;124441;5414;2
LKOH;0;20260414;124441;5414;18
LKOH;0;20260414;124441;5414;5
LKOH;0;20260414;124441;5414;77
LKOH;0;20260414;124442;5414;11
LKOH;0;20260414;124442;5414;11
LKOH;0;20260414;124443;5414.5;2
LKOH;0;20260414;124449;5414;1
LKOH;0;20260414;124449;5414;1
LKOH;0;20260414;124453;5414;1
LKOH;0;20260414;124453;5414;1
LKOH;0;20260414;124453;5414;3
LKOH;0;20260414;124501;5414.5;1
LKOH;0;20260414;124501;5414.5;10
LKOH;0;20260414;124502;5414;1
LKOH;0;20260414;124502;5414;1
LKOH;0;20260414;124506;5414.5;1
LKOH;0;20260414;124510;5414.5;24
LKOH;0;20260414;124510;5414.5;63
LKOH;0;20260414;124511;5414.5;5
LKOH;0;20260414;124511;5414.5;5
LKOH;0;20260414;124512;5415;3
LKOH;0;20260414;124512;5415;17
LKOH;0;20260414;124512;5415;10
LKOH;0;20260414;124512;5415;9
LKOH;0;20260414;124512;5415;11
LKOH;0;20260414;124512;5415;10
LKOH;0;20260414;124512;5415;20
LKOH;0;20260414;124513;5415;6
LKOH;0;20260414;124513;5415;1
LKOH;0;20260414;124513;5415;3
LKOH;0;20260414;124513;5415;20
LKOH;0;20260414;124513;5415;10
LKOH;0;20260414;124513;5415;20
LKOH;0;20260414;124513;5414.5;30
LKOH;0;20260414;124513;5414.5;1
LKOH;0;20260414;124513;5415;6
LKOH;0;20260414;124513;5415;4
LKOH;0;20260414;124514;5414.5;8
LKOH;0;20260414;124514;5414.5;9
LKOH;0;20260414;124515;5414.5;1
LKOH;0;20260414;124519;5414.5;3
LKOH;0;20260414;124521;5415;1
LKOH;0;20260414;124521;5414.5;1
LKOH;0;20260414;124540;5415;1
LKOH;0;20260414;124549;5414.5;2
LKOH;0;20260414;124550;5414.5;1
LKOH;0;20260414;124550;5414.5;1
LKOH;0;20260414;124553;5414.5;5
LKOH;0;20260414;124601;5415;2
LKOH;0;20260414;124602;5415;1
LKOH;0;20260414;124604;5415;5
LKOH;0;20260414;124610;5415;26
LKOH;0;20260414;124610;5415;24
LKOH;0;20260414;124610;5415;27
LKOH;0;20260414;124610;5415;23
LKOH;0;20260414;124610;5415;15
LKOH;0;20260414;124610;5415;35
LKOH;0;20260414;124610;5415;1
LKOH;0;20260414;124610;5415.5;18
LKOH;0;20260414;124610;5415.5;15
LKOH;0;20260414;124611;5415.5;3
LKOH;0;20260414;124611;5415.5;4
LKOH;0;20260414;124612;5415.5;7
LKOH;0;20260414;124612;5415.5;2
LKOH;0;20260414;124612;5415.5;5
LKOH;0;20260414;124616;5416;1
LKOH;0;20260414;124619;5415.5;3
LKOH;0;20260414;124624;5416;1
LKOH;0;20260414;124635;5415.5;1
LKOH;0;20260414;124638;5415.5;1
LKOH;0;20260414;124640;5416;10
LKOH;0;20260414;124641;5415.5;1
LKOH;0;20260414;124641;5415.5;1
LKOH;0;20260414;124648;5415.5;1
LKOH;0;20260414;124649;5415.5;2
LKOH;0;20260414;124649;5416;1
LKOH;0;20260414;124653;5415.5;5
LKOH;0;20260414;124700;5415.5;1
LKOH;0;20260414;124700;5415.5;6
LKOH;0;20260414;124701;5415.5;1
LKOH;0;20260414;124701;5415.5;1
LKOH;0;20260414;124707;5416;4
LKOH;0;20260414;124710;5416;1
LKOH;0;20260414;124710;5416;10
LKOH;0;20260414;124711;5415.5;1
LKOH;0;20260414;124711;5415.5;1
LKOH;0;20260414;124717;5416;3
LKOH;0;20260414;124718;5416;1
LKOH;0;20260414;124719;5415.5;3
LKOH;0;20260414;124725;5416;1
LKOH;0;20260414;124727;5415.5;1
LKOH;0;20260414;124733;5416;2
LKOH;0;20260414;124749;5415.5;2
LKOH;0;20260414;124751;5416;2
LKOH;0;20260414;124752;5415.5;1
LKOH;0;20260414;124752;5415.5;1
LKOH;0;20260414;124753;5415.5;2
LKOH;0;20260414;124753;5415.5;4
LKOH;0;20260414;124756;5416;33
LKOH;0;20260414;124757;5415.5;2
LKOH;0;20260414;124757;5415.5;2
LKOH;0;20260414;124757;5416;1
LKOH;0;20260414;124803;5416;2
LKOH;0;20260414;124806;5415.5;5
LKOH;0;20260414;124806;5415.5;15
LKOH;0;20260414;124807;5415.5;1
LKOH;0;20260414;124807;5415.5;1
LKOH;0;20260414;124814;5416;1
LKOH;0;20260414;124819;5415.5;1
LKOH;0;20260414;124819;5415.5;1
LKOH;0;20260414;124819;5415.5;1
LKOH;0;20260414;124819;5416;28
LKOH;0;20260414;124819;5416;1
LKOH;0;20260414;124820;5415.5;2
LKOH;0;20260414;124820;5415.5;2
LKOH;0;20260414;124825;5415.5;7
LKOH;0;20260414;124825;5415.5;10
LKOH;0;20260414;124825;5415.5;1
LKOH;0;20260414;124825;5415.5;1
LKOH;0;20260414;124825;5415.5;10
LKOH;0;20260414;124825;5415.5;1
LKOH;0;20260414;124825;5415.5;5
LKOH;0;20260414;124825;5415;18
LKOH;0;20260414;124825;5415;2
LKOH;0;20260414;124825;5415;5
LKOH;0;20260414;124825;5415;2
LKOH;0;20260414;124825;5415;1
LKOH;0;20260414;124825;5415;1
LKOH;0;20260414;124825;5415;1
LKOH;0;20260414;124825;5415;93
LKOH;0;20260414;124826;5415.5;9
LKOH;0;20260414;124826;5415.5;1
LKOH;0;20260414;124826;5415;7
LKOH;0;20260414;124826;5415;1
LKOH;0;20260414;124828;5415.5;1
LKOH;0;20260414;124828;5415.5;2
LKOH;0;20260414;124836;5415.5;1
LKOH;0;20260414;124837;5416;3
LKOH;0;20260414;124837;5416;18
LKOH;0;20260414;124837;5416;5
LKOH;0;20260414;124837;5416;1
LKOH;0;20260414;124837;5416;28
LKOH;0;20260414;124838;5415.5;1
LKOH;0;20260414;124838;5415.5;2
LKOH;0;20260414;124838;5415.5;3
LKOH;0;20260414;124847;5416;1
LKOH;0;20260414;124849;5415.5;2
LKOH;0;20260414;124853;5415.5;3
LKOH;0;20260414;124853;5415.5;2
LKOH;0;20260414;124855;5416;3
LKOH;0;20260414;124858;5415.5;2
LKOH;0;20260414;124859;5415.5;1
LKOH;0;20260414;124859;5415.5;1
LKOH;0;20260414;124901;5416;6
LKOH;0;20260414;124901;5416;4
LKOH;0;20260414;124910;5416;18
LKOH;0;20260414;124911;5415.5;1
LKOH;0;20260414;124911;5415.5;2
LKOH;0;20260414;124912;5416;7
LKOH;0;20260414;124919;5415.5;1
LKOH;0;20260414;124919;5415.5;2
LKOH;0;20260414;124921;5416;30
LKOH;0;20260414;124922;5415.5;2
LKOH;0;20260414;124922;5415.5;2
LKOH;0;20260414;124922;5416;1
LKOH;0;20260414;124933;5415.5;1
LKOH;0;20260414;124942;5415.5;3
LKOH;0;20260414;124942;5415.5;1
LKOH;0;20260414;124942;5415.5;1
LKOH;0;20260414;124942;5415.5;7
LKOH;0;20260414;124943;5416;4
LKOH;0;20260414;124943;5416;2
LKOH;0;20260414;124943;5415.5;1
LKOH;0;20260414;124943;5415.5;1
LKOH;0;20260414;124948;5416;1
LKOH;0;20260414;124949;5416;7
LKOH;0;20260414;124949;5416;18
LKOH;0;20260414;124949;5415.5;1
LKOH;0;20260414;124949;5415.5;1
LKOH;0;20260414;124950;5415.5;2
LKOH;0;20260414;124950;5415.5;1
LKOH;0;20260414;124953;5415.5;5
LKOH;0;20260414;124953;5416;1
LKOH;0;20260414;125003;5416;1
LKOH;0;20260414;125003;5416;8
LKOH;0;20260414;125003;5416;35
LKOH;0;20260414;125003;5416;30
LKOH;0;20260414;125003;5416;18
LKOH;0;20260414;125003;5416;1
LKOH;0;20260414;125003;5416;1
LKOH;0;20260414;125003;5416;6
LKOH;0;20260414;125004;5415.5;6
LKOH;0;20260414;125004;5415.5;4
LKOH;0;20260414;125004;5415.5;1
LKOH;0;20260414;125004;5415;1
LKOH;0;20260414;125019;5415;1
LKOH;0;20260414;125019;5415;2
LKOH;0;20260414;125024;5415;1
LKOH;0;20260414;125024;5415;1
LKOH;0;20260414;125024;5415;1
LKOH;0;20260414;125024;5415;1
LKOH;0;20260414;125024;5415;20
LKOH;0;20260414;125025;5415;1
LKOH;0;20260414;125025;5415;2
LKOH;0;20260414;125038;5415;2
LKOH;0;20260414;125042;5415;2
LKOH;0;20260414;125046;5415.5;1
LKOH;0;20260414;125047;5416;1
LKOH;0;20260414;125049;5415;1
LKOH;0;20260414;125049;5415;1
LKOH;0;20260414;125053;5415;5
LKOH;0;20260414;125054;5415;1
LKOH;0;20260414;125054;5415;1
LKOH;0;20260414;125055;5415.5;1
LKOH;0;20260414;125058;5415;3
LKOH;0;20260414;125059;5415.5;2
LKOH;0;20260414;125101;5415.5;1
LKOH;0;20260414;125107;5415.5;1
LKOH;0;20260414;125119;5415;3
LKOH;0;20260414;125120;5415.5;1
LKOH;0;20260414;125126;5415;3
LKOH;0;20260414;125149;5415.5;1
LKOH;0;20260414;125149;5415.5;1
LKOH;0;20260414;125150;5415.5;1
LKOH;0;20260414;125150;5415.5;1
LKOH;0;20260414;125150;5415.5;1
LKOH;0;20260414;125150;5415;1
LKOH;0;20260414;125153;5415;1
LKOH;0;20260414;125153;5415;1
LKOH;0;20260414;125153;5415;2
LKOH;0;20260414;125153;5415;1
LKOH;0;20260414;125154;5415;1
LKOH;0;20260414;125154;5415;1
LKOH;0;20260414;125155;5415;1
LKOH;0;20260414;125157;5415;1
LKOH;0;20260414;125157;5415;8
LKOH;0;20260414;125157;5415;1
LKOH;0;20260414;125157;5414.5;6
LKOH;0;20260414;125158;5415;1
LKOH;0;20260414;125158;5414.5;2
LKOH;0;20260414;125158;5414.5;1
LKOH;0;20260414;125158;5414.5;1
LKOH;0;20260414;125158;5414.5;2
LKOH;0;20260414;125219;5414.5;3
LKOH;0;20260414;125221;5415;1
LKOH;0;20260414;125221;5415;1
LKOH;0;20260414;125221;5415;1
LKOH;0;20260414;125228;5416;1
LKOH;0;20260414;125243;5416;1
LKOH;0;20260414;125249;5415;2
LKOH;0;20260414;125253;5415;1
LKOH;0;20260414;125253;5415;1
LKOH;0;20260414;125253;5415;3
LKOH;0;20260414;125254;5415;1
LKOH;0;20260414;125254;5415;1
LKOH;0;20260414;125254;5415;1
LKOH;0;20260414;125254;5415;1
LKOH;0;20260414;125304;5415;8
LKOH;0;20260414;125304;5415;1
LKOH;0;20260414;125304;5415;3
LKOH;0;20260414;125304;5415;1
LKOH;0;20260414;125304;5414.5;105
LKOH;0;20260414;125304;5414.5;1
LKOH;0;20260414;125304;5414.5;1
LKOH;0;20260414;125304;5414.5;5
LKOH;0;20260414;125304;5414.5;1
LKOH;0;20260414;125304;5414.5;15
LKOH;0;20260414;125304;5414.5;1
LKOH;0;20260414;125304;5414.5;1
LKOH;0;20260414;125304;5414.5;1
LKOH;0;20260414;125304;5414.5;24
LKOH;0;20260414;125304;5414.5;1
LKOH;0;20260414;125304;5414.5;5
LKOH;0;20260414;125304;5414.5;1
LKOH;0;20260414;125304;5414.5;1
LKOH;0;20260414;125304;5414;1
LKOH;0;20260414;125304;5414;16
LKOH;0;20260414;125304;5414;1
LKOH;0;20260414;125304;5414;10
LKOH;0;20260414;125304;5414;5
LKOH;0;20260414;125304;5414;1
LKOH;0;20260414;125304;5414;5
LKOH;0;20260414;125304;5414;85
LKOH;0;20260414;125305;5414.5;10
LKOH;0;20260414;125305;5414.5;10
LKOH;0;20260414;125305;5414;37
LKOH;0;20260414;125305;5414;18
LKOH;0;20260414;125305;5414;16
LKOH;0;20260414;125305;5414;17
LKOH;0;20260414;125306;5414;2
LKOH;0;20260414;125306;5414;2
LKOH;0;20260414;125306;5414;1
LKOH;0;20260414;125306;5414;2
LKOH;0;20260414;125307;5414;2
LKOH;0;20260414;125307;5414;3
LKOH;0;20260414;125307;5414;2
LKOH;0;20260414;125307;5414;3
LKOH;0;20260414;125307;5414;1
LKOH;0;20260414;125307;5414;1
LKOH;0;20260414;125307;5414;1
LKOH;0;20260414;125307;5414;1
LKOH;0;20260414;125319;5414;3
LKOH;0;20260414;125320;5414;1
LKOH;0;20260414;125326;5414.5;1
LKOH;0;20260414;125326;5414.5;1
LKOH;0;20260414;125327;5414;1
LKOH;0;20260414;125327;5414;1
LKOH;0;20260414;125328;5414.5;1
LKOH;0;20260414;125332;5414.5;1
LKOH;0;20260414;125342;5414.5;4
LKOH;0;20260414;125344;5415;2
LKOH;0;20260414;125345;5414.5;1
LKOH;0;20260414;125345;5414.5;1
LKOH;0;20260414;125345;5414.5;1
LKOH;0;20260414;125345;5414.5;1
LKOH;0;20260414;125347;5414.5;2
LKOH;0;20260414;125349;5414.5;2
LKOH;0;20260414;125353;5414.5;5
LKOH;0;20260414;125354;5414.5;1
LKOH;0;20260414;125354;5414.5;1
LKOH;0;20260414;125409;5414.5;1
LKOH;0;20260414;125413;5415;1
LKOH;0;20260414;125413;5415;30
LKOH;0;20260414;125413;5415;1
LKOH;0;20260414;125413;5414.5;37
LKOH;0;20260414;125413;5414.5;1
LKOH;0;20260414;125413;5414.5;1
LKOH;0;20260414;125413;5414.5;1
LKOH;0;20260414;125413;5414.5;30
LKOH;0;20260414;125413;5414.5;1
LKOH;0;20260414;125413;5414.5;25
LKOH;0;20260414;125413;5414;10
LKOH;0;20260414;125413;5414;1
LKOH;0;20260414;125413;5414;1
LKOH;0;20260414;125413;5414;2
LKOH;0;20260414;125413;5414;5
LKOH;0;20260414;125413;5414;1
LKOH;0;20260414;125413;5414;3
LKOH;0;20260414;125414;5414;19
LKOH;0;20260414;125414;5414;1
LKOH;0;20260414;125414;5414;18
LKOH;0;20260414;125414;5414;4
LKOH;0;20260414;125414;5414;5
LKOH;0;20260414;125414;5414;9
LKOH;0;20260414;125415;5414;1
LKOH;0;20260414;125415;5414;2
LKOH;0;20260414;125415;5414;1
LKOH;0;20260414;125415;5414;1
LKOH;0;20260414;125416;5414;1
LKOH;0;20260414;125416;5414;1
LKOH;0;20260414;125416;5414;1
LKOH;0;20260414;125416;5414;1
LKOH;0;20260414;125418;5414;4
LKOH;0;20260414;125418;5414;10
LKOH;0;20260414;125418;5414;4
LKOH;0;20260414;125419;5413.5;2
LKOH;0;20260414;125419;5413.5;2
LKOH;0;20260414;125419;5413.5;1
LKOH;0;20260414;125419;5413.5;1
LKOH;0;20260414;125419;5413.5;3
LKOH;0;20260414;125419;5414;3
LKOH;0;20260414;125420;5413.5;1
LKOH;0;20260414;125420;5413.5;1
LKOH;0;20260414;125420;5413.5;1
LKOH;0;20260414;125420;5413.5;1
LKOH;0;20260414;125421;5413.5;1
LKOH;0;20260414;125421;5413.5;1
LKOH;0;20260414;125425;5413.5;1
LKOH;0;20260414;125428;5413.5;94
LKOH;0;20260414;125428;5413.5;1
LKOH;0;20260414;125428;5413.5;1
LKOH;0;20260414;125428;5413.5;1
LKOH;0;20260414;125428;5413.5;1
LKOH;0;20260414;125428;5413.5;1
LKOH;0;20260414;125428;5413.5;1
LKOH;0;20260414;125428;5413.5;10
LKOH;0;20260414;125428;5413.5;5
LKOH;0;20260414;125428;5413.5;9
LKOH;0;20260414;125428;5413.5;1
LKOH;0;20260414;125428;5413.5;80
LKOH;0;20260414;125428;5413.5;12
LKOH;0;20260414;125429;5413.5;7
LKOH;0;20260414;125429;5413.5;10
LKOH;0;20260414;125429;5413.5;2
LKOH;0;20260414;125429;5413.5;1
LKOH;0;20260414;125429;5413.5;1
LKOH;0;20260414;125429;5413.5;5
LKOH;0;20260414;125429;5413.5;1
LKOH;0;20260414;125429;5413.5;27
LKOH;0;20260414;125429;5413.5;12
LKOH;0;20260414;125429;5413.5;12
LKOH;0;20260414;125430;5413.5;1
LKOH;0;20260414;125430;5413.5;2
LKOH;0;20260414;125430;5413.5;2
LKOH;0;20260414;125430;5413.5;2
LKOH;0;20260414;125431;5413.5;1
LKOH;0;20260414;125431;5413.5;2
LKOH;0;20260414;125431;5413.5;1
LKOH;0;20260414;125431;5413.5;1
LKOH;0;20260414;125432;5413.5;1
LKOH;0;20260414;125432;5413.5;1
LKOH;0;20260414;125437;5414;1
LKOH;0;20260414;125438;5413.5;2
LKOH;0;20260414;125439;5413.5;1
LKOH;0;20260414;125439;5413.5;1
LKOH;0;20260414;125440;5414;1
LKOH;0;20260414;125443;5414;1
LKOH;0;20260414;125444;5413.5;1
LKOH;0;20260414;125444;5413.5;1
LKOH;0;20260414;125449;5413.5;2
LKOH;0;20260414;125453;5413.5;5
LKOH;0;20260414;125501;5414;1
LKOH;0;20260414;125502;5413.5;1
LKOH;0;20260414;125502;5413.5;1
LKOH;0;20260414;125503;5414;25
LKOH;0;20260414;125504;5414;3
LKOH;0;20260414;125504;5414;3
LKOH;0;20260414;125504;5414;2
LKOH;0;20260414;125504;5414;2
LKOH;0;20260414;125505;5415.5;10
LKOH;0;20260414;125506;5414;1
LKOH;0;20260414;125506;5414;2
LKOH;0;20260414;125506;5414;1
LKOH;0;20260414;125506;5414;1
LKOH;0;20260414;125512;5414;3
LKOH;0;20260414;125513;5414;1
LKOH;0;20260414;125513;5414;1
LKOH;0;20260414;125519;5415.5;1
LKOH;0;20260414;125519;5415;3
LKOH;0;20260414;125525;5415;6
LKOH;0;20260414;125525;5415;1
LKOH;0;20260414;125525;5415;10
LKOH;0;20260414;125525;5415;18
LKOH;0;20260414;125525;5415;149
LKOH;0;20260414;125526;5415;23
LKOH;0;20260414;125526;5415;6
LKOH;0;20260414;125526;5415;18
LKOH;0;20260414;125526;5415;11
LKOH;0;20260414;125526;5415;10
LKOH;0;20260414;125526;5415;1
LKOH;0;20260414;125527;5415.5;18
LKOH;0;20260414;125527;5415;1
LKOH;0;20260414;125527;5415;1
LKOH;0;20260414;125527;5415;1
LKOH;0;20260414;125527;5415;1
LKOH;0;20260414;125527;5415;1
LKOH;0;20260414;125528;5415;1
LKOH;0;20260414;125528;5415;3
LKOH;0;20260414;125528;5415;1
LKOH;0;20260414;125528;5415;4
LKOH;0;20260414;125528;5415;2
LKOH;0;20260414;125528;5415;3
LKOH;0;20260414;125529;5415;1
LKOH;0;20260414;125529;5414.5;1
LKOH;0;20260414;125533;5415.5;1
LKOH;0;20260414;125538;5415;10
LKOH;0;20260414;125538;5414.5;17
LKOH;0;20260414;125538;5414.5;3
LKOH;0;20260414;125538;5414.5;1
LKOH;0;20260414;125538;5414.5;6
LKOH;0;20260414;125538;5414.5;1
LKOH;0;20260414;125538;5414.5;1
LKOH;0;20260414;125538;5414.5;4
LKOH;0;20260414;125538;5414.5;1
LKOH;0;20260414;125538;5414.5;136
LKOH;0;20260414;125539;5414.5;23
LKOH;0;20260414;125539;5414.5;22
LKOH;0;20260414;125539;5414.5;11
LKOH;0;20260414;125539;5414.5;8
LKOH;0;20260414;125539;5414.5;2
LKOH;0;20260414;125540;5414.5;1
LKOH;0;20260414;125540;5414.5;2
LKOH;0;20260414;125540;5414.5;2
LKOH;0;20260414;125540;5414.5;2
LKOH;0;20260414;125541;5414.5;1
LKOH;0;20260414;125541;5414.5;2
LKOH;0;20260414;125541;5414;1
LKOH;0;20260414;125541;5414;1
LKOH;0;20260414;125547;5414.5;1
LKOH;0;20260414;125549;5414.5;2
LKOH;0;20260414;125550;5414.5;1
LKOH;0;20260414;125550;5414.5;1
LKOH;0;20260414;125553;5414.5;5
LKOH;0;20260414;125553;5414.5;5
LKOH;0;20260414;125554;5414.5;1
LKOH;0;20260414;125554;5414.5;1
LKOH;0;20260414;125554;5414;1
LKOH;0;20260414;125554;5414;1
LKOH;0;20260414;125558;5415;2
LKOH;0;20260414;125619;5414.5;3
LKOH;0;20260414;125620;5414.5;1
LKOH;0;20260414;125620;5414.5;1
LKOH;0;20260414;125642;5414.5;5
LKOH;0;20260414;125642;5414.5;1
LKOH;0;20260414;125642;5414.5;1
LKOH;0;20260414;125642;5414;10
LKOH;0;20260414;125642;5414;1
LKOH;0;20260414;125642;5414;2
LKOH;0;20260414;125643;5414;3
LKOH;0;20260414;125643;5414;2
LKOH;0;20260414;125643;5414;2
LKOH;0;20260414;125643;5414;1
LKOH;0;20260414;125645;5414.5;1
LKOH;0;20260414;125645;5414;1
LKOH;0;20260414;125649;5414;2
LKOH;0;20260414;125650;5414;1
LKOH;0;20260414;125650;5414;1
LKOH;0;20260414;125652;5414.5;1
LKOH;0;20260414;125653;5414;2
LKOH;0;20260414;125653;5414;3
LKOH;0;20260414;125654;5414;1
LKOH;0;20260414;125654;5414;1
LKOH;0;20260414;125655;5414;1
LKOH;0;20260414;125655;5414;1
LKOH;0;20260414;125703;5414;1
LKOH;0;20260414;125703;5414;1
LKOH;0;20260414;125703;5414;1
LKOH;0;20260414;125703;5414;10
LKOH;0;20260414;125703;5414;37
LKOH;0;20260414;125704;5414;6
LKOH;0;20260414;125704;5414;6
LKOH;0;20260414;125704;5414;3
LKOH;0;20260414;125704;5414;3
LKOH;0;20260414;125704;5414;1
LKOH;0;20260414;125704;5414.5;1
LKOH;0;20260414;125705;5414;1
LKOH;0;20260414;125705;5414;1
LKOH;0;20260414;125705;5414;30
LKOH;0;20260414;125706;5414;4
LKOH;0;20260414;125706;5414;4
LKOH;0;20260414;125706;5414;2
LKOH;0;20260414;125706;5414;3
LKOH;0;20260414;125719;5414.5;10
LKOH;0;20260414;125719;5414;9
LKOH;0;20260414;125719;5413.5;1
LKOH;0;20260414;125719;5413.5;1
LKOH;0;20260414;125719;5413.5;1
LKOH;0;20260414;125720;5413.5;2
LKOH;0;20260414;125720;5413.5;1
LKOH;0;20260414;125720;5413.5;1
LKOH;0;20260414;125720;5413.5;1
LKOH;0;20260414;125721;5413.5;1
LKOH;0;20260414;125721;5413.5;2
LKOH;0;20260414;125722;5413.5;1
LKOH;0;20260414;125722;5413.5;1
LKOH;0;20260414;125722;5414;29
LKOH;0;20260414;125723;5413.5;1
LKOH;0;20260414;125723;5413.5;3
LKOH;0;20260414;125723;5413.5;1
LKOH;0;20260414;125723;5413.5;2
LKOH;0;20260414;125723;5413.5;2
LKOH;0;20260414;125723;5413.5;1
LKOH;0;20260414;125723;5413.5;1
LKOH;0;20260414;125723;5413.5;1
LKOH;0;20260414;125734;5414;20
LKOH;0;20260414;125734;5414;30
LKOH;0;20260414;125734;5414;10
LKOH;0;20260414;125734;5414;10
LKOH;0;20260414;125735;5413.5;2
LKOH;0;20260414;125735;5413.5;3
LKOH;0;20260414;125735;5414;1
LKOH;0;20260414;125735;5413.5;1
LKOH;0;20260414;125735;5413.5;2
LKOH;0;20260414;125736;5413.5;5
LKOH;0;20260414;125736;5413.5;1
LKOH;0;20260414;125736;5413.5;1
LKOH;0;20260414;125736;5413.5;6
LKOH;0;20260414;125736;5413.5;3
LKOH;0;20260414;125736;5413.5;3
LKOH;0;20260414;125737;5413.5;1
LKOH;0;20260414;125737;5413.5;1
LKOH;0;20260414;125737;5413.5;1
LKOH;0;20260414;125737;5413.5;1
LKOH;0;20260414;125740;5414;21
LKOH;0;20260414;125740;5414;19
LKOH;0;20260414;125740;5414;9
LKOH;0;20260414;125740;5414.5;1
LKOH;0;20260414;125740;5414.5;20
LKOH;0;20260414;125741;5414;3
LKOH;0;20260414;125741;5413.5;5
LKOH;0;20260414;125741;5413.5;3
LKOH;0;20260414;125741;5413.5;2
LKOH;0;20260414;125741;5413.5;3
LKOH;0;20260414;125742;5413.5;3
LKOH;0;20260414;125742;5413.5;4
LKOH;0;20260414;125742;5413.5;1
LKOH;0;20260414;125742;5413.5;2
LKOH;0;20260414;125743;5413.5;1
LKOH;0;20260414;125743;5413.5;1
LKOH;0;20260414;125743;5413.5;1
LKOH;0;20260414;125743;5413.5;1
LKOH;0;20260414;125745;5414;1
LKOH;0;20260414;125749;5414;2
LKOH;0;20260414;125749;5414;2
LKOH;0;20260414;125750;5414;1
LKOH;0;20260414;125750;5414;1
LKOH;0;20260414;125753;5414;5
LKOH;0;20260414;125755;5414.5;1
LKOH;0;20260414;125755;5414;1
LKOH;0;20260414;125755;5414;1
LKOH;0;20260414;125755;5414;1
LKOH;0;20260414;125756;5414;1
LKOH;0;20260414;125756;5414;1
LKOH;0;20260414;125759;5414.5;1
LKOH;0;20260414;125800;5414.5;1
LKOH;0;20260414;125801;5414.5;2
LKOH;0;20260414;125809;5414;1
LKOH;0;20260414;125810;5414;1
LKOH;0;20260414;125810;5414;1
LKOH;0;20260414;125819;5414;3
LKOH;0;20260414;125824;5414.5;2
LKOH;0;20260414;125842;5414;3
LKOH;0;20260414;125843;5414;1
LKOH;0;20260414;125843;5414;1
LKOH;0;20260414;125843;5414;1
LKOH;0;20260414;125843;5414;1
LKOH;0;20260414;125846;5414.5;1
LKOH;0;20260414;125850;5414;2
LKOH;0;20260414;125853;5414;5
LKOH;0;20260414;125854;5414;1
LKOH;0;20260414;125854;5414;1
LKOH;0;20260414;125854;5414;1
LKOH;0;20260414;125855;5414.5;3
LKOH;0;20260414;125857;5414.5;1
LKOH;0;20260414;125914;5414;1
LKOH;0;20260414;125914;5414;10
LKOH;0;20260414;125914;5414;10
LKOH;0;20260414;125914;5414;1
LKOH;0;20260414;125914;5414;5
LKOH;0;20260414;125914;5414;3
LKOH;0;20260414;125914;5413.5;5
LKOH;0;20260414;125915;5413.5;5
LKOH;0;20260414;125915;5413.5;5
LKOH;0;20260414;125915;5413.5;3
LKOH;0;20260414;125915;5413.5;2
LKOH;0;20260414;125920;5413.5;3
LKOH;0;20260414;125920;5413.5;1
LKOH;0;20260414;125920;5413.5;1
LKOH;0;20260414;125921;5413.5;1
LKOH;0;20260414;125921;5413.5;1
LKOH;0;20260414;125925;5413.5;30
LKOH;0;20260414;125925;5413.5;1
LKOH;0;20260414;125925;5413.5;10
LKOH;0;20260414;125925;5413.5;1
LKOH;0;20260414;125925;5413.5;3
LKOH;0;20260414;125925;5413.5;5
LKOH;0;20260414;125925;5413.5;27
LKOH;0;20260414;125925;5413.5;1
LKOH;0;20260414;125925;5413.5;100
LKOH;0;20260414;125925;5413.5;1
LKOH;0;20260414;125925;5413.5;3
LKOH;0;20260414;125925;5413.5;117
LKOH;0;20260414;125925;5413.5;120
LKOH;0;20260414;125925;5413.5;12
LKOH;0;20260414;125925;5413.5;6
LKOH;0;20260414;125925;5413.5;30
LKOH;0;20260414;125925;5413;333
LKOH;0;20260414;125926;5413.5;1
LKOH;0;20260414;125926;5413;100
LKOH;0;20260414;125926;5413;100
LKOH;0;20260414;125926;5413;44
LKOH;0;20260414;125926;5413;45
LKOH;0;20260414;125927;5413;5
LKOH;0;20260414;125927;5413;6
LKOH;0;20260414;125927;5413;6
LKOH;0;20260414;125927;5413;6
LKOH;0;20260414;125928;5413;5
LKOH;0;20260414;125928;5413;6
LKOH;0;20260414;125928;5413;4
LKOH;0;20260414;125928;5413;5
LKOH;0;20260414;125928;5413.5;1
LKOH;0;20260414;125929;5413;1
LKOH;0;20260414;125929;5413;2
LKOH;0;20260414;125929;5413;1
LKOH;0;20260414;125929;5413;1
LKOH;0;20260414;125930;5413;1
LKOH;0;20260414;125930;5413;2
LKOH;0;20260414;125930;5413;1
LKOH;0;20260414;125930;5413;1
LKOH;0;20260414;125932;5413.5;25
LKOH;0;20260414;125932;5413.5;50
LKOH;0;20260414;125932;5414;1
LKOH;0;20260414;125932;5414;12
LKOH;0;20260414;125932;5414;28
LKOH;0;20260414;125932;5414;1
LKOH;0;20260414;125932;5414.5;1
LKOH;0;20260414;125932;5414.5;33
LKOH;0;20260414;125932;5414.5;60
LKOH;0;20260414;125932;5415;8
LKOH;0;20260414;125932;5415;1
LKOH;0;20260414;125932;5415;1
LKOH;0;20260414;125932;5415;60
LKOH;0;20260414;125932;5415;50
LKOH;0;20260414;125932;5415;60
LKOH;0;20260414;125932;5415.5;1
LKOH;0;20260414;125932;5415.5;1
LKOH;0;20260414;125932;5415.5;30
LKOH;0;20260414;125932;5415.5;60
LKOH;0;20260414;125932;5416;1
LKOH;0;20260414;125932;5416;4
LKOH;0;20260414;125932;5416;30
LKOH;0;20260414;125932;5416;20
LKOH;0;20260414;125932;5416.5;10
LKOH;0;20260414;125932;5416.5;52
LKOH;0;20260414;125933;5413.5;1
LKOH;0;20260414;125933;5413;75
LKOH;0;20260414;125933;5413.5;30
LKOH;0;20260414;125933;5413;44
LKOH;0;20260414;125933;5413.5;1
LKOH;0;20260414;125933;5413.5;25
LKOH;0;20260414;125933;5413;33
LKOH;0;20260414;125933;5413.5;4
LKOH;0;20260414;125933;5413.5;8
LKOH;0;20260414;125933;5413.5;3
LKOH;0;20260414;125934;5413.5;4
LKOH;0;20260414;125934;5413.5;5
LKOH;0;20260414;125934;5413.5;1
LKOH;0;20260414;125934;5413.5;1
LKOH;0;20260414;125934;5413;8
LKOH;0;20260414;125934;5413;6
LKOH;0;20260414;125935;5413;1
LKOH;0;20260414;125935;5413;1
LKOH;0;20260414;125935;5413;1
LKOH;0;20260414;125935;5413;1
LKOH;0;20260414;125936;5413;1
LKOH;0;20260414;125936;5413;2
LKOH;0;20260414;125944;5414;22
LKOH;0;20260414;125944;5414.5;11
LKOH;0;20260414;125944;5414.5;1
LKOH;0;20260414;125944;5414.5;1
LKOH;0;20260414;125944;5414.5;1
LKOH;0;20260414;125944;5415;8
LKOH;0;20260414;125944;5415;1
LKOH;0;20260414;125944;5415;1
LKOH;0;20260414;125944;5415.5;19
LKOH;0;20260414;125944;5415.5;50
LKOH;0;20260414;125944;5415.5;1
LKOH;0;20260414;125944;5415.5;30
LKOH;0;20260414;125944;5416;39
LKOH;0;20260414;125944;5416;4
LKOH;0;20260414;125945;5414.5;24
LKOH;0;20260414;125945;5414.5;1
LKOH;0;20260414;125945;5414;23
LKOH;0;20260414;125945;5414;11
LKOH;0;20260414;125945;5414;11
LKOH;0;20260414;125946;5414;1
LKOH;0;20260414;125946;5414;2
LKOH;0;20260414;125946;5414;1
LKOH;0;20260414;125946;5414;1
LKOH;0;20260414;125946;5413.5;1
LKOH;0;20260414;125946;5413.5;1
LKOH;0;20260414;125946;5413.5;1
LKOH;0;20260414;125947;5413.5;1
LKOH;0;20260414;125947;5413.5;2
LKOH;0;20260414;125947;5413.5;1
LKOH;0;20260414;125947;5413.5;1
LKOH;0;20260414;125950;5413.5;2
LKOH;0;20260414;125951;5414.5;10
LKOH;0;20260414;125951;5413.5;27
LKOH;0;20260414;125951;5413.5;2
LKOH;0;20260414;125951;5413.5;1
LKOH;0;20260414;125952;5413.5;1
LKOH;0;20260414;125952;5413.5;1
LKOH;0;20260414;125952;5413.5;1
LKOH;0;20260414;125952;5413.5;3
LKOH;0;20260414;125952;5413.5;4
LKOH;0;20260414;125952;5413.5;1
LKOH;0;20260414;125952;5413.5;2
LKOH;0;20260414;125953;5413.5;5
LKOH;0;20260414;125954;5413.5;1
LKOH;0;20260414;125954;5413.5;1
LKOH;0;20260414;125955;5413.5;1
LKOH;0;20260414;125955;5413.5;1
LKOH;0;20260414;125959;5413.5;1
LKOH;0;20260414;130001;5414.5;1
LKOH;0;20260414;130002;5413.5;143
LKOH;0;20260414;130002;5413.5;5
LKOH;0;20260414;130002;5413.5;1
LKOH;0;20260414;130002;5413.5;5
LKOH;0;20260414;130002;5413.5;5
LKOH;0;20260414;130002;5413.5;1
LKOH;0;20260414;130002;5413.5;5
LKOH;0;20260414;130002;5413.5;5
LKOH;0;20260414;130002;5413.5;5
LKOH;0;20260414;130002;5413.5;5
LKOH;0;20260414;130002;5413.5;4
LKOH;0;20260414;130003;5413.5;1
LKOH;0;20260414;130003;5413.5;5
LKOH;0;20260414;130003;5413.5;5
LKOH;0;20260414;130003;5413.5;5
LKOH;0;20260414;130003;5413.5;1
LKOH;0;20260414;130003;5413;23
LKOH;0;20260414;130003;5413;7
LKOH;0;20260414;130003;5413;10
LKOH;0;20260414;130003;5413;10
LKOH;0;20260414;130003;5413;1
LKOH;0;20260414;130004;5413;1
LKOH;0;20260414;130004;5413;2
LKOH;0;20260414;130004;5413;1
LKOH;0;20260414;130004;5413;1
LKOH;0;20260414;130005;5413;1
LKOH;0;20260414;130005;5413;2
LKOH;0;20260414;130005;5413;1
LKOH;0;20260414;130005;5413;2
LKOH;0;20260414;130011;5413;1
LKOH;0;20260414;130012;5413.5;1
LKOH;0;20260414;130014;5413;55
LKOH;0;20260414;130015;5413;7
LKOH;0;20260414;130015;5413;8
LKOH;0;20260414;130015;5413;4
LKOH;0;20260414;130015;5413;4
LKOH;0;20260414;130015;5413;50
LKOH;0;20260414;130016;5413;1
LKOH;0;20260414;130016;5413;1
LKOH;0;20260414;130016;5413;3
LKOH;0;20260414;130016;5413;4
LKOH;0;20260414;130017;5413;6
LKOH;0;20260414;130017;5413;7
LKOH;0;20260414;130017;5413.5;5
LKOH;0;20260414;130018;5413;1
LKOH;0;20260414;130018;5413;2
LKOH;0;20260414;130018;5413;1
LKOH;0;20260414;130018;5413;1
LKOH;0;20260414;130020;5413;3
LKOH;0;20260414;130026;5413.5;4
LKOH;0;20260414;130027;5413;1
LKOH;0;20260414;130027;5413;1
LKOH;0;20260414;130032;5413.5;4
LKOH;0;20260414;130032;5414;1
LKOH;0;20260414;130032;5414;1
LKOH;0;20260414;130032;5414;4
LKOH;0;20260414;130033;5413;1
LKOH;0;20260414;130033;5413;1
LKOH;0;20260414;130033;5413;1
LKOH;0;20260414;130033;5413;1
LKOH;0;20260414;130042;5414;1
LKOH;0;20260414;130042;5414;1
LKOH;0;20260414;130042;5414;17
LKOH;0;20260414;130042;5414;1
LKOH;0;20260414;130043;5413.5;1
LKOH;0;20260414;130043;5413;3
LKOH;0;20260414;130043;5413;2
LKOH;0;20260414;130043;5413;2
LKOH;0;20260414;130043;5413;1
LKOH;0;20260414;130050;5413.5;3
LKOH;0;20260414;130053;5413.5;2
LKOH;0;20260414;130053;5413.5;4
LKOH;0;20260414;130054;5413.5;1
LKOH;0;20260414;130054;5413.5;2
LKOH;0;20260414;130054;5413.5;1
LKOH;0;20260414;130054;5413.5;1
LKOH;0;20260414;130100;5414;1
LKOH;0;20260414;130112;5414;1
LKOH;0;20260414;130112;5414;15
LKOH;0;20260414;130113;5414;2
LKOH;0;20260414;130113;5414;3
LKOH;0;20260414;130113;5414;1
LKOH;0;20260414;130113;5414;1
LKOH;0;20260414;130115;5414.5;4
LKOH;0;20260414;130115;5414.5;1
LKOH;0;20260414;130115;5414.5;3
LKOH;0;20260414;130116;5414.5;1
LKOH;0;20260414;130116;5414.5;4
LKOH;0;20260414;130116;5414.5;5
LKOH;0;20260414;130116;5414.5;1
LKOH;0;20260414;130116;5414.5;1
LKOH;0;20260414;130116;5414.5;1
LKOH;0;20260414;130116;5414.5;1
LKOH;0;20260414;130116;5414.5;2
LKOH;0;20260414;130116;5415;1
LKOH;0;20260414;130116;5415;1
LKOH;0;20260414;130116;5416;2
LKOH;0;20260414;130117;5416;8
LKOH;0;20260414;130117;5416;12
LKOH;0;20260414;130117;5416;21
LKOH;0;20260414;130117;5415;3
LKOH;0;20260414;130117;5415;3
LKOH;0;20260414;130117;5415;2
LKOH;0;20260414;130117;5415;1
LKOH;0;20260414;130118;5415;2
LKOH;0;20260414;130118;5415;3
LKOH;0;20260414;130118;5415;1
LKOH;0;20260414;130118;5415;2
LKOH;0;20260414;130119;5415;1
LKOH;0;20260414;130119;5415;1
LKOH;0;20260414;130120;5415;2
LKOH;0;20260414;130125;5416;1
LKOH;0;20260414;130126;5415;1
LKOH;0;20260414;130126;5415;1
LKOH;0;20260414;130136;5416;1
LKOH;0;20260414;130136;5416;1
LKOH;0;20260414;130150;5415.5;3
LKOH;0;20260414;130151;5415.5;1
LKOH;0;20260414;130151;5415.5;1
LKOH;0;20260414;130154;5415.5;5
LKOH;0;20260414;130202;5416;1
LKOH;0;20260414;130203;5415.5;1
LKOH;0;20260414;130203;5415.5;1
LKOH;0;20260414;130210;5416;1
LKOH;0;20260414;130210;5416;3
LKOH;0;20260414;130210;5416;1
LKOH;0;20260414;130211;5415.5;1
LKOH;0;20260414;130211;5415.5;1
LKOH;0;20260414;130212;5416;25
LKOH;0;20260414;130212;5416;21
LKOH;0;20260414;130212;5416;4
LKOH;0;20260414;130212;5416;4
LKOH;0;20260414;130212;5416;2
LKOH;0;20260414;130212;5416;4
LKOH;0;20260414;130213;5416;1
LKOH;0;20260414;130213;5416;2
LKOH;0;20260414;130213;5416;3
LKOH;0;20260414;130214;5416.5;10
LKOH;0;20260414;130214;5416;1
LKOH;0;20260414;130214;5416;2
LKOH;0;20260414;130214;5416;1
LKOH;0;20260414;130214;5416;1
LKOH;0;20260414;130214;5416;3
LKOH;0;20260414;130214;5416;1
LKOH;0;20260414;130215;5416;1
LKOH;0;20260414;130215;5416;1
LKOH;0;20260414;130215;5416;1
LKOH;0;20260414;130215;5416;2
LKOH;0;20260414;130220;5416;2
LKOH;0;20260414;130221;5416;1
LKOH;0;20260414;130221;5416;1
LKOH;0;20260414;130223;5416.5;3
LKOH;0;20260414;130224;5416;1
LKOH;0;20260414;130224;5416;1
LKOH;0;20260414;130226;5416.5;37
LKOH;0;20260414;130226;5416.5;23
LKOH;0;20260414;130227;5416;8
LKOH;0;20260414;130227;5416;8
LKOH;0;20260414;130227;5416;3
LKOH;0;20260414;130227;5416;3
LKOH;0;20260414;130228;5416;1
LKOH;0;20260414;130228;5416;1
LKOH;0;20260414;130228;5416;1
LKOH;0;20260414;130228;5416;1
LKOH;0;20260414;130229;5416.5;1
LKOH;0;20260414;130229;5416.5;5
LKOH;0;20260414;130230;5416;1
LKOH;0;20260414;130230;5416;1
LKOH;0;20260414;130237;5416;1
LKOH;0;20260414;130238;5416.5;5
LKOH;0;20260414;130238;5417;1
LKOH;0;20260414;130238;5417;8
LKOH;0;20260414;130239;5416.5;1
LKOH;0;20260414;130239;5416.5;1
LKOH;0;20260414;130239;5416.5;1
LKOH;0;20260414;130239;5416.5;2
LKOH;0;20260414;130242;5417;5
LKOH;0;20260414;130243;5417;5
LKOH;0;20260414;130243;5416.5;1
LKOH;0;20260414;130243;5416.5;1
LKOH;0;20260414;130243;5416.5;1
LKOH;0;20260414;130243;5416.5;1
LKOH;0;20260414;130244;5416.5;1
LKOH;0;20260414;130244;5416.5;1
LKOH;0;20260414;130247;5417;47
LKOH;0;20260414;130247;5417;3
LKOH;0;20260414;130247;5417;10
LKOH;0;20260414;130247;5417;6
LKOH;0;20260414;130248;5417;5
LKOH;0;20260414;130248;5417;1
LKOH;0;20260414;130248;5417;3
LKOH;0;20260414;130248;5417;3
LKOH;0;20260414;130249;5417;1
LKOH;0;20260414;130249;5417;2
LKOH;0;20260414;130249;5417;1
LKOH;0;20260414;130249;5417;1
LKOH;0;20260414;130250;5417;1
LKOH;0;20260414;130250;5417;1
LKOH;0;20260414;130250;5417;3
LKOH;0;20260414;130251;5417;1
LKOH;0;20260414;130251;5417;1
LKOH;0;20260414;130251;5417.5;1
LKOH;0;20260414;130252;5417;1
LKOH;0;20260414;130253;5417;1
LKOH;0;20260414;130253;5417;1
LKOH;0;20260414;130254;5417;5
LKOH;0;20260414;130254;5417.5;1
LKOH;0;20260414;130254;5417.5;1
LKOH;0;20260414;130257;5418;1
LKOH;0;20260414;130257;5418;1
LKOH;0;20260414;130257;5418;1
LKOH;0;20260414;130258;5417.5;1
LKOH;0;20260414;130258;5417;1
LKOH;0;20260414;130301;5417.5;1
LKOH;0;20260414;130301;5418;1
LKOH;0;20260414;130301;5418;9
LKOH;0;20260414;130301;5418;7
LKOH;0;20260414;130301;5418;1
LKOH;0;20260414;130301;5418;2
LKOH;0;20260414;130301;5418;2
LKOH;0;20260414;130301;5418;7
LKOH;0;20260414;130301;5418;1
LKOH;0;20260414;130301;5418;1
LKOH;0;20260414;130301;5418.5;1
LKOH;0;20260414;130301;5418.5;1
LKOH;0;20260414;130301;5418.5;5
LKOH;0;20260414;130301;5418.5;1
LKOH;0;20260414;130301;5418.5;3
LKOH;0;20260414;130301;5419;1
LKOH;0;20260414;130301;5418.5;22
LKOH;0;20260414;130301;5418.5;1
LKOH;0;20260414;130302;5418.5;6
LKOH;0;20260414;130302;5418.5;4
LKOH;0;20260414;130302;5418.5;2
LKOH;0;20260414;130302;5418.5;2
LKOH;0;20260414;130302;5418.5;1
LKOH;0;20260414;130302;5418.5;1
LKOH;0;20260414;130302;5418.5;1
LKOH;0;20260414;130302;5418.5;3
LKOH;0;20260414;130302;5418.5;4
LKOH;0;20260414;130302;5418.5;4
LKOH;0;20260414;130302;5418.5;9
LKOH;0;20260414;130302;5418.5;9
LKOH;0;20260414;130302;5418.5;4
LKOH;0;20260414;130302;5418.5;4
LKOH;0;20260414;130302;5418;4
LKOH;0;20260414;130302;5418.5;30
LKOH;0;20260414;130303;5418;2
LKOH;0;20260414;130303;5418;2
LKOH;0;20260414;130303;5418;10
LKOH;0;20260414;130303;5418;11
LKOH;0;20260414;130303;5418.5;3
LKOH;0;20260414;130303;5418.5;17
LKOH;0;20260414;130303;5418.5;20
LKOH;0;20260414;130303;5418.5;1
LKOH;0;20260414;130304;5418;4
LKOH;0;20260414;130304;5418;5
LKOH;0;20260414;130304;5418;4
LKOH;0;20260414;130304;5418;5
LKOH;0;20260414;130304;5418;3
LKOH;0;20260414;130304;5418;3
LKOH;0;20260414;130305;5418;6
LKOH;0;20260414;130305;5418;6
LKOH;0;20260414;130305;5418.5;10
LKOH;0;20260414;130305;5418;1
LKOH;0;20260414;130305;5418;1
LKOH;0;20260414;130306;5418;1
LKOH;0;20260414;130306;5418;1
LKOH;0;20260414;130306;5418;1
LKOH;0;20260414;130306;5418;1
LKOH;0;20260414;130307;5418;1
LKOH;0;20260414;130307;5418;2
LKOH;0;20260414;130307;5418.5;9
LKOH;0;20260414;130307;5418.5;1
LKOH;0;20260414;130308;5418;1
LKOH;0;20260414;130308;5418;2
LKOH;0;20260414;130308;5418;1
LKOH;0;20260414;130308;5418;1
LKOH;0;20260414;130308;5418.5;1
LKOH;0;20260414;130313;5418.5;9
LKOH;0;20260414;130314;5418;1
LKOH;0;20260414;130314;5418;2
LKOH;0;20260414;130314;5418;1
LKOH;0;20260414;130314;5418;1
LKOH;0;20260414;130314;5418.5;1
LKOH;0;20260414;130320;5417;1
LKOH;0;20260414;130320;5417;1
LKOH;0;20260414;130324;5417.5;1
LKOH;0;20260414;130324;5417.5;3
LKOH;0;20260414;130324;5417.5;1
LKOH;0;20260414;130325;5417;1
LKOH;0;20260414;130325;5417;1
LKOH;0;20260414;130327;5417.5;3
LKOH;0;20260414;130342;5417.5;6
LKOH;0;20260414;130342;5418;1
LKOH;0;20260414;130342;5418.5;5
LKOH;0;20260414;130343;5418;1
LKOH;0;20260414;130343;5418;2
LKOH;0;20260414;130343;5418;1
LKOH;0;20260414;130343;5418;1
LKOH;0;20260414;130344;5418;1
LKOH;0;20260414;130344;5418;1
LKOH;0;20260414;130348;5418;19
LKOH;0;20260414;130348;5418;2
LKOH;0;20260414;130348;5418;2
LKOH;0;20260414;130349;5418;1
LKOH;0;20260414;130349;5418;2
LKOH;0;20260414;130350;5418;3
LKOH;0;20260414;130351;5418;1
LKOH;0;20260414;130351;5418;1
LKOH;0;20260414;130352;5418.5;3
LKOH;0;20260414;130352;5418.5;30
LKOH;0;20260414;130353;5418;4
LKOH;0;20260414;130353;5418;4
LKOH;0;20260414;130353;5418;2
LKOH;0;20260414;130353;5418;3
LKOH;0;20260414;130354;5418;4
LKOH;0;20260414;130354;5418;5
LKOH;0;20260414;130354;5418;1
LKOH;0;20260414;130354;5418;1
LKOH;0;20260414;130355;5418;1
LKOH;0;20260414;130355;5418;1
LKOH;0;20260414;130355;5418;1
LKOH;0;20260414;130355;5418;1
LKOH;0;20260414;130405;5418.5;20
LKOH;0;20260414;130405;5418.5;6
LKOH;0;20260414;130405;5418.5;37
LKOH;0;20260414;130405;5418.5;18
LKOH;0;20260414;130405;5418.5;57
LKOH;0;20260414;130405;5418.5;6
LKOH;0;20260414;130405;5418.5;4
LKOH;0;20260414;130405;5418.5;29
LKOH;0;20260414;130405;5418.5;1
LKOH;0;20260414;130405;5418.5;10
LKOH;0;20260414;130405;5418.5;9
LKOH;0;20260414;130405;5418.5;3
LKOH;0;20260414;130406;5418;25
LKOH;0;20260414;130406;5418;2
LKOH;0;20260414;130406;5418;23
LKOH;0;20260414;130406;5418;11
LKOH;0;20260414;130406;5418;12
LKOH;0;20260414;130407;5418.5;1
LKOH;0;20260414;130407;5418;1
LKOH;0;20260414;130407;5418;2
LKOH;0;20260414;130407;5418;1
LKOH;0;20260414;130407;5418;2
LKOH;0;20260414;130408;5418;1
LKOH;0;20260414;130408;5418;2
LKOH;0;20260414;130408;5418;1
LKOH;0;20260414;130408;5418;1
LKOH;0;20260414;130411;5418.5;29
LKOH;0;20260414;130411;5418.5;1
LKOH;0;20260414;130412;5418;18
LKOH;0;20260414;130412;5418;4
LKOH;0;20260414;130412;5418;5
LKOH;0;20260414;130412;5418;2
LKOH;0;20260414;130412;5418;2
LKOH;0;20260414;130413;5418;2
LKOH;0;20260414;130413;5418;2
LKOH;0;20260414;130413;5418;1
LKOH;0;20260414;130413;5418;1
LKOH;0;20260414;130414;5418;1
LKOH;0;20260414;130414;5418;1
LKOH;0;20260414;130414;5418;1
LKOH;0;20260414;130414;5418;1
LKOH;0;20260414;130418;5418.5;1
LKOH;0;20260414;130418;5418.5;1
LKOH;0;20260414;130420;5418;2
LKOH;0;20260414;130425;5418.5;1
LKOH;0;20260414;130426;5418;1
LKOH;0;20260414;130426;5418;1
LKOH;0;20260414;130427;5418.5;6
LKOH;0;20260414;130433;5418.5;1
LKOH;0;20260414;130445;5418.5;3
LKOH;0;20260414;130446;5418;1
LKOH;0;20260414;130446;5418;1
LKOH;0;20260414;130446;5418;1
LKOH;0;20260414;130446;5418;1
LKOH;0;20260414;130448;5418.5;1
LKOH;0;20260414;130450;5418;3
LKOH;0;20260414;130451;5418;1
LKOH;0;20260414;130451;5418;1
LKOH;0;20260414;130454;5418;5
LKOH;0;20260414;130456;5418.5;1
LKOH;0;20260414;130503;5418;1
LKOH;0;20260414;130504;5418.5;1
LKOH;0;20260414;130505;5418;1
LKOH;0;20260414;130505;5418;1
LKOH;0;20260414;130505;5418;1
LKOH;0;20260414;130505;5418;1
LKOH;0;20260414;130506;5418.5;1
LKOH;0;20260414;130507;5418.5;1
LKOH;0;20260414;130515;5418.5;4
LKOH;0;20260414;130516;5418.5;2
LKOH;0;20260414;130516;5418;1
LKOH;0;20260414;130516;5418;1
LKOH;0;20260414;130520;5418;2
LKOH;0;20260414;130524;5418.5;1
LKOH;0;20260414;130532;5418.5;4
LKOH;0;20260414;130532;5418.5;1
LKOH;0;20260414;130532;5418.5;5
LKOH;0;20260414;130532;5418;1
LKOH;0;20260414;130533;5418;1
LKOH;0;20260414;130533;5418;2
LKOH;0;20260414;130533;5418;1
LKOH;0;20260414;130533;5418;1
LKOH;0;20260414;130540;5418;8
LKOH;0;20260414;130541;5418;1
LKOH;0;20260414;130541;5418;2
LKOH;0;20260414;130541;5418;1
LKOH;0;20260414;130541;5418;1
LKOH;0;20260414;130541;5418.5;1
LKOH;0;20260414;130541;5418.5;2
LKOH;0;20260414;130542;5418.5;6
LKOH;0;20260414;130542;5418.5;5
LKOH;0;20260414;130543;5418;2
LKOH;0;20260414;130543;5418;2
LKOH;0;20260414;130543;5418;1
LKOH;0;20260414;130543;5418;1
LKOH;0;20260414;130549;5418;6
LKOH;0;20260414;130549;5418;1
LKOH;0;20260414;130549;5418;2
LKOH;0;20260414;130549;5418;5
LKOH;0;20260414;130549;5418.5;3
LKOH;0;20260414;130550;5418.5;1
LKOH;0;20260414;130550;5418.5;11
LKOH;0;20260414;130550;5418;3
LKOH;0;20260414;130550;5418;2
LKOH;0;20260414;130550;5418;2
LKOH;0;20260414;130550;5418;1
LKOH;0;20260414;130550;5418;1
LKOH;0;20260414;130551;5418.5;1
LKOH;0;20260414;130551;5418;2
LKOH;0;20260414;130551;5418;3
LKOH;0;20260414;130551;5418;1
LKOH;0;20260414;130551;5418;1
LKOH;0;20260414;130552;5418.5;3
LKOH;0;20260414;130552;5418;1
LKOH;0;20260414;130552;5418;1
LKOH;0;20260414;130554;5418;5
LKOH;0;20260414;130555;5418;1
LKOH;0;20260414;130555;5418;1
LKOH;0;20260414;130557;5418;1
LKOH;0;20260414;130557;5418.5;1
LKOH;0;20260414;130558;5418;1
LKOH;0;20260414;130558;5418;1
LKOH;0;20260414;130558;5418.5;20
LKOH;0;20260414;130559;5418;2
LKOH;0;20260414;130559;5418;3
LKOH;0;20260414;130559;5418;1
LKOH;0;20260414;130559;5418;1
LKOH;0;20260414;130620;5418;2
LKOH;0;20260414;130623;5418.5;1
LKOH;0;20260414;130623;5418;100
LKOH;0;20260414;130624;5418;7
LKOH;0;20260414;130624;5418;6
LKOH;0;20260414;130624;5418;13
LKOH;0;20260414;130624;5418;1
LKOH;0;20260414;130624;5418;1
LKOH;0;20260414;130624;5418;1
LKOH;0;20260414;130624;5418;3
LKOH;0;20260414;130624;5418;6
LKOH;0;20260414;130624;5418.5;1
LKOH;0;20260414;130625;5418;1
LKOH;0;20260414;130625;5418;1
LKOH;0;20260414;130625;5418;1
LKOH;0;20260414;130625;5418;1
LKOH;0;20260414;130626;5418;1
LKOH;0;20260414;130626;5418;1
LKOH;0;20260414;130626;5418;1
LKOH;0;20260414;130626;5418;1
LKOH;0;20260414;130650;5418;3
LKOH;0;20260414;130654;5418;2
LKOH;0;20260414;130654;5418;1
LKOH;0;20260414;130654;5418;1
LKOH;0;20260414;130654;5417.5;1
LKOH;0;20260414;130655;5417.5;1
LKOH;0;20260414;130655;5417.5;1
LKOH;0;20260414;130656;5418;1
LKOH;0;20260414;130703;5417.5;7
LKOH;0;20260414;130703;5417.5;1
LKOH;0;20260414;130704;5417;1
LKOH;0;20260414;130704;5417;2
LKOH;0;20260414;130704;5417;1
LKOH;0;20260414;130704;5417;1
LKOH;0;20260414;130706;5417.5;1
LKOH;0;20260414;130710;5417;3
LKOH;0;20260414;130711;5417.5;5
LKOH;0;20260414;130711;5417.5;1
LKOH;0;20260414;130712;5417;1
LKOH;0;20260414;130712;5417;1
LKOH;0;20260414;130713;5417.5;2
LKOH;0;20260414;130713;5417;1
LKOH;0;20260414;130713;5417;1
LKOH;0;20260414;130714;5417;1
LKOH;0;20260414;130714;5417;1
LKOH;0;20260414;130722;5417;19
LKOH;0;20260414;130722;5417;1
LKOH;0;20260414;130723;5417;2
LKOH;0;20260414;130723;5417;2
LKOH;0;20260414;130723;5417;1
LKOH;0;20260414;130723;5417;1
LKOH;0;20260414;130727;5417.5;1
LKOH;0;20260414;130729;5417.5;13
LKOH;0;20260414;130730;5417;2
LKOH;0;20260414;130730;5417;3
LKOH;0;20260414;130730;5417;1
LKOH;0;20260414;130730;5417;1
LKOH;0;20260414;130730;5417.5;2
LKOH;0;20260414;130737;5417;1
LKOH;0;20260414;130748;5417.5;76
LKOH;0;20260414;130749;5417;10
LKOH;0;20260414;130749;5417;10
LKOH;0;20260414;130749;5417;5
LKOH;0;20260414;130749;5417;5
LKOH;0;20260414;130750;5417.5;2
LKOH;0;20260414;130750;5417;2
LKOH;0;20260414;130750;5417;1
LKOH;0;20260414;130750;5417;1
LKOH;0;20260414;130750;5417;1
LKOH;0;20260414;130750;5417;1
LKOH;0;20260414;130751;5417;1
LKOH;0;20260414;130751;5417;1
LKOH;0;20260414;130753;5417;15
LKOH;0;20260414;130753;5417;142
LKOH;0;20260414;130753;5417;4
LKOH;0;20260414;130753;5417;2
LKOH;0;20260414;130753;5417;4
LKOH;0;20260414;130753;5416.5;5
LKOH;0;20260414;130753;5416.5;1
LKOH;0;20260414;130753;5416.5;5
LKOH;0;20260414;130753;5416.5;3
LKOH;0;20260414;130753;5416.5;1
LKOH;0;20260414;130753;5416;1
LKOH;0;20260414;130753;5416;1
LKOH;0;20260414;130753;5416;5
LKOH;0;20260414;130753;5416;5
LKOH;0;20260414;130753;5416;1
LKOH;0;20260414;130753;5416;100
LKOH;0;20260414;130753;5416;1
LKOH;0;20260414;130753;5415.5;5
LKOH;0;20260414;130753;5415.5;1
LKOH;0;20260414;130753;5415.5;5
LKOH;0;20260414;130753;5415.5;5
LKOH;0;20260414;130753;5415.5;1
LKOH;0;20260414;130753;5415;1
LKOH;0;20260414;130753;5415;5
LKOH;0;20260414;130753;5415;5
LKOH;0;20260414;130753;5415;2
LKOH;0;20260414;130753;5415;5
LKOH;0;20260414;130753;5415;2
LKOH;0;20260414;130753;5415;3
LKOH;0;20260414;130753;5415;7
LKOH;0;20260414;130753;5415;1
LKOH;0;20260414;130753;5415;2
LKOH;0;20260414;130753;5415;4
LKOH;0;20260414;130753;5415;1
LKOH;0;20260414;130753;5415;1
LKOH;0;20260414;130754;5415;2
LKOH;0;20260414;130754;5415;3
LKOH;0;20260414;130754;5415;37
LKOH;0;20260414;130754;5415;6
LKOH;0;20260414;130754;5415;4
LKOH;0;20260414;130754;5415;40
LKOH;0;20260414;130754;5414.5;5
LKOH;0;20260414;130754;5414.5;5
LKOH;0;20260414;130754;5414.5;5
LKOH;0;20260414;130754;5414.5;5
LKOH;0;20260414;130754;5414.5;1
LKOH;0;20260414;130754;5414.5;3
LKOH;0;20260414;130754;5414.5;5
LKOH;0;20260414;130754;5414.5;5
LKOH;0;20260414;130754;5414.5;4
LKOH;0;20260414;130754;5414;2
LKOH;0;20260414;130755;5414;1
LKOH;0;20260414;130755;5414;1
LKOH;0;20260414;130755;5414;1
LKOH;0;20260414;130755;5414;4
LKOH;0;20260414;130755;5414;1
LKOH;0;20260414;130755;5414;4
LKOH;0;20260414;130756;5414;1
LKOH;0;20260414;130756;5414;4
LKOH;0;20260414;130756;5414;1
LKOH;0;20260414;130756;5414;5
LKOH;0;20260414;130757;5414;1
LKOH;0;20260414;130757;5414;1
LKOH;0;20260414;130757;5414;1
LKOH;0;20260414;130757;5414;1
LKOH;0;20260414;130758;5414.5;1
LKOH;0;20260414;130758;5414.5;4
LKOH;0;20260414;130806;5415.5;1
LKOH;0;20260414;130806;5415.5;1
LKOH;0;20260414;130806;5415;1
LKOH;0;20260414;130806;5415;1
LKOH;0;20260414;130816;5415;1
LKOH;0;20260414;130816;5415;1
LKOH;0;20260414;130816;5415;5
LKOH;0;20260414;130816;5415;5
LKOH;0;20260414;130817;5414.5;1
LKOH;0;20260414;130817;5414.5;1
LKOH;0;20260414;130817;5414.5;1
LKOH;0;20260414;130817;5414.5;1
LKOH;0;20260414;130817;5414.5;1
LKOH;0;20260414;130820;5415;1
LKOH;0;20260414;130820;5414.5;1
LKOH;0;20260414;130820;5414.5;1
LKOH;0;20260414;130821;5414;1
LKOH;0;20260414;130825;5415;1
LKOH;0;20260414;130826;5414.5;1
LKOH;0;20260414;130826;5414.5;1
LKOH;0;20260414;130829;5414.5;1
LKOH;0;20260414;130830;5415;86
LKOH;0;20260414;130830;5415;1
LKOH;0;20260414;130830;5415.5;3
LKOH;0;20260414;130830;5415.5;1
LKOH;0;20260414;130830;5415.5;12
LKOH;0;20260414;130830;5416;12
LKOH;0;20260414;130830;5416;1
LKOH;0;20260414;130830;5416;50
LKOH;0;20260414;130830;5416.5;34
LKOH;0;20260414;130831;5415;25
LKOH;0;20260414;130831;5415;16
LKOH;0;20260414;130831;5415;4
LKOH;0;20260414;130831;5415;5
LKOH;0;20260414;130831;5415;12
LKOH;0;20260414;130831;5415;8
LKOH;0;20260414;130831;5414.5;4
LKOH;0;20260414;130832;5414.5;2
LKOH;0;20260414;130832;5414.5;1
LKOH;0;20260414;130832;5414.5;2
LKOH;0;20260414;130832;5414.5;3
LKOH;0;20260414;130833;5414.5;1
LKOH;0;20260414;130833;5414.5;2
LKOH;0;20260414;130834;5415;1
LKOH;0;20260414;130848;5415.5;1
LKOH;0;20260414;130848;5415.5;1
LKOH;0;20260414;130848;5416;1
LKOH;0;20260414;130848;5416;16
LKOH;0;20260414;130848;5416;1
LKOH;0;20260414;130848;5416.5;3
LKOH;0;20260414;130849;5415;1
LKOH;0;20260414;130849;5415;1
LKOH;0;20260414;130849;5415;1
LKOH;0;20260414;130849;5415;2
LKOH;0;20260414;130849;5415;2
LKOH;0;20260414;130849;5415;1
LKOH;0;20260414;130850;5415;3
LKOH;0;20260414;130854;5415;1
LKOH;0;20260414;130854;5415;1
LKOH;0;20260414;130854;5415;2
LKOH;0;20260414;130854;5414.5;1
LKOH;0;20260414;130855;5415;1
LKOH;0;20260414;130855;5415;1
LKOH;0;20260414;130855;5415;1
LKOH;0;20260414;130855;5415;1
LKOH;0;20260414;130908;5415.5;1
LKOH;0;20260414;130915;5416.5;1
LKOH;0;20260414;130917;5417;1
LKOH;0;20260414;130918;5416.5;1
LKOH;0;20260414;130918;5416.5;1
LKOH;0;20260414;130920;5415.5;2
LKOH;0;20260414;130926;5415.5;1
LKOH;0;20260414;130926;5415;1
LKOH;0;20260414;130926;5415;1
LKOH;0;20260414;130926;5415;2
LKOH;0;20260414;130926;5416;1
LKOH;0;20260414;130927;5415;1
LKOH;0;20260414;130927;5415;1
LKOH;0;20260414;130927;5415;1
LKOH;0;20260414;130927;5415;1
LKOH;0;20260414;130931;5415;1
LKOH;0;20260414;130931;5415;1
LKOH;0;20260414;130931;5414.5;8
LKOH;0;20260414;130932;5414.5;1
LKOH;0;20260414;130932;5414.5;2
LKOH;0;20260414;130934;5415;1
LKOH;0;20260414;130939;5416;1
LKOH;0;20260414;130941;5416;1
LKOH;0;20260414;130942;5415;1
LKOH;0;20260414;130942;5415;1
LKOH;0;20260414;130942;5416;6
LKOH;0;20260414;130943;5415;1
LKOH;0;20260414;130943;5415;1
LKOH;0;20260414;130949;5416;1
LKOH;0;20260414;130950;5415;2
LKOH;0;20260414;130950;5415;1
LKOH;0;20260414;130954;5415;1
LKOH;0;20260414;130954;5415;2
LKOH;0;20260414;130954;5415;2
LKOH;0;20260414;130955;5415;2
LKOH;0;20260414;130955;5415;1
LKOH;0;20260414;130956;5415;1
LKOH;0;20260414;130956;5415;1
LKOH;0;20260414;131002;5416;1
LKOH;0;20260414;131014;5416;1
LKOH;0;20260414;131020;5415;1
LKOH;0;20260414;131020;5415;1
LKOH;0;20260414;131028;5416;1
LKOH;0;20260414;131028;5416;2
LKOH;0;20260414;131028;5415;1
LKOH;0;20260414;131028;5415;1
LKOH;0;20260414;131028;5415;1
LKOH;0;20260414;131028;5415;1
LKOH;0;20260414;131028;5415;1
LKOH;0;20260414;131028;5415;15
LKOH;0;20260414;131029;5415;1
LKOH;0;20260414;131029;5415;1
LKOH;0;20260414;131029;5415;2
LKOH;0;20260414;131029;5415;2
LKOH;0;20260414;131029;5415;1
LKOH;0;20260414;131050;5415;2
LKOH;0;20260414;131050;5415;1
LKOH;0;20260414;131051;5415;1
LKOH;0;20260414;131051;5415;1
LKOH;0;20260414;131054;5415;5
LKOH;0;20260414;131114;5415.5;5
LKOH;0;20260414;131114;5415.5;1
LKOH;0;20260414;131114;5415.5;1
LKOH;0;20260414;131114;5415.5;1
LKOH;0;20260414;131114;5416;19
LKOH;0;20260414;131114;5416;1
LKOH;0;20260414;131114;5416;2
LKOH;0;20260414;131114;5416.5;24
LKOH;0;20260414;131114;5416.5;1
LKOH;0;20260414;131114;5416.5;10
LKOH;0;20260414;131114;5417;1
LKOH;0;20260414;131114;5417;24
LKOH;0;20260414;131114;5417;1
LKOH;0;20260414;131114;5417;11
LKOH;0;20260414;131115;5417.5;2
LKOH;0;20260414;131115;5417;13
LKOH;0;20260414;131115;5417;14
LKOH;0;20260414;131115;5417;6
LKOH;0;20260414;131115;5417;7
LKOH;0;20260414;131116;5417;1
LKOH;0;20260414;131116;5417;1
LKOH;0;20260414;131116;5417;1
LKOH;0;20260414;131116;5417;1
LKOH;0;20260414;131116;5417.5;1
LKOH;0;20260414;131116;5417;1
LKOH;0;20260414;131116;5417;1
LKOH;0;20260414;131120;5417;2
LKOH;0;20260414;131121;5417;1
LKOH;0;20260414;131121;5417;1
LKOH;0;20260414;131141;5417.5;1
LKOH;0;20260414;131145;5417.5;2
LKOH;0;20260414;131145;5417;3
LKOH;0;20260414;131146;5417;1
LKOH;0;20260414;131146;5417;1
LKOH;0;20260414;131150;5417.5;2
LKOH;0;20260414;131150;5417;3
LKOH;0;20260414;131151;5417;1
LKOH;0;20260414;131151;5417;1
LKOH;0;20260414;131154;5417;5
LKOH;0;20260414;131155;5417;1
LKOH;0;20260414;131155;5417;1
LKOH;0;20260414;131156;5417;1
LKOH;0;20260414;131156;5417;1
LKOH;0;20260414;131203;5417.5;1
LKOH;0;20260414;131212;5417;12
LKOH;0;20260414;131213;5417;1
LKOH;0;20260414;131213;5417;2
LKOH;0;20260414;131213;5417;1
LKOH;0;20260414;131213;5417;1
LKOH;0;20260414;131220;5417;2
LKOH;0;20260414;131225;5417.5;1
LKOH;0;20260414;131228;5417.5;57
LKOH;0;20260414;131228;5417.5;2
LKOH;0;20260414;131228;5417.5;10
LKOH;0;20260414;131229;5417.5;9
LKOH;0;20260414;131229;5417.5;9
LKOH;0;20260414;131229;5417.5;4
LKOH;0;20260414;131229;5417.5;4
LKOH;0;20260414;131230;5417.5;1
LKOH;0;20260414;131230;5417.5;1
LKOH;0;20260414;131230;5417.5;1
LKOH;0;20260414;131230;5417.5;1
LKOH;0;20260414;131230;5417.5;1
LKOH;0;20260414;131238;5418;5
LKOH;0;20260414;131239;5417.5;1
LKOH;0;20260414;131239;5417.5;1
LKOH;0;20260414;131248;5418;1
LKOH;0;20260414;131250;5417.5;1
LKOH;0;20260414;131250;5417.5;2
LKOH;0;20260414;131254;5417.5;5
LKOH;0;20260414;131254;5417.5;4
LKOH;0;20260414;131255;5417.5;1
LKOH;0;20260414;131255;5417.5;2
LKOH;0;20260414;131255;5417.5;1
LKOH;0;20260414;131255;5417.5;1
LKOH;0;20260414;131302;5417.5;1
LKOH;0;20260414;131306;5418;11
LKOH;0;20260414;131306;5418;2
LKOH;0;20260414;131306;5418.5;2
LKOH;0;20260414;131306;5418.5;2
LKOH;0;20260414;131306;5418.5;1
LKOH;0;20260414;131306;5418.5;3
LKOH;0;20260414;131306;5419;32
LKOH;0;20260414;131306;5419;76
LKOH;0;20260414;131307;5419;150
LKOH;0;20260414;131307;5419;21
LKOH;0;20260414;131307;5419;2
LKOH;0;20260414;131307;5419;1
LKOH;0;20260414;131307;5419.5;2
LKOH;0;20260414;131307;5419.5;3
LKOH;0;20260414;131307;5419.5;1
LKOH;0;20260414;131307;5419.5;1
LKOH;0;20260414;131307;5420;19
LKOH;0;20260414;131307;5420;2
LKOH;0;20260414;131307;5420;1
LKOH;0;20260414;131307;5420;20
LKOH;0;20260414;131307;5420;100
LKOH;0;20260414;131307;5420;1
LKOH;0;20260414;131307;5421;19
LKOH;0;20260414;131307;5421.5;14
LKOH;0;20260414;131307;5422;4
LKOH;0;20260414;131307;5422;2
LKOH;0;20260414;131307;5422;5
LKOH;0;20260414;131307;5422;3
LKOH;0;20260414;131307;5422;1
LKOH;0;20260414;131307;5422;48
LKOH;0;20260414;131307;5421.5;2
LKOH;0;20260414;131307;5421.5;1
LKOH;0;20260414;131307;5421;5
LKOH;0;20260414;131307;5421;1
LKOH;0;20260414;131307;5421;4
LKOH;0;20260414;131307;5422;2
LKOH;0;20260414;131307;5422;18
LKOH;0;20260414;131307;5422.5;68
LKOH;0;20260414;131307;5422;1
LKOH;0;20260414;131307;5422;1
LKOH;0;20260414;131307;5422;51
LKOH;0;20260414;131307;5422;3
LKOH;0;20260414;131307;5422;2
LKOH;0;20260414;131307;5423;51
LKOH;0;20260414;131307;5423.5;1
LKOH;0;20260414;131307;5423.5;5
LKOH;0;20260414;131307;5423.5;18
LKOH;0;20260414;131307;5423.5;1
LKOH;0;20260414;131307;5423.5;20
LKOH;0;20260414;131307;5422;1
LKOH;0;20260414;131307;5423.5;1
LKOH;0;20260414;131307;5423;15
LKOH;0;20260414;131307;5423;35
LKOH;0;20260414;131307;5423.5;26
LKOH;0;20260414;131307;5423.5;3
LKOH;0;20260414;131307;5423.5;4
LKOH;0;20260414;131307;5423;15
LKOH;0;20260414;131307;5423;36
LKOH;0;20260414;131307;5423.5;25
LKOH;0;20260414;131307;5423.5;16
LKOH;0;20260414;131307;5423.5;2
LKOH;0;20260414;131307;5423.5;2
LKOH;0;20260414;131307;5423.5;14
LKOH;0;20260414;131307;5423.5;10
LKOH;0;20260414;131307;5423.5;6
LKOH;0;20260414;131308;5423;50
LKOH;0;20260414;131308;5423;26
LKOH;0;20260414;131308;5422.5;19
LKOH;0;20260414;131308;5422.5;19
LKOH;0;20260414;131308;5422.5;7
LKOH;0;20260414;131308;5422.5;6
LKOH;0;20260414;131309;5422.5;15
LKOH;0;20260414;131309;5422.5;16
LKOH;0;20260414;131309;5422.5;11
LKOH;0;20260414;131309;5422.5;12
LKOH;0;20260414;131310;5422.5;1
LKOH;0;20260414;131310;5422.5;2
LKOH;0;20260414;131310;5422.5;1
LKOH;0;20260414;131310;5422.5;2
LKOH;0;20260414;131311;5422.5;3
LKOH;0;20260414;131311;5422.5;3
LKOH;0;20260414;131311;5422.5;2
LKOH;0;20260414;131311;5422.5;2
LKOH;0;20260414;131311;5422.5;1
LKOH;0;20260414;131312;5422.5;1
LKOH;0;20260414;131312;5422.5;1
LKOH;0;20260414;131320;5422.5;2
LKOH;0;20260414;131321;5422.5;1
LKOH;0;20260414;131321;5422.5;1
LKOH;0;20260414;131322;5423;8
LKOH;0;20260414;131322;5423;7
LKOH;0;20260414;131322;5423;1
LKOH;0;20260414;131322;5423;8
LKOH;0;20260414;131322;5423;3
LKOH;0;20260414;131322;5423;3
LKOH;0;20260414;131322;5423;15
LKOH;0;20260414;131323;5423;15
LKOH;0;20260414;131323;5422.5;2
LKOH;0;20260414;131323;5423;2
LKOH;0;20260414;131323;5423;13
LKOH;0;20260414;131323;5422.5;1
LKOH;0;20260414;131323;5423;15
LKOH;0;20260414;131323;5423;5
LKOH;0;20260414;131323;5423;5
LKOH;0;20260414;131323;5423;3
LKOH;0;20260414;131323;5423.5;1
LKOH;0;20260414;131323;5423.5;1
LKOH;0;20260414;131324;5423;15
LKOH;0;20260414;131324;5422.5;5
LKOH;0;20260414;131324;5423;15
LKOH;0;20260414;131324;5422.5;2
LKOH;0;20260414;131324;5423;3
LKOH;0;20260414;131324;5423;7
LKOH;0;20260414;131324;5423;4
LKOH;0;20260414;131324;5423.5;1
LKOH;0;20260414;131324;5423;6
LKOH;0;20260414;131324;5423;3
LKOH;0;20260414;131324;5423;6
LKOH;0;20260414;131325;5423;15
LKOH;0;20260414;131325;5423;12
LKOH;0;20260414;131325;5423;1
LKOH;0;20260414;131325;5423;2
LKOH;0;20260414;131325;5423;3
LKOH;0;20260414;131325;5423;12
LKOH;0;20260414;131325;5422.5;1
LKOH;0;20260414;131325;5422.5;4
LKOH;0;20260414;131325;5423;15
LKOH;0;20260414;131326;5423;6
LKOH;0;20260414;131326;5423;5
LKOH;0;20260414;131326;5423;3
LKOH;0;20260414;131326;5423.5;1
LKOH;0;20260414;131326;5423;4
LKOH;0;20260414;131326;5423;2
LKOH;0;20260414;131326;5423.5;1
LKOH;0;20260414;131326;5423.5;8
LKOH;0;20260414;131326;5423.5;15
LKOH;0;20260414;131326;5423;1
LKOH;0;20260414;131326;5423;3
LKOH;0;20260414;131326;5423;2
LKOH;0;20260414;131326;5423.5;10
LKOH;0;20260414;131327;5423;2
LKOH;0;20260414;131327;5423;13
LKOH;0;20260414;131327;5422.5;5
LKOH;0;20260414;131327;5423;15
LKOH;0;20260414;131327;5423;5
LKOH;0;20260414;131327;5423;3
LKOH;0;20260414;131327;5423;5
LKOH;0;20260414;131327;5423.5;2
LKOH;0;20260414;131327;5423;15
LKOH;0;20260414;131328;5422.5;1
LKOH;0;20260414;131328;5423;15
LKOH;0;20260414;131328;5422.5;5
LKOH;0;20260414;131328;5423;3
LKOH;0;20260414;131328;5423;3
LKOH;0;20260414;131328;5423;7
LKOH;0;20260414;131328;5423.5;2
LKOH;0;20260414;131328;5423;7
LKOH;0;20260414;131328;5423.5;1
LKOH;0;20260414;131328;5423.5;7
LKOH;0;20260414;131328;5423;1
LKOH;0;20260414;131328;5423;2
LKOH;0;20260414;131328;5423.5;12
LKOH;0;20260414;131329;5423;1
LKOH;0;20260414;131329;5423;2
LKOH;0;20260414;131329;5423.5;12
LKOH;0;20260414;131329;5423.5;2
LKOH;0;20260414;131329;5423.5;4
LKOH;0;20260414;131329;5423.5;2
LKOH;0;20260414;131329;5424;7
LKOH;0;20260414;131329;5423.5;3
LKOH;0;20260414;131329;5423.5;12
LKOH;0;20260414;131329;5423.5;15
LKOH;0;20260414;131330;5423;2
LKOH;0;20260414;131330;5423.5;6
LKOH;0;20260414;131330;5423.5;3
LKOH;0;20260414;131330;5423.5;6
LKOH;0;20260414;131330;5423.5;2
LKOH;0;20260414;131330;5423.5;4
LKOH;0;20260414;131330;5423.5;9
LKOH;0;20260414;131330;5423;2
LKOH;0;20260414;131330;5423.5;15
LKOH;0;20260414;131330;5423.5;9
LKOH;0;20260414;131330;5423.5;3
LKOH;0;20260414;131330;5423.5;3
LKOH;0;20260414;131331;5423.5;3
LKOH;0;20260414;131331;5423.5;12
LKOH;0;20260414;131331;5423.5;3
LKOH;0;20260414;131331;5423.5;5
LKOH;0;20260414;131331;5424;1
LKOH;0;20260414;131331;5424;5
LKOH;0;20260414;131331;5424;1
LKOH;0;20260414;131331;5423.5;3
LKOH;0;20260414;131331;5423.5;6
LKOH;0;20260414;131331;5424;2
LKOH;0;20260414;131331;5424;4
LKOH;0;20260414;131331;5423.5;3
LKOH;0;20260414;131331;5424;12
LKOH;0;20260414;131332;5423.5;1
LKOH;0;20260414;131332;5423.5;2
LKOH;0;20260414;131332;5423.5;1
LKOH;0;20260414;131332;5424;11
LKOH;0;20260414;131332;5423.5;2
LKOH;0;20260414;131332;5423.5;2
LKOH;0;20260414;131332;5424;10
LKOH;0;20260414;131332;5424;1
LKOH;0;20260414;131332;5424;15
LKOH;0;20260414;131332;5424;3
LKOH;0;20260414;131332;5424;2
LKOH;0;20260414;131332;5424.5;2
LKOH;0;20260414;131332;5424.5;8
LKOH;0;20260414;131333;5424;2
LKOH;0;20260414;131333;5424;3
LKOH;0;20260414;131333;5424;8
LKOH;0;20260414;131333;5424;2
LKOH;0;20260414;131333;5424;6
LKOH;0;20260414;131333;5424;3
LKOH;0;20260414;131333;5424;5
LKOH;0;20260414;131333;5424.5;1
LKOH;0;20260414;131333;5424.5;33
LKOH;0;20260414;131333;5424.5;3
LKOH;0;20260414;131333;5424.5;5
LKOH;0;20260414;131333;5425;18
LKOH;0;20260414;131333;5425;80
LKOH;0;20260414;131333;5425;20
LKOH;0;20260414;131333;5425.5;1
LKOH;0;20260414;131333;5425.5;1
LKOH;0;20260414;131333;5425.5;24
LKOH;0;20260414;131333;5425.5;8
LKOH;0;20260414;131333;5425.5;7
LKOH;0;20260414;131333;5425.5;1
LKOH;0;20260414;131333;5425.5;14
LKOH;0;20260414;131333;5425.5;24
LKOH;0;20260414;131333;5425.5;11
LKOH;0;20260414;131333;5425.5;33
LKOH;0;20260414;131333;5426;5
LKOH;0;20260414;131333;5426;1
LKOH;0;20260414;131333;5426;21
LKOH;0;20260414;131333;5425.5;11
LKOH;0;20260414;131333;5425.5;3
LKOH;0;20260414;131333;5425.5;33
LKOH;0;20260414;131333;5426.5;10
LKOH;0;20260414;131333;5426.5;5
LKOH;0;20260414;131333;5427;5
LKOH;0;20260414;131333;5427;3
LKOH;0;20260414;131333;5427;21
LKOH;0;20260414;131333;5426.5;15
LKOH;0;20260414;131334;5426.5;6
LKOH;0;20260414;131334;5426.5;6
LKOH;0;20260414;131334;5426.5;3
LKOH;0;20260414;131334;5426.5;5
LKOH;0;20260414;131334;5426.5;8
LKOH;0;20260414;131334;5426.5;2
LKOH;0;20260414;131334;5426.5;3
LKOH;0;20260414;131334;5426.5;12
LKOH;0;20260414;131334;5426;9
LKOH;0;20260414;131334;5426.5;8
LKOH;0;20260414;131334;5426.5;7
LKOH;0;20260414;131335;5426;8
LKOH;0;20260414;131335;5426;8
LKOH;0;20260414;131335;5426;3
LKOH;0;20260414;131335;5426;3
LKOH;0;20260414;131336;5426;3
LKOH;0;20260414;131336;5426;4
LKOH;0;20260414;131336;5426;1
LKOH;0;20260414;131336;5426;1
LKOH;0;20260414;131337;5426;1
LKOH;0;20260414;131337;5426;1
LKOH;0;20260414;131337;5426;1
LKOH;0;20260414;131337;5426;1
LKOH;0;20260414;131338;5426.5;1
LKOH;0;20260414;131338;5426.5;2
LKOH;0;20260414;131339;5426;1
LKOH;0;20260414;131342;5426;1
LKOH;0;20260414;131342;5426;6
LKOH;0;20260414;131343;5426;1
LKOH;0;20260414;131343;5426;2
LKOH;0;20260414;131343;5426;1
LKOH;0;20260414;131343;5426;1
LKOH;0;20260414;131347;5423.5;1
LKOH;0;20260414;131348;5424;1
LKOH;0;20260414;131348;5424;1
LKOH;0;20260414;131348;5423.5;3
LKOH;0;20260414;131348;5423.5;11
LKOH;0;20260414;131349;5423;2
LKOH;0;20260414;131349;5422;1
LKOH;0;20260414;131349;5422;1
LKOH;0;20260414;131349;5422;1
LKOH;0;20260414;131349;5422;2
LKOH;0;20260414;131350;5422;3
LKOH;0;20260414;131352;5422;1
LKOH;0;20260414;131352;5422.5;24
LKOH;0;20260414;131353;5422.5;4
LKOH;0;20260414;131353;5422.5;2
LKOH;0;20260414;131353;5422.5;3
LKOH;0;20260414;131353;5422.5;1
LKOH;0;20260414;131354;5422.5;6
LKOH;0;20260414;131355;5422.5;1
LKOH;0;20260414;131355;5422.5;1
LKOH;0;20260414;131355;5422.5;1
LKOH;0;20260414;131355;5422.5;1
LKOH;0;20260414;131358;5423;1
LKOH;0;20260414;131358;5423.5;1
LKOH;0;20260414;131358;5423.5;1
LKOH;0;20260414;131358;5423.5;1
LKOH;0;20260414;131358;5423.5;1
LKOH;0;20260414;131358;5423.5;4
LKOH;0;20260414;131358;5423.5;4
LKOH;0;20260414;131358;5423.5;4
LKOH;0;20260414;131358;5423.5;1
LKOH;0;20260414;131358;5423.5;1
LKOH;0;20260414;131358;5424;1
LKOH;0;20260414;131358;5424;22
LKOH;0;20260414;131358;5424;1
LKOH;0;20260414;131358;5424;7
LKOH;0;20260414;131359;5422.5;2
LKOH;0;20260414;131359;5422.5;1
LKOH;0;20260414;131359;5422.5;3
LKOH;0;20260414;131359;5422.5;7
LKOH;0;20260414;131359;5422;3
LKOH;0;20260414;131359;5422;3
LKOH;0;20260414;131400;5422;1
LKOH;0;20260414;131400;5422;1
LKOH;0;20260414;131404;5422.5;4
LKOH;0;20260414;131404;5422;1
LKOH;0;20260414;131404;5422;1
LKOH;0;20260414;131406;5422;2
LKOH;0;20260414;131407;5421.5;1
LKOH;0;20260414;131407;5421.5;1
LKOH;0;20260414;131411;5422.5;1
LKOH;0;20260414;131411;5422.5;1
LKOH;0;20260414;131411;5422.5;19
LKOH;0;20260414;131412;5422;2
LKOH;0;20260414;131412;5422.5;3
LKOH;0;20260414;131412;5422;2
LKOH;0;20260414;131412;5422;1
LKOH;0;20260414;131412;5422;2
LKOH;0;20260414;131414;5423;1
LKOH;0;20260414;131415;5422;1
LKOH;0;20260414;131415;5422;1
LKOH;0;20260414;131417;5423;9
LKOH;0;20260414;131417;5423;9
LKOH;0;20260414;131417;5423;32
LKOH;0;20260414;131418;5422.5;6
LKOH;0;20260414;131418;5422.5;6
LKOH;0;20260414;131418;5422.5;3
LKOH;0;20260414;131418;5422.5;3
LKOH;0;20260414;131419;5422.5;1
LKOH;0;20260414;131419;5422.5;1
LKOH;0;20260414;131419;5422.5;1
LKOH;0;20260414;131419;5422.5;1
LKOH;0;20260414;131419;5422.5;12
LKOH;0;20260414;131420;5422.5;2
LKOH;0;20260414;131420;5422.5;1
LKOH;0;20260414;131420;5422.5;2
LKOH;0;20260414;131421;5423;1
LKOH;0;20260414;131421;5422.5;1
LKOH;0;20260414;131421;5422.5;1
LKOH;0;20260414;131432;5422;2
LKOH;0;20260414;131433;5422;1
LKOH;0;20260414;131433;5422;1
LKOH;0;20260414;131436;5422;1
LKOH;0;20260414;131447;5422;11
LKOH;0;20260414;131448;5421.5;1
LKOH;0;20260414;131448;5421.5;2
LKOH;0;20260414;131448;5421.5;1
LKOH;0;20260414;131448;5421.5;1
LKOH;0;20260414;131450;5421;3
LKOH;0;20260414;131454;5421;2
LKOH;0;20260414;131454;5421;1
LKOH;0;20260414;131454;5421;2
LKOH;0;20260414;131455;5421.5;1
LKOH;0;20260414;131455;5421;1
LKOH;0;20260414;131455;5421;1
LKOH;0;20260414;131455;5421.5;13
LKOH;0;20260414;131456;5421;2
LKOH;0;20260414;131456;5421;2
LKOH;0;20260414;131456;5421;1
LKOH;0;20260414;131456;5421;2
LKOH;0;20260414;131459;5421.5;1
LKOH;0;20260414;131513;5422;3
LKOH;0;20260414;131513;5422;1
LKOH;0;20260414;131514;5422;1
LKOH;0;20260414;131514;5422;1
LKOH;0;20260414;131519;5423;1
LKOH;0;20260414;131520;5423;25
LKOH;0;20260414;131520;5423;8
LKOH;0;20260414;131520;5423;3
LKOH;0;20260414;131520;5423;14
LKOH;0;20260414;131520;5423;1
LKOH;0;20260414;131520;5423;1
LKOH;0;20260414;131520;5422.5;2
LKOH;0;20260414;131521;5422.5;1
LKOH;0;20260414;131521;5422;2
LKOH;0;20260414;131521;5422;1
LKOH;0;20260414;131521;5422;1
LKOH;0;20260414;131521;5422;2
LKOH;0;20260414;131521;5422;1
LKOH;0;20260414;131521;5422;1
LKOH;0;20260414;131521;5422;1
LKOH;0;20260414;131521;5422;1
LKOH;0;20260414;131521;5422;2
LKOH;0;20260414;131522;5422;1
LKOH;0;20260414;131522;5422;1
LKOH;0;20260414;131522;5421.5;1
LKOH;0;20260414;131522;5421.5;1
LKOH;0;20260414;131522;5421.5;1
LKOH;0;20260414;131522;5421.5;1
LKOH;0;20260414;131536;5423;2
LKOH;0;20260414;131538;5423;2
LKOH;0;20260414;131539;5422.5;1
LKOH;0;20260414;131539;5422;1
LKOH;0;20260414;131540;5423;3
LKOH;0;20260414;131550;5423;1
LKOH;0;20260414;131550;5422.5;1
LKOH;0;20260414;131550;5422;2
LKOH;0;20260414;131551;5422;1
LKOH;0;20260414;131551;5422;1
LKOH;0;20260414;131551;5422;1
LKOH;0;20260414;131551;5422;1
LKOH;0;20260414;131554;5422;1
LKOH;0;20260414;131554;5422;5
LKOH;0;20260414;131555;5422;1
LKOH;0;20260414;131555;5422;1
LKOH;0;20260414;131603;5423;1
LKOH;0;20260414;131604;5423;1
LKOH;0;20260414;131620;5422.5;1
LKOH;0;20260414;131620;5423;7
LKOH;0;20260414;131620;5423;1
LKOH;0;20260414;131620;5423;1
LKOH;0;20260414;131620;5422;2
LKOH;0;20260414;131621;5422;2
LKOH;0;20260414;131621;5422;1
LKOH;0;20260414;131621;5422;1
LKOH;0;20260414;131621;5422;1
LKOH;0;20260414;131626;5423;1
LKOH;0;20260414;131629;5423;1
LKOH;0;20260414;131629;5423;3
LKOH;0;20260414;131629;5423;1
LKOH;0;20260414;131629;5423;1
LKOH;0;20260414;131629;5423;1
LKOH;0;20260414;131650;5423;3
LKOH;0;20260414;131651;5423;1
LKOH;0;20260414;131651;5423;1
LKOH;0;20260414;131654;5423;5
LKOH;0;20260414;131655;5423;1
LKOH;0;20260414;131655;5423;2
LKOH;0;20260414;131700;5423.5;1
LKOH;0;20260414;131702;5423.5;1
LKOH;0;20260414;131702;5423.5;1
LKOH;0;20260414;131702;5423.5;3
LKOH;0;20260414;131703;5423.5;20
LKOH;0;20260414;131704;5423;1
LKOH;0;20260414;131704;5422.5;3
LKOH;0;20260414;131704;5422.5;2
LKOH;0;20260414;131704;5422.5;2
LKOH;0;20260414;131704;5422.5;2
LKOH;0;20260414;131706;5424;14
LKOH;0;20260414;131706;5424;26
LKOH;0;20260414;131707;5424;10
LKOH;0;20260414;131707;5424;1
LKOH;0;20260414;131707;5424;3
LKOH;0;20260414;131707;5424;1
LKOH;0;20260414;131707;5424.5;3
LKOH;0;20260414;131707;5423.5;1
LKOH;0;20260414;131707;5423.5;1
LKOH;0;20260414;131707;5423.5;1
LKOH;0;20260414;131708;5423.5;5
LKOH;0;20260414;131708;5423.5;5
LKOH;0;20260414;131708;5423.5;2
LKOH;0;20260414;131708;5423.5;3
LKOH;0;20260414;131712;5424.5;7
LKOH;0;20260414;131712;5424.5;1
LKOH;0;20260414;131712;5424.5;1
LKOH;0;20260414;131712;5424.5;2
LKOH;0;20260414;131713;5424.5;1
LKOH;0;20260414;131713;5424.5;1
LKOH;0;20260414;131713;5425;2
LKOH;0;20260414;131713;5425;2
LKOH;0;20260414;131713;5425.5;1
LKOH;0;20260414;131713;5425.5;1
LKOH;0;20260414;131713;5425.5;3
LKOH;0;20260414;131713;5425.5;1
LKOH;0;20260414;131713;5425.5;7
LKOH;0;20260414;131713;5425.5;1
LKOH;0;20260414;131714;5425.5;2
LKOH;0;20260414;131714;5425.5;1
LKOH;0;20260414;131714;5425.5;1
LKOH;0;20260414;131715;5425.5;1
LKOH;0;20260414;131715;5425.5;1
LKOH;0;20260414;131718;5426;1
LKOH;0;20260414;131718;5426;17
LKOH;0;20260414;131718;5426;1
LKOH;0;20260414;131718;5426;4
LKOH;0;20260414;131718;5426;3
LKOH;0;20260414;131718;5426;2
LKOH;0;20260414;131718;5426.5;1
LKOH;0;20260414;131718;5426.5;2
LKOH;0;20260414;131718;5426.5;1
LKOH;0;20260414;131718;5426.5;2
LKOH;0;20260414;131718;5427;4
LKOH;0;20260414;131718;5427;29
LKOH;0;20260414;131719;5426;6
LKOH;0;20260414;131719;5426;1
LKOH;0;20260414;131719;5426;1
LKOH;0;20260414;131719;5426;3
LKOH;0;20260414;131719;5426;3
LKOH;0;20260414;131719;5426;2
LKOH;0;20260414;131720;5427;1
LKOH;0;20260414;131721;5426.5;1
LKOH;0;20260414;131721;5427;1
LKOH;0;20260414;131721;5426;2
LKOH;0;20260414;131721;5426;1
LKOH;0;20260414;131722;5427;12
LKOH;0;20260414;131722;5427;22
LKOH;0;20260414;131722;5427;1
LKOH;0;20260414;131722;5427;1
LKOH;0;20260414;131722;5427;19
LKOH;0;20260414;131722;5427;6
LKOH;0;20260414;131722;5426.5;1
LKOH;0;20260414;131722;5426.5;4
LKOH;0;20260414;131722;5426.5;5
LKOH;0;20260414;131723;5426;4
LKOH;0;20260414;131723;5426;3
LKOH;0;20260414;131723;5426;2
LKOH;0;20260414;131723;5426;2
LKOH;0;20260414;131723;5426;3
LKOH;0;20260414;131724;5426;1
LKOH;0;20260414;131724;5426;1
LKOH;0;20260414;131725;5427;25
LKOH;0;20260414;131725;5427;13
LKOH;0;20260414;131725;5427;12
LKOH;0;20260414;131725;5427;1
LKOH;0;20260414;131725;5427;3
LKOH;0;20260414;131725;5427;2
LKOH;0;20260414;131725;5427;3
LKOH;0;20260414;131725;5427.5;2
LKOH;0;20260414;131725;5427.5;2
LKOH;0;20260414;131725;5427.5;4
LKOH;0;20260414;131725;5428;8
LKOH;0;20260414;131725;5428;31
LKOH;0;20260414;131725;5428;19
LKOH;0;20260414;131725;5428;3
LKOH;0;20260414;131725;5428;17
LKOH;0;20260414;131725;5428;16
LKOH;0;20260414;131725;5428;2
LKOH;0;20260414;131725;5428;10
LKOH;0;20260414;131725;5428;10
LKOH;0;20260414;131725;5428;1
LKOH;0;20260414;131726;5428.5;5
LKOH;0;20260414;131726;5428.5;3
LKOH;0;20260414;131726;5428.5;8
LKOH;0;20260414;131726;5428.5;2
LKOH;0;20260414;131726;5428.5;13
LKOH;0;20260414;131726;5428;1
LKOH;0;20260414;131726;5428;1
LKOH;0;20260414;131726;5428;5
LKOH;0;20260414;131726;5428;5
LKOH;0;20260414;131727;5428.5;5
LKOH;0;20260414;131727;5428.5;5
LKOH;0;20260414;131727;5428.5;4
LKOH;0;20260414;131727;5428.5;3
LKOH;0;20260414;131727;5429;10
LKOH;0;20260414;131727;5429;4
LKOH;0;20260414;131727;5429;3
LKOH;0;20260414;131727;5429;50
LKOH;0;20260414;131727;5429;1
LKOH;0;20260414;131727;5429;1
LKOH;0;20260414;131728;5429.5;1
LKOH;0;20260414;131728;5429.5;7
LKOH;0;20260414;131728;5429.5;1
LKOH;0;20260414;131728;5429.5;3
LKOH;0;20260414;131728;5429.5;5
LKOH;0;20260414;131728;5429.5;8
LKOH;0;20260414;131728;5429;10
LKOH;0;20260414;131728;5429;3
LKOH;0;20260414;131728;5429;1
LKOH;0;20260414;131728;5429;1
LKOH;0;20260414;131728;5429.5;24
LKOH;0;20260414;131728;5429.5;24
LKOH;0;20260414;131729;5429;2
LKOH;0;20260414;131729;5429;3
LKOH;0;20260414;131729;5429;6
LKOH;0;20260414;131729;5429;4
LKOH;0;20260414;131729;5429.5;6
LKOH;0;20260414;131729;5429.5;6
LKOH;0;20260414;131729;5429.5;1
LKOH;0;20260414;131729;5429.5;3
LKOH;0;20260414;131729;5429.5;2
LKOH;0;20260414;131729;5430;3
LKOH;0;20260414;131729;5430;2
LKOH;0;20260414;131729;5430;50
LKOH;0;20260414;131729;5430;2
LKOH;0;20260414;131729;5430;7
LKOH;0;20260414;131729;5430;50
LKOH;0;20260414;131730;5429.5;3
LKOH;0;20260414;131730;5429.5;7
LKOH;0;20260414;131730;5429.5;8
LKOH;0;20260414;131731;5429.5;1
LKOH;0;20260414;131731;5429.5;6
LKOH;0;20260414;131731;5429.5;7
LKOH;0;20260414;131731;5429.5;8
LKOH;0;20260414;131731;5429.5;4
LKOH;0;20260414;131731;5429.5;4
LKOH;0;20260414;131731;5429.5;2
LKOH;0;20260414;131732;5429.5;1
LKOH;0;20260414;131732;5429.5;2
LKOH;0;20260414;131732;5429.5;2
LKOH;0;20260414;131732;5429.5;2
LKOH;0;20260414;131734;5429;1
LKOH;0;20260414;131734;5428;15
LKOH;0;20260414;131734;5428;104
LKOH;0;20260414;131735;5428.5;1
LKOH;0;20260414;131735;5428.5;9
LKOH;0;20260414;131735;5428;16
LKOH;0;20260414;131735;5428;7
LKOH;0;20260414;131735;5428;7
LKOH;0;20260414;131735;5428;6
LKOH;0;20260414;131736;5428;1
LKOH;0;20260414;131736;5428;1
LKOH;0;20260414;131736;5428;1
LKOH;0;20260414;131736;5428;1
LKOH;0;20260414;131737;5428;1
LKOH;0;20260414;131737;5428;1
LKOH;0;20260414;131737;5428;1
LKOH;0;20260414;131737;5428;1
LKOH;0;20260414;131737;5428;34
LKOH;0;20260414;131738;5428;4
LKOH;0;20260414;131738;5428;5
LKOH;0;20260414;131738;5428;2
LKOH;0;20260414;131738;5428;2
LKOH;0;20260414;131738;5428;1
LKOH;0;20260414;131740;5427;1
LKOH;0;20260414;131741;5427;1
LKOH;0;20260414;131741;5427;1
LKOH;0;20260414;131746;5427.5;1
LKOH;0;20260414;131746;5427.5;24
LKOH;0;20260414;131746;5427.5;9
LKOH;0;20260414;131746;5427.5;3
LKOH;0;20260414;131746;5427.5;2
LKOH;0;20260414;131746;5427.5;3
LKOH;0;20260414;131746;5427.5;8
LKOH;0;20260414;131746;5427.5;1
LKOH;0;20260414;131746;5427.5;24
LKOH;0;20260414;131747;5427.5;80
LKOH;0;20260414;131747;5428;1
LKOH;0;20260414;131747;5428;5
LKOH;0;20260414;131747;5428;2
LKOH;0;20260414;131747;5428;1
LKOH;0;20260414;131747;5428;33
LKOH;0;20260414;131747;5428;7
LKOH;0;20260414;131747;5428;7
LKOH;0;20260414;131747;5428.5;10
LKOH;0;20260414;131747;5428.5;6
LKOH;0;20260414;131747;5428.5;1
LKOH;0;20260414;131747;5428.5;1
LKOH;0;20260414;131747;5428.5;50
LKOH;0;20260414;131747;5429;7
LKOH;0;20260414;131747;5429;1
LKOH;0;20260414;131747;5429;50
LKOH;0;20260414;131747;5429.5;1
LKOH;0;20260414;131747;5429.5;27
LKOH;0;20260414;131748;5428.5;3
LKOH;0;20260414;131748;5428.5;1
LKOH;0;20260414;131748;5428;41
LKOH;0;20260414;131748;5428;36
LKOH;0;20260414;131748;5428;7
LKOH;0;20260414;131748;5428;7
LKOH;0;20260414;131748;5427;1
LKOH;0;20260414;131748;5427;8
LKOH;0;20260414;131748;5426.5;2
LKOH;0;20260414;131749;5426.5;1
LKOH;0;20260414;131749;5426.5;1
LKOH;0;20260414;131749;5426.5;1
LKOH;0;20260414;131749;5426.5;3
LKOH;0;20260414;131749;5426.5;2
LKOH;0;20260414;131749;5426.5;5
LKOH;0;20260414;131749;5426.5;11
LKOH;0;20260414;131749;5427;1
LKOH;0;20260414;131749;5427;1
LKOH;0;20260414;131749;5427;5
LKOH;0;20260414;131749;5426.5;2
LKOH;0;20260414;131749;5426.5;1
LKOH;0;20260414;131749;5426.5;3
LKOH;0;20260414;131750;5426.5;3
LKOH;0;20260414;131750;5426.5;4
LKOH;0;20260414;131750;5426.5;1
LKOH;0;20260414;131750;5426.5;1
LKOH;0;20260414;131751;5426.5;3
LKOH;0;20260414;131751;5426.5;1
LKOH;0;20260414;131751;5426.5;1
LKOH;0;20260414;131751;5426.5;1
LKOH;0;20260414;131751;5426.5;1
LKOH;0;20260414;131752;5427.5;10
LKOH;0;20260414;131752;5427.5;2
LKOH;0;20260414;131752;5426.5;2
LKOH;0;20260414;131752;5426.5;1
LKOH;0;20260414;131753;5426.5;1
LKOH;0;20260414;131753;5426.5;1
LKOH;0;20260414;131754;5427.5;1
LKOH;0;20260414;131754;5427.5;4
LKOH;0;20260414;131755;5427.5;1
LKOH;0;20260414;131755;5427.5;1
LKOH;0;20260414;131756;5428.5;5
LKOH;0;20260414;131756;5428.5;7
LKOH;0;20260414;131756;5428.5;33
LKOH;0;20260414;131756;5428.5;3
LKOH;0;20260414;131757;5427.5;6
LKOH;0;20260414;131757;5427.5;6
LKOH;0;20260414;131757;5427.5;3
LKOH;0;20260414;131757;5427.5;3
LKOH;0;20260414;131758;5427.5;1
LKOH;0;20260414;131758;5427.5;1
LKOH;0;20260414;131758;5427.5;1
LKOH;0;20260414;131758;5427.5;1
LKOH;0;20260414;131801;5429;1
LKOH;0;20260414;131802;5429;17
LKOH;0;20260414;131802;5430;21
LKOH;0;20260414;131802;5430;29
LKOH;0;20260414;131802;5430;9
LKOH;0;20260414;131802;5430;75
LKOH;0;20260414;131803;5429.5;2
LKOH;0;20260414;131803;5429.5;1
LKOH;0;20260414;131803;5429.5;2
LKOH;0;20260414;131803;5429.5;1
LKOH;0;20260414;131803;5429.5;1
LKOH;0;20260414;131804;5429.5;16
LKOH;0;20260414;131804;5429.5;9
LKOH;0;20260414;131804;5429.5;8
LKOH;0;20260414;131804;5429.5;7
LKOH;0;20260414;131804;5429.5;8
LKOH;0;20260414;131804;5430;2
LKOH;0;20260414;131804;5430;1
LKOH;0;20260414;131805;5430;1
LKOH;0;20260414;131805;5430;1
LKOH;0;20260414;131805;5430;1
LKOH;0;20260414;131805;5430;2
LKOH;0;20260414;131806;5430;1
LKOH;0;20260414;131806;5430;1
LKOH;0;20260414;131809;5430.5;8
LKOH;0;20260414;131809;5430.5;8
LKOH;0;20260414;131809;5430.5;8
LKOH;0;20260414;131809;5430.5;8
LKOH;0;20260414;131809;5430.5;8
LKOH;0;20260414;131809;5430.5;8
LKOH;0;20260414;131809;5430.5;8
LKOH;0;20260414;131809;5430.5;8
LKOH;0;20260414;131809;5430.5;7
LKOH;0;20260414;131809;5431;8
LKOH;0;20260414;131809;5431;8
LKOH;0;20260414;131809;5431;3
LKOH;0;20260414;131809;5431;1
LKOH;0;20260414;131809;5431.5;4
LKOH;0;20260414;131809;5431.5;50
LKOH;0;20260414;131809;5431.5;50
LKOH;0;20260414;131809;5431.5;1
LKOH;0;20260414;131809;5431.5;1
LKOH;0;20260414;131809;5431.5;1
LKOH;0;20260414;131809;5431.5;50
LKOH;0;20260414;131809;5432;8
LKOH;0;20260414;131809;5432;8
LKOH;0;20260414;131809;5432;1
LKOH;0;20260414;131809;5432;5
LKOH;0;20260414;131809;5432;50
LKOH;0;20260414;131809;5432;18
LKOH;0;20260414;131809;5432;1
LKOH;0;20260414;131809;5432;50
LKOH;0;20260414;131809;5432.5;12
LKOH;0;20260414;131809;5432.5;50
LKOH;0;20260414;131809;5432.5;50
LKOH;0;20260414;131809;5432.5;1
LKOH;0;20260414;131809;5432.5;120
LKOH;0;20260414;131809;5432.5;60
LKOH;0;20260414;131809;5432.5;18
LKOH;0;20260414;131809;5433;1
LKOH;0;20260414;131809;5433;2
LKOH;0;20260414;131809;5433;2
LKOH;0;20260414;131809;5433;8
LKOH;0;20260414;131809;5433;8
LKOH;0;20260414;131809;5433;2
LKOH;0;20260414;131809;5433;80
LKOH;0;20260414;131809;5433;20
LKOH;0;20260414;131809;5433;10
LKOH;0;20260414;131809;5433;1
LKOH;0;20260414;131809;5433;100
LKOH;0;20260414;131809;5433;50
LKOH;0;20260414;131809;5433.5;516
LKOH;0;20260414;131809;5432;3
LKOH;0;20260414;131810;5431.5;10
LKOH;0;20260414;131810;5431.5;1
LKOH;0;20260414;131810;5431.5;10
LKOH;0;20260414;131810;5431;188
LKOH;0;20260414;131810;5431;34
LKOH;0;20260414;131810;5431;1
LKOH;0;20260414;131810;5431;1
LKOH;0;20260414;131810;5430.5;131
LKOH;0;20260414;131810;5430.5;83
LKOH;0;20260414;131810;5430.5;8
LKOH;0;20260414;131810;5430;75
LKOH;0;20260414;131811;5430;11
LKOH;0;20260414;131811;5430;10
LKOH;0;20260414;131811;5430;17
LKOH;0;20260414;131811;5430;17
LKOH;0;20260414;131811;5430.5;7
LKOH;0;20260414;131811;5430.5;12
LKOH;0;20260414;131812;5430;10
LKOH;0;20260414;131812;5430;11
LKOH;0;20260414;131812;5430;4
LKOH;0;20260414;131812;5430;5
LKOH;0;20260414;131812;5430;5
LKOH;0;20260414;131812;5429.5;7
LKOH;0;20260414;131812;5429.5;1
LKOH;0;20260414;131813;5429.5;3
LKOH;0;20260414;131813;5429.5;3
LKOH;0;20260414;131813;5429.5;1
LKOH;0;20260414;131813;5429.5;1
LKOH;0;20260414;131813;5429.5;1
LKOH;0;20260414;131813;5429.5;1
LKOH;0;20260414;131814;5429;1
LKOH;0;20260414;131814;5429;1
LKOH;0;20260414;131814;5430;1
LKOH;0;20260414;131814;5430.5;4
LKOH;0;20260414;131814;5430.5;1
LKOH;0;20260414;131814;5430.5;1
LKOH;0;20260414;131814;5430.5;7
LKOH;0;20260414;131814;5430.5;1
LKOH;0;20260414;131815;5429;1
LKOH;0;20260414;131815;5429;1
LKOH;0;20260414;131815;5429;1
LKOH;0;20260414;131815;5428.5;1
LKOH;0;20260414;131815;5428.5;1
LKOH;0;20260414;131815;5428.5;1
LKOH;0;20260414;131816;5428.5;10
LKOH;0;20260414;131816;5429;1
LKOH;0;20260414;131816;5429;1
LKOH;0;20260414;131816;5429.5;1
LKOH;0;20260414;131816;5429.5;2
LKOH;0;20260414;131816;5429.5;15
LKOH;0;20260414;131817;5428.5;3
LKOH;0;20260414;131817;5428.5;2
LKOH;0;20260414;131817;5428.5;2
LKOH;0;20260414;131817;5428.5;1
LKOH;0;20260414;131819;5428.5;7
LKOH;0;20260414;131819;5428.5;25
LKOH;0;20260414;131820;5429;9
LKOH;0;20260414;131820;5429;6
LKOH;0;20260414;131820;5428.5;4
LKOH;0;20260414;131820;5428.5;4
LKOH;0;20260414;131820;5428.5;2
LKOH;0;20260414;131820;5428.5;3
LKOH;0;20260414;131821;5428.5;1
LKOH;0;20260414;131821;5428.5;1
LKOH;0;20260414;131821;5428;1
LKOH;0;20260414;131821;5428;1
LKOH;0;20260414;131821;5428;2
LKOH;0;20260414;131821;5428;1
LKOH;0;20260414;131821;5428;1
LKOH;0;20260414;131822;5428;1
LKOH;0;20260414;131822;5428;1
LKOH;0;20260414;131834;5430;1
LKOH;0;20260414;131834;5430;5
LKOH;0;20260414;131835;5430;1
LKOH;0;20260414;131835;5430;1
LKOH;0;20260414;131835;5430;1
LKOH;0;20260414;131835;5430;1
LKOH;0;20260414;131835;5430.5;1
LKOH;0;20260414;131845;5430.5;1
LKOH;0;20260414;131845;5430.5;1
LKOH;0;20260414;131846;5430;1
LKOH;0;20260414;131846;5430;1
LKOH;0;20260414;131847;5430.5;4
LKOH;0;20260414;131847;5430.5;10
LKOH;0;20260414;131847;5430;1
LKOH;0;20260414;131847;5430;1
LKOH;0;20260414;131848;5430;1
LKOH;0;20260414;131848;5430;1
LKOH;0;20260414;131848;5430;1
LKOH;0;20260414;131848;5430;2
LKOH;0;20260414;131850;5431.5;1
LKOH;0;20260414;131851;5430.5;3
LKOH;0;20260414;131852;5430.5;1
LKOH;0;20260414;131852;5430.5;1
LKOH;0;20260414;131852;5430.5;113
LKOH;0;20260414;131852;5430.5;1
LKOH;0;20260414;131852;5430.5;10
LKOH;0;20260414;131852;5430.5;15
LKOH;0;20260414;131852;5430.5;18
LKOH;0;20260414;131852;5430.5;23
LKOH;0;20260414;131852;5430;320
LKOH;0;20260414;131853;5430;63
LKOH;0;20260414;131853;5430;62
LKOH;0;20260414;131853;5430;29
LKOH;0;20260414;131853;5430;28
LKOH;0;20260414;131853;5430;3
LKOH;0;20260414;131853;5430;4
LKOH;0;20260414;131853;5430;3
LKOH;0;20260414;131853;5430;4
LKOH;0;20260414;131854;5430;3
LKOH;0;20260414;131854;5430;4
LKOH;0;20260414;131854;5430;3
LKOH;0;20260414;131854;5430;3
LKOH;0;20260414;131854;5430;5
LKOH;0;20260414;131855;5430;1
LKOH;0;20260414;131855;5430;1
LKOH;0;20260414;131855;5430;1
LKOH;0;20260414;131855;5430;1
LKOH;0;20260414;131856;5430;1
LKOH;0;20260414;131856;5430;2
LKOH;0;20260414;131858;5430.5;3
LKOH;0;20260414;131859;5430;1
LKOH;0;20260414;131859;5430;1
LKOH;0;20260414;131902;5430.5;2
LKOH;0;20260414;131906;5430;1
LKOH;0;20260414;131906;5430;1
LKOH;0;20260414;131913;5430;2
LKOH;0;20260414;131921;5430;1
LKOH;0;20260414;131921;5430;2
LKOH;0;20260414;131925;5430.5;1
LKOH;0;20260414;131933;5430.5;6
LKOH;0;20260414;131933;5430.5;5
LKOH;0;20260414;131933;5430.5;18
LKOH;0;20260414;131934;5430;4
LKOH;0;20260414;131934;5430;2
LKOH;0;20260414;131934;5430;2
LKOH;0;20260414;131934;5430;1
LKOH;0;20260414;131934;5429;1
LKOH;0;20260414;131934;5429;1
LKOH;0;20260414;131934;5428.5;1
LKOH;0;20260414;131940;5429.5;1
LKOH;0;20260414;131940;5429.5;1
LKOH;0;20260414;131940;5428.5;1
LKOH;0;20260414;131940;5428.5;1
LKOH;0;20260414;131945;5429.5;30
LKOH;0;20260414;131946;5428.5;1
LKOH;0;20260414;131946;5428.5;2
LKOH;0;20260414;131946;5428.5;2
LKOH;0;20260414;131946;5428.5;4
LKOH;0;20260414;131946;5428.5;3
LKOH;0;20260414;131947;5429;1
LKOH;0;20260414;131947;5429.5;1
LKOH;0;20260414;131947;5429.5;1
LKOH;0;20260414;131951;5429.5;3
LKOH;0;20260414;131954;5429.5;5
LKOH;0;20260414;131955;5429.5;1
LKOH;0;20260414;131955;5429.5;1
LKOH;0;20260414;131955;5429.5;1
LKOH;0;20260414;131955;5429.5;1
LKOH;0;20260414;132003;5429.5;2
LKOH;0;20260414;132004;5430;1
LKOH;0;20260414;132005;5430;50
LKOH;0;20260414;132006;5429.5;7
LKOH;0;20260414;132006;5429.5;7
LKOH;0;20260414;132006;5429.5;3
LKOH;0;20260414;132006;5429.5;3
LKOH;0;20260414;132013;5430;1
LKOH;0;20260414;132014;5429.5;13
LKOH;0;20260414;132014;5429.5;1
LKOH;0;20260414;132014;5429.5;64
LKOH;0;20260414;132014;5429;15
LKOH;0;20260414;132014;5429;1
LKOH;0;20260414;132014;5429;1
LKOH;0;20260414;132014;5428.5;1
LKOH;0;20260414;132014;5428.5;1
LKOH;0;20260414;132014;5428;1
LKOH;0;20260414;132014;5428;1
LKOH;0;20260414;132014;5428;1
LKOH;0;20260414;132014;5428;2
LKOH;0;20260414;132014;5428;66
LKOH;0;20260414;132014;5427.5;5
LKOH;0;20260414;132014;5427.5;1
LKOH;0;20260414;132014;5427.5;76
LKOH;0;20260414;132015;5428.5;1
LKOH;0;20260414;132015;5428;1
LKOH;0;20260414;132015;5428;31
LKOH;0;20260414;132015;5428;9
LKOH;0;20260414;132015;5427;31
LKOH;0;20260414;132015;5427;14
LKOH;0;20260414;132015;5427;6
LKOH;0;20260414;132015;5427.5;1
LKOH;0;20260414;132015;5427.5;1
LKOH;0;20260414;132016;5427.5;2
LKOH;0;20260414;132016;5427.5;3
LKOH;0;20260414;132016;5428;1
LKOH;0;20260414;132016;5428;1
LKOH;0;20260414;132016;5428;5
LKOH;0;20260414;132016;5428.5;1
LKOH;0;20260414;132016;5428.5;1
LKOH;0;20260414;132016;5429;1
LKOH;0;20260414;132017;5428.5;1
LKOH;0;20260414;132018;5427.5;1
LKOH;0;20260414;132018;5427.5;1
LKOH;0;20260414;132019;5427.5;1
LKOH;0;20260414;132020;5427.5;5
LKOH;0;20260414;132021;5427.5;3
LKOH;0;20260414;132021;5428;4
LKOH;0;20260414;132021;5428.5;1
LKOH;0;20260414;132021;5429;5
LKOH;0;20260414;132022;5427.5;1
LKOH;0;20260414;132022;5427.5;1
LKOH;0;20260414;132029;5429;6
LKOH;0;20260414;132029;5429;1
LKOH;0;20260414;132029;5429;23
LKOH;0;20260414;132030;5428.5;1
LKOH;0;20260414;132030;5428.5;2
LKOH;0;20260414;132031;5429.5;4
LKOH;0;20260414;132033;5428.5;1
LKOH;0;20260414;132033;5428.5;4
LKOH;0;20260414;132037;5429;1
LKOH;0;20260414;132037;5429;1
LKOH;0;20260414;132042;5428.5;2
LKOH;0;20260414;132051;5428;1
LKOH;0;20260414;132051;5428;1
LKOH;0;20260414;132052;5428;1
LKOH;0;20260414;132052;5428;1
LKOH;0;20260414;132054;5428;5
LKOH;0;20260414;132056;5428;4
LKOH;0;20260414;132059;5428;6
LKOH;0;20260414;132104;5428;1
LKOH;0;20260414;132105;5428;1
LKOH;0;20260414;132106;5428;1
LKOH;0;20260414;132106;5428;1
LKOH;0;20260414;132121;5428;3
LKOH;0;20260414;132130;5428.5;4
LKOH;0;20260414;132147;5428;25
LKOH;0;20260414;132148;5428;1
LKOH;0;20260414;132148;5428;2
LKOH;0;20260414;132151;5428;2
LKOH;0;20260414;132155;5428;5
LKOH;0;20260414;132211;5428.5;2
LKOH;0;20260414;132211;5428.5;30
LKOH;0;20260414;132211;5428.5;8
LKOH;0;20260414;132211;5428.5;15
LKOH;0;20260414;132211;5428.5;1
LKOH;0;20260414;132211;5428.5;33
LKOH;0;20260414;132211;5428.5;11
LKOH;0;20260414;132212;5428;6
LKOH;0;20260414;132212;5428;6
LKOH;0;20260414;132216;5428.5;1
LKOH;0;20260414;132216;5428;1
LKOH;0;20260414;132221;5428;3
LKOH;0;20260414;132227;5428;20
LKOH;0;20260414;132227;5428;1
LKOH;0;20260414;132228;5427.5;1
LKOH;0;20260414;132228;5427.5;2
LKOH;0;20260414;132228;5427.5;3
LKOH;0;20260414;132237;5427.5;2
LKOH;0;20260414;132244;5427.5;3
LKOH;0;20260414;132247;5427.5;1
LKOH;0;20260414;132248;5427.5;1
LKOH;0;20260414;132248;5427.5;5
LKOH;0;20260414;132248;5427.5;40
LKOH;0;20260414;132248;5427.5;3
LKOH;0;20260414;132248;5427.5;3
LKOH;0;20260414;132251;5427.5;2
LKOH;0;20260414;132255;5427;5
LKOH;0;20260414;132303;5427;13
LKOH;0;20260414;132304;5427;1
LKOH;0;20260414;132304;5427;1
LKOH;0;20260414;132304;5427.5;1
LKOH;0;20260414;132315;5427;1
LKOH;0;20260414;132321;5427;3
LKOH;0;20260414;132324;5427.5;1
LKOH;0;20260414;132331;5427.5;2
LKOH;0;20260414;132351;5427;2
LKOH;0;20260414;132355;5427;5
LKOH;0;20260414;132356;5427;1
LKOH;0;20260414;132356;5427;1
LKOH;0;20260414;132402;5427.5;1
LKOH;0;20260414;132421;5427;3
LKOH;0;20260414;132425;5427.5;1
LKOH;0;20260414;132425;5427.5;9
LKOH;0;20260414;132427;5427.5;3
LKOH;0;20260414;132428;5427.5;1
LKOH;0;20260414;132428;5427.5;1
LKOH;0;20260414;132436;5428;10
LKOH;0;20260414;132438;5428;1
LKOH;0;20260414;132441;5427.5;1
LKOH;0;20260414;132449;5428;13
LKOH;0;20260414;132449;5428;4
LKOH;0;20260414;132450;5427.5;1
LKOH;0;20260414;132450;5427.5;2
LKOH;0;20260414;132451;5427.5;2
LKOH;0;20260414;132455;5427.5;5
LKOH;0;20260414;132456;5427.5;7
LKOH;0;20260414;132456;5428;1
LKOH;0;20260414;132457;5427.5;1
LKOH;0;20260414;132457;5427.5;1
LKOH;0;20260414;132502;5427.5;10
LKOH;0;20260414;132502;5427.5;10
LKOH;0;20260414;132502;5427.5;1
LKOH;0;20260414;132502;5427.5;1
LKOH;0;20260414;132502;5427.5;64
LKOH;0;20260414;132502;5427.5;1
LKOH;0;20260414;132502;5427.5;40
LKOH;0;20260414;132502;5427.5;23
LKOH;0;20260414;132502;5427.5;6
LKOH;0;20260414;132502;5427;19
LKOH;0;20260414;132502;5427.5;9
LKOH;0;20260414;132502;5427.5;1
LKOH;0;20260414;132502;5427.5;9
LKOH;0;20260414;132506;5428;1
LKOH;0;20260414;132521;5427.5;3
LKOH;0;20260414;132526;5428;49
LKOH;0;20260414;132526;5428;1
LKOH;0;20260414;132526;5428;33
LKOH;0;20260414;132526;5428;1
LKOH;0;20260414;132527;5428;5
LKOH;0;20260414;132527;5428;5
LKOH;0;20260414;132533;5428.5;3
LKOH;0;20260414;132538;5428.5;1
LKOH;0;20260414;132548;5428.5;9
LKOH;0;20260414;132548;5428.5;1
LKOH;0;20260414;132548;5428.5;6
LKOH;0;20260414;132548;5429;26
LKOH;0;20260414;132548;5429;1
LKOH;0;20260414;132548;5429;3
LKOH;0;20260414;132548;5429;33
LKOH;0;20260414;132548;5429;1
LKOH;0;20260414;132548;5429;20
LKOH;0;20260414;132548;5428.5;1
LKOH;0;20260414;132548;5428.5;7
LKOH;0;20260414;132548;5428;6
LKOH;0;20260414;132548;5428;50
LKOH;0;20260414;132548;5428;10
LKOH;0;20260414;132548;5427.5;50
LKOH;0;20260414;132548;5427.5;50
LKOH;0;20260414;132548;5427.5;2
LKOH;0;20260414;132548;5427.5;3
LKOH;0;20260414;132548;5427.5;1
LKOH;0;20260414;132548;5427.5;18
LKOH;0;20260414;132548;5427.5;50
LKOH;0;20260414;132548;5427;7
LKOH;0;20260414;132549;5427.5;1
LKOH;0;20260414;132549;5427.5;4
LKOH;0;20260414;132549;5427.5;4
LKOH;0;20260414;132550;5427.5;15
LKOH;0;20260414;132550;5427.5;15
LKOH;0;20260414;132551;5428;4
LKOH;0;20260414;132551;5427;2
LKOH;0;20260414;132555;5427.5;1
LKOH;0;20260414;132555;5427;4
LKOH;0;20260414;132556;5427.5;1
LKOH;0;20260414;132556;5427;1
LKOH;0;20260414;132558;5428;1
LKOH;0;20260414;132558;5428;2
LKOH;0;20260414;132601;5427.5;1
LKOH;0;20260414;132603;5428;2
LKOH;0;20260414;132603;5428;1
LKOH;0;20260414;132603;5428;7
LKOH;0;20260414;132604;5427.5;1
LKOH;0;20260414;132604;5427;1
LKOH;0;20260414;132604;5428;1
LKOH;0;20260414;132610;5427.5;1
LKOH;0;20260414;132610;5427;1
LKOH;0;20260414;132614;5427.5;1
LKOH;0;20260414;132614;5427.5;50
LKOH;0;20260414;132614;5427;93
LKOH;0;20260414;132614;5427;2
LKOH;0;20260414;132614;5427;1
LKOH;0;20260414;132614;5427;24
LKOH;0;20260414;132614;5427;1
LKOH;0;20260414;132614;5427;54
LKOH;0;20260414;132614;5426.5;2
LKOH;0;20260414;132614;5426.5;1
LKOH;0;20260414;132614;5426.5;50
LKOH;0;20260414;132614;5426.5;1
LKOH;0;20260414;132614;5426.5;6
LKOH;0;20260414;132614;5426.5;5
LKOH;0;20260414;132614;5426.5;100
LKOH;0;20260414;132614;5426.5;20
LKOH;0;20260414;132614;5426;1
LKOH;0;20260414;132614;5426;15
LKOH;0;20260414;132614;5426;50
LKOH;0;20260414;132614;5426;1
LKOH;0;20260414;132614;5426;50
LKOH;0;20260414;132614;5426;20
LKOH;0;20260414;132614;5426;52
LKOH;0;20260414;132615;5426.5;10
LKOH;0;20260414;132615;5426.5;23
LKOH;0;20260414;132615;5426.5;17
LKOH;0;20260414;132615;5425.5;17
LKOH;0;20260414;132616;5426;5
LKOH;0;20260414;132620;5426;5
LKOH;0;20260414;132620;5426;15
LKOH;0;20260414;132621;5426;1
LKOH;0;20260414;132621;5426;1
LKOH;0;20260414;132621;5426;3
LKOH;0;20260414;132626;5426;6
LKOH;0;20260414;132633;5426;1
LKOH;0;20260414;132641;5425.5;3
LKOH;0;20260414;132641;5425.5;3
LKOH;0;20260414;132641;5425.5;3
LKOH;0;20260414;132641;5425.5;3
LKOH;0;20260414;132641;5425.5;3
LKOH;0;20260414;132641;5425.5;3
LKOH;0;20260414;132642;5425.5;3
LKOH;0;20260414;132642;5425.5;3
LKOH;0;20260414;132642;5425.5;3
LKOH;0;20260414;132642;5425.5;3
LKOH;0;20260414;132642;5425.5;3
LKOH;0;20260414;132642;5425.5;1
LKOH;0;20260414;132642;5425.5;1
LKOH;0;20260414;132643;5425.5;1
LKOH;0;20260414;132643;5425.5;2
LKOH;0;20260414;132645;5426;1
LKOH;0;20260414;132649;5426;1
LKOH;0;20260414;132650;5425.5;17
LKOH;0;20260414;132650;5425.5;1
LKOH;0;20260414;132650;5425.5;10
LKOH;0;20260414;132650;5425.5;10
LKOH;0;20260414;132650;5425.5;16
LKOH;0;20260414;132651;5425.5;3
LKOH;0;20260414;132651;5425.5;3
LKOH;0;20260414;132651;5425.5;2
LKOH;0;20260414;132652;5426;11
LKOH;0;20260414;132652;5426;9
LKOH;0;20260414;132653;5425.5;1
LKOH;0;20260414;132653;5425.5;2
LKOH;0;20260414;132655;5425.5;5
LKOH;0;20260414;132658;5426;2
LKOH;0;20260414;132720;5425.5;2
LKOH;0;20260414;132721;5425.5;3
LKOH;0;20260414;132726;5426;1
LKOH;0;20260414;132732;5426;3
LKOH;0;20260414;132733;5425.5;1
LKOH;0;20260414;132733;5425.5;1
LKOH;0;20260414;132751;5425.5;2
LKOH;0;20260414;132753;5426;1
LKOH;0;20260414;132755;5425.5;6
LKOH;0;20260414;132755;5425.5;1
LKOH;0;20260414;132755;5426;1
LKOH;0;20260414;132806;5425.5;2
LKOH;0;20260414;132821;5425.5;1
LKOH;0;20260414;132822;5426;2
LKOH;0;20260414;132837;5426;4
LKOH;0;20260414;132838;5425.5;1
LKOH;0;20260414;132838;5425.5;1
LKOH;0;20260414;132842;5426;1
LKOH;0;20260414;132845;5426;13
LKOH;0;20260414;132845;5426;1
LKOH;0;20260414;132845;5426;19
LKOH;0;20260414;132846;5425.5;2
LKOH;0;20260414;132846;5425.5;2
LKOH;0;20260414;132849;5425.5;7
LKOH;0;20260414;132849;5425.5;10
LKOH;0;20260414;132849;5425.5;10
LKOH;0;20260414;132849;5425.5;1
LKOH;0;20260414;132849;5425.5;1
LKOH;0;20260414;132849;5425.5;1
LKOH;0;20260414;132850;5425.5;2
LKOH;0;20260414;132850;5425.5;1
LKOH;0;20260414;132851;5425.5;2
LKOH;0;20260414;132855;5425.5;5
LKOH;0;20260414;132857;5426;1
LKOH;0;20260414;132857;5426;5
LKOH;0;20260414;132857;5426;1
LKOH;0;20260414;132857;5426;1
LKOH;0;20260414;132857;5426.5;1
LKOH;0;20260414;132857;5426.5;7
LKOH;0;20260414;132857;5426.5;2
LKOH;0;20260414;132857;5425.5;30
LKOH;0;20260414;132857;5425.5;1
LKOH;0;20260414;132857;5425.5;6
LKOH;0;20260414;132857;5425.5;1
LKOH;0;20260414;132857;5425.5;1
LKOH;0;20260414;132857;5425;1
LKOH;0;20260414;132857;5425;49
LKOH;0;20260414;132857;5425;2
LKOH;0;20260414;132857;5425;1
LKOH;0;20260414;132857;5424.5;50
LKOH;0;20260414;132857;5424.5;50
LKOH;0;20260414;132857;5424.5;50
LKOH;0;20260414;132857;5424.5;60
LKOH;0;20260414;132857;5424.5;1
LKOH;0;20260414;132857;5424.5;50
LKOH;0;20260414;132857;5424.5;25
LKOH;0;20260414;132857;5424.5;1
LKOH;0;20260414;132857;5424;12
LKOH;0;20260414;132858;5424.5;2
LKOH;0;20260414;132858;5424.5;1
LKOH;0;20260414;132858;5424.5;21
LKOH;0;20260414;132858;5424.5;22
LKOH;0;20260414;132901;5425.5;1
LKOH;0;20260414;132908;5426;1
LKOH;0;20260414;132918;5426.5;4
LKOH;0;20260414;132921;5426;3
LKOH;0;20260414;132928;5426.5;1
LKOH;0;20260414;132928;5426.5;4
LKOH;0;20260414;132929;5426;1
LKOH;0;20260414;132929;5426;1
LKOH;0;20260414;132939;5426.5;1
LKOH;0;20260414;132946;5426;1
LKOH;0;20260414;132947;5426;1
LKOH;0;20260414;132951;5425.5;1
LKOH;0;20260414;132951;5425;1
LKOH;0;20260414;132953;5425.5;1
LKOH;0;20260414;132955;5425.5;5
LKOH;0;20260414;132957;5426;1
LKOH;0;20260414;132957;5426;5
LKOH;0;20260414;132958;5425.5;1
LKOH;0;20260414;132958;5425.5;1
LKOH;0;20260414;133010;5426;1
LKOH;0;20260414;133021;5426;1
LKOH;0;20260414;133021;5426;1
LKOH;0;20260414;133021;5426;1
LKOH;0;20260414;133030;5426.5;8
LKOH;0;20260414;133030;5426.5;32
LKOH;0;20260414;133031;5426;1
LKOH;0;20260414;133031;5426;1
LKOH;0;20260414;133031;5426;2
LKOH;0;20260414;133034;5426;1
LKOH;0;20260414;133034;5426.5;5
LKOH;0;20260414;133034;5426.5;5
LKOH;0;20260414;133035;5426;1
LKOH;0;20260414;133035;5426;1
LKOH;0;20260414;133039;5426.5;1
LKOH;0;20260414;133049;5426.5;1
LKOH;0;20260414;133051;5426;2
LKOH;0;20260414;133055;5426;5
LKOH;0;20260414;133055;5426;1
LKOH;0;20260414;133059;5426;5
LKOH;0;20260414;133104;5426.5;13
LKOH;0;20260414;133104;5426.5;4
LKOH;0;20260414;133105;5426;1
LKOH;0;20260414;133105;5426;2
LKOH;0;20260414;133109;5426.5;29
LKOH;0;20260414;133109;5427;2
LKOH;0;20260414;133109;5427.5;15
LKOH;0;20260414;133109;5427.5;1
LKOH;0;20260414;133109;5427.5;6
LKOH;0;20260414;133109;5427.5;5
LKOH;0;20260414;133109;5428;9
LKOH;0;20260414;133109;5428;1
LKOH;0;20260414;133109;5428;1
LKOH;0;20260414;133109;5428;100
LKOH;0;20260414;133109;5428.5;1
LKOH;0;20260414;133109;5428.5;25
LKOH;0;20260414;133109;5429;5
LKOH;0;20260414;133109;5426.5;33
LKOH;0;20260414;133110;5428.5;33
LKOH;0;20260414;133110;5428.5;7
LKOH;0;20260414;133110;5428.5;11
LKOH;0;20260414;133110;5428.5;14
LKOH;0;20260414;133110;5429;118
LKOH;0;20260414;133110;5429;17
LKOH;0;20260414;133110;5428.5;11
LKOH;0;20260414;133110;5428.5;33
LKOH;0;20260414;133110;5429;18
LKOH;0;20260414;133110;5429;14
LKOH;0;20260414;133110;5429;2
LKOH;0;20260414;133110;5429;7
LKOH;0;20260414;133111;5429;12
LKOH;0;20260414;133111;5429;12
LKOH;0;20260414;133112;5429;4
LKOH;0;20260414;133112;5429;4
LKOH;0;20260414;133116;5429.5;2
LKOH;0;20260414;133116;5429.5;100
LKOH;0;20260414;133116;5429.5;33
LKOH;0;20260414;133116;5430;1
LKOH;0;20260414;133116;5430;2
LKOH;0;20260414;133116;5430;7
LKOH;0;20260414;133116;5430;118
LKOH;0;20260414;133116;5430;1
LKOH;0;20260414;133116;5430.5;18
LKOH;0;20260414;133116;5430.5;100
LKOH;0;20260414;133116;5430.5;50
LKOH;0;20260414;133116;5430.5;2
LKOH;0;20260414;133116;5430.5;1
LKOH;0;20260414;133116;5431;1
LKOH;0;20260414;133116;5431;20
LKOH;0;20260414;133116;5431;50
LKOH;0;20260414;133116;5431;60
LKOH;0;20260414;133116;5431;1
LKOH;0;20260414;133116;5431;18
LKOH;0;20260414;133116;5431.5;20
LKOH;0;20260414;133116;5431.5;50
LKOH;0;20260414;133116;5431.5;50
LKOH;0;20260414;133116;5431.5;1
LKOH;0;20260414;133116;5431.5;118
LKOH;0;20260414;133116;5431.5;60
LKOH;0;20260414;133116;5432;116
LKOH;0;20260414;133116;5430.5;7
LKOH;0;20260414;133117;5430;10
LKOH;0;20260414;133117;5430;13
LKOH;0;20260414;133117;5430;11
LKOH;0;20260414;133117;5430;1
LKOH;0;20260414;133117;5429.5;13
LKOH;0;20260414;133117;5429.5;17
LKOH;0;20260414;133117;5429.5;5
LKOH;0;20260414;133117;5429.5;3
LKOH;0;20260414;133117;5429.5;3
LKOH;0;20260414;133117;5429.5;2
LKOH;0;20260414;133117;5429.5;1
LKOH;0;20260414;133117;5429;21
LKOH;0;20260414;133117;5429;12
LKOH;0;20260414;133121;5430;7
LKOH;0;20260414;133121;5430.5;26
LKOH;0;20260414;133121;5430.5;1
LKOH;0;20260414;133121;5431;1
LKOH;0;20260414;133121;5431.5;50
LKOH;0;20260414;133121;5431.5;15
LKOH;0;20260414;133121;5429.5;1
LKOH;0;20260414;133121;5429.5;1
LKOH;0;20260414;133121;5429.5;1
LKOH;0;20260414;133122;5429.5;1
LKOH;0;20260414;133122;5429;6
LKOH;0;20260414;133122;5429;5
LKOH;0;20260414;133133;5430;2
LKOH;0;20260414;133135;5429.5;1
LKOH;0;20260414;133151;5430;1
LKOH;0;20260414;133151;5429.5;1
LKOH;0;20260414;133151;5429.5;1
LKOH;0;20260414;133155;5429.5;5
LKOH;0;20260414;133156;5429.5;1
LKOH;0;20260414;133156;5429.5;1
LKOH;0;20260414;133158;5430;5
LKOH;0;20260414;133202;5430;3
LKOH;0;20260414;133203;5430.5;1
LKOH;0;20260414;133221;5430.5;3
LKOH;0;20260414;133226;5431.5;50
LKOH;0;20260414;133226;5431.5;1
LKOH;0;20260414;133226;5431.5;1
LKOH;0;20260414;133226;5431.5;1
LKOH;0;20260414;133226;5432;20
LKOH;0;20260414;133226;5432;73
LKOH;0;20260414;133226;5431.5;1
LKOH;0;20260414;133226;5431.5;32
LKOH;0;20260414;133226;5431.5;7
LKOH;0;20260414;133226;5431.5;5
LKOH;0;20260414;133227;5431.5;7
LKOH;0;20260414;133227;5431.5;4
LKOH;0;20260414;133228;5431.5;7
LKOH;0;20260414;133228;5431.5;7
LKOH;0;20260414;133231;5432;2
LKOH;0;20260414;133242;5431.5;5
LKOH;0;20260414;133242;5431.5;1
LKOH;0;20260414;133242;5432;1
LKOH;0;20260414;133242;5432;1
LKOH;0;20260414;133245;5431.5;1
LKOH;0;20260414;133247;5432;239
LKOH;0;20260414;133248;5431.5;7
LKOH;0;20260414;133248;5431.5;1
LKOH;0;20260414;133248;5431;1
LKOH;0;20260414;133248;5431;2
LKOH;0;20260414;133248;5431;1
LKOH;0;20260414;133248;5430.5;1
LKOH;0;20260414;133248;5430.5;1
LKOH;0;20260414;133248;5430.5;3
LKOH;0;20260414;133248;5430.5;10
LKOH;0;20260414;133251;5430.5;2
LKOH;0;20260414;133254;5431.5;1
LKOH;0;20260414;133254;5431.5;9
LKOH;0;20260414;133254;5432;148
LKOH;0;20260414;133254;5432;100
LKOH;0;20260414;133254;5432;33
LKOH;0;20260414;133254;5432;1
LKOH;0;20260414;133254;5432;7
LKOH;0;20260414;133254;5432;4
LKOH;0;20260414;133254;5432;3
LKOH;0;20260414;133254;5432;1
LKOH;0;20260414;133254;5432;1
LKOH;0;20260414;133254;5432;4
LKOH;0;20260414;133254;5432.5;100
LKOH;0;20260414;133254;5432.5;18
LKOH;0;20260414;133254;5432.5;1
LKOH;0;20260414;133254;5432.5;20
LKOH;0;20260414;133254;5432.5;1
LKOH;0;20260414;133254;5433;2
LKOH;0;20260414;133254;5433;5
LKOH;0;20260414;133254;5433;3
LKOH;0;20260414;133254;5433;50
LKOH;0;20260414;133254;5433;1
LKOH;0;20260414;133254;5433;1
LKOH;0;20260414;133254;5433;20
LKOH;0;20260414;133254;5433;18
LKOH;0;20260414;133254;5433;60
LKOH;0;20260414;133254;5433;20
LKOH;0;20260414;133254;5433;50
LKOH;0;20260414;133254;5433;50
LKOH;0;20260414;133254;5433;60
LKOH;0;20260414;133254;5433;1
LKOH;0;20260414;133254;5433.5;1534
LKOH;0;20260414;133254;5433.5;20
LKOH;0;20260414;133254;5433.5;1
LKOH;0;20260414;133254;5433.5;60
LKOH;0;20260414;133254;5434;1
LKOH;0;20260414;133254;5434;20
LKOH;0;20260414;133254;5434;1
LKOH;0;20260414;133254;5434;25
LKOH;0;20260414;133254;5434.5;20
LKOH;0;20260414;133254;5434.5;1
LKOH;0;20260414;133254;5434.5;100
LKOH;0;20260414;133254;5435;424
LKOH;0;20260414;133254;5433.5;4
LKOH;0;20260414;133255;5432;1
LKOH;0;20260414;133255;5432;7
LKOH;0;20260414;133255;5432;28
LKOH;0;20260414;133255;5432;10
LKOH;0;20260414;133255;5431.5;12
LKOH;0;20260414;133255;5431.5;5
LKOH;0;20260414;133255;5431.5;5
LKOH;0;20260414;133255;5431.5;61
LKOH;0;20260414;133255;5431.5;32
LKOH;0;20260414;133255;5431.5;1
LKOH;0;20260414;133255;5431.5;7
LKOH;0;20260414;133255;5431.5;44
LKOH;0;20260414;133255;5431;1
LKOH;0;20260414;133255;5431;1
LKOH;0;20260414;133255;5431;116
LKOH;0;20260414;133255;5431;3
LKOH;0;20260414;133255;5431.5;7
LKOH;0;20260414;133255;5432;33
LKOH;0;20260414;133255;5433;16
LKOH;0;20260414;133255;5433;19
LKOH;0;20260414;133255;5433;22
LKOH;0;20260414;133255;5433;3
LKOH;0;20260414;133255;5433;1
LKOH;0;20260414;133255;5433;17
LKOH;0;20260414;133255;5433;10
LKOH;0;20260414;133255;5433;3
LKOH;0;20260414;133255;5431;5
LKOH;0;20260414;133256;5431;5
LKOH;0;20260414;133256;5431;4
LKOH;0;20260414;133257;5431.5;3
LKOH;0;20260414;133257;5431.5;3
LKOH;0;20260414;133304;5432.5;1
LKOH;0;20260414;133307;5433;2
LKOH;0;20260414;133309;5433;1
LKOH;0;20260414;133320;5434;1
LKOH;0;20260414;133320;5434;33
LKOH;0;20260414;133320;5434;10
LKOH;0;20260414;133320;5434;7
LKOH;0;20260414;133321;5434;3
LKOH;0;20260414;133321;5434;4
LKOH;0;20260414;133321;5434;3
LKOH;0;20260414;133324;5434.5;4
LKOH;0;20260414;133324;5434.5;1
LKOH;0;20260414;133324;5434.5;1
LKOH;0;20260414;133324;5434.5;33
LKOH;0;20260414;133324;5434.5;6
LKOH;0;20260414;133325;5434;2
LKOH;0;20260414;133325;5434;3
LKOH;0;20260414;133325;5434.5;2
LKOH;0;20260414;133331;5435;2
LKOH;0;20260414;133338;5434.5;5
LKOH;0;20260414;133340;5434.5;1
LKOH;0;20260414;133351;5435;1
LKOH;0;20260414;133351;5435;1
LKOH;0;20260414;133351;5434.5;2
LKOH;0;20260414;133352;5434.5;1
LKOH;0;20260414;133352;5434.5;1
LKOH;0;20260414;133355;5435;1
LKOH;0;20260414;133355;5434.5;3
LKOH;0;20260414;133355;5434;2
LKOH;0;20260414;133355;5434.5;24
LKOH;0;20260414;133355;5434.5;1
LKOH;0;20260414;133356;5435;1
LKOH;0;20260414;133356;5434.5;1
LKOH;0;20260414;133356;5434.5;2
LKOH;0;20260414;133357;5434.5;1
LKOH;0;20260414;133401;5435;8
LKOH;0;20260414;133406;5434.5;15
LKOH;0;20260414;133407;5434.5;1
LKOH;0;20260414;133407;5434.5;2
LKOH;0;20260414;133412;5435;1
LKOH;0;20260414;133414;5434.5;4
LKOH;0;20260414;133415;5435;1
LKOH;0;20260414;133418;5434.5;39
LKOH;0;20260414;133418;5434.5;1
LKOH;0;20260414;133418;5434.5;1
LKOH;0;20260414;133418;5434;32
LKOH;0;20260414;133418;5434;1
LKOH;0;20260414;133418;5433.5;1
LKOH;0;20260414;133418;5433.5;7
LKOH;0;20260414;133418;5433.5;118
LKOH;0;20260414;133418;5433.5;50
LKOH;0;20260414;133418;5433;1
LKOH;0;20260414;133418;5433;75
LKOH;0;20260414;133418;5433;222
LKOH;0;20260414;133418;5433;2
LKOH;0;20260414;133419;5433;31
LKOH;0;20260414;133419;5433;9
LKOH;0;20260414;133419;5432.5;11
LKOH;0;20260414;133419;5432.5;4
LKOH;0;20260414;133419;5432.5;1
LKOH;0;20260414;133419;5432.5;6
LKOH;0;20260414;133421;5432.5;3
LKOH;0;20260414;133428;5433.5;1
LKOH;0;20260414;133428;5434;1
LKOH;0;20260414;133436;5434.5;1
LKOH;0;20260414;133437;5433;1
LKOH;0;20260414;133437;5433;1
LKOH;0;20260414;133437;5433;1
LKOH;0;20260414;133437;5432.5;1
LKOH;0;20260414;133450;5434;1
LKOH;0;20260414;133450;5434;1
LKOH;0;20260414;133451;5433.5;1
LKOH;0;20260414;133451;5433;1
LKOH;0;20260414;133454;5433;1
LKOH;0;20260414;133454;5432.5;118
LKOH;0;20260414;133454;5432.5;1
LKOH;0;20260414;133454;5432.5;100
LKOH;0;20260414;133454;5432.5;7
LKOH;0;20260414;133454;5432.5;5
LKOH;0;20260414;133454;5432.5;8
LKOH;0;20260414;133454;5432.5;1
LKOH;0;20260414;133454;5432;20
LKOH;0;20260414;133454;5432;1
LKOH;0;20260414;133454;5432;1
LKOH;0;20260414;133454;5432;50
LKOH;0;20260414;133454;5432;1
LKOH;0;20260414;133454;5431.5;1
LKOH;0;20260414;133454;5431.5;60
LKOH;0;20260414;133454;5431.5;25
LKOH;0;20260414;133454;5431.5;100
LKOH;0;20260414;133454;5431;3
LKOH;0;20260414;133454;5431;50
LKOH;0;20260414;133454;5431;1
LKOH;0;20260414;133454;5431;60
LKOH;0;20260414;133454;5431;20
LKOH;0;20260414;133454;5431;66
LKOH;0;20260414;133454;5430.5;4
LKOH;0;20260414;133454;5430.5;20
LKOH;0;20260414;133454;5430.5;18
LKOH;0;20260414;133454;5430.5;1
LKOH;0;20260414;133454;5430.5;50
LKOH;0;20260414;133454;5430.5;52
LKOH;0;20260414;133454;5430;2
LKOH;0;20260414;133454;5430;5
LKOH;0;20260414;133454;5430;5
LKOH;0;20260414;133454;5430;50
LKOH;0;20260414;133454;5430;1
LKOH;0;20260414;133454;5430;20
LKOH;0;20260414;133454;5430;2
LKOH;0;20260414;133454;5430;50
LKOH;0;20260414;133454;5430;120
LKOH;0;20260414;133454;5430;18
LKOH;0;20260414;133454;5430;20
LKOH;0;20260414;133455;5429.5;1
LKOH;0;20260414;133455;5429.5;2
LKOH;0;20260414;133455;5429.5;59
LKOH;0;20260414;133455;5429.5;63
LKOH;0;20260414;133455;5429.5;5
LKOH;0;20260414;133456;5429.5;1
LKOH;0;20260414;133456;5429.5;2
LKOH;0;20260414;133459;5430;1
LKOH;0;20260414;133505;5430;1
LKOH;0;20260414;133507;5430;5
LKOH;0;20260414;133514;5430;1
LKOH;0;20260414;133516;5430;1
LKOH;0;20260414;133522;5429.5;3
LKOH;0;20260414;133523;5429.5;4
LKOH;0;20260414;133523;5429.5;10
LKOH;0;20260414;133523;5429.5;1
LKOH;0;20260414;133523;5429.5;1
LKOH;0;20260414;133523;5429.5;1
LKOH;0;20260414;133523;5429;1
LKOH;0;20260414;133523;5429;1
LKOH;0;20260414;133523;5429;1
LKOH;0;20260414;133523;5429;1
LKOH;0;20260414;133523;5429;15
LKOH;0;20260414;133523;5429;50
LKOH;0;20260414;133523;5429;1
LKOH;0;20260414;133524;5428.5;5
LKOH;0;20260414;133524;5428.5;6
LKOH;0;20260414;133527;5429;65
LKOH;0;20260414;133528;5428.5;3
LKOH;0;20260414;133528;5428.5;4
LKOH;0;20260414;133542;5429;49
LKOH;0;20260414;133543;5429;2
LKOH;0;20260414;133543;5428.5;1
LKOH;0;20260414;133543;5428.5;1
LKOH;0;20260414;133543;5428.5;1
LKOH;0;20260414;133543;5428.5;3
LKOH;0;20260414;133548;5429;3
LKOH;0;20260414;133550;5428.5;20
LKOH;0;20260414;133551;5428.5;1
LKOH;0;20260414;133551;5428.5;2
LKOH;0;20260414;133552;5428.5;2
LKOH;0;20260414;133555;5429;1
LKOH;0;20260414;133555;5428.5;5
LKOH;0;20260414;133555;5429;3
LKOH;0;20260414;133557;5429;194
LKOH;0;20260414;133558;5428.5;3
LKOH;0;20260414;133558;5428.5;8
LKOH;0;20260414;133558;5428.5;7
LKOH;0;20260414;133558;5428.5;4
LKOH;0;20260414;133605;5429;1
LKOH;0;20260414;133608;5428.5;4
LKOH;0;20260414;133608;5428.5;6
LKOH;0;20260414;133609;5428.5;1
LKOH;0;20260414;133609;5428.5;1
LKOH;0;20260414;133617;5429;1
LKOH;0;20260414;133622;5428.5;3
LKOH;0;20260414;133651;5429;1
LKOH;0;20260414;133652;5428.5;2
LKOH;0;20260414;133653;5429;1
LKOH;0;20260414;133655;5428.5;5
LKOH;0;20260414;133714;5429;37
LKOH;0;20260414;133715;5429;1
LKOH;0;20260414;133715;5428.5;2
LKOH;0;20260414;133715;5428.5;3
LKOH;0;20260414;133719;5428.5;2
LKOH;0;20260414;133720;5429;3
LKOH;0;20260414;133722;5428.5;3
LKOH;0;20260414;133723;5428.5;2
LKOH;0;20260414;133731;5428.5;1
LKOH;0;20260414;133733;5428.5;4
LKOH;0;20260414;133733;5429;5
LKOH;0;20260414;133734;5428.5;1
LKOH;0;20260414;133734;5428.5;1
LKOH;0;20260414;133739;5428.5;3
LKOH;0;20260414;133739;5428.5;3
LKOH;0;20260414;133752;5428.5;2
LKOH;0;20260414;133755;5428.5;1
LKOH;0;20260414;133755;5428.5;1
LKOH;0;20260414;133755;5428;3
LKOH;0;20260414;133756;5428;1
LKOH;0;20260414;133756;5428;1
LKOH;0;20260414;133757;5428.5;1
LKOH;0;20260414;133803;5428.5;4
LKOH;0;20260414;133803;5428.5;1
LKOH;0;20260414;133808;5429;1
LKOH;0;20260414;133811;5428.5;1
LKOH;0;20260414;133814;5429;2
LKOH;0;20260414;133822;5428.5;3
LKOH;0;20260414;133833;5428.5;1
LKOH;0;20260414;133844;5429;2
LKOH;0;20260414;133845;5429;1
LKOH;0;20260414;133845;5428.5;1
LKOH;0;20260414;133845;5428.5;1
LKOH;0;20260414;133850;5428.5;1
LKOH;0;20260414;133850;5428.5;2
LKOH;0;20260414;133852;5428.5;2
LKOH;0;20260414;133855;5428.5;1
LKOH;0;20260414;133855;5428.5;1
LKOH;0;20260414;133855;5428.5;3
LKOH;0;20260414;133900;5428.5;1
LKOH;0;20260414;133918;5429;1
LKOH;0;20260414;133922;5428.5;3
LKOH;0;20260414;133927;5429;1
LKOH;0;20260414;133928;5428.5;1
LKOH;0;20260414;133928;5428.5;1
LKOH;0;20260414;133929;5429;5
LKOH;0;20260414;133935;5428.5;1
LKOH;0;20260414;133940;5429;100
LKOH;0;20260414;133940;5429;1
LKOH;0;20260414;133940;5429;3
LKOH;0;20260414;133940;5428.5;1
LKOH;0;20260414;133940;5428.5;4
LKOH;0;20260414;133940;5428.5;1
LKOH;0;20260414;133940;5428.5;5
LKOH;0;20260414;133952;5428.5;2
LKOH;0;20260414;133955;5428.5;5
LKOH;0;20260414;133956;5428.5;1
LKOH;0;20260414;133956;5428.5;1
LKOH;0;20260414;134020;5428.5;2
LKOH;0;20260414;134022;5428.5;3
LKOH;0;20260414;134027;5428.5;2
LKOH;0;20260414;134031;5429;1
LKOH;0;20260414;134037;5429;14
LKOH;0;20260414;134037;5429.5;1
LKOH;0;20260414;134037;5429.5;1
LKOH;0;20260414;134037;5429.5;2
LKOH;0;20260414;134037;5429.5;1
LKOH;0;20260414;134037;5429.5;7
LKOH;0;20260414;134037;5429.5;1
LKOH;0;20260414;134037;5429.5;1
LKOH;0;20260414;134037;5430;19
LKOH;0;20260414;134038;5429;3
LKOH;0;20260414;134038;5429;2
LKOH;0;20260414;134038;5429;1
LKOH;0;20260414;134039;5429.5;1
LKOH;0;20260414;134052;5429;3
LKOH;0;20260414;134053;5429.5;1
LKOH;0;20260414;134055;5429.5;1
LKOH;0;20260414;134055;5429.5;1
LKOH;0;20260414;134055;5429;4
LKOH;0;20260414;134058;5430;10
LKOH;0;20260414;134058;5429.5;1
LKOH;0;20260414;134059;5429;1
LKOH;0;20260414;134122;5429;2
LKOH;0;20260414;134152;5429;3
LKOH;0;20260414;134156;5429;5
LKOH;0;20260414;134211;5429.5;1
LKOH;0;20260414;134214;5430;46
LKOH;0;20260414;134214;5430;6
LKOH;0;20260414;134214;5430;6
LKOH;0;20260414;134215;5430;766
LKOH;0;20260414;134215;5430;3
LKOH;0;20260414;134215;5430.5;3
LKOH;0;20260414;134216;5432.5;43
LKOH;0;20260414;134216;5432.5;25
LKOH;0;20260414;134216;5432.5;7
LKOH;0;20260414;134216;5432.5;11
LKOH;0;20260414;134216;5433;25
LKOH;0;20260414;134216;5433;13
LKOH;0;20260414;134216;5433;13
LKOH;0;20260414;134216;5433;5
LKOH;0;20260414;134216;5433;5
LKOH;0;20260414;134216;5433;13
LKOH;0;20260414;134216;5433;5
LKOH;0;20260414;134216;5433;36
LKOH;0;20260414;134216;5434;5
LKOH;0;20260414;134216;5434.5;71
LKOH;0;20260414;134216;5434.5;29
LKOH;0;20260414;134216;5434.5;1
LKOH;0;20260414;134216;5434.5;9
LKOH;0;20260414;134216;5434.5;48
LKOH;0;20260414;134216;5434.5;5
LKOH;0;20260414;134216;5434.5;2
LKOH;0;20260414;134216;5434.5;17
LKOH;0;20260414;134216;5434.5;33
LKOH;0;20260414;134216;5434.5;5
LKOH;0;20260414;134216;5435;38
LKOH;0;20260414;134216;5434.5;33
LKOH;0;20260414;134216;5434.5;33
LKOH;0;20260414;134216;5434.5;33
LKOH;0;20260414;134217;5435;76
LKOH;0;20260414;134217;5435;2
LKOH;0;20260414;134217;5435;76
LKOH;0;20260414;134217;5434.5;4
LKOH;0;20260414;134217;5435;10
LKOH;0;20260414;134217;5435;4
LKOH;0;20260414;134217;5435;2
LKOH;0;20260414;134217;5435;1
LKOH;0;20260414;134217;5435;1
LKOH;0;20260414;134217;5435;2
LKOH;0;20260414;134217;5435;76
LKOH;0;20260414;134217;5435;76
LKOH;0;20260414;134218;5435;76
LKOH;0;20260414;134218;5435;76
LKOH;0;20260414;134218;5434.5;30
LKOH;0;20260414;134218;5434.5;31
LKOH;0;20260414;134218;5435;76
LKOH;0;20260414;134218;5435;76
LKOH;0;20260414;134219;5434.5;7
LKOH;0;20260414;134219;5434.5;8
LKOH;0;20260414;134219;5434.5;2
LKOH;0;20260414;134219;5434.5;10
LKOH;0;20260414;134219;5434.5;3
LKOH;0;20260414;134220;5434.5;5
LKOH;0;20260414;134220;5434.5;6
LKOH;0;20260414;134220;5434.5;11
LKOH;0;20260414;134221;5435;50
LKOH;0;20260414;134222;5434.5;3
LKOH;0;20260414;134222;5434.5;1
LKOH;0;20260414;134222;5434.5;3
LKOH;0;20260414;134222;5434.5;2
LKOH;0;20260414;134223;5435;50
LKOH;0;20260414;134224;5434.5;3
LKOH;0;20260414;134224;5434.5;3
LKOH;0;20260414;134225;5435;3
LKOH;0;20260414;134225;5435;50
LKOH;0;20260414;134225;5435;50
LKOH;0;20260414;134225;5434.5;2
LKOH;0;20260414;134225;5434.5;3
LKOH;0;20260414;134226;5434.5;2
LKOH;0;20260414;134226;5434.5;3
LKOH;0;20260414;134237;5434.5;2
LKOH;0;20260414;134252;5434.5;1
LKOH;0;20260414;134252;5434.5;1
LKOH;0;20260414;134252;5434;1
LKOH;0;20260414;134253;5434;1
LKOH;0;20260414;134253;5434;1
LKOH;0;20260414;134256;5434;5
LKOH;0;20260414;134312;5433.5;1
LKOH;0;20260414;134317;5434;1
LKOH;0;20260414;134317;5434;33
LKOH;0;20260414;134317;5434;7
LKOH;0;20260414;134317;5434.5;1
LKOH;0;20260414;134317;5434.5;7
LKOH;0;20260414;134317;5434.5;30
LKOH;0;20260414;134317;5434.5;2
LKOH;0;20260414;134317;5434.5;2
LKOH;0;20260414;134317;5434.5;1
LKOH;0;20260414;134317;5434.5;4
LKOH;0;20260414;134317;5434.5;1
LKOH;0;20260414;134317;5434.5;5
LKOH;0;20260414;134317;5435;641
LKOH;0;20260414;134317;5435;20
LKOH;0;20260414;134317;5435;16
LKOH;0;20260414;134318;5434;30
LKOH;0;20260414;134318;5434;9
LKOH;0;20260414;134318;5434;2
LKOH;0;20260414;134318;5434;9
LKOH;0;20260414;134318;5434;1
LKOH;0;20260414;134318;5434;9
LKOH;0;20260414;134318;5434;22
LKOH;0;20260414;134319;5434;2
LKOH;0;20260414;134319;5434;2
LKOH;0;20260414;134319;5434;1
LKOH;0;20260414;134322;5434;2
LKOH;0;20260414;134330;5434.5;1
LKOH;0;20260414;134330;5434.5;1
LKOH;0;20260414;134330;5435;98
LKOH;0;20260414;134331;5434;5
LKOH;0;20260414;134331;5434;1
LKOH;0;20260414;134331;5434;5
LKOH;0;20260414;134334;5434;4
LKOH;0;20260414;134342;5434.5;2
LKOH;0;20260414;134352;5434;3
LKOH;0;20260414;134356;5434;5
LKOH;0;20260414;134357;5434;1
LKOH;0;20260414;134357;5434;1
LKOH;0;20260414;134358;5435;5
LKOH;0;20260414;134359;5435;45
LKOH;0;20260414;134359;5435;100
LKOH;0;20260414;134359;5435;3
LKOH;0;20260414;134359;5435;1
LKOH;0;20260414;134359;5435;9
LKOH;0;20260414;134400;5435;8
LKOH;0;20260414;134400;5435;9
LKOH;0;20260414;134412;5435;1
LKOH;0;20260414;134420;5436;1
LKOH;0;20260414;134420;5436;4
LKOH;0;20260414;134420;5436;2
LKOH;0;20260414;134420;5436;9
LKOH;0;20260414;134421;5435;1
LKOH;0;20260414;134421;5435;1
LKOH;0;20260414;134422;5435;2
LKOH;0;20260414;134422;5436;1
LKOH;0;20260414;134423;5436;1
LKOH;0;20260414;134427;5435.5;1
LKOH;0;20260414;134427;5435.5;1
LKOH;0;20260414;134427;5435;2
LKOH;0;20260414;134428;5435.5;1
LKOH;0;20260414;134428;5435.5;1
LKOH;0;20260414;134442;5437;1
LKOH;0;20260414;134442;5437;1
LKOH;0;20260414;134444;5436;1
LKOH;0;20260414;134444;5436;1
LKOH;0;20260414;134444;5436;1
LKOH;0;20260414;134444;5436;8
LKOH;0;20260414;134444;5436;64
LKOH;0;20260414;134444;5436;26
LKOH;0;20260414;134444;5436;25
LKOH;0;20260414;134444;5435.5;1
LKOH;0;20260414;134444;5435.5;13
LKOH;0;20260414;134444;5435.5;8
LKOH;0;20260414;134444;5435.5;16
LKOH;0;20260414;134444;5435.5;1
LKOH;0;20260414;134444;5435.5;30
LKOH;0;20260414;134444;5435;6
LKOH;0;20260414;134444;5435;2
LKOH;0;20260414;134444;5435;1
LKOH;0;20260414;134444;5435;3
LKOH;0;20260414;134444;5435;30
LKOH;0;20260414;134444;5435;76
LKOH;0;20260414;134444;5435;1
LKOH;0;20260414;134444;5435;18
LKOH;0;20260414;134444;5434.5;4
LKOH;0;20260414;134444;5434.5;1
LKOH;0;20260414;134444;5434.5;30
LKOH;0;20260414;134444;5434.5;18
LKOH;0;20260414;134444;5434.5;20
LKOH;0;20260414;134444;5434.5;100
LKOH;0;20260414;134444;5434.5;60
LKOH;0;20260414;134444;5434;3
LKOH;0;20260414;134444;5434;6
LKOH;0;20260414;134444;5434;2
LKOH;0;20260414;134444;5434;1
LKOH;0;20260414;134444;5434;1
LKOH;0;20260414;134444;5434;30
LKOH;0;20260414;134444;5434;6
LKOH;0;20260414;134444;5435;1
LKOH;0;20260414;134444;5434.5;34
LKOH;0;20260414;134444;5434.5;6
LKOH;0;20260414;134444;5434;8
LKOH;0;20260414;134444;5434;15
LKOH;0;20260414;134444;5434;4
LKOH;0;20260414;134449;5435;1
LKOH;0;20260414;134449;5435.5;1
LKOH;0;20260414;134450;5434.5;9
LKOH;0;20260414;134450;5434.5;40
LKOH;0;20260414;134450;5434;1
LKOH;0;20260414;134450;5434;1
LKOH;0;20260414;134450;5434;9
LKOH;0;20260414;134450;5434;7
LKOH;0;20260414;134450;5434;9
LKOH;0;20260414;134450;5433.5;1
LKOH;0;20260414;134450;5433.5;11
LKOH;0;20260414;134450;5433.5;2
LKOH;0;20260414;134450;5433.5;50
LKOH;0;20260414;134450;5433.5;1
LKOH;0;20260414;134450;5433.5;2
LKOH;0;20260414;134450;5433.5;18
LKOH;0;20260414;134450;5433.5;50
LKOH;0;20260414;134450;5433;2
LKOH;0;20260414;134450;5433;60
LKOH;0;20260414;134450;5433;18
LKOH;0;20260414;134450;5433;50
LKOH;0;20260414;134450;5433;25
LKOH;0;20260414;134450;5433;1
LKOH;0;20260414;134450;5433;70
LKOH;0;20260414;134450;5433;100
LKOH;0;20260414;134450;5432.5;6
LKOH;0;20260414;134450;5432.5;10
LKOH;0;20260414;134450;5432.5;2
LKOH;0;20260414;134451;5432.5;9
LKOH;0;20260414;134451;5432;31
LKOH;0;20260414;134451;5432;22
LKOH;0;20260414;134452;5432.5;2
LKOH;0;20260414;134452;5432;1
LKOH;0;20260414;134456;5432.5;5
LKOH;0;20260414;134456;5433;1
LKOH;0;20260414;134459;5433.5;1
LKOH;0;20260414;134504;5434;4
LKOH;0;20260414;134505;5435;1
LKOH;0;20260414;134505;5435;1
LKOH;0;20260414;134505;5436;10
LKOH;0;20260414;134506;5436.5;4
LKOH;0;20260414;134508;5436.5;1
LKOH;0;20260414;134510;5436;26
LKOH;0;20260414;134510;5436;25
LKOH;0;20260414;134510;5436;9
LKOH;0;20260414;134510;5436;1
LKOH;0;20260414;134510;5436;222
LKOH;0;20260414;134510;5435.5;1
LKOH;0;20260414;134510;5435;1
LKOH;0;20260414;134510;5435;4
LKOH;0;20260414;134511;5436.5;1
LKOH;0;20260414;134511;5436;9
LKOH;0;20260414;134511;5436;7
LKOH;0;20260414;134511;5436;17
LKOH;0;20260414;134513;5436.5;1
LKOH;0;20260414;134515;5436.5;5
LKOH;0;20260414;134515;5436;10
LKOH;0;20260414;134516;5436;1
LKOH;0;20260414;134516;5436;1
LKOH;0;20260414;134518;5436;25
LKOH;0;20260414;134518;5436;5
LKOH;0;20260414;134519;5436;1
LKOH;0;20260414;134519;5436;2
LKOH;0;20260414;134519;5436;2
LKOH;0;20260414;134522;5436;2
LKOH;0;20260414;134527;5436;29
LKOH;0;20260414;134527;5436;50
LKOH;0;20260414;134527;5435;2
LKOH;0;20260414;134527;5436;27
LKOH;0;20260414;134528;5434.5;4
LKOH;0;20260414;134528;5434.5;5
LKOH;0;20260414;134529;5434.5;1
LKOH;0;20260414;134529;5434.5;1
LKOH;0;20260414;134533;5434.5;4
LKOH;0;20260414;134546;5435;1
LKOH;0;20260414;134547;5434;1
LKOH;0;20260414;134547;5434;1
LKOH;0;20260414;134548;5435;1
LKOH;0;20260414;134552;5435;3
LKOH;0;20260414;134552;5435.5;1
LKOH;0;20260414;134552;5435.5;1
LKOH;0;20260414;134552;5436.5;9
LKOH;0;20260414;134552;5437;2
LKOH;0;20260414;134552;5437.5;36
LKOH;0;20260414;134552;5436.5;28
LKOH;0;20260414;134552;5436.5;5
LKOH;0;20260414;134552;5438;5
LKOH;0;20260414;134552;5438;1
LKOH;0;20260414;134552;5438.5;21
LKOH;0;20260414;134552;5438;3
LKOH;0;20260414;134552;5438.5;9
LKOH;0;20260414;134552;5438.5;2
LKOH;0;20260414;134552;5439;58
LKOH;0;20260414;134553;5439;62
LKOH;0;20260414;134553;5439;2
LKOH;0;20260414;134553;5439;1
LKOH;0;20260414;134553;5439.5;11
LKOH;0;20260414;134553;5439;2
LKOH;0;20260414;134553;5439.5;75
LKOH;0;20260414;134553;5439.5;1
LKOH;0;20260414;134553;5439;2
LKOH;0;20260414;134554;5439;13
LKOH;0;20260414;134554;5439;14
LKOH;0;20260414;134554;5439.5;13
LKOH;0;20260414;134554;5439.5;1
LKOH;0;20260414;134554;5439.5;26
LKOH;0;20260414;134554;5440;1
LKOH;0;20260414;134554;5440;1
LKOH;0;20260414;134554;5440;7
LKOH;0;20260414;134554;5440;4
LKOH;0;20260414;134554;5440.5;1
LKOH;0;20260414;134554;5440.5;5
LKOH;0;20260414;134554;5441;74
LKOH;0;20260414;134554;5441;26
LKOH;0;20260414;134554;5441;30
LKOH;0;20260414;134554;5441;12
LKOH;0;20260414;134555;5441;21
LKOH;0;20260414;134555;5441;3
LKOH;0;20260414;134555;5441.5;25
LKOH;0;20260414;134555;5441.5;3
LKOH;0;20260414;134555;5442;2
LKOH;0;20260414;134555;5442;22
LKOH;0;20260414;134555;5441;33
LKOH;0;20260414;134556;5441.5;8
LKOH;0;20260414;134556;5441.5;8
LKOH;0;20260414;134556;5441.5;5
LKOH;0;20260414;134556;5442;28
LKOH;0;20260414;134556;5442;45
LKOH;0;20260414;134556;5442;5
LKOH;0;20260414;134556;5442;33
LKOH;0;20260414;134556;5442;30
LKOH;0;20260414;134556;5442;1
LKOH;0;20260414;134556;5442;4
LKOH;0;20260414;134556;5442;22
LKOH;0;20260414;134556;5442;6
LKOH;0;20260414;134556;5442;48
LKOH;0;20260414;134556;5442;5
LKOH;0;20260414;134557;5442;12
LKOH;0;20260414;134557;5442;13
LKOH;0;20260414;134559;5442.5;1
LKOH;0;20260414;134600;5441;30
LKOH;0;20260414;134600;5440;20
LKOH;0;20260414;134601;5440;2
LKOH;0;20260414;134601;5440;2
LKOH;0;20260414;134601;5440;2
LKOH;0;20260414;134602;5440.5;1
LKOH;0;20260414;134602;5440.5;1
LKOH;0;20260414;134603;5441;30
LKOH;0;20260414;134603;5441;7
LKOH;0;20260414;134604;5441;1
LKOH;0;20260414;134604;5441;3
LKOH;0;20260414;134604;5441;2
LKOH;0;20260414;134604;5441;34
LKOH;0;20260414;134604;5441;73
LKOH;0;20260414;134605;5441;6
LKOH;0;20260414;134605;5441;6
LKOH;0;20260414;134610;5441.5;1
LKOH;0;20260414;134610;5441.5;6
LKOH;0;20260414;134610;5441;2
LKOH;0;20260414;134611;5441.5;1
LKOH;0;20260414;134611;5441.5;1
LKOH;0;20260414;134617;5441.5;6
LKOH;0;20260414;134618;5441;1
LKOH;0;20260414;134618;5441;1
LKOH;0;20260414;134622;5441.5;3
LKOH;0;20260414;134622;5441.5;2
LKOH;0;20260414;134622;5441.5;13
LKOH;0;20260414;134622;5441.5;7
LKOH;0;20260414;134622;5441.5;43
LKOH;0;20260414;134622;5441;2
LKOH;0;20260414;134623;5441.5;21
LKOH;0;20260414;134623;5441.5;11
LKOH;0;20260414;134623;5441.5;1
LKOH;0;20260414;134623;5441.5;9
LKOH;0;20260414;134623;5441.5;3
LKOH;0;20260414;134623;5441;1
LKOH;0;20260414;134624;5441;5
LKOH;0;20260414;134624;5441;5
LKOH;0;20260414;134631;5441.5;3
LKOH;0;20260414;134635;5441.5;33
LKOH;0;20260414;134635;5441.5;20
LKOH;0;20260414;134635;5441;2
LKOH;0;20260414;134635;5441;76
LKOH;0;20260414;134635;5441;9
LKOH;0;20260414;134635;5440.5;1
LKOH;0;20260414;134635;5440.5;10
LKOH;0;20260414;134635;5440.5;25
LKOH;0;20260414;134635;5440;34
LKOH;0;20260414;134636;5440.5;12
LKOH;0;20260414;134636;5440.5;12
LKOH;0;20260414;134637;5441;10
LKOH;0;20260414;134637;5441;1
LKOH;0;20260414;134640;5441.5;1
LKOH;0;20260414;134640;5441.5;2
LKOH;0;20260414;134641;5441.5;1
LKOH;0;20260414;134641;5441.5;1
LKOH;0;20260414;134641;5441.5;20
LKOH;0;20260414;134641;5441.5;25
LKOH;0;20260414;134641;5441.5;36
LKOH;0;20260414;134641;5441.5;1
LKOH;0;20260414;134641;5441.5;9
LKOH;0;20260414;134641;5441;7
LKOH;0;20260414;134641;5441;2
LKOH;0;20260414;134642;5441.5;5
LKOH;0;20260414;134642;5441.5;6
LKOH;0;20260414;134645;5441.5;25
LKOH;0;20260414;134645;5441;4
LKOH;0;20260414;134645;5440;1
LKOH;0;20260414;134645;5439.5;8
LKOH;0;20260414;134645;5439.5;25
LKOH;0;20260414;134645;5439.5;118
LKOH;0;20260414;134645;5439;16
LKOH;0;20260414;134645;5439;68
LKOH;0;20260414;134645;5438;45
LKOH;0;20260414;134645;5437.5;20
LKOH;0;20260414;134645;5437.5;30
LKOH;0;20260414;134645;5437.5;18
LKOH;0;20260414;134645;5437.5;22
LKOH;0;20260414;134645;5438;2
LKOH;0;20260414;134646;5439;22
LKOH;0;20260414;134646;5439;14
LKOH;0;20260414;134646;5438.5;8
LKOH;0;20260414;134647;5440;25
LKOH;0;20260414;134648;5440;2
LKOH;0;20260414;134648;5440;1
LKOH;0;20260414;134649;5440.5;17
LKOH;0;20260414;134650;5440.5;1
LKOH;0;20260414;134650;5440.5;1
LKOH;0;20260414;134652;5441.5;3
LKOH;0;20260414;134653;5442;10
LKOH;0;20260414;134653;5442;1
LKOH;0;20260414;134653;5442;1
LKOH;0;20260414;134653;5442.5;12
LKOH;0;20260414;134653;5442.5;52
LKOH;0;20260414;134654;5442.5;76
LKOH;0;20260414;134654;5442.5;76
LKOH;0;20260414;134654;5442.5;25
LKOH;0;20260414;134654;5442.5;76
LKOH;0;20260414;134654;5442.5;25
LKOH;0;20260414;134654;5442.5;25
LKOH;0;20260414;134654;5442.5;3
LKOH;0;20260414;134654;5442.5;25
LKOH;0;20260414;134654;5442.5;9
LKOH;0;20260414;134654;5442;1
LKOH;0;20260414;134654;5442;3
LKOH;0;20260414;134654;5442;5
LKOH;0;20260414;134654;5442.5;76
LKOH;0;20260414;134655;5442.5;12
LKOH;0;20260414;134655;5442;16
LKOH;0;20260414;134655;5442;6
LKOH;0;20260414;134655;5442;10
LKOH;0;20260414;134655;5442;1
LKOH;0;20260414;134656;5442.5;4
LKOH;0;20260414;134656;5442.5;4
LKOH;0;20260414;134656;5442;5
LKOH;0;20260414;134656;5442.5;9
LKOH;0;20260414;134656;5442;5
LKOH;0;20260414;134656;5442;6
LKOH;0;20260414;134656;5442.5;3
LKOH;0;20260414;134656;5442.5;30
LKOH;0;20260414;134656;5442.5;3
LKOH;0;20260414;134656;5443;1
LKOH;0;20260414;134656;5443;2
LKOH;0;20260414;134657;5444;1
LKOH;0;20260414;134657;5444;3
LKOH;0;20260414;134657;5444;1
LKOH;0;20260414;134657;5444;52
LKOH;0;20260414;134657;5444;19
LKOH;0;20260414;134657;5444;7
LKOH;0;20260414;134657;5444;22
LKOH;0;20260414;134657;5444;2
LKOH;0;20260414;134657;5444.5;2
LKOH;0;20260414;134657;5445;12
LKOH;0;20260414;134657;5445;12
LKOH;0;20260414;134657;5445;74
LKOH;0;20260414;134657;5445;74
LKOH;0;20260414;134657;5445;76
LKOH;0;20260414;134657;5445;10
LKOH;0;20260414;134657;5445;58
LKOH;0;20260414;134657;5445;100
LKOH;0;20260414;134657;5445;30
LKOH;0;20260414;134657;5445;1
LKOH;0;20260414;134657;5444.5;36
LKOH;0;20260414;134657;5444.5;10
LKOH;0;20260414;134657;5444.5;8
LKOH;0;20260414;134657;5444.5;55
LKOH;0;20260414;134657;5445;25
LKOH;0;20260414;134657;5445;25
LKOH;0;20260414;134657;5445;25
LKOH;0;20260414;134657;5445;25
LKOH;0;20260414;134657;5445;25
LKOH;0;20260414;134657;5445;4
LKOH;0;20260414;134657;5445;3
LKOH;0;20260414;134657;5445;5
LKOH;0;20260414;134658;5445;3
LKOH;0;20260414;134658;5446;4
LKOH;0;20260414;134658;5446;1
LKOH;0;20260414;134658;5446;3
LKOH;0;20260414;134658;5445.5;41
LKOH;0;20260414;134658;5446;23
LKOH;0;20260414;134658;5445.5;16
LKOH;0;20260414;134659;5446;30
LKOH;0;20260414;134700;5446.5;1
LKOH;0;20260414;134700;5446;2
LKOH;0;20260414;134700;5446;1
LKOH;0;20260414;134700;5445.5;1
LKOH;0;20260414;134701;5446;20
LKOH;0;20260414;134701;5446;2
LKOH;0;20260414;134701;5446;1
LKOH;0;20260414;134702;5446;1
LKOH;0;20260414;134702;5446.5;3
LKOH;0;20260414;134702;5446.5;9
LKOH;0;20260414;134702;5446.5;4
LKOH;0;20260414;134702;5447;10
LKOH;0;20260414;134702;5447;50
LKOH;0;20260414;134702;5447;1
LKOH;0;20260414;134702;5447;11
LKOH;0;20260414;134702;5447.5;5
LKOH;0;20260414;134702;5447.5;2
LKOH;0;20260414;134702;5447.5;4
LKOH;0;20260414;134702;5447.5;3
LKOH;0;20260414;134702;5448;2
LKOH;0;20260414;134702;5448;76
LKOH;0;20260414;134702;5448;22
LKOH;0;20260414;134702;5448;2
LKOH;0;20260414;134702;5448;2
LKOH;0;20260414;134702;5448.5;1
LKOH;0;20260414;134702;5448.5;17
LKOH;0;20260414;134702;5448;1
LKOH;0;20260414;134702;5448.5;1
LKOH;0;20260414;134702;5449;3
LKOH;0;20260414;134702;5448.5;43
LKOH;0;20260414;134703;5448.5;1
LKOH;0;20260414;134703;5449;2
LKOH;0;20260414;134703;5449;30
LKOH;0;20260414;134703;5449;2
LKOH;0;20260414;134703;5449;11
LKOH;0;20260414;134703;5449;14
LKOH;0;20260414;134703;5449;31
LKOH;0;20260414;134703;5448.5;1
LKOH;0;20260414;134704;5448.5;8
LKOH;0;20260414;134704;5448.5;6
LKOH;0;20260414;134704;5448.5;4
LKOH;0;20260414;134704;5448.5;10
LKOH;0;20260414;134704;5449;50
LKOH;0;20260414;134704;5449;26
LKOH;0;20260414;134704;5448.5;9
LKOH;0;20260414;134704;5448.5;4
LKOH;0;20260414;134704;5448.5;3
LKOH;0;20260414;134704;5448.5;2
LKOH;0;20260414;134705;5448.5;5
LKOH;0;20260414;134705;5448.5;5
LKOH;0;20260414;134706;5449;16
LKOH;0;20260414;134706;5449;8
LKOH;0;20260414;134706;5449;8
LKOH;0;20260414;134707;5448.5;1
LKOH;0;20260414;134707;5448;2
LKOH;0;20260414;134707;5448.5;31
LKOH;0;20260414;134708;5448.5;1
LKOH;0;20260414;134708;5448.5;1
LKOH;0;20260414;134709;5448.5;9
LKOH;0;20260414;134709;5448.5;11
LKOH;0;20260414;134709;5448;1
LKOH;0;20260414;134709;5448;2
LKOH;0;20260414;134710;5449;4
LKOH;0;20260414;134710;5448.5;1
LKOH;0;20260414;134710;5448;1
LKOH;0;20260414;134710;5448.5;1
LKOH;0;20260414;134711;5448.5;1
LKOH;0;20260414;134711;5449;74
LKOH;0;20260414;134711;5449;74
LKOH;0;20260414;134711;5449;3
LKOH;0;20260414;134711;5449;3
LKOH;0;20260414;134711;5449;3
LKOH;0;20260414;134711;5449;13
LKOH;0;20260414;134711;5449;1
LKOH;0;20260414;134711;5449;4
LKOH;0;20260414;134711;5449;4
LKOH;0;20260414;134711;5449.5;1
LKOH;0;20260414;134711;5449.5;1
LKOH;0;20260414;134711;5449.5;7
LKOH;0;20260414;134711;5449.5;8
LKOH;0;20260414;134711;5449.5;3
LKOH;0;20260414;134711;5450;2
LKOH;0;20260414;134711;5450;3
LKOH;0;20260414;134711;5450;17
LKOH;0;20260414;134711;5450;1
LKOH;0;20260414;134711;5450;1
LKOH;0;20260414;134711;5450;20
LKOH;0;20260414;134711;5450;6
LKOH;0;20260414;134711;5450;14
LKOH;0;20260414;134711;5450;12
LKOH;0;20260414;134711;5450;2
LKOH;0;20260414;134711;5450;3
LKOH;0;20260414;134712;5450;7
LKOH;0;20260414;134712;5450;69
LKOH;0;20260414;134712;5450;76
LKOH;0;20260414;134712;5450;37
LKOH;0;20260414;134712;5450;18
LKOH;0;20260414;134712;5450;6
LKOH;0;20260414;134712;5450;13
LKOH;0;20260414;134712;5450;25
LKOH;0;20260414;134712;5450;2
LKOH;0;20260414;134712;5450;1
LKOH;0;20260414;134712;5450;4
LKOH;0;20260414;134712;5450;5
LKOH;0;20260414;134712;5450.5;3
LKOH;0;20260414;134712;5451;12
LKOH;0;20260414;134712;5451;4
LKOH;0;20260414;134712;5450.5;3
LKOH;0;20260414;134712;5450.5;10
LKOH;0;20260414;134712;5451.5;2
LKOH;0;20260414;134712;5451.5;50
LKOH;0;20260414;134712;5451.5;5
LKOH;0;20260414;134712;5451.5;19
LKOH;0;20260414;134712;5451.5;3
LKOH;0;20260414;134712;5451.5;4
LKOH;0;20260414;134712;5451.5;22
LKOH;0;20260414;134712;5451.5;24
LKOH;0;20260414;134712;5451.5;1
LKOH;0;20260414;134712;5451.5;25
LKOH;0;20260414;134712;5451.5;7
LKOH;0;20260414;134712;5451.5;1
LKOH;0;20260414;134712;5451.5;16
LKOH;0;20260414;134712;5451.5;4
LKOH;0;20260414;134712;5452;4
LKOH;0;20260414;134712;5451.5;33
LKOH;0;20260414;134712;5451.5;7
LKOH;0;20260414;134712;5452;36
LKOH;0;20260414;134712;5451.5;33
LKOH;0;20260414;134713;5452;3
LKOH;0;20260414;134713;5452;57
LKOH;0;20260414;134713;5452;7
LKOH;0;20260414;134713;5452;12
LKOH;0;20260414;134713;5452;21
LKOH;0;20260414;134713;5452;13
LKOH;0;20260414;134713;5452.5;17
LKOH;0;20260414;134713;5452.5;1
LKOH;0;20260414;134713;5452.5;12
LKOH;0;20260414;134713;5453;4
LKOH;0;20260414;134713;5453;8
LKOH;0;20260414;134713;5452;33
LKOH;0;20260414;134713;5453;22
LKOH;0;20260414;134713;5453;33
LKOH;0;20260414;134713;5453;3
LKOH;0;20260414;134713;5453.5;3
LKOH;0;20260414;134713;5454;15
LKOH;0;20260414;134714;5453;10
LKOH;0;20260414;134714;5453;2
LKOH;0;20260414;134714;5453;1
LKOH;0;20260414;134715;5453.5;18
LKOH;0;20260414;134715;5453.5;5
LKOH;0;20260414;134715;5453.5;25
LKOH;0;20260414;134715;5454;1
LKOH;0;20260414;134715;5454;4
LKOH;0;20260414;134715;5454.5;1
LKOH;0;20260414;134715;5454.5;32
LKOH;0;20260414;134715;5454.5;1
LKOH;0;20260414;134715;5454.5;33
LKOH;0;20260414;134715;5454.5;3
LKOH;0;20260414;134715;5455;7
LKOH;0;20260414;134715;5454.5;1
LKOH;0;20260414;134716;5454;1
LKOH;0;20260414;134716;5454;2
LKOH;0;20260414;134717;5454;4
LKOH;0;20260414;134717;5454;5
LKOH;0;20260414;134717;5454.5;50
LKOH;0;20260414;134717;5454.5;11
LKOH;0;20260414;134717;5454.5;19
LKOH;0;20260414;134717;5454.5;1
LKOH;0;20260414;134718;5454.5;1
LKOH;0;20260414;134718;5454;4
LKOH;0;20260414;134718;5454;5
LKOH;0;20260414;134718;5454.5;23
LKOH;0;20260414;134718;5454.5;23
LKOH;0;20260414;134719;5454;1
LKOH;0;20260414;134719;5454;2
LKOH;0;20260414;134719;5454.5;3
LKOH;0;20260414;134719;5454.5;27
LKOH;0;20260414;134719;5454;9
LKOH;0;20260414;134720;5454;9
LKOH;0;20260414;134720;5454;28
LKOH;0;20260414;134720;5454;1
LKOH;0;20260414;134720;5454;1
LKOH;0;20260414;134721;5454;9
LKOH;0;20260414;134721;5454;9
LKOH;0;20260414;134721;5454;20
LKOH;0;20260414;134721;5454;4
LKOH;0;20260414;134721;5454;4
LKOH;0;20260414;134722;5454;2
LKOH;0;20260414;134722;5454;2
LKOH;0;20260414;134722;5454;33
LKOH;0;20260414;134722;5454;67
LKOH;0;20260414;134722;5454;8
LKOH;0;20260414;134722;5454;10
LKOH;0;20260414;134722;5454;10
LKOH;0;20260414;134722;5454;6
LKOH;0;20260414;134722;5454;40
LKOH;0;20260414;134722;5454;20
LKOH;0;20260414;134722;5453.5;33
LKOH;0;20260414;134722;5453;14
LKOH;0;20260414;134722;5453;2
LKOH;0;20260414;134723;5453;2
LKOH;0;20260414;134723;5453;2
LKOH;0;20260414;134724;5453.5;26
LKOH;0;20260414;134724;5453.5;10
LKOH;0;20260414;134724;5453;11
LKOH;0;20260414;134724;5453;12
LKOH;0;20260414;134724;5453;3
LKOH;0;20260414;134724;5453;4
LKOH;0;20260414;134724;5453;8
LKOH;0;20260414;134725;5450;1
LKOH;0;20260414;134725;5450;2
LKOH;0;20260414;134725;5450.5;5
LKOH;0;20260414;134726;5450;1
LKOH;0;20260414;134726;5449;2
LKOH;0;20260414;134727;5449.5;7
LKOH;0;20260414;134727;5449;2
LKOH;0;20260414;134728;5449;1
LKOH;0;20260414;134728;5449;1
LKOH;0;20260414;134728;5449.5;20
LKOH;0;20260414;134728;5450.5;6
LKOH;0;20260414;134728;5450.5;15
LKOH;0;20260414;134729;5450.5;1
LKOH;0;20260414;134729;5450.5;1
LKOH;0;20260414;134730;5450.5;1
LKOH;0;20260414;134730;5450.5;1
LKOH;0;20260414;134730;5450;1
LKOH;0;20260414;134731;5449;5
LKOH;0;20260414;134731;5449;8
LKOH;0;20260414;134731;5449;5
LKOH;0;20260414;134731;5449.5;1
LKOH;0;20260414;134732;5449.5;1
LKOH;0;20260414;134732;5450;1
LKOH;0;20260414;134734;5450;1
LKOH;0;20260414;134734;5450;8
LKOH;0;20260414;134734;5450;11
LKOH;0;20260414;134735;5449;1
LKOH;0;20260414;134735;5449;1
LKOH;0;20260414;134737;5449.5;2
LKOH;0;20260414;134737;5449.5;2
LKOH;0;20260414;134738;5450.5;7
LKOH;0;20260414;134738;5450.5;1
LKOH;0;20260414;134738;5450.5;1
LKOH;0;20260414;134738;5450.5;16
LKOH;0;20260414;134738;5450.5;25
LKOH;0;20260414;134738;5450.5;2
LKOH;0;20260414;134739;5450.5;1
LKOH;0;20260414;134740;5450.5;1
LKOH;0;20260414;134740;5450.5;2
LKOH;0;20260414;134745;5450.5;1
LKOH;0;20260414;134745;5451;7
LKOH;0;20260414;134745;5451;2
LKOH;0;20260414;134748;5451.5;1
LKOH;0;20260414;134751;5452;40
LKOH;0;20260414;134752;5451.5;3
LKOH;0;20260414;134752;5451.5;3
LKOH;0;20260414;134752;5451.5;3
LKOH;0;20260414;134753;5451.5;5
LKOH;0;20260414;134755;5451.5;1
LKOH;0;20260414;134756;5451.5;1
LKOH;0;20260414;134756;5451.5;5
LKOH;0;20260414;134756;5451.5;55
LKOH;0;20260414;134757;5451.5;2
LKOH;0;20260414;134757;5451.5;1
LKOH;0;20260414;134757;5451.5;4
LKOH;0;20260414;134757;5452;1
LKOH;0;20260414;134759;5451.5;2
LKOH;0;20260414;134800;5452;1
LKOH;0;20260414;134801;5451.5;1
LKOH;0;20260414;134804;5452;1
LKOH;0;20260414;134806;5451.5;10
LKOH;0;20260414;134807;5451.5;1
LKOH;0;20260414;134807;5451.5;1
LKOH;0;20260414;134807;5452;28
LKOH;0;20260414;134807;5452;11
LKOH;0;20260414;134807;5452;17
LKOH;0;20260414;134807;5452;3
LKOH;0;20260414;134807;5452;22
LKOH;0;20260414;134807;5452;28
LKOH;0;20260414;134808;5452;28
LKOH;0;20260414;134808;5452;2
LKOH;0;20260414;134808;5452;23
LKOH;0;20260414;134808;5451.5;1
LKOH;0;20260414;134808;5451.5;2
LKOH;0;20260414;134809;5452;25
LKOH;0;20260414;134809;5452;8
LKOH;0;20260414;134809;5452;7
LKOH;0;20260414;134810;5452.5;1
LKOH;0;20260414;134810;5452.5;1
LKOH;0;20260414;134810;5453;1
LKOH;0;20260414;134810;5453;74
LKOH;0;20260414;134810;5453;25
LKOH;0;20260414;134810;5453;1
LKOH;0;20260414;134810;5453.5;15
LKOH;0;20260414;134810;5453.5;33
LKOH;0;20260414;134810;5453.5;85
LKOH;0;20260414;134810;5454;50
LKOH;0;20260414;134810;5454;1
LKOH;0;20260414;134810;5454;25
LKOH;0;20260414;134811;5454;25
LKOH;0;20260414;134811;5454;10
LKOH;0;20260414;134811;5454;5
LKOH;0;20260414;134811;5454;1
LKOH;0;20260414;134811;5454;50
LKOH;0;20260414;134811;5454.5;36
LKOH;0;20260414;134811;5454.5;121
LKOH;0;20260414;134811;5454.5;300
LKOH;0;20260414;134811;5454;30
LKOH;0;20260414;134811;5454;1
LKOH;0;20260414;134811;5454;5
LKOH;0;20260414;134811;5454;8
LKOH;0;20260414;134811;5454;1
LKOH;0;20260414;134811;5453.5;3
LKOH;0;20260414;134811;5454.5;76
LKOH;0;20260414;134811;5454;1
LKOH;0;20260414;134811;5453.5;4
LKOH;0;20260414;134811;5454.5;9
LKOH;0;20260414;134811;5454.5;76
LKOH;0;20260414;134811;5454.5;76
LKOH;0;20260414;134811;5454;4
LKOH;0;20260414;134811;5454;5
LKOH;0;20260414;134812;5454.5;76
LKOH;0;20260414;134812;5454.5;76
LKOH;0;20260414;134812;5454.5;76
LKOH;0;20260414;134812;5454;2
LKOH;0;20260414;134812;5454;8
LKOH;0;20260414;134812;5454;5
LKOH;0;20260414;134812;5454;18
LKOH;0;20260414;134812;5454;26
LKOH;0;20260414;134812;5454;38
LKOH;0;20260414;134812;5454;21
LKOH;0;20260414;134813;5454;7
LKOH;0;20260414;134813;5454;2
LKOH;0;20260414;134813;5454;5
LKOH;0;20260414;134814;5454;6
LKOH;0;20260414;134814;5454;6
LKOH;0;20260414;134815;5454;1
LKOH;0;20260414;134819;5454.5;10
LKOH;0;20260414;134819;5454.5;27
LKOH;0;20260414;134820;5454;1
LKOH;0;20260414;134820;5454;1
LKOH;0;20260414;134821;5454;1
LKOH;0;20260414;134821;5454;2
LKOH;0;20260414;134821;5454;1
LKOH;0;20260414;134822;5454.5;9
LKOH;0;20260414;134822;5454;2
LKOH;0;20260414;134824;5454.5;1
LKOH;0;20260414;134827;5454;1
LKOH;0;20260414;134828;5454;1
LKOH;0;20260414;134828;5454;1
LKOH;0;20260414;134828;5454;19
LKOH;0;20260414;134828;5454;8
LKOH;0;20260414;134828;5452;8
LKOH;0;20260414;134829;5451;1
LKOH;0;20260414;134829;5451;2
LKOH;0;20260414;134829;5451.5;1
LKOH;0;20260414;134832;5453.5;7
LKOH;0;20260414;134833;5454;1
LKOH;0;20260414;134834;5454;45
LKOH;0;20260414;134834;5454;17
LKOH;0;20260414;134834;5454;12
LKOH;0;20260414;134835;5454.5;5
LKOH;0;20260414;134835;5454.5;5
LKOH;0;20260414;134835;5454;5
LKOH;0;20260414;134835;5454;5
LKOH;0;20260414;134835;5454.5;21
LKOH;0;20260414;134835;5454.5;10
LKOH;0;20260414;134835;5454.5;2
LKOH;0;20260414;134835;5454.5;2
LKOH;0;20260414;134835;5455;3
LKOH;0;20260414;134835;5455;26
LKOH;0;20260414;134835;5455;2
LKOH;0;20260414;134835;5455;2
LKOH;0;20260414;134836;5455;20
LKOH;0;20260414;134836;5455;2
LKOH;0;20260414;134836;5455;1
LKOH;0;20260414;134836;5455;30
LKOH;0;20260414;134836;5455;10
LKOH;0;20260414;134836;5455;1
LKOH;0;20260414;134836;5455;5
LKOH;0;20260414;134836;5455;7
LKOH;0;20260414;134836;5455;3
LKOH;0;20260414;134836;5455;2
LKOH;0;20260414;134836;5455;1
LKOH;0;20260414;134836;5455;1
LKOH;0;20260414;134836;5455;1
LKOH;0;20260414;134836;5455;2
LKOH;0;20260414;134836;5455.5;6
LKOH;0;20260414;134836;5455.5;70
LKOH;0;20260414;134836;5455.5;78
LKOH;0;20260414;134836;5455.5;2
LKOH;0;20260414;134836;5455.5;10
LKOH;0;20260414;134836;5455.5;4
LKOH;0;20260414;134837;5455.5;11
LKOH;0;20260414;134837;5455.5;2
LKOH;0;20260414;134837;5455.5;13
LKOH;0;20260414;134838;5455.5;1
LKOH;0;20260414;134838;5455.5;1
LKOH;0;20260414;134839;5456;1
LKOH;0;20260414;134842;5456;5
LKOH;0;20260414;134842;5456;2
LKOH;0;20260414;134842;5456;12
LKOH;0;20260414;134843;5455.5;1
LKOH;0;20260414;134843;5455.5;1
LKOH;0;20260414;134844;5456;21
LKOH;0;20260414;134844;5456;1
LKOH;0;20260414;134844;5456;33
LKOH;0;20260414;134844;5456;10
LKOH;0;20260414;134845;5456;5
LKOH;0;20260414;134845;5456;1
LKOH;0;20260414;134845;5456;2
LKOH;0;20260414;134846;5456;2
LKOH;0;20260414;134846;5456;3
LKOH;0;20260414;134846;5456.5;10
LKOH;0;20260414;134846;5456.5;3
LKOH;0;20260414;134846;5456.5;7
LKOH;0;20260414;134846;5456.5;58
LKOH;0;20260414;134846;5456.5;22
LKOH;0;20260414;134847;5456;5
LKOH;0;20260414;134847;5456;6
LKOH;0;20260414;134847;5456;1
LKOH;0;20260414;134848;5456.5;7
LKOH;0;20260414;134852;5456;3
LKOH;0;20260414;134854;5456;1
LKOH;0;20260414;134854;5456;7
LKOH;0;20260414;134855;5456;1
LKOH;0;20260414;134855;5456;1
LKOH;0;20260414;134856;5456;1
LKOH;0;20260414;134856;5456;4
LKOH;0;20260414;134857;5456;33
LKOH;0;20260414;134858;5456;2
LKOH;0;20260414;134858;5456;2
LKOH;0;20260414;134858;5456;1
LKOH;0;20260414;134859;5456;27
LKOH;0;20260414;134859;5456;27
LKOH;0;20260414;134859;5456;1
LKOH;0;20260414;134859;5456;1
LKOH;0;20260414;134859;5456;9
LKOH;0;20260414;134859;5456;9
LKOH;0;20260414;134859;5456;13
LKOH;0;20260414;134859;5456;13
LKOH;0;20260414;134859;5456;15
LKOH;0;20260414;134900;5456;15
LKOH;0;20260414;134900;5456;1
LKOH;0;20260414;134900;5456;2
LKOH;0;20260414;134900;5456;27
LKOH;0;20260414;134900;5456;27
LKOH;0;20260414;134901;5456;6
LKOH;0;20260414;134901;5456;6
LKOH;0;20260414;134901;5456;11
LKOH;0;20260414;134901;5456;28
LKOH;0;20260414;134901;5456;3
LKOH;0;20260414;134901;5455.5;17
LKOH;0;20260414;134902;5455.5;3
LKOH;0;20260414;134902;5455.5;2
LKOH;0;20260414;134902;5455.5;3
LKOH;0;20260414;134902;5455.5;4
LKOH;0;20260414;134906;5456;1
LKOH;0;20260414;134907;5456;1
LKOH;0;20260414;134910;5456;46
LKOH;0;20260414;134910;5456;10
LKOH;0;20260414;134910;5456;18
LKOH;0;20260414;134910;5456;11
LKOH;0;20260414;134910;5456;7
LKOH;0;20260414;134911;5455.5;3
LKOH;0;20260414;134911;5455.5;3
LKOH;0;20260414;134911;5455.5;2
LKOH;0;20260414;134911;5455.5;3
LKOH;0;20260414;134913;5455.5;1
LKOH;0;20260414;134914;5455.5;8
LKOH;0;20260414;134914;5455.5;14
LKOH;0;20260414;134915;5455.5;1
LKOH;0;20260414;134915;5455.5;1
LKOH;0;20260414;134919;5455.5;10
LKOH;0;20260414;134919;5455.5;14
LKOH;0;20260414;134919;5456;20
LKOH;0;20260414;134919;5455.5;6
LKOH;0;20260414;134920;5455.5;1
LKOH;0;20260414;134920;5455.5;1
LKOH;0;20260414;134920;5456;35
LKOH;0;20260414;134920;5456;3
LKOH;0;20260414;134920;5456;30
LKOH;0;20260414;134920;5456;2
LKOH;0;20260414;134921;5455.5;2
LKOH;0;20260414;134921;5455.5;2
LKOH;0;20260414;134922;5455.5;3
LKOH;0;20260414;134922;5455.5;4
LKOH;0;20260414;134922;5455.5;2
LKOH;0;20260414;134924;5455.5;1
LKOH;0;20260414;134924;5454.5;5
LKOH;0;20260414;134924;5454.5;10
LKOH;0;20260414;134925;5454.5;1
LKOH;0;20260414;134925;5454.5;2
LKOH;0;20260414;134926;5454.5;2
LKOH;0;20260414;134927;5454.5;13
LKOH;0;20260414;134929;5454.5;8
LKOH;0;20260414;134930;5452.5;1
LKOH;0;20260414;134930;5452.5;1
LKOH;0;20260414;134931;5452.5;8
LKOH;0;20260414;134931;5452;1
LKOH;0;20260414;134931;5452;12
LKOH;0;20260414;134931;5452;7
LKOH;0;20260414;134931;5452;4
LKOH;0;20260414;134931;5451.5;1
LKOH;0;20260414;134931;5451.5;76
LKOH;0;20260414;134931;5451.5;1
LKOH;0;20260414;134931;5451;1
LKOH;0;20260414;134931;5451;222
LKOH;0;20260414;134931;5451;50
LKOH;0;20260414;134931;5451;1
LKOH;0;20260414;134931;5450.5;1
LKOH;0;20260414;134931;5450.5;30
LKOH;0;20260414;134931;5450.5;55
LKOH;0;20260414;134931;5450.5;8
LKOH;0;20260414;134931;5450.5;8
LKOH;0;20260414;134931;5450.5;10
LKOH;0;20260414;134931;5450.5;8
LKOH;0;20260414;134931;5450.5;19
LKOH;0;20260414;134932;5451;1
LKOH;0;20260414;134935;5451.5;2
LKOH;0;20260414;134935;5452;2
LKOH;0;20260414;134940;5451.5;8
LKOH;0;20260414;134940;5451.5;42
LKOH;0;20260414;134941;5451.5;3
LKOH;0;20260414;134941;5451.5;3
LKOH;0;20260414;134942;5451.5;204
LKOH;0;20260414;134942;5451.5;8
LKOH;0;20260414;134942;5451;1
LKOH;0;20260414;134942;5451;1
LKOH;0;20260414;134942;5451;1
LKOH;0;20260414;134942;5451;12
LKOH;0;20260414;134942;5450.5;23
LKOH;0;20260414;134942;5451.5;15
LKOH;0;20260414;134943;5452;1
LKOH;0;20260414;134943;5451.5;13
LKOH;0;20260414;134943;5451.5;14
LKOH;0;20260414;134944;5451.5;1
LKOH;0;20260414;134944;5451.5;1
LKOH;0;20260414;134944;5451.5;7
LKOH;0;20260414;134945;5451.5;20
LKOH;0;20260414;134945;5451.5;7
LKOH;0;20260414;134946;5451.5;1
LKOH;0;20260414;134946;5451.5;2
LKOH;0;20260414;134947;5452;4
LKOH;0;20260414;134947;5452;1
LKOH;0;20260414;134948;5451.5;1
LKOH;0;20260414;134948;5451.5;1
LKOH;0;20260414;134952;5451.5;3
LKOH;0;20260414;134953;5451.5;8
LKOH;0;20260414;134953;5451.5;8
LKOH;0;20260414;134953;5451.5;4
LKOH;0;20260414;134953;5451.5;1
LKOH;0;20260414;134954;5451.5;3
LKOH;0;20260414;134954;5451.5;1
LKOH;0;20260414;134956;5451.5;5
LKOH;0;20260414;134958;5452;1
LKOH;0;20260414;134959;5451.5;1
LKOH;0;20260414;135000;5451.5;3
LKOH;0;20260414;135000;5452;27
LKOH;0;20260414;135001;5452;28
LKOH;0;20260414;135001;5452;6
LKOH;0;20260414;135001;5452;10
LKOH;0;20260414;135001;5452;12
LKOH;0;20260414;135001;5452;9
LKOH;0;20260414;135001;5452;27
LKOH;0;20260414;135001;5451.5;1
LKOH;0;20260414;135001;5451.5;1
LKOH;0;20260414;135002;5451.5;2
LKOH;0;20260414;135002;5451.5;3
LKOH;0;20260414;135002;5451.5;5
LKOH;0;20260414;135002;5452;25
LKOH;0;20260414;135002;5452;22
LKOH;0;20260414;135002;5452;1
LKOH;0;20260414;135003;5452;1
LKOH;0;20260414;135003;5452.5;12
LKOH;0;20260414;135004;5452.5;3
LKOH;0;20260414;135004;5452.5;3
LKOH;0;20260414;135004;5453;10
LKOH;0;20260414;135004;5453.5;10
LKOH;0;20260414;135004;5454;2
LKOH;0;20260414;135004;5454;1
LKOH;0;20260414;135005;5454;2
LKOH;0;20260414;135005;5453.5;2
LKOH;0;20260414;135005;5453.5;2
LKOH;0;20260414;135005;5454;5
LKOH;0;20260414;135011;5454;1
LKOH;0;20260414;135011;5453.5;1
LKOH;0;20260414;135012;5454;1
LKOH;0;20260414;135012;5454;3
LKOH;0;20260414;135012;5454;1
LKOH;0;20260414;135014;5454;16
LKOH;0;20260414;135014;5454.5;10
LKOH;0;20260414;135014;5454.5;1
LKOH;0;20260414;135014;5454.5;16
LKOH;0;20260414;135014;5454.5;13
LKOH;0;20260414;135014;5454.5;4
LKOH;0;20260414;135014;5455;10
LKOH;0;20260414;135014;5455;50
LKOH;0;20260414;135014;5455;12
LKOH;0;20260414;135014;5454.5;8
LKOH;0;20260414;135014;5454.5;17
LKOH;0;20260414;135014;5454.5;8
LKOH;0;20260414;135014;5455;5
LKOH;0;20260414;135014;5455;8
LKOH;0;20260414;135014;5455;5
LKOH;0;20260414;135014;5455;28
LKOH;0;20260414;135014;5455.5;1
LKOH;0;20260414;135015;5456;1
LKOH;0;20260414;135015;5456;15
LKOH;0;20260414;135015;5456;1
LKOH;0;20260414;135015;5456;32
LKOH;0;20260414;135015;5455.5;12
LKOH;0;20260414;135015;5455.5;1
LKOH;0;20260414;135015;5455.5;8
LKOH;0;20260414;135015;5455;2
LKOH;0;20260414;135015;5455;7
LKOH;0;20260414;135015;5455.5;1
LKOH;0;20260414;135015;5455.5;2
LKOH;0;20260414;135016;5455.5;8
LKOH;0;20260414;135016;5455;2
LKOH;0;20260414;135016;5455;14
LKOH;0;20260414;135016;5455;2
LKOH;0;20260414;135016;5455;5
LKOH;0;20260414;135017;5456;50
LKOH;0;20260414;135018;5455.5;2
LKOH;0;20260414;135018;5455.5;1
LKOH;0;20260414;135018;5455.5;2
LKOH;0;20260414;135018;5456;1
LKOH;0;20260414;135022;5455.5;2
LKOH;0;20260414;135026;5455.5;1
LKOH;0;20260414;135030;5455.5;1
LKOH;0;20260414;135031;5456;1
LKOH;0;20260414;135046;5456;1
LKOH;0;20260414;135051;5456;1
LKOH;0;20260414;135052;5455.5;3
LKOH;0;20260414;135053;5455.5;1
LKOH;0;20260414;135053;5455.5;1
LKOH;0;20260414;135054;5455.5;1
LKOH;0;20260414;135056;5455.5;5
LKOH;0;20260414;135056;5456;14
LKOH;0;20260414;135056;5456;10
LKOH;0;20260414;135056;5456;52
LKOH;0;20260414;135056;5456;76
LKOH;0;20260414;135056;5456;22
LKOH;0;20260414;135056;5456;18
LKOH;0;20260414;135056;5456;14
LKOH;0;20260414;135056;5456;22
LKOH;0;20260414;135057;5455.5;4
LKOH;0;20260414;135057;5455.5;5
LKOH;0;20260414;135058;5455.5;8
LKOH;0;20260414;135058;5455.5;8
LKOH;0;20260414;135107;5456;5
LKOH;0;20260414;135108;5455.5;7
LKOH;0;20260414;135109;5455.5;1
LKOH;0;20260414;135109;5455.5;1
LKOH;0;20260414;135109;5456;50
LKOH;0;20260414;135109;5456;349
LKOH;0;20260414;135110;5456;1
LKOH;0;20260414;135110;5455.5;2
LKOH;0;20260414;135110;5455.5;3
LKOH;0;20260414;135111;5455.5;19
LKOH;0;20260414;135111;5455.5;20
LKOH;0;20260414;135111;5455.5;1
LKOH;0;20260414;135116;5455.5;1
LKOH;0;20260414;135122;5455.5;2
LKOH;0;20260414;135124;5455.5;2
LKOH;0;20260414;135134;5456;1
LKOH;0;20260414;135137;5455.5;1
LKOH;0;20260414;135142;5456;18
LKOH;0;20260414;135143;5455.5;1
LKOH;0;20260414;135143;5455.5;2
LKOH;0;20260414;135143;5455.5;4
LKOH;0;20260414;135144;5455.5;3
LKOH;0;20260414;135144;5456;54
LKOH;0;20260414;135144;5456;300
LKOH;0;20260414;135144;5456;10
LKOH;0;20260414;135144;5456;34
LKOH;0;20260414;135144;5456;18
LKOH;0;20260414;135144;5456;14
LKOH;0;20260414;135144;5456;33
LKOH;0;20260414;135144;5456;25
LKOH;0;20260414;135144;5456;1
LKOH;0;20260414;135144;5456;13
LKOH;0;20260414;135144;5456;14
LKOH;0;20260414;135144;5456;1
LKOH;0;20260414;135144;5456;1
LKOH;0;20260414;135144;5456;15
LKOH;0;20260414;135144;5456;64
LKOH;0;20260414;135144;5456;30
LKOH;0;20260414;135144;5456.5;1
LKOH;0;20260414;135144;5456.5;5
LKOH;0;20260414;135144;5456.5;1
LKOH;0;20260414;135144;5456.5;2
LKOH;0;20260414;135144;5456.5;1
LKOH;0;20260414;135144;5456.5;18
LKOH;0;20260414;135144;5456.5;30
LKOH;0;20260414;135144;5456.5;1
LKOH;0;20260414;135144;5456.5;3
LKOH;0;20260414;135144;5456.5;1
LKOH;0;20260414;135144;5457;10
LKOH;0;20260414;135144;5457;1
LKOH;0;20260414;135144;5457;30
LKOH;0;20260414;135144;5457;50
LKOH;0;20260414;135144;5457;20
LKOH;0;20260414;135144;5457;18
LKOH;0;20260414;135144;5457;1
LKOH;0;20260414;135144;5457;1
LKOH;0;20260414;135144;5457;20
LKOH;0;20260414;135144;5457;1
LKOH;0;20260414;135144;5457.5;2
LKOH;0;20260414;135144;5457.5;20
LKOH;0;20260414;135144;5457.5;1
LKOH;0;20260414;135144;5457.5;30
LKOH;0;20260414;135144;5457.5;60
LKOH;0;20260414;135144;5457.5;20
LKOH;0;20260414;135144;5458;5
LKOH;0;20260414;135144;5458;10
LKOH;0;20260414;135144;5458;10
LKOH;0;20260414;135144;5457;9
LKOH;0;20260414;135144;5457;1
LKOH;0;20260414;135144;5457;1
LKOH;0;20260414;135145;5457.5;40
LKOH;0;20260414;135145;5457.5;33
LKOH;0;20260414;135145;5457.5;35
LKOH;0;20260414;135145;5457.5;21
LKOH;0;20260414;135145;5457.5;15
LKOH;0;20260414;135145;5457.5;10
LKOH;0;20260414;135145;5457.5;3
LKOH;0;20260414;135145;5457.5;30
LKOH;0;20260414;135145;5457.5;42
LKOH;0;20260414;135145;5457.5;14
LKOH;0;20260414;135145;5458;10
LKOH;0;20260414;135146;5457.5;2
LKOH;0;20260414;135146;5457.5;3
LKOH;0;20260414;135146;5457.5;6
LKOH;0;20260414;135146;5457.5;6
LKOH;0;20260414;135152;5457.5;3
LKOH;0;20260414;135154;5458;13
LKOH;0;20260414;135154;5458;15
LKOH;0;20260414;135155;5457.5;1
LKOH;0;20260414;135155;5457.5;2
LKOH;0;20260414;135156;5457.5;4
LKOH;0;20260414;135156;5457.5;1
LKOH;0;20260414;135157;5457.5;1
LKOH;0;20260414;135158;5457.5;2
LKOH;0;20260414;135159;5457.5;1
LKOH;0;20260414;135204;5458;62
LKOH;0;20260414;135204;5458;14
LKOH;0;20260414;135205;5457.5;5
LKOH;0;20260414;135205;5457.5;5
LKOH;0;20260414;135208;5457.5;28
LKOH;0;20260414;135209;5457.5;1
LKOH;0;20260414;135209;5457.5;1
LKOH;0;20260414;135209;5457.5;1
LKOH;0;20260414;135211;5457.5;1
LKOH;0;20260414;135211;5457.5;9
LKOH;0;20260414;135216;5457.5;6
LKOH;0;20260414;135217;5457.5;1
LKOH;0;20260414;135217;5457.5;1
LKOH;0;20260414;135220;5457.5;1
LKOH;0;20260414;135222;5457.5;2
LKOH;0;20260414;135226;5457.5;1
LKOH;0;20260414;135229;5457.5;4
LKOH;0;20260414;135229;5458;3
LKOH;0;20260414;135233;5457.5;12
LKOH;0;20260414;135234;5457.5;1
LKOH;0;20260414;135234;5457.5;1
LKOH;0;20260414;135235;5457.5;1
LKOH;0;20260414;135235;5457.5;2
LKOH;0;20260414;135236;5457.5;8
LKOH;0;20260414;135236;5457.5;14
LKOH;0;20260414;135237;5457.5;1
LKOH;0;20260414;135237;5457.5;1
LKOH;0;20260414;135238;5458;1
LKOH;0;20260414;135241;5457.5;2
LKOH;0;20260414;135247;5457.5;1
LKOH;0;20260414;135248;5457.5;1
LKOH;0;20260414;135248;5457.5;1
LKOH;0;20260414;135249;5457.5;30
LKOH;0;20260414;135249;5458;31
LKOH;0;20260414;135249;5458;1
LKOH;0;20260414;135249;5458;38
LKOH;0;20260414;135249;5457.5;6
LKOH;0;20260414;135249;5457.5;1
LKOH;0;20260414;135249;5457.5;2
LKOH;0;20260414;135250;5457.5;3
LKOH;0;20260414;135250;5457.5;4
LKOH;0;20260414;135252;5457.5;8
LKOH;0;20260414;135252;5457.5;30
LKOH;0;20260414;135252;5457.5;3
LKOH;0;20260414;135253;5457.5;1
LKOH;0;20260414;135253;5457.5;1
LKOH;0;20260414;135254;5457.5;2
LKOH;0;20260414;135254;5457.5;2
LKOH;0;20260414;135255;5458;1
LKOH;0;20260414;135255;5457.5;37
LKOH;0;20260414;135256;5457.5;2
LKOH;0;20260414;135256;5457.5;2
LKOH;0;20260414;135256;5458;5
LKOH;0;20260414;135256;5457.5;5
LKOH;0;20260414;135258;5457.5;1
LKOH;0;20260414;135301;5458;1
LKOH;0;20260414;135303;5457.5;12
LKOH;0;20260414;135303;5457.5;2
LKOH;0;20260414;135304;5457.5;1
LKOH;0;20260414;135304;5457.5;2
LKOH;0;20260414;135304;5458;1
LKOH;0;20260414;135305;5457.5;1
LKOH;0;20260414;135306;5457.5;35
LKOH;0;20260414;135307;5457.5;30
LKOH;0;20260414;135307;5457.5;2
LKOH;0;20260414;135307;5457.5;2
LKOH;0;20260414;135307;5457.5;10
LKOH;0;20260414;135307;5457.5;7
LKOH;0;20260414;135307;5457.5;1
LKOH;0;20260414;135308;5457.5;1
LKOH;0;20260414;135308;5457.5;2
LKOH;0;20260414;135309;5457.5;1
LKOH;0;20260414;135309;5457.5;1
LKOH;0;20260414;135319;5457.5;1
LKOH;0;20260414;135320;5457.5;25
LKOH;0;20260414;135320;5457.5;1
LKOH;0;20260414;135321;5457.5;52
LKOH;0;20260414;135321;5457.5;3
LKOH;0;20260414;135321;5457.5;1
LKOH;0;20260414;135321;5457.5;2
LKOH;0;20260414;135322;5457.5;3
LKOH;0;20260414;135322;5457.5;3
LKOH;0;20260414;135322;5457.5;1
LKOH;0;20260414;135323;5457.5;2
LKOH;0;20260414;135326;5457.5;1
LKOH;0;20260414;135327;5457.5;2
LKOH;0;20260414;135331;5457.5;7
LKOH;0;20260414;135331;5457.5;1
LKOH;0;20260414;135331;5457.5;1
LKOH;0;20260414;135332;5458;4
LKOH;0;20260414;135332;5458;1
LKOH;0;20260414;135332;5458;2
LKOH;0;20260414;135332;5458;2
LKOH;0;20260414;135332;5458;40
LKOH;0;20260414;135332;5458;1
LKOH;0;20260414;135332;5458;11
LKOH;0;20260414;135332;5458;7
LKOH;0;20260414;135332;5458;26
LKOH;0;20260414;135332;5458;13
LKOH;0;20260414;135332;5458;30
LKOH;0;20260414;135333;5457.5;3
LKOH;0;20260414;135333;5457.5;4
LKOH;0;20260414;135334;5457.5;3
LKOH;0;20260414;135334;5457.5;4
LKOH;0;20260414;135334;5457.5;1
LKOH;0;20260414;135336;5457.5;1
LKOH;0;20260414;135339;5457.5;50
LKOH;0;20260414;135340;5458;1
LKOH;0;20260414;135340;5457.5;3
LKOH;0;20260414;135340;5457.5;4
LKOH;0;20260414;135342;5458;1
LKOH;0;20260414;135345;5458;1
LKOH;0;20260414;135345;5458;61
LKOH;0;20260414;135346;5457.5;3
LKOH;0;20260414;135346;5457.5;4
LKOH;0;20260414;135347;5458;1
LKOH;0;20260414;135348;5457.5;49
LKOH;0;20260414;135349;5457.5;3
LKOH;0;20260414;135349;5457.5;3
LKOH;0;20260414;135350;5457.5;100
LKOH;0;20260414;135350;5458;1
LKOH;0;20260414;135350;5457.5;8
LKOH;0;20260414;135350;5457.5;20
LKOH;0;20260414;135351;5457.5;5
LKOH;0;20260414;135351;5457.5;6
LKOH;0;20260414;135352;5457.5;1
LKOH;0;20260414;135352;5457.5;1
LKOH;0;20260414;135353;5457.5;3
LKOH;0;20260414;135353;5458;2
LKOH;0;20260414;135354;5457.5;1
LKOH;0;20260414;135354;5457.5;1
LKOH;0;20260414;135355;5458;76
LKOH;0;20260414;135355;5458;76
LKOH;0;20260414;135356;5457.5;4
LKOH;0;20260414;135356;5457.5;1
LKOH;0;20260414;135356;5457.5;3
LKOH;0;20260414;135356;5457.5;6
LKOH;0;20260414;135357;5457.5;4
LKOH;0;20260414;135357;5457.5;4
LKOH;0;20260414;135357;5458;9
LKOH;0;20260414;135358;5457.5;1
LKOH;0;20260414;135358;5457.5;1
LKOH;0;20260414;135401;5457.5;20
LKOH;0;20260414;135402;5457.5;1
LKOH;0;20260414;135402;5457.5;1
LKOH;0;20260414;135403;5457.5;1
LKOH;0;20260414;135403;5458;1
LKOH;0;20260414;135405;5457.5;200
LKOH;0;20260414;135405;5457.5;13
LKOH;0;20260414;135405;5457.5;8
LKOH;0;20260414;135405;5457.5;29
LKOH;0;20260414;135405;5457.5;30
LKOH;0;20260414;135405;5457.5;18
LKOH;0;20260414;135405;5457.5;50
LKOH;0;20260414;135405;5457.5;50
LKOH;0;20260414;135405;5457.5;50
LKOH;0;20260414;135405;5457.5;50
LKOH;0;20260414;135405;5457.5;1
LKOH;0;20260414;135405;5457.5;3
LKOH;0;20260414;135406;5457.5;1
LKOH;0;20260414;135406;5457.5;7
LKOH;0;20260414;135406;5457.5;8
LKOH;0;20260414;135406;5457.5;8
LKOH;0;20260414;135406;5457;1
LKOH;0;20260414;135406;5457;10
LKOH;0;20260414;135406;5457;12
LKOH;0;20260414;135406;5457.5;8
LKOH;0;20260414;135407;5457.5;8
LKOH;0;20260414;135407;5457.5;1
LKOH;0;20260414;135407;5457.5;7
LKOH;0;20260414;135407;5457.5;8
LKOH;0;20260414;135407;5457;17
LKOH;0;20260414;135407;5457;18
LKOH;0;20260414;135407;5457.5;3
LKOH;0;20260414;135407;5457.5;5
LKOH;0;20260414;135408;5457.5;8
LKOH;0;20260414;135408;5457;1
LKOH;0;20260414;135408;5457;2
LKOH;0;20260414;135409;5457;1
LKOH;0;20260414;135409;5457;2
LKOH;0;20260414;135412;5457;50
LKOH;0;20260414;135412;5457;3
LKOH;0;20260414;135412;5457;3
LKOH;0;20260414;135418;5457.5;1
LKOH;0;20260414;135421;5457;100
LKOH;0;20260414;135422;5457;3
LKOH;0;20260414;135422;5457;2
LKOH;0;20260414;135422;5457;6
LKOH;0;20260414;135423;5457;2
LKOH;0;20260414;135427;5457;6
LKOH;0;20260414;135428;5457.5;2
LKOH;0;20260414;135428;5457;20
LKOH;0;20260414;135429;5457;1
LKOH;0;20260414;135429;5457;2
LKOH;0;20260414;135440;5457;10
LKOH;0;20260414;135441;5457.5;1
LKOH;0;20260414;135441;5457;1
LKOH;0;20260414;135441;5457;1
LKOH;0;20260414;135442;5457;20
LKOH;0;20260414;135443;5457;1
LKOH;0;20260414;135443;5457;1
LKOH;0;20260414;135445;5457;25
LKOH;0;20260414;135446;5457;1
LKOH;0;20260414;135446;5457;2
LKOH;0;20260414;135451;5457.5;33
LKOH;0;20260414;135451;5457.5;43
LKOH;0;20260414;135451;5457.5;6
LKOH;0;20260414;135452;5457;4
LKOH;0;20260414;135452;5457;4
LKOH;0;20260414;135453;5457;3
LKOH;0;20260414;135456;5457.5;1
LKOH;0;20260414;135456;5457;5
LKOH;0;20260414;135457;5457;1
LKOH;0;20260414;135457;5457;1
LKOH;0;20260414;135500;5457.5;6
LKOH;0;20260414;135500;5457.5;6
LKOH;0;20260414;135501;5457.5;2
LKOH;0;20260414;135501;5457.5;2
LKOH;0;20260414;135501;5457;1
LKOH;0;20260414;135501;5457;25
LKOH;0;20260414;135501;5457;1
LKOH;0;20260414;135501;5457;1
LKOH;0;20260414;135502;5457;25
LKOH;0;20260414;135502;5457;1
LKOH;0;20260414;135502;5457;1
LKOH;0;20260414;135503;5457;1
LKOH;0;20260414;135503;5457;2
LKOH;0;20260414;135504;5457.5;19
LKOH;0;20260414;135504;5457.5;12
LKOH;0;20260414;135504;5457.5;6
LKOH;0;20260414;135504;5457.5;1
LKOH;0;20260414;135504;5457.5;13
LKOH;0;20260414;135504;5457.5;11
LKOH;0;20260414;135505;5457;5
LKOH;0;20260414;135505;5457;2
LKOH;0;20260414;135505;5457;2
LKOH;0;20260414;135506;5457;1
LKOH;0;20260414;135506;5457;2
LKOH;0;20260414;135512;5457;2
LKOH;0;20260414;135514;5457.5;74
LKOH;0;20260414;135514;5457.5;74
LKOH;0;20260414;135515;5457.5;41
LKOH;0;20260414;135515;5457.5;15
LKOH;0;20260414;135515;5457.5;20
LKOH;0;20260414;135515;5457.5;5
LKOH;0;20260414;135515;5457.5;1
LKOH;0;20260414;135515;5457.5;1
LKOH;0;20260414;135515;5457.5;1
LKOH;0;20260414;135515;5457.5;68
LKOH;0;20260414;135515;5457;3
LKOH;0;20260414;135515;5457.5;76
LKOH;0;20260414;135515;5457.5;76
LKOH;0;20260414;135515;5457;4
LKOH;0;20260414;135515;5457;5
LKOH;0;20260414;135516;5457;1
LKOH;0;20260414;135516;5457;21
LKOH;0;20260414;135516;5457;21
LKOH;0;20260414;135523;5457;2
LKOH;0;20260414;135528;5457.5;76
LKOH;0;20260414;135529;5457;4
LKOH;0;20260414;135529;5457;5
LKOH;0;20260414;135529;5457;3
LKOH;0;20260414;135533;5457;1
LKOH;0;20260414;135539;5457.5;1
LKOH;0;20260414;135539;5457;11
LKOH;0;20260414;135539;5457;6
LKOH;0;20260414;135539;5457;1
LKOH;0;20260414;135539;5457;30
LKOH;0;20260414;135539;5457;13
LKOH;0;20260414;135539;5457;26
LKOH;0;20260414;135539;5457;63
LKOH;0;20260414;135540;5457.5;4
LKOH;0;20260414;135540;5457;1
LKOH;0;20260414;135540;5457;1
LKOH;0;20260414;135540;5457;1
LKOH;0;20260414;135540;5457;5
LKOH;0;20260414;135540;5457;9
LKOH;0;20260414;135553;5457;3
LKOH;0;20260414;135556;5457;1
LKOH;0;20260414;135556;5457;4
LKOH;0;20260414;135557;5457;1
LKOH;0;20260414;135557;5457;1
LKOH;0;20260414;135558;5457.5;9
LKOH;0;20260414;135604;5457;2
LKOH;0;20260414;135605;5457;1
LKOH;0;20260414;135614;5457;24
LKOH;0;20260414;135614;5457;6
LKOH;0;20260414;135615;5457;2
LKOH;0;20260414;135615;5457;2
LKOH;0;20260414;135616;5457;6
LKOH;0;20260414;135616;5457;4
LKOH;0;20260414;135617;5457;1
LKOH;0;20260414;135617;5457;1
LKOH;0;20260414;135622;5457;50
LKOH;0;20260414;135623;5457;2
LKOH;0;20260414;135623;5457.5;1
LKOH;0;20260414;135623;5457;2
LKOH;0;20260414;135623;5457;3
LKOH;0;20260414;135637;5457.5;50
LKOH;0;20260414;135637;5457.5;5
LKOH;0;20260414;135637;5458;73
LKOH;0;20260414;135637;5458;1
LKOH;0;20260414;135637;5458;10
LKOH;0;20260414;135637;5458;25
LKOH;0;20260414;135637;5458;1
LKOH;0;20260414;135637;5458;15
LKOH;0;20260414;135637;5458;100
LKOH;0;20260414;135637;5458;2
LKOH;0;20260414;135637;5458;1
LKOH;0;20260414;135637;5458;13
LKOH;0;20260414;135637;5458;20
LKOH;0;20260414;135637;5458;30
LKOH;0;20260414;135637;5458;2
LKOH;0;20260414;135637;5458;1
LKOH;0;20260414;135637;5458;10
LKOH;0;20260414;135637;5458;222
LKOH;0;20260414;135637;5458;10
LKOH;0;20260414;135637;5458;16
LKOH;0;20260414;135638;5458;5
LKOH;0;20260414;135638;5458;54
LKOH;0;20260414;135638;5458;26
LKOH;0;20260414;135638;5458;9
LKOH;0;20260414;135638;5457.5;16
LKOH;0;20260414;135638;5457.5;14
LKOH;0;20260414;135638;5457.5;2
LKOH;0;20260414;135639;5457.5;10
LKOH;0;20260414;135639;5457.5;12
LKOH;0;20260414;135639;5457.5;1
LKOH;0;20260414;135639;5457.5;22
LKOH;0;20260414;135641;5457.5;50
LKOH;0;20260414;135642;5457.5;3
LKOH;0;20260414;135642;5457.5;4
LKOH;0;20260414;135642;5457.5;9
LKOH;0;20260414;135648;5458;38
LKOH;0;20260414;135648;5458;1
LKOH;0;20260414;135649;5458;2
LKOH;0;20260414;135649;5458;3
LKOH;0;20260414;135653;5458;3
LKOH;0;20260414;135656;5458;5
LKOH;0;20260414;135657;5458.5;4
LKOH;0;20260414;135657;5458.5;4
LKOH;0;20260414;135658;5458.5;1
LKOH;0;20260414;135658;5458;1
LKOH;0;20260414;135658;5458;1
LKOH;0;20260414;135658;5458;1
LKOH;0;20260414;135700;5458.5;1
LKOH;0;20260414;135700;5458.5;7
LKOH;0;20260414;135700;5458.5;8
LKOH;0;20260414;135700;5458.5;4
LKOH;0;20260414;135700;5458.5;4
LKOH;0;20260414;135700;5458;1
LKOH;0;20260414;135700;5458;1
LKOH;0;20260414;135703;5458;1
LKOH;0;20260414;135706;5458.5;76
LKOH;0;20260414;135707;5458;4
LKOH;0;20260414;135707;5458;5
LKOH;0;20260414;135709;5458.5;1
LKOH;0;20260414;135709;5458.5;1
LKOH;0;20260414;135710;5459;17
LKOH;0;20260414;135711;5458.5;1
LKOH;0;20260414;135711;5458.5;2
LKOH;0;20260414;135712;5459;33
LKOH;0;20260414;135712;5459;13
LKOH;0;20260414;135712;5459;33
LKOH;0;20260414;135712;5459;4
LKOH;0;20260414;135712;5459;1
LKOH;0;20260414;135712;5459;8
LKOH;0;20260414;135712;5459;9
LKOH;0;20260414;135713;5458.5;1
LKOH;0;20260414;135713;5458.5;2
LKOH;0;20260414;135713;5458.5;4
LKOH;0;20260414;135713;5458.5;3
LKOH;0;20260414;135713;5458.5;1
LKOH;0;20260414;135715;5459;2
LKOH;0;20260414;135716;5459;11
LKOH;0;20260414;135716;5459;1
LKOH;0;20260414;135716;5459;1
LKOH;0;20260414;135716;5459.5;64
LKOH;0;20260414;135717;5459;3
LKOH;0;20260414;135717;5459;4
LKOH;0;20260414;135717;5459;5
LKOH;0;20260414;135718;5459;18
LKOH;0;20260414;135718;5459;30
LKOH;0;20260414;135719;5459;2
LKOH;0;20260414;135719;5459;3
LKOH;0;20260414;135723;5459;2
LKOH;0;20260414;135730;5459;1
LKOH;0;20260414;135739;5459.5;36
LKOH;0;20260414;135739;5459.5;40
LKOH;0;20260414;135740;5459;4
LKOH;0;20260414;135740;5459;1
LKOH;0;20260414;135740;5459;4
LKOH;0;20260414;135743;5459.5;2
LKOH;0;20260414;135752;5459.5;1
LKOH;0;20260414;135753;5459.5;1
LKOH;0;20260414;135753;5459;3
LKOH;0;20260414;135755;5459;1
LKOH;0;20260414;135756;5459;5
LKOH;0;20260414;135759;5459.5;1
LKOH;0;20260414;135800;5459;1
LKOH;0;20260414;135800;5459;1
LKOH;0;20260414;135808;5459.5;23
LKOH;0;20260414;135808;5459.5;2
LKOH;0;20260414;135808;5459.5;1
LKOH;0;20260414;135808;5460;3
LKOH;0;20260414;135808;5460;73
LKOH;0;20260414;135808;5460;13
LKOH;0;20260414;135808;5460;9
LKOH;0;20260414;135808;5460;5
LKOH;0;20260414;135808;5460;1
LKOH;0;20260414;135808;5460;6
LKOH;0;20260414;135808;5460;1
LKOH;0;20260414;135808;5460;1
LKOH;0;20260414;135809;5459.5;1
LKOH;0;20260414;135809;5459.5;1
LKOH;0;20260414;135809;5459.5;6
LKOH;0;20260414;135809;5459.5;7
LKOH;0;20260414;135821;5460;3
LKOH;0;20260414;135823;5459.5;2
LKOH;0;20260414;135832;5460;76
LKOH;0;20260414;135833;5459.5;4
LKOH;0;20260414;135833;5459.5;5
LKOH;0;20260414;135835;5460;76
LKOH;0;20260414;135835;5460;36
LKOH;0;20260414;135835;5460;10
LKOH;0;20260414;135835;5460;1
LKOH;0;20260414;135835;5460;12
LKOH;0;20260414;135835;5460;1
LKOH;0;20260414;135835;5460;6
LKOH;0;20260414;135835;5460;1
LKOH;0;20260414;135835;5460;9
LKOH;0;20260414;135835;5460;11
LKOH;0;20260414;135835;5460;10
LKOH;0;20260414;135835;5460;3
LKOH;0;20260414;135835;5460;2
LKOH;0;20260414;135835;5460;2
LKOH;0;20260414;135835;5460;1
LKOH;0;20260414;135835;5460;5
LKOH;0;20260414;135835;5460;42
LKOH;0;20260414;135835;5460;9
LKOH;0;20260414;135835;5460;49
LKOH;0;20260414;135835;5460;27
LKOH;0;20260414;135835;5460;23
LKOH;0;20260414;135835;5460;41
LKOH;0;20260414;135836;5459.5;4
LKOH;0;20260414;135836;5459.5;4
LKOH;0;20260414;135836;5459.5;9
LKOH;0;20260414;135836;5459.5;1
LKOH;0;20260414;135836;5459.5;6
LKOH;0;20260414;135836;5459.5;17
LKOH;0;20260414;135846;5459.5;1
LKOH;0;20260414;135852;5459.5;1
LKOH;0;20260414;135853;5459.5;3
LKOH;0;20260414;135856;5459.5;5
LKOH;0;20260414;135857;5459.5;1
LKOH;0;20260414;135857;5459.5;1
LKOH;0;20260414;135857;5459.5;1
LKOH;0;20260414;135902;5459.5;1
LKOH;0;20260414;135905;5459.5;74
LKOH;0;20260414;135906;5459.5;4
LKOH;0;20260414;135906;5459.5;4
LKOH;0;20260414;135908;5460;9
LKOH;0;20260414;135908;5460;27
LKOH;0;20260414;135909;5459.5;2
LKOH;0;20260414;135909;5459.5;2
LKOH;0;20260414;135910;5459.5;10
LKOH;0;20260414;135910;5459.5;89
LKOH;0;20260414;135911;5459;1
LKOH;0;20260414;135911;5459;1
LKOH;0;20260414;135911;5459;1
LKOH;0;20260414;135911;5459;2
LKOH;0;20260414;135911;5459;6
LKOH;0;20260414;135913;5459.5;2
LKOH;0;20260414;135915;5459;3
LKOH;0;20260414;135916;5459;10
LKOH;0;20260414;135916;5459;1
LKOH;0;20260414;135916;5459;1
LKOH;0;20260414;135917;5459.5;1
LKOH;0;20260414;135919;5459;1
LKOH;0;20260414;135922;5459.5;1
LKOH;0;20260414;135922;5459;9
LKOH;0;20260414;135922;5459;27
LKOH;0;20260414;135922;5459;33
LKOH;0;20260414;135922;5459;13
LKOH;0;20260414;135922;5459;1
LKOH;0;20260414;135923;5459;27
LKOH;0;20260414;135923;5459;27
LKOH;0;20260414;135923;5459;1
LKOH;0;20260414;135923;5459;9
LKOH;0;20260414;135923;5459;39
LKOH;0;20260414;135923;5459;45
LKOH;0;20260414;135923;5459;2
LKOH;0;20260414;135923;5459;9
LKOH;0;20260414;135923;5459;39
LKOH;0;20260414;135923;5459;39
LKOH;0;20260414;135923;5459;4
LKOH;0;20260414;135923;5459;36
LKOH;0;20260414;135923;5459;1
LKOH;0;20260414;135923;5458.5;5
LKOH;0;20260414;135923;5458.5;30
LKOH;0;20260414;135923;5458.5;18
LKOH;0;20260414;135923;5458.5;1
LKOH;0;20260414;135923;5458.5;1
LKOH;0;20260414;135923;5458.5;15
LKOH;0;20260414;135923;5458.5;1
LKOH;0;20260414;135923;5458.5;2
LKOH;0;20260414;135923;5458.5;2
LKOH;0;20260414;135924;5458.5;22
LKOH;0;20260414;135924;5458.5;22
LKOH;0;20260414;135930;5459;1
LKOH;0;20260414;135949;5459;4
LKOH;0;20260414;135953;5458;3
LKOH;0;20260414;135954;5458.5;5
LKOH;0;20260414;135954;5458.5;45
LKOH;0;20260414;135954;5458.5;9
LKOH;0;20260414;135955;5458;1
LKOH;0;20260414;135955;5458;1
LKOH;0;20260414;135956;5458;2
LKOH;0;20260414;135956;5458;1
LKOH;0;20260414;135956;5457.5;3
LKOH;0;20260414;135956;5457.5;1
LKOH;0;20260414;135956;5457;5
LKOH;0;20260414;135956;5457;1
LKOH;0;20260414;135956;5456.5;94
LKOH;0;20260414;135956;5457;18
LKOH;0;20260414;135956;5457;50
LKOH;0;20260414;135956;5457;8
LKOH;0;20260414;135956;5456.5;5
LKOH;0;20260414;135957;5456.5;5
LKOH;0;20260414;135957;5456.5;6
LKOH;0;20260414;135957;5456.5;4
LKOH;0;20260414;135957;5456.5;4
LKOH;0;20260414;135958;5457;1
LKOH;0;20260414;140000;5457;4
LKOH;0;20260414;140000;5457;2
LKOH;0;20260414;140000;5457;1
LKOH;0;20260414;140001;5456.5;1
LKOH;0;20260414;140001;5456.5;1
LKOH;0;20260414;140002;5457;14
LKOH;0;20260414;140002;5457;40
LKOH;0;20260414;140002;5457.5;20
LKOH;0;20260414;140002;5457;3
LKOH;0;20260414;140002;5457;2
LKOH;0;20260414;140002;5457;1
LKOH;0;20260414;140002;5457;7
LKOH;0;20260414;140002;5457;2
LKOH;0;20260414;140002;5457;4
LKOH;0;20260414;140003;5457.5;4
LKOH;0;20260414;140003;5458;6
LKOH;0;20260414;140003;5458;1
LKOH;0;20260414;140003;5458;1
LKOH;0;20260414;140005;5458.5;18
LKOH;0;20260414;140005;5458.5;5
LKOH;0;20260414;140005;5458.5;7
LKOH;0;20260414;140005;5459;2
LKOH;0;20260414;140005;5459;89
LKOH;0;20260414;140006;5458.5;1
LKOH;0;20260414;140006;5458.5;2
LKOH;0;20260414;140007;5458.5;5
LKOH;0;20260414;140007;5458.5;1
LKOH;0;20260414;140007;5458.5;1
LKOH;0;20260414;140007;5458.5;4
LKOH;0;20260414;140009;5458.5;8
LKOH;0;20260414;140010;5459;1
LKOH;0;20260414;140011;5459;1
LKOH;0;20260414;140011;5459;2
LKOH;0;20260414;140011;5458.5;69
LKOH;0;20260414;140011;5458.5;11
LKOH;0;20260414;140012;5459;1
LKOH;0;20260414;140012;5458;5
LKOH;0;20260414;140012;5458;2
LKOH;0;20260414;140012;5458;2
LKOH;0;20260414;140012;5458;1
LKOH;0;20260414;140013;5458;3
LKOH;0;20260414;140015;5458;17
LKOH;0;20260414;140015;5458;1
LKOH;0;20260414;140015;5457.5;2
LKOH;0;20260414;140016;5457.5;1
LKOH;0;20260414;140016;5457.5;1
LKOH;0;20260414;140016;5457.5;1
LKOH;0;20260414;140016;5458;30
LKOH;0;20260414;140016;5458;1
LKOH;0;20260414;140016;5458;2
LKOH;0;20260414;140016;5458.5;1
LKOH;0;20260414;140016;5458.5;30
LKOH;0;20260414;140016;5458.5;2
LKOH;0;20260414;140016;5458.5;10
LKOH;0;20260414;140017;5458;2
LKOH;0;20260414;140017;5458;2
LKOH;0;20260414;140017;5458;1
LKOH;0;20260414;140017;5457.5;1
LKOH;0;20260414;140017;5457.5;3
LKOH;0;20260414;140017;5457.5;1
LKOH;0;20260414;140018;5458;30
LKOH;0;20260414;140018;5458;1
LKOH;0;20260414;140019;5458;2
LKOH;0;20260414;140019;5458;2
LKOH;0;20260414;140020;5458.5;1
LKOH;0;20260414;140020;5458;2
LKOH;0;20260414;140021;5458.5;1
LKOH;0;20260414;140022;5457.5;1
LKOH;0;20260414;140022;5457.5;1
LKOH;0;20260414;140026;5458;1
LKOH;0;20260414;140026;5458.5;1
LKOH;0;20260414;140026;5458.5;1
LKOH;0;20260414;140026;5458.5;7
LKOH;0;20260414;140027;5457.5;1
LKOH;0;20260414;140027;5457;1
LKOH;0;20260414;140028;5457.5;1
LKOH;0;20260414;140028;5458;1
LKOH;0;20260414;140028;5458.5;4
LKOH;0;20260414;140030;5458.5;60
LKOH;0;20260414;140030;5458.5;11
LKOH;0;20260414;140030;5458.5;5
LKOH;0;20260414;140030;5458.5;14
LKOH;0;20260414;140030;5458.5;5
LKOH;0;20260414;140030;5459;56
LKOH;0;20260414;140030;5459;1
LKOH;0;20260414;140030;5459;76
LKOH;0;20260414;140031;5458.5;4
LKOH;0;20260414;140031;5458.5;58
LKOH;0;20260414;140031;5458.5;1
LKOH;0;20260414;140031;5458.5;13
LKOH;0;20260414;140031;5458.5;76
LKOH;0;20260414;140031;5458;30
LKOH;0;20260414;140031;5458;1
LKOH;0;20260414;140031;5458;5
LKOH;0;20260414;140032;5457.5;8
LKOH;0;20260414;140032;5457.5;8
LKOH;0;20260414;140033;5457;10
LKOH;0;20260414;140033;5457;7
LKOH;0;20260414;140033;5457;3
LKOH;0;20260414;140034;5458;1
LKOH;0;20260414;140036;5458;31
LKOH;0;20260414;140036;5458;1
LKOH;0;20260414;140036;5458;1
LKOH;0;20260414;140037;5458;1
LKOH;0;20260414;140037;5458;1
LKOH;0;20260414;140037;5458;2
LKOH;0;20260414;140038;5458.5;1
LKOH;0;20260414;140038;5459;8
LKOH;0;20260414;140038;5459;64
LKOH;0;20260414;140038;5459;76
LKOH;0;20260414;140038;5459;73
LKOH;0;20260414;140038;5459;215
LKOH;0;20260414;140038;5459;2
LKOH;0;20260414;140038;5459;4
LKOH;0;20260414;140038;5459.5;1
LKOH;0;20260414;140038;5459.5;5
LKOH;0;20260414;140038;5459.5;1
LKOH;0;20260414;140038;5459.5;4
LKOH;0;20260414;140039;5458.5;8
LKOH;0;20260414;140039;5458.5;8
LKOH;0;20260414;140040;5458.5;13
LKOH;0;20260414;140040;5458.5;4
LKOH;0;20260414;140040;5458.5;1
LKOH;0;20260414;140040;5458;7
LKOH;0;20260414;140042;5458.5;10
LKOH;0;20260414;140043;5458;1
LKOH;0;20260414;140043;5458;1
LKOH;0;20260414;140045;5458;17
LKOH;0;20260414;140045;5458;3
LKOH;0;20260414;140046;5458;1
LKOH;0;20260414;140046;5458;1
LKOH;0;20260414;140052;5458;2
LKOH;0;20260414;140053;5457.5;2
LKOH;0;20260414;140057;5457.5;1
LKOH;0;20260414;140057;5457.5;4
LKOH;0;20260414;140107;5458;1
LKOH;0;20260414;140107;5458;1
LKOH;0;20260414;140107;5458;8
LKOH;0;20260414;140108;5457;1
LKOH;0;20260414;140108;5457;1
LKOH;0;20260414;140115;5457;1
LKOH;0;20260414;140115;5457;10
LKOH;0;20260414;140116;5456.5;1
LKOH;0;20260414;140116;5456.5;1
LKOH;0;20260414;140123;5456.5;3
LKOH;0;20260414;140125;5457;1
LKOH;0;20260414;140129;5456.5;91
LKOH;0;20260414;140129;5456.5;9
LKOH;0;20260414;140130;5456.5;5
LKOH;0;20260414;140130;5456.5;6
LKOH;0;20260414;140132;5456.5;2
LKOH;0;20260414;140141;5457;1
LKOH;0;20260414;140141;5457;64
LKOH;0;20260414;140141;5457;12
LKOH;0;20260414;140142;5456.5;4
LKOH;0;20260414;140142;5456.5;5
LKOH;0;20260414;140147;5457.5;1
LKOH;0;20260414;140147;5457;50
LKOH;0;20260414;140147;5457;13
LKOH;0;20260414;140147;5457;1
LKOH;0;20260414;140147;5457;40
LKOH;0;20260414;140148;5456.5;6
LKOH;0;20260414;140148;5456.5;6
LKOH;0;20260414;140149;5456.5;100
LKOH;0;20260414;140150;5456.5;1
LKOH;0;20260414;140150;5456.5;2
LKOH;0;20260414;140150;5456.5;2
LKOH;0;20260414;140150;5456;6
LKOH;0;20260414;140150;5456.5;1
LKOH;0;20260414;140150;5456.5;30
LKOH;0;20260414;140150;5456.5;13
LKOH;0;20260414;140151;5455.5;1
LKOH;0;20260414;140151;5455.5;1
LKOH;0;20260414;140151;5455;1
LKOH;0;20260414;140151;5455;7
LKOH;0;20260414;140151;5455;10
LKOH;0;20260414;140151;5455;2
LKOH;0;20260414;140151;5455;3
LKOH;0;20260414;140152;5455;10
LKOH;0;20260414;140152;5455;1
LKOH;0;20260414;140152;5455;1
LKOH;0;20260414;140153;5455.5;2
LKOH;0;20260414;140157;5455.5;5
LKOH;0;20260414;140158;5455.5;1
LKOH;0;20260414;140158;5455.5;1
LKOH;0;20260414;140159;5456;1
LKOH;0;20260414;140159;5456;1
LKOH;0;20260414;140203;5456;1
LKOH;0;20260414;140203;5456;76
LKOH;0;20260414;140203;5455.5;1
LKOH;0;20260414;140203;5455.5;1
LKOH;0;20260414;140204;5455;1
LKOH;0;20260414;140204;5455;3
LKOH;0;20260414;140204;5455;5
LKOH;0;20260414;140209;5454.5;1
LKOH;0;20260414;140222;5454.5;15
LKOH;0;20260414;140222;5455;1
LKOH;0;20260414;140222;5455;14
LKOH;0;20260414;140222;5455;1
LKOH;0;20260414;140222;5455;2
LKOH;0;20260414;140222;5455;2
LKOH;0;20260414;140222;5455;1
LKOH;0;20260414;140222;5455.5;40
LKOH;0;20260414;140223;5454.5;4
LKOH;0;20260414;140223;5454.5;4
LKOH;0;20260414;140223;5454.5;3
LKOH;0;20260414;140234;5455.5;1
LKOH;0;20260414;140236;5455;13
LKOH;0;20260414;140236;5455;1
LKOH;0;20260414;140236;5455;1
LKOH;0;20260414;140237;5455;1
LKOH;0;20260414;140237;5455;1
LKOH;0;20260414;140243;5455.5;25
LKOH;0;20260414;140243;5455.5;25
LKOH;0;20260414;140243;5455.5;49
LKOH;0;20260414;140243;5455.5;9
LKOH;0;20260414;140243;5455.5;1
LKOH;0;20260414;140243;5456;2
LKOH;0;20260414;140243;5457;74
LKOH;0;20260414;140243;5457;26
LKOH;0;20260414;140244;5457.5;13
LKOH;0;20260414;140244;5457;1
LKOH;0;20260414;140244;5457;2
LKOH;0;20260414;140246;5457;11
LKOH;0;20260414;140246;5457;11
LKOH;0;20260414;140246;5457;5
LKOH;0;20260414;140247;5457.5;76
LKOH;0;20260414;140248;5457;4
LKOH;0;20260414;140248;5457;5
LKOH;0;20260414;140252;5457.5;76
LKOH;0;20260414;140252;5457.5;34
LKOH;0;20260414;140253;5458;2
LKOH;0;20260414;140253;5458;28
LKOH;0;20260414;140253;5458;1
LKOH;0;20260414;140253;5458;76
LKOH;0;20260414;140253;5458;76
LKOH;0;20260414;140253;5458;13
LKOH;0;20260414;140253;5457.5;4
LKOH;0;20260414;140253;5457.5;5
LKOH;0;20260414;140254;5457;13
LKOH;0;20260414;140254;5456.5;2
LKOH;0;20260414;140254;5456.5;10
LKOH;0;20260414;140257;5456.5;1
LKOH;0;20260414;140257;5456.5;4
LKOH;0;20260414;140300;5457;1
LKOH;0;20260414;140304;5457.5;1
LKOH;0;20260414;140304;5457.5;12
LKOH;0;20260414;140304;5457;5
LKOH;0;20260414;140304;5457;1
LKOH;0;20260414;140304;5457;1
LKOH;0;20260414;140305;5457.5;52
LKOH;0;20260414;140305;5457.5;9
LKOH;0;20260414;140305;5457.5;19
LKOH;0;20260414;140305;5457.5;3
LKOH;0;20260414;140305;5457.5;4
LKOH;0;20260414;140305;5458;5
LKOH;0;20260414;140305;5458;4
LKOH;0;20260414;140306;5458.5;1
LKOH;0;20260414;140306;5458.5;1
LKOH;0;20260414;140318;5459;15
LKOH;0;20260414;140319;5459;61
LKOH;0;20260414;140319;5458.5;1
LKOH;0;20260414;140319;5458.5;1
LKOH;0;20260414;140320;5458.5;3
LKOH;0;20260414;140320;5458.5;4
LKOH;0;20260414;140323;5458.5;3
LKOH;0;20260414;140324;5458.5;25
LKOH;0;20260414;140324;5458.5;61
LKOH;0;20260414;140325;5457.5;2
LKOH;0;20260414;140325;5457;1
LKOH;0;20260414;140326;5457;4
LKOH;0;20260414;140326;5457;3
LKOH;0;20260414;140326;5457;2
LKOH;0;20260414;140326;5457;1
LKOH;0;20260414;140326;5456.5;1
LKOH;0;20260414;140326;5456.5;217
LKOH;0;20260414;140327;5456;13
LKOH;0;20260414;140327;5456;12
LKOH;0;20260414;140350;5456;12
LKOH;0;20260414;140350;5456;20
LKOH;0;20260414;140351;5455;1
LKOH;0;20260414;140351;5455;2
LKOH;0;20260414;140353;5455;2
LKOH;0;20260414;140356;5455;1
LKOH;0;20260414;140357;5455;1
LKOH;0;20260414;140357;5455;4
LKOH;0;20260414;140411;5455;1
LKOH;0;20260414;140411;5455;24
LKOH;0;20260414;140411;5455.5;1
LKOH;0;20260414;140411;5455.5;4
LKOH;0;20260414;140412;5454.5;2
LKOH;0;20260414;140412;5454.5;2
LKOH;0;20260414;140423;5454.5;3
LKOH;0;20260414;140425;5455;1
LKOH;0;20260414;140429;5455;1
LKOH;0;20260414;140430;5455;1
LKOH;0;20260414;140436;5454.5;5
LKOH;0;20260414;140437;5454.5;1
LKOH;0;20260414;140437;5454.5;1
LKOH;0;20260414;140442;5455;1
LKOH;0;20260414;140442;5455;1
LKOH;0;20260414;140451;5455;2
LKOH;0;20260414;140451;5455;1
LKOH;0;20260414;140453;5454.5;2
LKOH;0;20260414;140457;5454.5;1
LKOH;0;20260414;140457;5454;1
LKOH;0;20260414;140457;5453.5;1
LKOH;0;20260414;140457;5453.5;1
LKOH;0;20260414;140457;5453.5;1
LKOH;0;20260414;140457;5453.5;1
LKOH;0;20260414;140505;5454;2
LKOH;0;20260414;140506;5454;48
LKOH;0;20260414;140506;5454;1
LKOH;0;20260414;140506;5454;5
LKOH;0;20260414;140506;5454;32
LKOH;0;20260414;140507;5454;5
LKOH;0;20260414;140507;5453.5;6
LKOH;0;20260414;140512;5454;1
LKOH;0;20260414;140516;5454;1
LKOH;0;20260414;140523;5454;3
LKOH;0;20260414;140525;5454.5;8
LKOH;0;20260414;140528;5454;2
LKOH;0;20260414;140530;5454.5;1
LKOH;0;20260414;140531;5454;1
LKOH;0;20260414;140531;5454;1
LKOH;0;20260414;140532;5454;1
LKOH;0;20260414;140533;5454.5;6
LKOH;0;20260414;140533;5454.5;15
LKOH;0;20260414;140533;5454.5;50
LKOH;0;20260414;140533;5454.5;1
LKOH;0;20260414;140533;5455;1
LKOH;0;20260414;140533;5455;10
LKOH;0;20260414;140533;5455;1
LKOH;0;20260414;140533;5455;44
LKOH;0;20260414;140533;5455;10
LKOH;0;20260414;140533;5455.5;1
LKOH;0;20260414;140533;5455.5;120
LKOH;0;20260414;140533;5456;51
LKOH;0;20260414;140533;5456;17
LKOH;0;20260414;140533;5456;40
LKOH;0;20260414;140533;5456.5;1
LKOH;0;20260414;140533;5457;3
LKOH;0;20260414;140533;5457.5;73
LKOH;0;20260414;140533;5457.5;27
LKOH;0;20260414;140533;5457.5;16
LKOH;0;20260414;140533;5458.5;14
LKOH;0;20260414;140533;5458.5;19
LKOH;0;20260414;140533;5457;10
LKOH;0;20260414;140533;5458;11
LKOH;0;20260414;140533;5459;64
LKOH;0;20260414;140533;5459;5
LKOH;0;20260414;140533;5458.5;1
LKOH;0;20260414;140533;5458.5;2
LKOH;0;20260414;140533;5458.5;14
LKOH;0;20260414;140533;5458.5;17
LKOH;0;20260414;140533;5459;76
LKOH;0;20260414;140533;5459;76
LKOH;0;20260414;140533;5459;76
LKOH;0;20260414;140534;5459;76
LKOH;0;20260414;140534;5458.5;10
LKOH;0;20260414;140534;5458.5;11
LKOH;0;20260414;140534;5458.5;5
LKOH;0;20260414;140535;5458.5;22
LKOH;0;20260414;140535;5458.5;22
LKOH;0;20260414;140536;5458.5;1
LKOH;0;20260414;140536;5458.5;2
LKOH;0;20260414;140537;5458.5;14
LKOH;0;20260414;140548;5459;1
LKOH;0;20260414;140549;5458.5;27
LKOH;0;20260414;140549;5458.5;77
LKOH;0;20260414;140549;5458.5;15
LKOH;0;20260414;140549;5458.5;76
LKOH;0;20260414;140549;5458;35
LKOH;0;20260414;140549;5458.5;30
LKOH;0;20260414;140549;5458.5;50
LKOH;0;20260414;140549;5458.5;118
LKOH;0;20260414;140549;5458.5;24
LKOH;0;20260414;140550;5457.5;2
LKOH;0;20260414;140550;5457.5;2
LKOH;0;20260414;140551;5457.5;13
LKOH;0;20260414;140551;5457.5;23
LKOH;0;20260414;140551;5457.5;24
LKOH;0;20260414;140552;5457.5;1
LKOH;0;20260414;140552;5457.5;1
LKOH;0;20260414;140553;5457.5;2
LKOH;0;20260414;140554;5458;1
LKOH;0;20260414;140557;5457.5;5
LKOH;0;20260414;140603;5458;1
LKOH;0;20260414;140603;5457.5;2
LKOH;0;20260414;140605;5457.5;2
LKOH;0;20260414;140606;5457.5;1
LKOH;0;20260414;140606;5457.5;1
LKOH;0;20260414;140607;5457.5;2
LKOH;0;20260414;140610;5457.5;1
LKOH;0;20260414;140613;5458;7
LKOH;0;20260414;140616;5458;1
LKOH;0;20260414;140622;5458;1
LKOH;0;20260414;140623;5457.5;3
LKOH;0;20260414;140632;5458;1
LKOH;0;20260414;140633;5457.5;3
LKOH;0;20260414;140634;5458;1
LKOH;0;20260414;140634;5457.5;1
LKOH;0;20260414;140634;5457.5;1
LKOH;0;20260414;140634;5457.5;58
LKOH;0;20260414;140634;5457.5;76
LKOH;0;20260414;140635;5457;1
LKOH;0;20260414;140635;5457;2
LKOH;0;20260414;140635;5457;3
LKOH;0;20260414;140636;5457;4
LKOH;0;20260414;140636;5457;4
LKOH;0;20260414;140637;5457;5
LKOH;0;20260414;140638;5457.5;1
LKOH;0;20260414;140639;5457;1
LKOH;0;20260414;140649;5457;1
LKOH;0;20260414;140650;5456.5;1
LKOH;0;20260414;140650;5456;1
LKOH;0;20260414;140653;5456;1
LKOH;0;20260414;140653;5456;1
LKOH;0;20260414;140654;5456;11
LKOH;0;20260414;140657;5455.5;6
LKOH;0;20260414;140658;5455.5;1
LKOH;0;20260414;140658;5455.5;1
LKOH;0;20260414;140658;5456;1
LKOH;0;20260414;140709;5456;1
LKOH;0;20260414;140717;5455.5;1
LKOH;0;20260414;140717;5456;25
LKOH;0;20260414;140718;5456;15
LKOH;0;20260414;140718;5456;2
LKOH;0;20260414;140718;5456;2
LKOH;0;20260414;140718;5457;1
LKOH;0;20260414;140718;5457;2
LKOH;0;20260414;140719;5457;1
LKOH;0;20260414;140719;5457;1
LKOH;0;20260414;140722;5457.5;1
LKOH;0;20260414;140723;5457;3
LKOH;0;20260414;140727;5457;1
LKOH;0;20260414;140727;5456.5;3
LKOH;0;20260414;140735;5456.5;1
LKOH;0;20260414;140741;5457.5;3
LKOH;0;20260414;140744;5456.5;1
LKOH;0;20260414;140747;5456.5;7
LKOH;0;20260414;140747;5456.5;43
LKOH;0;20260414;140748;5456.5;179
LKOH;0;20260414;140748;5456;11
LKOH;0;20260414;140748;5456;2
LKOH;0;20260414;140748;5455.5;1
LKOH;0;20260414;140748;5455.5;7
LKOH;0;20260414;140748;5455.5;50
LKOH;0;20260414;140748;5456;15
LKOH;0;20260414;140748;5456;3
LKOH;0;20260414;140748;5456;4
LKOH;0;20260414;140749;5456;100
LKOH;0;20260414;140749;5456;13
LKOH;0;20260414;140749;5456;14
LKOH;0;20260414;140750;5456;6
LKOH;0;20260414;140750;5456;6
LKOH;0;20260414;140751;5456.5;2
LKOH;0;20260414;140751;5456.5;1
LKOH;0;20260414;140752;5456;1
LKOH;0;20260414;140752;5456;1
LKOH;0;20260414;140753;5456;2
LKOH;0;20260414;140757;5456;5
LKOH;0;20260414;140800;5456;9
LKOH;0;20260414;140801;5456;1
LKOH;0;20260414;140801;5456;1
LKOH;0;20260414;140802;5456.5;27
LKOH;0;20260414;140802;5456.5;12
LKOH;0;20260414;140802;5456.5;11
LKOH;0;20260414;140802;5456;2
LKOH;0;20260414;140802;5456;3
LKOH;0;20260414;140804;5456;1
LKOH;0;20260414;140812;5456;1
LKOH;0;20260414;140823;5456;3
LKOH;0;20260414;140825;5456.5;1
LKOH;0;20260414;140826;5456;31
LKOH;0;20260414;140826;5456;1
LKOH;0;20260414;140826;5455.5;1
LKOH;0;20260414;140826;5455.5;75
LKOH;0;20260414;140826;5455;12
LKOH;0;20260414;140826;5455;12
LKOH;0;20260414;140826;5455;30
LKOH;0;20260414;140826;5455;68
LKOH;0;20260414;140827;5454.5;13
LKOH;0;20260414;140827;5454.5;1
LKOH;0;20260414;140827;5454.5;12
LKOH;0;20260414;140827;5454.5;1
LKOH;0;20260414;140830;5455;6
LKOH;0;20260414;140853;5455;8
LKOH;0;20260414;140853;5454.5;2
LKOH;0;20260414;140854;5454.5;1
LKOH;0;20260414;140854;5454.5;1
LKOH;0;20260414;140857;5454;5
LKOH;0;20260414;140904;5454;1
LKOH;0;20260414;140908;5455;1
LKOH;0;20260414;140911;5455;1
LKOH;0;20260414;140914;5454;1
LKOH;0;20260414;140914;5454;1
LKOH;0;20260414;140914;5454;1
LKOH;0;20260414;140914;5454;7
LKOH;0;20260414;140914;5453.5;1
LKOH;0;20260414;140914;5453.5;1
LKOH;0;20260414;140914;5453.5;8
LKOH;0;20260414;140915;5453.5;1
LKOH;0;20260414;140915;5453.5;2
LKOH;0;20260414;140923;5453.5;2
LKOH;0;20260414;140923;5453.5;1
LKOH;0;20260414;140927;5454;7
LKOH;0;20260414;140927;5454;50
LKOH;0;20260414;140927;5454;1
LKOH;0;20260414;140927;5453.5;3
LKOH;0;20260414;140927;5453.5;4
LKOH;0;20260414;140927;5454;2
LKOH;0;20260414;140928;5454;1
LKOH;0;20260414;140938;5454;6
LKOH;0;20260414;140939;5453.5;1
LKOH;0;20260414;140943;5454;4
LKOH;0;20260414;140944;5453.5;1
LKOH;0;20260414;140944;5453.5;1
LKOH;0;20260414;140953;5453.5;2
LKOH;0;20260414;140957;5453.5;5
LKOH;0;20260414;141003;5453.5;205
LKOH;0;20260414;141003;5453.5;45
LKOH;0;20260414;141004;5453.5;1
LKOH;0;20260414;141004;5453.5;14
LKOH;0;20260414;141004;5453.5;4
LKOH;0;20260414;141004;5453.5;1
LKOH;0;20260414;141004;5453.5;9
LKOH;0;20260414;141013;5453.5;24
LKOH;0;20260414;141013;5453.5;1
LKOH;0;20260414;141013;5453.5;2
LKOH;0;20260414;141017;5453.5;2
LKOH;0;20260414;141023;5453.5;3
LKOH;0;20260414;141031;5453.5;25
LKOH;0;20260414;141032;5453.5;1
LKOH;0;20260414;141032;5453.5;2
LKOH;0;20260414;141034;5454;3
LKOH;0;20260414;141040;5454;1
LKOH;0;20260414;141044;5454;1
LKOH;0;20260414;141045;5453.5;2
LKOH;0;20260414;141047;5453.5;1
LKOH;0;20260414;141049;5453.5;44
LKOH;0;20260414;141050;5453.5;3
LKOH;0;20260414;141050;5453.5;3
LKOH;0;20260414;141053;5453.5;2
LKOH;0;20260414;141054;5453.5;1
LKOH;0;20260414;141057;5453.5;5
LKOH;0;20260414;141101;5453.5;50
LKOH;0;20260414;141101;5453.5;47
LKOH;0;20260414;141101;5453.5;2
LKOH;0;20260414;141101;5453;1
LKOH;0;20260414;141101;5453;1
LKOH;0;20260414;141101;5453;1
LKOH;0;20260414;141101;5453;1
LKOH;0;20260414;141101;5453;5
LKOH;0;20260414;141101;5453;1
LKOH;0;20260414;141101;5453;1
LKOH;0;20260414;141101;5452.5;50
LKOH;0;20260414;141101;5452.5;50
LKOH;0;20260414;141101;5452.5;1
LKOH;0;20260414;141101;5452.5;1
LKOH;0;20260414;141101;5452.5;50
LKOH;0;20260414;141101;5452.5;8
LKOH;0;20260414;141101;5452;20
LKOH;0;20260414;141101;5452;10
LKOH;0;20260414;141102;5452.5;1
LKOH;0;20260414;141102;5452.5;1
LKOH;0;20260414;141102;5452.5;1
LKOH;0;20260414;141102;5452;1
LKOH;0;20260414;141102;5452;3
LKOH;0;20260414;141102;5452;1
LKOH;0;20260414;141102;5452;4
LKOH;0;20260414;141103;5452;12
LKOH;0;20260414;141103;5452;1
LKOH;0;20260414;141103;5452;14
LKOH;0;20260414;141105;5452.5;1
LKOH;0;20260414;141111;5452.5;5
LKOH;0;20260414;141111;5452.5;1
LKOH;0;20260414;141111;5452;7
LKOH;0;20260414;141111;5452;50
LKOH;0;20260414;141111;5452;12
LKOH;0;20260414;141111;5452;1
LKOH;0;20260414;141112;5451.5;1
LKOH;0;20260414;141112;5451.5;1
LKOH;0;20260414;141112;5451.5;2
LKOH;0;20260414;141112;5451.5;5
LKOH;0;20260414;141114;5452;1
LKOH;0;20260414;141114;5452;1
LKOH;0;20260414;141114;5452;1
LKOH;0;20260414;141114;5452;1
LKOH;0;20260414;141114;5452;1
LKOH;0;20260414;141114;5452;1
LKOH;0;20260414;141114;5452;1
LKOH;0;20260414;141114;5452;1
LKOH;0;20260414;141114;5452;1
LKOH;0;20260414;141115;5452;1
LKOH;0;20260414;141115;5452;1
LKOH;0;20260414;141116;5451.5;1
LKOH;0;20260414;141116;5451;1
LKOH;0;20260414;141120;5451;49
LKOH;0;20260414;141120;5451;50
LKOH;0;20260414;141120;5451;6
LKOH;0;20260414;141120;5451;50
LKOH;0;20260414;141120;5450.5;95
LKOH;0;20260414;141121;5450.5;1
LKOH;0;20260414;141121;5450;1
LKOH;0;20260414;141121;5450;2
LKOH;0;20260414;141121;5450;10
LKOH;0;20260414;141121;5450;1
LKOH;0;20260414;141121;5450;12
LKOH;0;20260414;141121;5450;2
LKOH;0;20260414;141122;5450;1
LKOH;0;20260414;141124;5450;3
LKOH;0;20260414;141127;5450;1
LKOH;0;20260414;141127;5450.5;1
LKOH;0;20260414;141127;5450.5;12
LKOH;0;20260414;141127;5450.5;24
LKOH;0;20260414;141128;5450.5;2
LKOH;0;20260414;141128;5450.5;3
LKOH;0;20260414;141131;5450.5;3
LKOH;0;20260414;141132;5451;3
LKOH;0;20260414;141146;5451;1
LKOH;0;20260414;141146;5451;12
LKOH;0;20260414;141146;5451;5
LKOH;0;20260414;141147;5450.5;1
LKOH;0;20260414;141147;5450.5;2
LKOH;0;20260414;141147;5450.5;2
LKOH;0;20260414;141147;5450.5;40
LKOH;0;20260414;141147;5450;18
LKOH;0;20260414;141148;5450;3
LKOH;0;20260414;141148;5450;4
LKOH;0;20260414;141149;5450;115
LKOH;0;20260414;141150;5450;6
LKOH;0;20260414;141150;5450;6
LKOH;0;20260414;141153;5450.5;2
LKOH;0;20260414;141154;5450;2
LKOH;0;20260414;141157;5450;5
LKOH;0;20260414;141159;5450.5;1
LKOH;0;20260414;141200;5450;1
LKOH;0;20260414;141200;5450;1
LKOH;0;20260414;141200;5450;4
LKOH;0;20260414;141203;5450;5
LKOH;0;20260414;141203;5450.5;2
LKOH;0;20260414;141207;5450.5;10
LKOH;0;20260414;141208;5450;14
LKOH;0;20260414;141208;5450;1
LKOH;0;20260414;141208;5450;1
LKOH;0;20260414;141209;5450;4
LKOH;0;20260414;141210;5450;1
LKOH;0;20260414;141210;5450;1
LKOH;0;20260414;141212;5450.5;1
LKOH;0;20260414;141221;5450;1
LKOH;0;20260414;141224;5450;3
LKOH;0;20260414;141225;5450.5;1
LKOH;0;20260414;141226;5450;14
LKOH;0;20260414;141227;5450;1
LKOH;0;20260414;141227;5450;1
LKOH;0;20260414;141231;5450;1
LKOH;0;20260414;141246;5450;7
LKOH;0;20260414;141247;5450;1
LKOH;0;20260414;141248;5450.5;12
LKOH;0;20260414;141248;5450.5;1
LKOH;0;20260414;141248;5450.5;1
LKOH;0;20260414;141248;5450.5;1
LKOH;0;20260414;141248;5450.5;8
LKOH;0;20260414;141248;5450.5;15
LKOH;0;20260414;141249;5450;2
LKOH;0;20260414;141249;5450;3
LKOH;0;20260414;141254;5450;2
LKOH;0;20260414;141256;5450.5;2
LKOH;0;20260414;141257;5450;5
LKOH;0;20260414;141302;5450.5;28
LKOH;0;20260414;141302;5450.5;12
LKOH;0;20260414;141302;5450.5;10
LKOH;0;20260414;141303;5450;4
LKOH;0;20260414;141303;5450;3
LKOH;0;20260414;141307;5450.5;2
LKOH;0;20260414;141317;5450;1
LKOH;0;20260414;141321;5450;100
LKOH;0;20260414;141322;5450;3
LKOH;0;20260414;141322;5450;5
LKOH;0;20260414;141322;5450;6
LKOH;0;20260414;141324;5450;3
LKOH;0;20260414;141324;5450.5;3
LKOH;0;20260414;141326;5450.5;1
LKOH;0;20260414;141329;5450.5;1
LKOH;0;20260414;141330;5450;1
LKOH;0;20260414;141330;5450;1
LKOH;0;20260414;141332;5450.5;17
LKOH;0;20260414;141332;5450;3
LKOH;0;20260414;141333;5450;1
LKOH;0;20260414;141333;5450;1
LKOH;0;20260414;141336;5450.5;1
LKOH;0;20260414;141336;5450.5;1
LKOH;0;20260414;141336;5451;1
LKOH;0;20260414;141336;5451;2
LKOH;0;20260414;141340;5450;50
LKOH;0;20260414;141341;5450;3
LKOH;0;20260414;141341;5450;3
LKOH;0;20260414;141342;5450;2
LKOH;0;20260414;141347;5451;2
LKOH;0;20260414;141347;5451;2
LKOH;0;20260414;141354;5450.5;2
LKOH;0;20260414;141357;5450.5;5
LKOH;0;20260414;141414;5450.5;1
LKOH;0;20260414;141416;5451;2
LKOH;0;20260414;141417;5450.5;1
LKOH;0;20260414;141417;5450.5;1
LKOH;0;20260414;141418;5451;1
LKOH;0;20260414;141420;5450.5;20
LKOH;0;20260414;141421;5451;5
LKOH;0;20260414;141421;5451;3
LKOH;0;20260414;141421;5451;2
LKOH;0;20260414;141421;5451;1
LKOH;0;20260414;141421;5451.5;4
LKOH;0;20260414;141421;5451;1
LKOH;0;20260414;141422;5451.5;1
LKOH;0;20260414;141422;5451.5;1
LKOH;0;20260414;141424;5451.5;3
LKOH;0;20260414;141425;5452;1
LKOH;0;20260414;141428;5452;1
LKOH;0;20260414;141432;5452;1
LKOH;0;20260414;141437;5452;1
LKOH;0;20260414;141437;5452;1
LKOH;0;20260414;141437;5452;1
LKOH;0;20260414;141437;5452.5;1
LKOH;0;20260414;141439;5452.5;1
LKOH;0;20260414;141442;5452;1
LKOH;0;20260414;141445;5452.5;10
LKOH;0;20260414;141446;5452;1
LKOH;0;20260414;141446;5452;1
LKOH;0;20260414;141451;5452.5;1
LKOH;0;20260414;141454;5452.5;2
LKOH;0;20260414;141457;5452.5;5
LKOH;0;20260414;141500;5453;1
LKOH;0;20260414;141518;5452.5;1
LKOH;0;20260414;141518;5452.5;1
LKOH;0;20260414;141518;5452.5;27
LKOH;0;20260414;141519;5452.5;2
LKOH;0;20260414;141519;5452.5;1
LKOH;0;20260414;141519;5452.5;1
LKOH;0;20260414;141524;5452.5;3
LKOH;0;20260414;141526;5453;1
LKOH;0;20260414;141538;5452.5;1
LKOH;0;20260414;141554;5452.5;2
LKOH;0;20260414;141557;5452.5;5
LKOH;0;20260414;141558;5453;1
LKOH;0;20260414;141558;5453;2
LKOH;0;20260414;141558;5453;1
LKOH;0;20260414;141558;5453;1
LKOH;0;20260414;141558;5453;1
LKOH;0;20260414;141558;5452.5;1
LKOH;0;20260414;141558;5452.5;1
LKOH;0;20260414;141614;5453;1
LKOH;0;20260414;141617;5453;1
LKOH;0;20260414;141620;5453;3
LKOH;0;20260414;141620;5453;1
LKOH;0;20260414;141620;5453;1
LKOH;0;20260414;141620;5453.5;1
LKOH;0;20260414;141620;5453.5;1
LKOH;0;20260414;141620;5453.5;3
LKOH;0;20260414;141621;5452.5;1
LKOH;0;20260414;141621;5452.5;1
LKOH;0;20260414;141624;5452.5;3
LKOH;0;20260414;141628;5453;1
LKOH;0;20260414;141633;5453;1
LKOH;0;20260414;141644;5453;1
LKOH;0;20260414;141645;5453;1
LKOH;0;20260414;141645;5453;1
LKOH;0;20260414;141645;5452.5;2
LKOH;0;20260414;141649;5453;1
LKOH;0;20260414;141654;5452.5;2
LKOH;0;20260414;141657;5452.5;5
LKOH;0;20260414;141658;5452.5;1
LKOH;0;20260414;141658;5452.5;1
LKOH;0;20260414;141702;5452.5;1
LKOH;0;20260414;141702;5453;1
LKOH;0;20260414;141717;5453;1
LKOH;0;20260414;141719;5452.5;3
LKOH;0;20260414;141721;5453;1
LKOH;0;20260414;141724;5452.5;3
LKOH;0;20260414;141725;5453;1
LKOH;0;20260414;141726;5453;1
LKOH;0;20260414;141728;5452.5;7
LKOH;0;20260414;141729;5452.5;1
LKOH;0;20260414;141729;5452.5;1
LKOH;0;20260414;141731;5452.5;14
LKOH;0;20260414;141733;5453;1
LKOH;0;20260414;141754;5452.5;2
LKOH;0;20260414;141755;5452.5;1
LKOH;0;20260414;141755;5452.5;1
LKOH;0;20260414;141757;5452.5;5
LKOH;0;20260414;141802;5452.5;30
LKOH;0;20260414;141803;5453;1
LKOH;0;20260414;141803;5452.5;1
LKOH;0;20260414;141803;5452.5;2
LKOH;0;20260414;141805;5453;1
LKOH;0;20260414;141812;5452.5;6
LKOH;0;20260414;141820;5452.5;4
LKOH;0;20260414;141821;5452.5;1
LKOH;0;20260414;141821;5452.5;1
LKOH;0;20260414;141823;5452.5;5
LKOH;0;20260414;141824;5452;1
LKOH;0;20260414;141824;5452;2
LKOH;0;20260414;141830;5451.5;1
LKOH;0;20260414;141830;5451.5;17
LKOH;0;20260414;141831;5451.5;2
LKOH;0;20260414;141831;5451.5;1
LKOH;0;20260414;141832;5451.5;20
LKOH;0;20260414;141832;5451.5;1
LKOH;0;20260414;141832;5451;1
LKOH;0;20260414;141832;5451;222
LKOH;0;20260414;141832;5451;6
LKOH;0;20260414;141833;5451;11
LKOH;0;20260414;141833;5451;2
LKOH;0;20260414;141833;5451;14
LKOH;0;20260414;141833;5451.5;1
LKOH;0;20260414;141833;5450.5;1
LKOH;0;20260414;141833;5450.5;1
LKOH;0;20260414;141833;5450.5;3
LKOH;0;20260414;141846;5450.5;250
LKOH;0;20260414;141847;5450.5;14
LKOH;0;20260414;141847;5450.5;15
LKOH;0;20260414;141850;5450.5;1
LKOH;0;20260414;141850;5450.5;4
LKOH;0;20260414;141852;5450.5;39
LKOH;0;20260414;141852;5450.5;1
LKOH;0;20260414;141853;5450.5;2
LKOH;0;20260414;141853;5450.5;3
LKOH;0;20260414;141853;5450.5;1
LKOH;0;20260414;141854;5450.5;2
LKOH;0;20260414;141857;5450.5;5
LKOH;0;20260414;141903;5450.5;47
LKOH;0;20260414;141904;5450.5;3
LKOH;0;20260414;141904;5450.5;3
LKOH;0;20260414;141909;5451;1
LKOH;0;20260414;141913;5450.5;15
LKOH;0;20260414;141914;5450.5;1
LKOH;0;20260414;141914;5450.5;1
LKOH;0;20260414;141922;5450.5;1
LKOH;0;20260414;141922;5451;1
LKOH;0;20260414;141922;5451;4
LKOH;0;20260414;141924;5450.5;3
LKOH;0;20260414;141927;5450.5;15
LKOH;0;20260414;141928;5450.5;1
LKOH;0;20260414;141928;5450.5;1
LKOH;0;20260414;141929;5450.5;3
LKOH;0;20260414;141933;5450.5;7
LKOH;0;20260414;141933;5450.5;1
LKOH;0;20260414;141933;5450.5;8
LKOH;0;20260414;141934;5450.5;1
LKOH;0;20260414;141934;5450.5;2
LKOH;0;20260414;141935;5450.5;40
LKOH;0;20260414;141936;5450.5;2
LKOH;0;20260414;141936;5450.5;2
LKOH;0;20260414;141937;5451;1
LKOH;0;20260414;141943;5451;1
LKOH;0;20260414;141951;5451;3
LKOH;0;20260414;141954;5450.5;3
LKOH;0;20260414;141957;5450.5;6
LKOH;0;20260414;141958;5450.5;1
LKOH;0;20260414;141958;5450.5;1
LKOH;0;20260414;142003;5450.5;118
LKOH;0;20260414;142003;5450.5;1
LKOH;0;20260414;142003;5450;131
LKOH;0;20260414;142004;5450;14
LKOH;0;20260414;142004;5450;13
LKOH;0;20260414;142011;5450.5;1
LKOH;0;20260414;142011;5450.5;4
LKOH;0;20260414;142011;5450.5;12
LKOH;0;20260414;142011;5450.5;18
LKOH;0;20260414;142011;5450.5;15
LKOH;0;20260414;142012;5450;3
LKOH;0;20260414;142012;5450;3
LKOH;0;20260414;142013;5450;4
LKOH;0;20260414;142013;5450;200
LKOH;0;20260414;142013;5450;40
LKOH;0;20260414;142013;5450;1
LKOH;0;20260414;142013;5449.5;1
LKOH;0;20260414;142013;5449.5;1
LKOH;0;20260414;142013;5449.5;3
LKOH;0;20260414;142013;5447.5;18
LKOH;0;20260414;142013;5447.5;7
LKOH;0;20260414;142014;5447.5;1
LKOH;0;20260414;142014;5447;4
LKOH;0;20260414;142014;5447;8
LKOH;0;20260414;142014;5447;6
LKOH;0;20260414;142014;5447;12
LKOH;0;20260414;142014;5446.5;2
LKOH;0;20260414;142015;5446.5;1
LKOH;0;20260414;142015;5446.5;1
LKOH;0;20260414;142015;5446.5;2
LKOH;0;20260414;142016;5446.5;1
LKOH;0;20260414;142016;5446.5;1
LKOH;0;20260414;142017;5446.5;1
LKOH;0;20260414;142017;5446.5;1
LKOH;0;20260414;142017;5446.5;1
LKOH;0;20260414;142024;5446.5;2
LKOH;0;20260414;142029;5447;1
LKOH;0;20260414;142029;5447;4
LKOH;0;20260414;142033;5447;3
LKOH;0;20260414;142034;5446.5;1
LKOH;0;20260414;142034;5446.5;1
LKOH;0;20260414;142036;5447;1
LKOH;0;20260414;142043;5446.5;30
LKOH;0;20260414;142044;5446.5;1
LKOH;0;20260414;142044;5446.5;2
LKOH;0;20260414;142045;5446.5;19
LKOH;0;20260414;142046;5446.5;1
LKOH;0;20260414;142046;5446.5;1
LKOH;0;20260414;142047;5446.5;26
LKOH;0;20260414;142048;5446.5;1
LKOH;0;20260414;142048;5446.5;2
LKOH;0;20260414;142048;5446.5;2
LKOH;0;20260414;142054;5446;3
LKOH;0;20260414;142058;5446;2
LKOH;0;20260414;142058;5445.5;1
LKOH;0;20260414;142058;5445;1
LKOH;0;20260414;142058;5445;1
LKOH;0;20260414;142058;5445;9
LKOH;0;20260414;142058;5445;1
LKOH;0;20260414;142058;5445;66
LKOH;0;20260414;142058;5444.5;1
LKOH;0;20260414;142058;5444;1
LKOH;0;20260414;142058;5444;1
LKOH;0;20260414;142058;5444;6
LKOH;0;20260414;142058;5444;18
LKOH;0;20260414;142058;5444;50
LKOH;0;20260414;142058;5444;97
LKOH;0;20260414;142058;5443.5;2
LKOH;0;20260414;142059;5443.5;6
LKOH;0;20260414;142059;5443.5;8
LKOH;0;20260414;142059;5443.5;15
LKOH;0;20260414;142100;5444;1
LKOH;0;20260414;142101;5444;1
LKOH;0;20260414;142103;5444;1
LKOH;0;20260414;142107;5444;10
LKOH;0;20260414;142108;5443.5;1
LKOH;0;20260414;142108;5443.5;1
LKOH;0;20260414;142111;5444;1
LKOH;0;20260414;142112;5444;1
LKOH;0;20260414;142115;5443.5;3
LKOH;0;20260414;142115;5443.5;5
LKOH;0;20260414;142115;5443.5;5
LKOH;0;20260414;142115;5443.5;50
LKOH;0;20260414;142115;5443.5;27
LKOH;0;20260414;142115;5443.5;10
LKOH;0;20260414;142116;5443.5;5
LKOH;0;20260414;142116;5443.5;6
LKOH;0;20260414;142121;5443.5;1
LKOH;0;20260414;142121;5444;5
LKOH;0;20260414;142121;5444;5
LKOH;0;20260414;142121;5444;4
LKOH;0;20260414;142121;5444.5;1
LKOH;0;20260414;142122;5444;1
LKOH;0;20260414;142122;5444;1
LKOH;0;20260414;142124;5444;1
LKOH;0;20260414;142124;5444;1
LKOH;0;20260414;142138;5444.5;30
LKOH;0;20260414;142138;5444.5;12
LKOH;0;20260414;142138;5444.5;38
LKOH;0;20260414;142139;5444.5;5
LKOH;0;20260414;142139;5444.5;4
LKOH;0;20260414;142145;5445;5
LKOH;0;20260414;142145;5445;5
LKOH;0;20260414;142145;5444.5;21
LKOH;0;20260414;142146;5444.5;2
LKOH;0;20260414;142146;5444.5;1
LKOH;0;20260414;142147;5445.5;1
LKOH;0;20260414;142148;5445;1
LKOH;0;20260414;142154;5445;3
LKOH;0;20260414;142158;5444.5;5
LKOH;0;20260414;142159;5444.5;1
LKOH;0;20260414;142159;5444.5;1
LKOH;0;20260414;142201;5444.5;5
LKOH;0;20260414;142202;5444.5;17
LKOH;0;20260414;142202;5444.5;12
LKOH;0;20260414;142202;5444.5;25
LKOH;0;20260414;142202;5444.5;30
LKOH;0;20260414;142202;5444.5;2
LKOH;0;20260414;142203;5444.5;3
LKOH;0;20260414;142203;5444.5;2
LKOH;0;20260414;142203;5444.5;3
LKOH;0;20260414;142203;5444.5;2
LKOH;0;20260414;142218;5445;1
LKOH;0;20260414;142224;5444.5;2
LKOH;0;20260414;142225;5444.5;1
LKOH;0;20260414;142225;5444.5;1
LKOH;0;20260414;142235;5445;2
LKOH;0;20260414;142235;5445;1
LKOH;0;20260414;142236;5445;2
LKOH;0;20260414;142240;5445;2
LKOH;0;20260414;142244;5445;1
LKOH;0;20260414;142246;5445;22
LKOH;0;20260414;142247;5444.5;3
LKOH;0;20260414;142247;5444.5;2
LKOH;0;20260414;142247;5444.5;2
LKOH;0;20260414;142248;5444.5;1
LKOH;0;20260414;142248;5445;3
LKOH;0;20260414;142250;5445;1
LKOH;0;20260414;142254;5445;1
LKOH;0;20260414;142254;5444.5;3
LKOH;0;20260414;142255;5445;1
LKOH;0;20260414;142255;5444.5;1
LKOH;0;20260414;142255;5444.5;1
LKOH;0;20260414;142255;5444;2
LKOH;0;20260414;142255;5444;1
LKOH;0;20260414;142255;5444;1
LKOH;0;20260414;142255;5443.5;1
LKOH;0;20260414;142255;5443.5;1
LKOH;0;20260414;142255;5443;1
LKOH;0;20260414;142255;5443;17
LKOH;0;20260414;142256;5444;2
LKOH;0;20260414;142256;5443.5;2
LKOH;0;20260414;142258;5443.5;5
LKOH;0;20260414;142305;5444;30
LKOH;0;20260414;142305;5444;20
LKOH;0;20260414;142306;5443.5;3
LKOH;0;20260414;142306;5443.5;3
LKOH;0;20260414;142316;5443.5;9
LKOH;0;20260414;142316;5444;2
LKOH;0;20260414;142324;5443.5;12
LKOH;0;20260414;142324;5443.5;1
LKOH;0;20260414;142324;5443.5;1
LKOH;0;20260414;142325;5443.5;1
LKOH;0;20260414;142325;5443.5;2
LKOH;0;20260414;142333;5444.5;1
LKOH;0;20260414;142354;5443.5;3
LKOH;0;20260414;142358;5443.5;5
LKOH;0;20260414;142404;5443.5;24
LKOH;0;20260414;142405;5443.5;1
LKOH;0;20260414;142405;5443.5;2
LKOH;0;20260414;142409;5444;1
LKOH;0;20260414;142413;5444;1
LKOH;0;20260414;142413;5444;1
LKOH;0;20260414;142413;5444;1
LKOH;0;20260414;142421;5444;1
LKOH;0;20260414;142421;5444;1
LKOH;0;20260414;142424;5443.5;1
LKOH;0;20260414;142424;5443.5;1
LKOH;0;20260414;142431;5443.5;1
LKOH;0;20260414;142435;5444.5;1
LKOH;0;20260414;142435;5444.5;1
LKOH;0;20260414;142435;5444.5;3
LKOH;0;20260414;142436;5444;1
LKOH;0;20260414;142436;5443.5;1
LKOH;0;20260414;142442;5444;11
LKOH;0;20260414;142442;5444;30
LKOH;0;20260414;142442;5443.5;47
LKOH;0;20260414;142442;5443.5;30
LKOH;0;20260414;142442;5443.5;1
LKOH;0;20260414;142442;5443.5;1
LKOH;0;20260414;142442;5443.5;1
LKOH;0;20260414;142442;5443.5;15
LKOH;0;20260414;142442;5443.5;50
LKOH;0;20260414;142442;5443.5;1
LKOH;0;20260414;142442;5443;33
LKOH;0;20260414;142442;5443;1
LKOH;0;20260414;142442;5443;2
LKOH;0;20260414;142442;5443;60
LKOH;0;20260414;142442;5443;30
LKOH;0;20260414;142442;5443;15
LKOH;0;20260414;142443;5443;18
LKOH;0;20260414;142443;5443;18
LKOH;0;20260414;142454;5443;3
LKOH;0;20260414;142458;5443;5
LKOH;0;20260414;142503;5443;6
LKOH;0;20260414;142503;5443;1
LKOH;0;20260414;142503;5443;1
LKOH;0;20260414;142504;5442.5;1
LKOH;0;20260414;142504;5442.5;1
LKOH;0;20260414;142507;5443;1
LKOH;0;20260414;142524;5442.5;2
LKOH;0;20260414;142529;5443;10
LKOH;0;20260414;142530;5442.5;1
LKOH;0;20260414;142530;5442.5;1
LKOH;0;20260414;142535;5442.5;17
LKOH;0;20260414;142536;5442.5;1
LKOH;0;20260414;142536;5442.5;1
LKOH;0;20260414;142537;5443;1
LKOH;0;20260414;142550;5443.5;1
LKOH;0;20260414;142552;5442.5;54
LKOH;0;20260414;142552;5443.5;3
LKOH;0;20260414;142553;5442.5;3
LKOH;0;20260414;142553;5442.5;3
LKOH;0;20260414;142554;5442.5;3
LKOH;0;20260414;142558;5442.5;5
LKOH;0;20260414;142603;5443;4
LKOH;0;20260414;142610;5443;1
LKOH;0;20260414;142610;5442.5;21
LKOH;0;20260414;142610;5442.5;1
LKOH;0;20260414;142611;5442.5;1
LKOH;0;20260414;142611;5442.5;1
LKOH;0;20260414;142611;5443;1
LKOH;0;20260414;142612;5442.5;1
LKOH;0;20260414;142612;5442.5;1
LKOH;0;20260414;142616;5442.5;8
LKOH;0;20260414;142618;5443;1
LKOH;0;20260414;142624;5442.5;2
LKOH;0;20260414;142633;5443;3
LKOH;0;20260414;142634;5442.5;1
LKOH;0;20260414;142634;5442.5;1
LKOH;0;20260414;142653;5443;44
LKOH;0;20260414;142653;5443;10
LKOH;0;20260414;142653;5443;22
LKOH;0;20260414;142653;5442.5;4
LKOH;0;20260414;142653;5442.5;4
LKOH;0;20260414;142654;5442.5;3
LKOH;0;20260414;142655;5442.5;2
LKOH;0;20260414;142658;5442.5;5
LKOH;0;20260414;142659;5443;2
LKOH;0;20260414;142707;5442.5;29
LKOH;0;20260414;142708;5442.5;2
LKOH;0;20260414;142708;5442.5;3
LKOH;0;20260414;142712;5443;1
LKOH;0;20260414;142713;5443;1
LKOH;0;20260414;142714;5443;2
LKOH;0;20260414;142718;5442.5;5
LKOH;0;20260414;142718;5442.5;3
LKOH;0;20260414;142724;5442.5;2
LKOH;0;20260414;142747;5442.5;2
LKOH;0;20260414;142754;5442.5;2
LKOH;0;20260414;142754;5442.5;1
LKOH;0;20260414;142755;5442.5;1
LKOH;0;20260414;142755;5442.5;1
LKOH;0;20260414;142758;5442.5;1
LKOH;0;20260414;142758;5442;1
LKOH;0;20260414;142758;5442;1
LKOH;0;20260414;142758;5442;2
LKOH;0;20260414;142758;5442;30
LKOH;0;20260414;142758;5442;10
LKOH;0;20260414;142758;5442;1
LKOH;0;20260414;142758;5442;1
LKOH;0;20260414;142758;5442;18
LKOH;0;20260414;142758;5442;13
LKOH;0;20260414;142758;5442;1
LKOH;0;20260414;142759;5441.5;4
LKOH;0;20260414;142759;5441;4
LKOH;0;20260414;142814;5440.5;1
LKOH;0;20260414;142814;5440.5;18
LKOH;0;20260414;142814;5440.5;1
LKOH;0;20260414;142814;5440.5;1
LKOH;0;20260414;142815;5441;1
LKOH;0;20260414;142815;5440.5;2
LKOH;0;20260414;142824;5440.5;2
LKOH;0;20260414;142830;5440.5;3
LKOH;0;20260414;142842;5441.5;1
LKOH;0;20260414;142842;5441.5;3
LKOH;0;20260414;142843;5441.5;1
LKOH;0;20260414;142851;5441;3
LKOH;0;20260414;142854;5441;3
LKOH;0;20260414;142855;5441.5;6
LKOH;0;20260414;142855;5441;1
LKOH;0;20260414;142855;5441;1
LKOH;0;20260414;142858;5441;5
LKOH;0;20260414;142858;5441;10
LKOH;0;20260414;142859;5441;1
LKOH;0;20260414;142859;5441;1
LKOH;0;20260414;142901;5441.5;1
LKOH;0;20260414;142906;5441.5;1
LKOH;0;20260414;142906;5441.5;1
LKOH;0;20260414;142910;5441;1
LKOH;0;20260414;142914;5441.5;1
LKOH;0;20260414;142925;5441;2
LKOH;0;20260414;142925;5441.5;10
LKOH;0;20260414;142926;5441;1
LKOH;0;20260414;142926;5441;1
LKOH;0;20260414;142938;5441.5;1
LKOH;0;20260414;142939;5441.5;1
LKOH;0;20260414;142939;5441;1
LKOH;0;20260414;142955;5441;3
LKOH;0;20260414;142958;5441;2
LKOH;0;20260414;142958;5441;3
LKOH;0;20260414;143002;5441;1
LKOH;0;20260414;143002;5441;1
LKOH;0;20260414;143005;5441.5;6
LKOH;0;20260414;143006;5441.5;22
LKOH;0;20260414;143006;5441.5;1
LKOH;0;20260414;143006;5441.5;1
LKOH;0;20260414;143007;5442.5;1
LKOH;0;20260414;143007;5442.5;1
LKOH;0;20260414;143020;5442.5;2
LKOH;0;20260414;143022;5443;6
LKOH;0;20260414;143022;5443;6
LKOH;0;20260414;143023;5442.5;1
LKOH;0;20260414;143023;5442.5;1
LKOH;0;20260414;143023;5443;2
LKOH;0;20260414;143023;5443;2
LKOH;0;20260414;143024;5443;5
LKOH;0;20260414;143024;5443;1
LKOH;0;20260414;143024;5443.5;1
LKOH;0;20260414;143025;5443;2
LKOH;0;20260414;143025;5443.5;5
LKOH;0;20260414;143026;5443;1
LKOH;0;20260414;143026;5443;1
LKOH;0;20260414;143038;5443;2
LKOH;0;20260414;143051;5443.5;1
LKOH;0;20260414;143055;5443;3
LKOH;0;20260414;143058;5443;5
LKOH;0;20260414;143059;5443.5;1
LKOH;0;20260414;143101;5443.5;23
LKOH;0;20260414;143102;5444;2
LKOH;0;20260414;143102;5444;2
LKOH;0;20260414;143103;5444.5;1
LKOH;0;20260414;143104;5444;3
LKOH;0;20260414;143117;5444.5;2
LKOH;0;20260414;143117;5444.5;1
LKOH;0;20260414;143117;5444.5;1
LKOH;0;20260414;143117;5445;1
LKOH;0;20260414;143117;5445;1
LKOH;0;20260414;143117;5445;1
LKOH;0;20260414;143117;5445;3
LKOH;0;20260414;143117;5445;2
LKOH;0;20260414;143118;5445;1
LKOH;0;20260414;143118;5445;1
LKOH;0;20260414;143125;5445;2
LKOH;0;20260414;143128;5445.5;1
LKOH;0;20260414;143129;5445.5;1
LKOH;0;20260414;143129;5445.5;1
LKOH;0;20260414;143131;5445.5;1
LKOH;0;20260414;143154;5445.5;1
LKOH;0;20260414;143155;5445;3
LKOH;0;20260414;143157;5445;1
LKOH;0;20260414;143158;5445;5
LKOH;0;20260414;143159;5445.5;2
LKOH;0;20260414;143200;5445;1
LKOH;0;20260414;143200;5445;1
LKOH;0;20260414;143201;5445;2
LKOH;0;20260414;143203;5445.5;1
LKOH;0;20260414;143206;5445.5;10
LKOH;0;20260414;143219;5445.5;50
LKOH;0;20260414;143219;5445.5;26
LKOH;0;20260414;143219;5445.5;2
LKOH;0;20260414;143220;5445;26
LKOH;0;20260414;143220;5445;5
LKOH;0;20260414;143220;5445;5
LKOH;0;20260414;143221;5445;1
LKOH;0;20260414;143221;5445;1
LKOH;0;20260414;143225;5445;2
LKOH;0;20260414;143227;5445;1
LKOH;0;20260414;143230;5445;1
LKOH;0;20260414;143233;5445;1
LKOH;0;20260414;143243;5445;1
LKOH;0;20260414;143245;5445.5;1
LKOH;0;20260414;143245;5445.5;1
LKOH;0;20260414;143245;5445.5;1
LKOH;0;20260414;143245;5445.5;2
LKOH;0;20260414;143246;5445;1
LKOH;0;20260414;143246;5445;1
LKOH;0;20260414;143250;5445.5;1
LKOH;0;20260414;143253;5445.5;2
LKOH;0;20260414;143255;5445;3
LKOH;0;20260414;143258;5445;6
LKOH;0;20260414;143307;5445.5;4
LKOH;0;20260414;143308;5445;1
LKOH;0;20260414;143308;5445;1
LKOH;0;20260414;143308;5445.5;1
LKOH;0;20260414;143316;5445.5;1
LKOH;0;20260414;143325;5445;2
LKOH;0;20260414;143327;5445;17
LKOH;0;20260414;143328;5445;1
LKOH;0;20260414;143328;5445;1
LKOH;0;20260414;143337;5445.5;1
LKOH;0;20260414;143341;5445.5;2
LKOH;0;20260414;143341;5445;18
LKOH;0;20260414;143342;5445;1
LKOH;0;20260414;143342;5445;1
LKOH;0;20260414;143355;5445;3
LKOH;0;20260414;143358;5445;5
LKOH;0;20260414;143411;5445.5;1
LKOH;0;20260414;143419;5445.5;17
LKOH;0;20260414;143419;5445.5;14
LKOH;0;20260414;143419;5445.5;4
LKOH;0;20260414;143419;5446;1
LKOH;0;20260414;143419;5446;1
LKOH;0;20260414;143419;5446;5
LKOH;0;20260414;143419;5446;2
LKOH;0;20260414;143419;5446;2
LKOH;0;20260414;143419;5446;1
LKOH;0;20260414;143419;5446;1
LKOH;0;20260414;143419;5446.5;1
LKOH;0;20260414;143419;5446.5;3
LKOH;0;20260414;143419;5447;18
LKOH;0;20260414;143419;5447;9
LKOH;0;20260414;143419;5447;43
LKOH;0;20260414;143419;5447;7
LKOH;0;20260414;143419;5447;2
LKOH;0;20260414;143419;5447;33
LKOH;0;20260414;143419;5447;19
LKOH;0;20260414;143419;5447;21
LKOH;0;20260414;143419;5447;26
LKOH;0;20260414;143419;5446.5;7
LKOH;0;20260414;143419;5447.5;4
LKOH;0;20260414;143419;5447.5;31
LKOH;0;20260414;143419;5447.5;33
LKOH;0;20260414;143419;5447.5;1
LKOH;0;20260414;143419;5447.5;20
LKOH;0;20260414;143419;5447.5;33
LKOH;0;20260414;143419;5447.5;5
LKOH;0;20260414;143419;5448;2
LKOH;0;20260414;143419;5448;33
LKOH;0;20260414;143419;5448;4
LKOH;0;20260414;143419;5448;1
LKOH;0;20260414;143419;5448.5;29
LKOH;0;20260414;143419;5447.5;13
LKOH;0;20260414;143419;5448;13
LKOH;0;20260414;143419;5448.5;2
LKOH;0;20260414;143419;5448.5;48
LKOH;0;20260414;143419;5447.5;1
LKOH;0;20260414;143419;5448;1
LKOH;0;20260414;143419;5448;3
LKOH;0;20260414;143419;5448;16
LKOH;0;20260414;143419;5448;16
LKOH;0;20260414;143419;5448.5;40
LKOH;0;20260414;143420;5448.5;12
LKOH;0;20260414;143420;5448.5;33
LKOH;0;20260414;143420;5448.5;1
LKOH;0;20260414;143420;5448.5;1
LKOH;0;20260414;143420;5448.5;5
LKOH;0;20260414;143420;5448.5;2
LKOH;0;20260414;143420;5448.5;7
LKOH;0;20260414;143420;5448.5;7
LKOH;0;20260414;143420;5448.5;1
LKOH;0;20260414;143420;5449;7
LKOH;0;20260414;143420;5448.5;33
LKOH;0;20260414;143420;5448.5;8
LKOH;0;20260414;143420;5448.5;18
LKOH;0;20260414;143420;5448.5;17
LKOH;0;20260414;143421;5448;8
LKOH;0;20260414;143422;5448;8
LKOH;0;20260414;143422;5448;8
LKOH;0;20260414;143422;5448.5;1
LKOH;0;20260414;143425;5448;2
LKOH;0;20260414;143430;5448.5;28
LKOH;0;20260414;143430;5448;2
LKOH;0;20260414;143430;5448;2
LKOH;0;20260414;143445;5448.5;1
LKOH;0;20260414;143448;5448;1
LKOH;0;20260414;143449;5448.5;3
LKOH;0;20260414;143450;5448;25
LKOH;0;20260414;143451;5448;1
LKOH;0;20260414;143451;5448;2
LKOH;0;20260414;143453;5448;163
LKOH;0;20260414;143453;5448;222
LKOH;0;20260414;143453;5448;45
LKOH;0;20260414;143454;5448;21
LKOH;0;20260414;143454;5448;22
LKOH;0;20260414;143455;5448;3
LKOH;0;20260414;143455;5448;1
LKOH;0;20260414;143455;5448;2
LKOH;0;20260414;143456;5448;1
LKOH;0;20260414;143456;5448;1
LKOH;0;20260414;143458;5446;1
LKOH;0;20260414;143458;5445.5;5
LKOH;0;20260414;143508;5446;1
LKOH;0;20260414;143509;5445.5;2
LKOH;0;20260414;143515;5445.5;1
LKOH;0;20260414;143525;5445.5;2
LKOH;0;20260414;143526;5445.5;1
LKOH;0;20260414;143526;5445.5;1
LKOH;0;20260414;143532;5445.5;1
LKOH;0;20260414;143533;5446;1
LKOH;0;20260414;143537;5445.5;1
LKOH;0;20260414;143545;5446;49
LKOH;0;20260414;143545;5446;1
LKOH;0;20260414;143545;5446;1
LKOH;0;20260414;143545;5446;10
LKOH;0;20260414;143545;5446;10
LKOH;0;20260414;143545;5446;5
LKOH;0;20260414;143545;5446;1
LKOH;0;20260414;143545;5446;8
LKOH;0;20260414;143545;5446;21
LKOH;0;20260414;143546;5445.5;3
LKOH;0;20260414;143546;5445.5;4
LKOH;0;20260414;143546;5446;2
LKOH;0;20260414;143546;5446;2
LKOH;0;20260414;143549;5446.5;1
LKOH;0;20260414;143549;5446.5;1
LKOH;0;20260414;143549;5446.5;50
LKOH;0;20260414;143550;5446.5;1
LKOH;0;20260414;143550;5446.5;2
LKOH;0;20260414;143550;5446.5;4
LKOH;0;20260414;143555;5446.5;3
LKOH;0;20260414;143558;5446.5;5
LKOH;0;20260414;143619;5446.5;1
LKOH;0;20260414;143624;5446;1
LKOH;0;20260414;143624;5446;1
LKOH;0;20260414;143624;5446;1
LKOH;0;20260414;143624;5446;7
LKOH;0;20260414;143625;5446;1
LKOH;0;20260414;143625;5446;1
LKOH;0;20260414;143625;5446;2
LKOH;0;20260414;143634;5446.5;1
LKOH;0;20260414;143634;5446.5;2
LKOH;0;20260414;143641;5446;1
LKOH;0;20260414;143641;5446;36
LKOH;0;20260414;143642;5446;2
LKOH;0;20260414;143642;5446;2
LKOH;0;20260414;143645;5446.5;1
LKOH;0;20260414;143645;5446.5;1
LKOH;0;20260414;143645;5446.5;61
LKOH;0;20260414;143645;5446.5;13
LKOH;0;20260414;143646;5446;4
LKOH;0;20260414;143646;5446;5
LKOH;0;20260414;143655;5446;3
LKOH;0;20260414;143658;5446;5
LKOH;0;20260414;143701;5446;1
LKOH;0;20260414;143701;5446.5;3
LKOH;0;20260414;143706;5446.5;1
LKOH;0;20260414;143716;5446;1
LKOH;0;20260414;143717;5446;1
LKOH;0;20260414;143725;5446;2
LKOH;0;20260414;143725;5446.5;1
LKOH;0;20260414;143726;5446;1
LKOH;0;20260414;143726;5446;1
LKOH;0;20260414;143747;5446;1
LKOH;0;20260414;143748;5446;1
LKOH;0;20260414;143755;5446;3
LKOH;0;20260414;143756;5446;1
LKOH;0;20260414;143758;5446;1
LKOH;0;20260414;143758;5446;5
LKOH;0;20260414;143809;5446;23
LKOH;0;20260414;143810;5446;2
LKOH;0;20260414;143810;5445;4
LKOH;0;20260414;143810;5444;1
LKOH;0;20260414;143810;5443.5;1
LKOH;0;20260414;143810;5443;2
LKOH;0;20260414;143810;5443;1
LKOH;0;20260414;143810;5443;2
LKOH;0;20260414;143810;5443;1
LKOH;0;20260414;143810;5443;12
LKOH;0;20260414;143811;5443;15
LKOH;0;20260414;143811;5443;15
LKOH;0;20260414;143811;5443;15
LKOH;0;20260414;143811;5443;1
LKOH;0;20260414;143811;5443;1
LKOH;0;20260414;143811;5443;15
LKOH;0;20260414;143812;5443;15
LKOH;0;20260414;143812;5443;2
LKOH;0;20260414;143812;5443;3
LKOH;0;20260414;143813;5443;1
LKOH;0;20260414;143813;5443;2
LKOH;0;20260414;143818;5443.5;1
LKOH;0;20260414;143820;5443;2
LKOH;0;20260414;143820;5443.5;2
LKOH;0;20260414;143821;5443.5;1
LKOH;0;20260414;143823;5443.5;1
LKOH;0;20260414;143823;5443.5;6
LKOH;0;20260414;143824;5443;1
LKOH;0;20260414;143824;5443;1
LKOH;0;20260414;143825;5443;2
LKOH;0;20260414;143831;5443.5;1
LKOH;0;20260414;143834;5443.5;18
LKOH;0;20260414;143834;5443.5;4
LKOH;0;20260414;143834;5443.5;10
LKOH;0;20260414;143834;5443.5;50
LKOH;0;20260414;143834;5443.5;15
LKOH;0;20260414;143834;5443.5;1
LKOH;0;20260414;143834;5443.5;9
LKOH;0;20260414;143834;5444;9
LKOH;0;20260414;143834;5444;1
LKOH;0;20260414;143834;5444;30
LKOH;0;20260414;143834;5444;33
LKOH;0;20260414;143834;5444;6
LKOH;0;20260414;143835;5443;10
LKOH;0;20260414;143835;5443;11
LKOH;0;20260414;143840;5443.5;1
LKOH;0;20260414;143855;5443;3
LKOH;0;20260414;143858;5443;5
LKOH;0;20260414;143859;5443.5;9
LKOH;0;20260414;143900;5443;1
LKOH;0;20260414;143900;5443;1
LKOH;0;20260414;143904;5443;10
LKOH;0;20260414;143904;5443.5;1
LKOH;0;20260414;143912;5443.5;1
LKOH;0;20260414;143916;5443;19
LKOH;0;20260414;143917;5443;1
LKOH;0;20260414;143917;5443;2
LKOH;0;20260414;143925;5443;2
LKOH;0;20260414;143926;5443;13
LKOH;0;20260414;143927;5443;1
LKOH;0;20260414;143927;5443;1
LKOH;0;20260414;143933;5443.5;1
LKOH;0;20260414;143947;5443;17
LKOH;0;20260414;143947;5443;1
LKOH;0;20260414;143947;5443;1
LKOH;0;20260414;143947;5443;1
LKOH;0;20260414;143947;5443;16
LKOH;0;20260414;143948;5443;2
LKOH;0;20260414;143948;5443;2
LKOH;0;20260414;143950;5443.5;3
LKOH;0;20260414;143954;5443.5;2
LKOH;0;20260414;143955;5443;3
LKOH;0;20260414;143959;5443;5
LKOH;0;20260414;143959;5443;1
LKOH;0;20260414;144000;5443;1
LKOH;0;20260414;144024;5443.5;1
LKOH;0;20260414;144025;5443;3
LKOH;0;20260414;144030;5443.5;1
LKOH;0;20260414;144037;5443.5;1
LKOH;0;20260414;144046;5443.5;1
LKOH;0;20260414;144047;5443.5;1
LKOH;0;20260414;144055;5443;29
LKOH;0;20260414;144055;5443;2
LKOH;0;20260414;144056;5443;2
LKOH;0;20260414;144056;5443;2
LKOH;0;20260414;144059;5443;5
LKOH;0;20260414;144100;5443.5;2
LKOH;0;20260414;144106;5443;4
LKOH;0;20260414;144107;5443.5;1
LKOH;0;20260414;144110;5443;1
LKOH;0;20260414;144113;5443;1
LKOH;0;20260414;144123;5443.5;1
LKOH;0;20260414;144124;5443;1
LKOH;0;20260414;144124;5443;1
LKOH;0;20260414;144125;5443;3
LKOH;0;20260414;144147;5443.5;5
LKOH;0;20260414;144151;5443.5;2
LKOH;0;20260414;144155;5443;2
LKOH;0;20260414;144159;5443;5
LKOH;0;20260414;144203;5443.5;1
LKOH;0;20260414;144204;5443;1
LKOH;0;20260414;144204;5443;1
LKOH;0;20260414;144205;5443;28
LKOH;0;20260414;144206;5443;1
LKOH;0;20260414;144206;5443;2
LKOH;0;20260414;144217;5443.5;1
LKOH;0;20260414;144225;5443;3
LKOH;0;20260414;144230;5443.5;2
LKOH;0;20260414;144231;5443.5;2
LKOH;0;20260414;144251;5443.5;4
LKOH;0;20260414;144255;5443;2
LKOH;0;20260414;144256;5443.5;1
LKOH;0;20260414;144257;5443.5;2
LKOH;0;20260414;144258;5443;1
LKOH;0;20260414;144258;5443;1
LKOH;0;20260414;144259;5443;5
LKOH;0;20260414;144303;5443.5;10
LKOH;0;20260414;144312;5443;21
LKOH;0;20260414;144313;5443;2
LKOH;0;20260414;144313;5443;2
LKOH;0;20260414;144325;5443;3
LKOH;0;20260414;144340;5443;20
LKOH;0;20260414;144341;5443;1
LKOH;0;20260414;144341;5443;1
LKOH;0;20260414;144347;5443;1
LKOH;0;20260414;144351;5443.5;1
LKOH;0;20260414;144351;5443.5;14
LKOH;0;20260414;144352;5443;1
LKOH;0;20260414;144352;5443;1
LKOH;0;20260414;144354;5443.5;16
LKOH;0;20260414;144355;5443;1
LKOH;0;20260414;144355;5443;1
LKOH;0;20260414;144355;5443;2
LKOH;0;20260414;144357;5443.5;15
LKOH;0;20260414;144358;5443;1
LKOH;0;20260414;144358;5443;1
LKOH;0;20260414;144358;5443.5;1
LKOH;0;20260414;144359;5443;5
LKOH;0;20260414;144400;5443.5;4
LKOH;0;20260414;144400;5443.5;12
LKOH;0;20260414;144401;5443;1
LKOH;0;20260414;144401;5443;1
LKOH;0;20260414;144403;5443.5;13
LKOH;0;20260414;144403;5443.5;3
LKOH;0;20260414;144404;5443;1
LKOH;0;20260414;144404;5443;1
LKOH;0;20260414;144406;5444;1
LKOH;0;20260414;144406;5444;1
LKOH;0;20260414;144406;5444;13
LKOH;0;20260414;144409;5444;1
LKOH;0;20260414;144409;5444.5;2
LKOH;0;20260414;144409;5444.5;1
LKOH;0;20260414;144409;5444.5;12
LKOH;0;20260414;144410;5444;1
LKOH;0;20260414;144410;5444;2
LKOH;0;20260414;144413;5444.5;6
LKOH;0;20260414;144413;5444.5;9
LKOH;0;20260414;144413;5444;1
LKOH;0;20260414;144413;5444;1
LKOH;0;20260414;144416;5444.5;16
LKOH;0;20260414;144417;5444;1
LKOH;0;20260414;144417;5444;1
LKOH;0;20260414;144418;5444.5;1
LKOH;0;20260414;144419;5445;12
LKOH;0;20260414;144419;5445;4
LKOH;0;20260414;144420;5444.5;1
LKOH;0;20260414;144420;5444.5;1
LKOH;0;20260414;144421;5445;1
LKOH;0;20260414;144422;5445;15
LKOH;0;20260414;144423;5445;1
LKOH;0;20260414;144425;5445;16
LKOH;0;20260414;144425;5444.5;3
LKOH;0;20260414;144426;5444.5;1
LKOH;0;20260414;144426;5444.5;2
LKOH;0;20260414;144427;5445;3
LKOH;0;20260414;144428;5445.5;15
LKOH;0;20260414;144429;5445;1
LKOH;0;20260414;144429;5445;2
LKOH;0;20260414;144431;5447;16
LKOH;0;20260414;144435;5447;16
LKOH;0;20260414;144436;5446.5;1
LKOH;0;20260414;144436;5446.5;2
LKOH;0;20260414;144438;5447;1
LKOH;0;20260414;144438;5447.5;14
LKOH;0;20260414;144438;5447;18
LKOH;0;20260414;144439;5446.5;1
LKOH;0;20260414;144439;5446.5;1
LKOH;0;20260414;144440;5446.5;1
LKOH;0;20260414;144440;5446.5;1
LKOH;0;20260414;144440;5446.5;10
LKOH;0;20260414;144441;5447;1
LKOH;0;20260414;144441;5447.5;1
LKOH;0;20260414;144441;5447.5;14
LKOH;0;20260414;144442;5447;2
LKOH;0;20260414;144442;5447;1
LKOH;0;20260414;144443;5447;219
LKOH;0;20260414;144443;5447;10
LKOH;0;20260414;144443;5447;1
LKOH;0;20260414;144443;5447;58
LKOH;0;20260414;144443;5447;18
LKOH;0;20260414;144443;5447;18
LKOH;0;20260414;144443;5447;18
LKOH;0;20260414;144443;5447;26
LKOH;0;20260414;144443;5446.5;13
LKOH;0;20260414;144443;5446.5;1
LKOH;0;20260414;144443;5446.5;18
LKOH;0;20260414;144444;5447;22
LKOH;0;20260414;144444;5447;22
LKOH;0;20260414;144444;5447.5;1
LKOH;0;20260414;144444;5447.5;14
LKOH;0;20260414;144445;5447;1
LKOH;0;20260414;144445;5447;1
LKOH;0;20260414;144446;5447.5;1
LKOH;0;20260414;144447;5447.5;16
LKOH;0;20260414;144447;5447.5;19
LKOH;0;20260414;144447;5447.5;50
LKOH;0;20260414;144447;5447.5;1
LKOH;0;20260414;144448;5447.5;1
LKOH;0;20260414;144449;5447.5;3
LKOH;0;20260414;144449;5447.5;4
LKOH;0;20260414;144450;5448;11
LKOH;0;20260414;144450;5448;5
LKOH;0;20260414;144451;5447.5;1
LKOH;0;20260414;144451;5447.5;1
LKOH;0;20260414;144455;5448;2
LKOH;0;20260414;144458;5448;1
LKOH;0;20260414;144459;5448;5
LKOH;0;20260414;144511;5448.5;1
LKOH;0;20260414;144511;5448.5;1
LKOH;0;20260414;144511;5448.5;1
LKOH;0;20260414;144511;5448.5;1
LKOH;0;20260414;144511;5448.5;1
LKOH;0;20260414;144511;5448.5;50
LKOH;0;20260414;144512;5448.5;3
LKOH;0;20260414;144512;5448.5;4
LKOH;0;20260414;144513;5449;23
LKOH;0;20260414;144513;5449;50
LKOH;0;20260414;144513;5449;1
LKOH;0;20260414;144513;5449;1
LKOH;0;20260414;144513;5449.5;2
LKOH;0;20260414;144513;5449.5;1
LKOH;0;20260414;144513;5449.5;1
LKOH;0;20260414;144513;5449.5;50
LKOH;0;20260414;144513;5449.5;19
LKOH;0;20260414;144514;5449.5;2
LKOH;0;20260414;144514;5449.5;5
LKOH;0;20260414;144514;5449.5;1
LKOH;0;20260414;144514;5449;1
LKOH;0;20260414;144514;5449;3
LKOH;0;20260414;144514;5449;4
LKOH;0;20260414;144515;5449;4
LKOH;0;20260414;144515;5449;5
LKOH;0;20260414;144521;5450;1
LKOH;0;20260414;144521;5450;11
LKOH;0;20260414;144521;5450;25
LKOH;0;20260414;144521;5450;7
LKOH;0;20260414;144521;5450;6
LKOH;0;20260414;144521;5450;6
LKOH;0;20260414;144521;5450;2
LKOH;0;20260414;144521;5450;1
LKOH;0;20260414;144521;5450;1
LKOH;0;20260414;144521;5450;33
LKOH;0;20260414;144521;5450;23
LKOH;0;20260414;144521;5450.5;1
LKOH;0;20260414;144521;5450.5;50
LKOH;0;20260414;144521;5450.5;6
LKOH;0;20260414;144521;5450.5;1
LKOH;0;20260414;144521;5450.5;1
LKOH;0;20260414;144521;5450.5;1
LKOH;0;20260414;144521;5450.5;1
LKOH;0;20260414;144521;5450.5;6
LKOH;0;20260414;144521;5450.5;1
LKOH;0;20260414;144521;5450.5;50
LKOH;0;20260414;144521;5451;1
LKOH;0;20260414;144521;5451;1
LKOH;0;20260414;144521;5451;1
LKOH;0;20260414;144521;5451;50
LKOH;0;20260414;144521;5451;50
LKOH;0;20260414;144521;5451;1
LKOH;0;20260414;144521;5451;10
LKOH;0;20260414;144521;5451;50
LKOH;0;20260414;144521;5451.5;1
LKOH;0;20260414;144521;5451.5;1
LKOH;0;20260414;144521;5451.5;50
LKOH;0;20260414;144521;5451.5;30
LKOH;0;20260414;144521;5451.5;50
LKOH;0;20260414;144521;5451.5;18
LKOH;0;20260414;144521;5451.5;52
LKOH;0;20260414;144521;5451;50
LKOH;0;20260414;144521;5451.5;2
LKOH;0;20260414;144521;5451.5;18
LKOH;0;20260414;144521;5451.5;50
LKOH;0;20260414;144521;5451.5;50
LKOH;0;20260414;144521;5451.5;10
LKOH;0;20260414;144521;5451.5;1
LKOH;0;20260414;144521;5451.5;22
LKOH;0;20260414;144521;5451.5;33
LKOH;0;20260414;144521;5451.5;1
LKOH;0;20260414;144522;5451;1
LKOH;0;20260414;144522;5450.5;1
LKOH;0;20260414;144522;5450.5;30
LKOH;0;20260414;144522;5450.5;2
LKOH;0;20260414;144522;5450.5;6
LKOH;0;20260414;144522;5450.5;1
LKOH;0;20260414;144522;5450;25
LKOH;0;20260414;144523;5450;12
LKOH;0;20260414;144523;5450;12
LKOH;0;20260414;144524;5450;1
LKOH;0;20260414;144524;5450;1
LKOH;0;20260414;144525;5450;3
LKOH;0;20260414;144527;5451;1
LKOH;0;20260414;144527;5451.5;5
LKOH;0;20260414;144527;5451.5;5
LKOH;0;20260414;144527;5451.5;8
LKOH;0;20260414;144527;5451.5;2
LKOH;0;20260414;144527;5451.5;7
LKOH;0;20260414;144527;5451.5;8
LKOH;0;20260414;144527;5452;1
LKOH;0;20260414;144527;5452;1
LKOH;0;20260414;144527;5452.5;1
LKOH;0;20260414;144527;5452.5;22
LKOH;0;20260414;144527;5452;2
LKOH;0;20260414;144527;5452;1
LKOH;0;20260414;144527;5452;30
LKOH;0;20260414;144527;5452;29
LKOH;0;20260414;144528;5451.5;2
LKOH;0;20260414;144528;5451;3
LKOH;0;20260414;144529;5451;4
LKOH;0;20260414;144529;5451;5
LKOH;0;20260414;144529;5451.5;1
LKOH;0;20260414;144534;5451.5;3
LKOH;0;20260414;144534;5451.5;1
LKOH;0;20260414;144539;5451.5;1
LKOH;0;20260414;144540;5451.5;1
LKOH;0;20260414;144540;5451.5;9
LKOH;0;20260414;144541;5451;1
LKOH;0;20260414;144541;5451;1
LKOH;0;20260414;144548;5451.5;1
LKOH;0;20260414;144548;5451.5;1
LKOH;0;20260414;144553;5452;1
LKOH;0;20260414;144555;5451.5;2
LKOH;0;20260414;144559;5451.5;1
LKOH;0;20260414;144559;5451.5;1
LKOH;0;20260414;144559;5451;4
LKOH;0;20260414;144609;5451.5;1
LKOH;0;20260414;144609;5451.5;1
LKOH;0;20260414;144609;5451.5;1
LKOH;0;20260414;144610;5451;1
LKOH;0;20260414;144610;5451;1
LKOH;0;20260414;144616;5451.5;1
LKOH;0;20260414;144619;5451.5;16
LKOH;0;20260414;144619;5451.5;10
LKOH;0;20260414;144619;5451.5;18
LKOH;0;20260414;144619;5451.5;18
LKOH;0;20260414;144619;5451.5;26
LKOH;0;20260414;144619;5451.5;47
LKOH;0;20260414;144620;5451;7
LKOH;0;20260414;144620;5451;8
LKOH;0;20260414;144621;5451;9
LKOH;0;20260414;144624;5451;19
LKOH;0;20260414;144625;5451;1
LKOH;0;20260414;144625;5451;2
LKOH;0;20260414;144625;5451;3
LKOH;0;20260414;144629;5451;1
LKOH;0;20260414;144629;5451.5;3
LKOH;0;20260414;144641;5451;152
LKOH;0;20260414;144641;5451;300
LKOH;0;20260414;144641;5451;1
LKOH;0;20260414;144641;5450.5;54
LKOH;0;20260414;144641;5450.5;15
LKOH;0;20260414;144641;5450;30
LKOH;0;20260414;144641;5450;19
LKOH;0;20260414;144641;5450;1
LKOH;0;20260414;144641;5450;10
LKOH;0;20260414;144641;5450;10
LKOH;0;20260414;144641;5449.5;15
LKOH;0;20260414;144641;5450;10
LKOH;0;20260414;144641;5450;10
LKOH;0;20260414;144641;5450;16
LKOH;0;20260414;144641;5450;1
LKOH;0;20260414;144641;5450;10
LKOH;0;20260414;144641;5450;25
LKOH;0;20260414;144641;5450;4
LKOH;0;20260414;144641;5449.5;15
LKOH;0;20260414;144641;5449.5;26
LKOH;0;20260414;144642;5449.5;12
LKOH;0;20260414;144642;5449.5;12
LKOH;0;20260414;144644;5450;2
LKOH;0;20260414;144654;5450;4
LKOH;0;20260414;144654;5450;30
LKOH;0;20260414;144654;5450;10
LKOH;0;20260414;144654;5450;10
LKOH;0;20260414;144654;5450;15
LKOH;0;20260414;144654;5450;5
LKOH;0;20260414;144654;5450;5
LKOH;0;20260414;144654;5450;5
LKOH;0;20260414;144654;5450;5
LKOH;0;20260414;144654;5450;5
LKOH;0;20260414;144654;5450;5
LKOH;0;20260414;144654;5450;5
LKOH;0;20260414;144654;5450;5
LKOH;0;20260414;144654;5450;5
LKOH;0;20260414;144654;5450;5
LKOH;0;20260414;144654;5450.5;30
LKOH;0;20260414;144654;5450.5;46
LKOH;0;20260414;144654;5450.5;4
LKOH;0;20260414;144654;5450.5;1
LKOH;0;20260414;144654;5450.5;1
LKOH;0;20260414;144654;5451;20
LKOH;0;20260414;144654;5451;50
LKOH;0;20260414;144654;5451;68
LKOH;0;20260414;144654;5451;6
LKOH;0;20260414;144654;5451;5
LKOH;0;20260414;144654;5451.5;10
LKOH;0;20260414;144654;5451.5;2
LKOH;0;20260414;144654;5451.5;4
LKOH;0;20260414;144654;5452.5;37
LKOH;0;20260414;144654;5452.5;45
LKOH;0;20260414;144654;5452.5;61
LKOH;0;20260414;144654;5452.5;4
LKOH;0;20260414;144654;5452.5;11
LKOH;0;20260414;144654;5452.5;33
LKOH;0;20260414;144654;5453;1
LKOH;0;20260414;144654;5453;3
LKOH;0;20260414;144654;5453;15
LKOH;0;20260414;144654;5453;9
LKOH;0;20260414;144654;5452.5;33
LKOH;0;20260414;144654;5452.5;10
LKOH;0;20260414;144654;5453;18
LKOH;0;20260414;144654;5452.5;33
LKOH;0;20260414;144654;5453;43
LKOH;0;20260414;144655;5452.5;1
LKOH;0;20260414;144655;5452.5;8
LKOH;0;20260414;144655;5452.5;3
LKOH;0;20260414;144655;5452.5;2
LKOH;0;20260414;144655;5452.5;19
LKOH;0;20260414;144655;5452.5;16
LKOH;0;20260414;144655;5453;41
LKOH;0;20260414;144655;5452.5;33
LKOH;0;20260414;144655;5452.5;16
LKOH;0;20260414;144655;5453;12
LKOH;0;20260414;144655;5452.5;33
LKOH;0;20260414;144655;5452.5;11
LKOH;0;20260414;144655;5452.5;18
LKOH;0;20260414;144655;5452.5;14
LKOH;0;20260414;144655;5452.5;12
LKOH;0;20260414;144655;5452.5;11
LKOH;0;20260414;144655;5452.5;33
LKOH;0;20260414;144655;5452.5;20
LKOH;0;20260414;144655;5452;2
LKOH;0;20260414;144656;5452.5;30
LKOH;0;20260414;144656;5452.5;33
LKOH;0;20260414;144656;5452.5;7
LKOH;0;20260414;144656;5452.5;6
LKOH;0;20260414;144656;5452;1
LKOH;0;20260414;144656;5451.5;1
LKOH;0;20260414;144656;5451.5;4
LKOH;0;20260414;144657;5452;2
LKOH;0;20260414;144657;5451.5;1
LKOH;0;20260414;144657;5451;6
LKOH;0;20260414;144657;5451.5;7
LKOH;0;20260414;144659;5452;5
LKOH;0;20260414;144725;5452.5;3
LKOH;0;20260414;144728;5452.5;1
LKOH;0;20260414;144729;5453;1
LKOH;0;20260414;144730;5452.5;3
LKOH;0;20260414;144731;5452.5;1
LKOH;0;20260414;144731;5452.5;1
LKOH;0;20260414;144732;5453;1
LKOH;0;20260414;144737;5452.5;1
LKOH;0;20260414;144742;5452.5;1
LKOH;0;20260414;144742;5452.5;39
LKOH;0;20260414;144743;5452;2
LKOH;0;20260414;144743;5452;2
LKOH;0;20260414;144749;5452.5;1
LKOH;0;20260414;144749;5452.5;7
LKOH;0;20260414;144754;5452.5;1
LKOH;0;20260414;144754;5452.5;2
LKOH;0;20260414;144754;5452;1
LKOH;0;20260414;144754;5452;1
LKOH;0;20260414;144754;5451.5;1
LKOH;0;20260414;144754;5451.5;18
LKOH;0;20260414;144755;5451.5;1
LKOH;0;20260414;144755;5451.5;1
LKOH;0;20260414;144755;5451.5;2
LKOH;0;20260414;144756;5451.5;2
LKOH;0;20260414;144758;5452;1
LKOH;0;20260414;144759;5451.5;1
LKOH;0;20260414;144759;5451.5;4
LKOH;0;20260414;144803;5450.5;2
LKOH;0;20260414;144807;5451.5;1
LKOH;0;20260414;144808;5451.5;1
LKOH;0;20260414;144814;5451.5;1
LKOH;0;20260414;144819;5451.5;1
LKOH;0;20260414;144826;5451;1
LKOH;0;20260414;144826;5450.5;1
LKOH;0;20260414;144826;5450.5;1
LKOH;0;20260414;144827;5451;1
LKOH;0;20260414;144827;5451;1
LKOH;0;20260414;144851;5451.5;1
LKOH;0;20260414;144856;5451;1
LKOH;0;20260414;144856;5450.5;1
LKOH;0;20260414;144856;5450;1
LKOH;0;20260414;144859;5450;3
LKOH;0;20260414;144859;5450;1
LKOH;0;20260414;144859;5449.5;1
LKOH;0;20260414;144859;5451;1
LKOH;0;20260414;144912;5450;1
LKOH;0;20260414;144918;5450.5;1
LKOH;0;20260414;144926;5450.5;3
LKOH;0;20260414;144928;5450;1
LKOH;0;20260414;144934;5450;28
LKOH;0;20260414;144934;5450;8
LKOH;0;20260414;144934;5450;10
LKOH;0;20260414;144934;5450;18
LKOH;0;20260414;144935;5449.5;4
LKOH;0;20260414;144935;5449.5;5
LKOH;0;20260414;144936;5449.5;16
LKOH;0;20260414;144936;5449.5;10
LKOH;0;20260414;144936;5449.5;224
LKOH;0;20260414;144937;5449.5;13
LKOH;0;20260414;144937;5449.5;14
LKOH;0;20260414;144942;5450;5
LKOH;0;20260414;144944;5449;9
LKOH;0;20260414;144944;5449;241
LKOH;0;20260414;144945;5449;15
LKOH;0;20260414;144945;5448.5;11
LKOH;0;20260414;144945;5448.5;3
LKOH;0;20260414;144955;5449;1
LKOH;0;20260414;144955;5449;1
LKOH;0;20260414;144955;5449.5;4
LKOH;0;20260414;144955;5449.5;1
LKOH;0;20260414;144955;5449.5;15
LKOH;0;20260414;144955;5450;1
LKOH;0;20260414;144955;5450;1
LKOH;0;20260414;144955;5450;3
LKOH;0;20260414;144955;5450;1
LKOH;0;20260414;144956;5450;2
LKOH;0;20260414;144956;5450;1
LKOH;0;20260414;144956;5450;2
LKOH;0;20260414;144959;5450;5
LKOH;0;20260414;145002;5450;30
LKOH;0;20260414;145003;5450;2
LKOH;0;20260414;145003;5450;2
LKOH;0;20260414;145019;5450.5;1
LKOH;0;20260414;145020;5450.5;5
LKOH;0;20260414;145026;5450;3
LKOH;0;20260414;145028;5450.5;1
LKOH;0;20260414;145028;5450;20
LKOH;0;20260414;145029;5450;1
LKOH;0;20260414;145029;5450;2
LKOH;0;20260414;145049;5450;5
LKOH;0;20260414;145053;5450.5;1
LKOH;0;20260414;145055;5450.5;3
LKOH;0;20260414;145056;5450;2
LKOH;0;20260414;145059;5450;1
LKOH;0;20260414;145059;5450;5
LKOH;0;20260414;145100;5450;1
LKOH;0;20260414;145100;5450;1
LKOH;0;20260414;145102;5450.5;4
LKOH;0;20260414;145104;5450;3
LKOH;0;20260414;145123;5450;2
LKOH;0;20260414;145126;5450;3
LKOH;0;20260414;145132;5450;21
LKOH;0;20260414;145133;5450;2
LKOH;0;20260414;145133;5450;2
LKOH;0;20260414;145137;5450.5;2
LKOH;0;20260414;145150;5450.5;1
LKOH;0;20260414;145152;5450.5;1
LKOH;0;20260414;145153;5450.5;1
LKOH;0;20260414;145153;5450.5;5
LKOH;0;20260414;145156;5450;2
LKOH;0;20260414;145159;5450;5
LKOH;0;20260414;145200;5450;1
LKOH;0;20260414;145200;5450;1
LKOH;0;20260414;145206;5450;1
LKOH;0;20260414;145210;5450.5;1
LKOH;0;20260414;145211;5450.5;4
LKOH;0;20260414;145211;5450.5;6
LKOH;0;20260414;145224;5450;25
LKOH;0;20260414;145225;5450;2
LKOH;0;20260414;145225;5450;2
LKOH;0;20260414;145226;5450;3
LKOH;0;20260414;145230;5450;1
LKOH;0;20260414;145240;5450.5;1
LKOH;0;20260414;145241;5450.5;1
LKOH;0;20260414;145241;5450.5;10
LKOH;0;20260414;145242;5450;1
LKOH;0;20260414;145242;5450;1
LKOH;0;20260414;145250;5450.5;10
LKOH;0;20260414;145256;5450;2
LKOH;0;20260414;145257;5450.5;2
LKOH;0;20260414;145259;5450;5
LKOH;0;20260414;145300;5450;1
LKOH;0;20260414;145300;5450;1
LKOH;0;20260414;145307;5450;1
LKOH;0;20260414;145309;5450.5;1
LKOH;0;20260414;145316;5450;50
LKOH;0;20260414;145317;5450;2
LKOH;0;20260414;145317;5450;3
LKOH;0;20260414;145324;5450.5;2
LKOH;0;20260414;145324;5450.5;3
LKOH;0;20260414;145326;5450;3
LKOH;0;20260414;145327;5450.5;1
LKOH;0;20260414;145330;5450.5;1
LKOH;0;20260414;145330;5450;1
LKOH;0;20260414;145330;5450;1
LKOH;0;20260414;145331;5450.5;5
LKOH;0;20260414;145331;5450.5;3
LKOH;0;20260414;145343;5450.5;1
LKOH;0;20260414;145349;5450;28
LKOH;0;20260414;145350;5450;2
LKOH;0;20260414;145350;5450;2
LKOH;0;20260414;145356;5450;2
LKOH;0;20260414;145357;5450.5;1
LKOH;0;20260414;145357;5450.5;2
LKOH;0;20260414;145359;5450;5
LKOH;0;20260414;145359;5450.5;1
LKOH;0;20260414;145416;5450.5;1
LKOH;0;20260414;145418;5450;1
LKOH;0;20260414;145426;5450;3
LKOH;0;20260414;145438;5450.5;2
LKOH;0;20260414;145439;5450;1
LKOH;0;20260414;145439;5450;1
LKOH;0;20260414;145443;5450.5;3
LKOH;0;20260414;145445;5450;24
LKOH;0;20260414;145446;5450;1
LKOH;0;20260414;145446;5450;2
LKOH;0;20260414;145456;5450;2
LKOH;0;20260414;145459;5450;5
LKOH;0;20260414;145508;5450.5;2
LKOH;0;20260414;145515;5450.5;2
LKOH;0;20260414;145516;5450;1
LKOH;0;20260414;145516;5450;1
LKOH;0;20260414;145521;5450.5;2
LKOH;0;20260414;145522;5450;2
LKOH;0;20260414;145523;5450;1
LKOH;0;20260414;145523;5450;1
LKOH;0;20260414;145526;5450;3
LKOH;0;20260414;145533;5450;2
LKOH;0;20260414;145538;5450.5;10
LKOH;0;20260414;145538;5450.5;55
LKOH;0;20260414;145538;5450.5;1
LKOH;0;20260414;145538;5450.5;1
LKOH;0;20260414;145538;5450.5;9
LKOH;0;20260414;145538;5450.5;21
LKOH;0;20260414;145538;5450.5;19
LKOH;0;20260414;145538;5450.5;22
LKOH;0;20260414;145538;5450.5;14
LKOH;0;20260414;145539;5450;4
LKOH;0;20260414;145539;5450;5
LKOH;0;20260414;145540;5450;3
LKOH;0;20260414;145540;5450;4
LKOH;0;20260414;145546;5450;30
LKOH;0;20260414;145547;5450;2
LKOH;0;20260414;145547;5450;2
LKOH;0;20260414;145549;5450;20
LKOH;0;20260414;145550;5450;1
LKOH;0;20260414;145550;5450;2
LKOH;0;20260414;145556;5450;2
LKOH;0;20260414;145559;5450;5
LKOH;0;20260414;145601;5450;40
LKOH;0;20260414;145602;5450;2
LKOH;0;20260414;145602;5450;3
LKOH;0;20260414;145622;5450;49
LKOH;0;20260414;145622;5450;5
LKOH;0;20260414;145622;5450;29
LKOH;0;20260414;145622;5450;18
LKOH;0;20260414;145622;5450;2
LKOH;0;20260414;145622;5450;5
LKOH;0;20260414;145622;5450;8
LKOH;0;20260414;145622;5450;6
LKOH;0;20260414;145622;5450;5
LKOH;0;20260414;145622;5450;1
LKOH;0;20260414;145622;5450;1
LKOH;0;20260414;145622;5450;1
LKOH;0;20260414;145622;5450;1
LKOH;0;20260414;145623;5448.5;1
LKOH;0;20260414;145623;5448;1
LKOH;0;20260414;145623;5448;2
LKOH;0;20260414;145623;5448;1
LKOH;0;20260414;145624;5448;4
LKOH;0;20260414;145624;5448;5
LKOH;0;20260414;145626;5448;3
LKOH;0;20260414;145630;5448;7
LKOH;0;20260414;145636;5448.5;2
LKOH;0;20260414;145637;5448;1
LKOH;0;20260414;145637;5448;1
LKOH;0;20260414;145637;5448;1
LKOH;0;20260414;145644;5448;33
LKOH;0;20260414;145644;5448;75
LKOH;0;20260414;145644;5448;75
LKOH;0;20260414;145644;5448;132
LKOH;0;20260414;145644;5448;1
LKOH;0;20260414;145644;5446.5;1
LKOH;0;20260414;145644;5446;2
LKOH;0;20260414;145644;5445;1
LKOH;0;20260414;145645;5444.5;1
LKOH;0;20260414;145645;5444.5;2
LKOH;0;20260414;145646;5444.5;11
LKOH;0;20260414;145646;5444.5;5
LKOH;0;20260414;145646;5444.5;6
LKOH;0;20260414;145646;5444.5;10
LKOH;0;20260414;145656;5444.5;21
LKOH;0;20260414;145656;5444.5;2
LKOH;0;20260414;145657;5444.5;1
LKOH;0;20260414;145657;5444.5;2
LKOH;0;20260414;145659;5444.5;5
LKOH;0;20260414;145703;5445;20
LKOH;0;20260414;145703;5445;17
LKOH;0;20260414;145703;5445;13
LKOH;0;20260414;145703;5445;6
LKOH;0;20260414;145703;5445;4
LKOH;0;20260414;145703;5445;10
LKOH;0;20260414;145704;5446;1
LKOH;0;20260414;145704;5446;2
LKOH;0;20260414;145705;5446;2
LKOH;0;20260414;145705;5446;3
LKOH;0;20260414;145721;5446;10
LKOH;0;20260414;145726;5446;3
LKOH;0;20260414;145727;5446;1
LKOH;0;20260414;145727;5446;1
LKOH;0;20260414;145729;5446;2
LKOH;0;20260414;145735;5446;5
LKOH;0;20260414;145735;5446;15
LKOH;0;20260414;145735;5446;1
LKOH;0;20260414;145735;5445.5;1
LKOH;0;20260414;145735;5445.5;8
LKOH;0;20260414;145736;5445.5;2
LKOH;0;20260414;145736;5445.5;1
LKOH;0;20260414;145744;5445.5;2
LKOH;0;20260414;145746;5445.5;17
LKOH;0;20260414;145746;5445.5;12
LKOH;0;20260414;145747;5445.5;2
LKOH;0;20260414;145747;5445.5;2
LKOH;0;20260414;145750;5445.5;2
LKOH;0;20260414;145755;5445.5;30
LKOH;0;20260414;145755;5445.5;10
LKOH;0;20260414;145755;5446;1
LKOH;0;20260414;145755;5446;1
LKOH;0;20260414;145755;5446;1
LKOH;0;20260414;145756;5445.5;2
LKOH;0;20260414;145756;5445.5;2
LKOH;0;20260414;145756;5445.5;1
LKOH;0;20260414;145757;5445.5;237
LKOH;0;20260414;145757;5445.5;30
LKOH;0;20260414;145757;5445.5;50
LKOH;0;20260414;145757;5445.5;50
LKOH;0;20260414;145757;5445.5;11
LKOH;0;20260414;145757;5445.5;9
LKOH;0;20260414;145757;5445.5;1
LKOH;0;20260414;145757;5445.5;50
LKOH;0;20260414;145757;5445.5;10
LKOH;0;20260414;145757;5445.5;41
LKOH;0;20260414;145757;5445;5
LKOH;0;20260414;145757;5445;222
LKOH;0;20260414;145757;5445.5;25
LKOH;0;20260414;145757;5445.5;30
LKOH;0;20260414;145757;5445.5;9
LKOH;0;20260414;145757;5445.5;1
LKOH;0;20260414;145757;5445.5;10
LKOH;0;20260414;145757;5445.5;10
LKOH;0;20260414;145758;5445;19
LKOH;0;20260414;145758;5445;6
LKOH;0;20260414;145758;5445;13
LKOH;0;20260414;145758;5444.5;1
LKOH;0;20260414;145758;5443;1
LKOH;0;20260414;145758;5443;11
LKOH;0;20260414;145758;5443;1
LKOH;0;20260414;145758;5443;1
LKOH;0;20260414;145758;5443;1
LKOH;0;20260414;145758;5442.5;1
LKOH;0;20260414;145758;5442.5;1
LKOH;0;20260414;145758;5442.5;1
LKOH;0;20260414;145758;5442;1
LKOH;0;20260414;145758;5442;2
LKOH;0;20260414;145758;5442;1
LKOH;0;20260414;145758;5442;2
LKOH;0;20260414;145758;5442;2
LKOH;0;20260414;145758;5441.5;1
LKOH;0;20260414;145759;5441.5;1
LKOH;0;20260414;145759;5441.5;1
LKOH;0;20260414;145759;5441.5;18
LKOH;0;20260414;145759;5441.5;1
LKOH;0;20260414;145759;5441.5;1
LKOH;0;20260414;145759;5441.5;18
LKOH;0;20260414;145759;5441.5;2
LKOH;0;20260414;145759;5441.5;33
LKOH;0;20260414;145759;5441.5;34
LKOH;0;20260414;145759;5441.5;5
LKOH;0;20260414;145800;5441.5;2
LKOH;0;20260414;145800;5441.5;3
LKOH;0;20260414;145801;5442;2
LKOH;0;20260414;145801;5441.5;6
LKOH;0;20260414;145804;5442;1
LKOH;0;20260414;145805;5441.5;1
LKOH;0;20260414;145821;5442;2
LKOH;0;20260414;145822;5442;2
LKOH;0;20260414;145822;5441.5;1
LKOH;0;20260414;145822;5441.5;1
LKOH;0;20260414;145826;5441.5;2
LKOH;0;20260414;145826;5441;1
LKOH;0;20260414;145829;5441.5;5
LKOH;0;20260414;145834;5441.5;1
LKOH;0;20260414;145834;5441.5;8
LKOH;0;20260414;145834;5441.5;2
LKOH;0;20260414;145834;5441.5;1
LKOH;0;20260414;145834;5441.5;6
LKOH;0;20260414;145834;5441.5;2
LKOH;0;20260414;145834;5442;11
LKOH;0;20260414;145835;5441.5;3
LKOH;0;20260414;145835;5442;39
LKOH;0;20260414;145835;5442;1
LKOH;0;20260414;145835;5441.5;1
LKOH;0;20260414;145835;5441.5;1
LKOH;0;20260414;145836;5442;2
LKOH;0;20260414;145836;5441.5;3
LKOH;0;20260414;145836;5441.5;4
LKOH;0;20260414;145837;5442;28
LKOH;0;20260414;145838;5443;1
LKOH;0;20260414;145838;5443;2
LKOH;0;20260414;145838;5443;7
LKOH;0;20260414;145838;5443;1
LKOH;0;20260414;145838;5443;30
LKOH;0;20260414;145839;5442.5;3
LKOH;0;20260414;145839;5442.5;2
LKOH;0;20260414;145845;5444;1
LKOH;0;20260414;145853;5443.5;30
LKOH;0;20260414;145853;5443.5;10
LKOH;0;20260414;145853;5443.5;1
LKOH;0;20260414;145853;5443.5;16
LKOH;0;20260414;145854;5443.5;3
LKOH;0;20260414;145854;5443.5;3
LKOH;0;20260414;145856;5443.5;2
LKOH;0;20260414;145859;5443.5;6
LKOH;0;20260414;145902;5443.5;19
LKOH;0;20260414;145902;5443.5;30
LKOH;0;20260414;145902;5443.5;10
LKOH;0;20260414;145903;5443;1
LKOH;0;20260414;145903;5442.5;2
LKOH;0;20260414;145903;5442;1
LKOH;0;20260414;145903;5441.5;2
LKOH;0;20260414;145903;5441.5;1
LKOH;0;20260414;145907;5442;1
LKOH;0;20260414;145907;5442.5;1
LKOH;0;20260414;145907;5443;1
LKOH;0;20260414;145907;5443;7
LKOH;0;20260414;145908;5441.5;7
LKOH;0;20260414;145908;5441.5;3
LKOH;0;20260414;145908;5441.5;1
LKOH;0;20260414;145908;5441.5;1
LKOH;0;20260414;145919;5441.5;54
LKOH;0;20260414;145919;5441.5;27
LKOH;0;20260414;145919;5441.5;18
LKOH;0;20260414;145919;5441.5;10
LKOH;0;20260414;145919;5441.5;22
LKOH;0;20260414;145919;5441.5;4
LKOH;0;20260414;145920;5441.5;8
LKOH;0;20260414;145920;5441.5;8
LKOH;0;20260414;145924;5442.5;1
LKOH;0;20260414;145924;5442.5;15
LKOH;0;20260414;145926;5441.5;3
LKOH;0;20260414;145927;5441.5;1
LKOH;0;20260414;145927;5441.5;1
LKOH;0;20260414;145931;5442;2
LKOH;0;20260414;145934;5442;1
LKOH;0;20260414;145934;5441.5;1
LKOH;0;20260414;145934;5441.5;4
LKOH;0;20260414;145934;5442;1
LKOH;0;20260414;145935;5441.5;10
LKOH;0;20260414;145935;5441.5;11
LKOH;0;20260414;145935;5441.5;10
LKOH;0;20260414;145935;5441.5;22
LKOH;0;20260414;145935;5441.5;19
LKOH;0;20260414;145935;5441.5;1
LKOH;0;20260414;145935;5441.5;18
LKOH;0;20260414;145936;5441;1
LKOH;0;20260414;145936;5441;1
LKOH;0;20260414;145937;5441;4
LKOH;0;20260414;145937;5441;5
LKOH;0;20260414;145947;5441;1
LKOH;0;20260414;145947;5441;1
LKOH;0;20260414;145948;5441;1
LKOH;0;20260414;145948;5441;10
LKOH;0;20260414;145948;5441;25
LKOH;0;20260414;145949;5441;2
LKOH;0;20260414;145949;5441;2
LKOH;0;20260414;145956;5441.5;3
LKOH;0;20260414;150003;5442.5;1
LKOH;0;20260414;150004;5442.5;9
LKOH;0;20260414;150004;5442.5;4
LKOH;0;20260414;150004;5442.5;1
LKOH;0;20260414;150004;5442.5;30
LKOH;0;20260414;150004;5442.5;25
LKOH;0;20260414;150004;5442.5;18
LKOH;0;20260414;150004;5442.5;22
LKOH;0;20260414;150004;5442.5;11
LKOH;0;20260414;150005;5442.5;7
LKOH;0;20260414;150005;5442.5;1
LKOH;0;20260414;150005;5442.5;6
LKOH;0;20260414;150011;5443;54
LKOH;0;20260414;150011;5443;30
LKOH;0;20260414;150012;5446.5;3
LKOH;0;20260414;150012;5446.5;3
LKOH;0;20260414;150013;5446.5;1
LKOH;0;20260414;150013;5446.5;2
LKOH;0;20260414;150014;5446.5;2
LKOH;0;20260414;150015;5447;1
LKOH;0;20260414;150026;5446.5;1
LKOH;0;20260414;150026;5446.5;1
LKOH;0;20260414;150031;5447;4
LKOH;0;20260414;150037;5447;1
LKOH;0;20260414;150041;5447;2
LKOH;0;20260414;150042;5446.5;1
LKOH;0;20260414;150042;5446.5;1
LKOH;0;20260414;150056;5445.5;3
LKOH;0;20260414;150107;5445.5;1
LKOH;0;20260414;150112;5445.5;30
LKOH;0;20260414;150112;5445.5;1
LKOH;0;20260414;150113;5445.5;1
LKOH;0;20260414;150113;5445.5;2
LKOH;0;20260414;150119;5445.5;1
LKOH;0;20260414;150122;5445.5;1
LKOH;0;20260414;150122;5445.5;4
LKOH;0;20260414;150122;5445.5;30
LKOH;0;20260414;150122;5445.5;33
LKOH;0;20260414;150122;5445.5;1
LKOH;0;20260414;150123;5445.5;4
LKOH;0;20260414;150123;5445.5;4
LKOH;0;20260414;150123;5445.5;10
LKOH;0;20260414;150125;5445.5;1
LKOH;0;20260414;150126;5445.5;2
LKOH;0;20260414;150127;5445;1
LKOH;0;20260414;150127;5444.5;1
LKOH;0;20260414;150145;5443.5;1
LKOH;0;20260414;150146;5444;1
LKOH;0;20260414;150150;5444;3
LKOH;0;20260414;150151;5444.5;1
LKOH;0;20260414;150152;5444;1
LKOH;0;20260414;150152;5444;1
LKOH;0;20260414;150153;5444.5;1
LKOH;0;20260414;150153;5444.5;1
LKOH;0;20260414;150156;5444.5;1
LKOH;0;20260414;150156;5444;3
LKOH;0;20260414;150202;5444.5;1
LKOH;0;20260414;150204;5444.5;1
LKOH;0;20260414;150206;5444.5;2
LKOH;0;20260414;150206;5444.5;9
LKOH;0;20260414;150207;5444;1
LKOH;0;20260414;150207;5444;1
LKOH;0;20260414;150213;5444;1
LKOH;0;20260414;150216;5444.5;5
LKOH;0;20260414;150224;5444;13
LKOH;0;20260414;150225;5444;1
LKOH;0;20260414;150225;5444;2
LKOH;0;20260414;150225;5444.5;1
LKOH;0;20260414;150226;5444;2
LKOH;0;20260414;150227;5444;26
LKOH;0;20260414;150228;5444;1
LKOH;0;20260414;150228;5444;2
LKOH;0;20260414;150231;5444.5;2
LKOH;0;20260414;150235;5444;4
LKOH;0;20260414;150250;5444.5;1
LKOH;0;20260414;150251;5444;5
LKOH;0;20260414;150251;5443.5;1
LKOH;0;20260414;150251;5443;1
LKOH;0;20260414;150251;5442.5;1
LKOH;0;20260414;150251;5442.5;10
LKOH;0;20260414;150252;5442.5;1
LKOH;0;20260414;150252;5442.5;2
LKOH;0;20260414;150253;5443;2
LKOH;0;20260414;150255;5443;1
LKOH;0;20260414;150310;5442.5;22
LKOH;0;20260414;150311;5442.5;1
LKOH;0;20260414;150311;5442.5;2
LKOH;0;20260414;150321;5442.5;1
LKOH;0;20260414;150322;5442.5;2
LKOH;0;20260414;150325;5442.5;4
LKOH;0;20260414;150328;5443;2
LKOH;0;20260414;150350;5443;1
LKOH;0;20260414;150357;5443;1
LKOH;0;20260414;150358;5443;1
LKOH;0;20260414;150405;5443;3
LKOH;0;20260414;150410;5442;1
LKOH;0;20260414;150410;5442;17
LKOH;0;20260414;150411;5442;1
LKOH;0;20260414;150411;5442;2
LKOH;0;20260414;150414;5442.5;1
LKOH;0;20260414;150427;5442.5;1
LKOH;0;20260414;150434;5442;2
LKOH;0;20260414;150437;5442.5;1
LKOH;0;20260414;150448;5442;1
LKOH;0;20260414;150449;5442;49
LKOH;0;20260414;150449;5442;11
LKOH;0;20260414;150449;5442;51
LKOH;0;20260414;150450;5442;6
LKOH;0;20260414;150450;5442;7
LKOH;0;20260414;150502;5442;22
LKOH;0;20260414;150503;5442.5;1
LKOH;0;20260414;150503;5442;1
LKOH;0;20260414;150503;5442;2
LKOH;0;20260414;150504;5442.5;1
LKOH;0;20260414;150508;5442;1
LKOH;0;20260414;150527;5442;5
LKOH;0;20260414;150534;5442.5;38
LKOH;0;20260414;150534;5442.5;9
LKOH;0;20260414;150534;5442.5;19
LKOH;0;20260414;150534;5442.5;10
LKOH;0;20260414;150535;5442;2
LKOH;0;20260414;150535;5442;3
LKOH;0;20260414;150536;5442;2
LKOH;0;20260414;150536;5442;2
LKOH;0;20260414;150538;5442.5;1
LKOH;0;20260414;150547;5442.5;1
LKOH;0;20260414;150550;5442;1
LKOH;0;20260414;150603;5441.5;2
LKOH;0;20260414;150606;5441.5;2
LKOH;0;20260414;150606;5441.5;19
LKOH;0;20260414;150607;5441.5;1
LKOH;0;20260414;150607;5441.5;2
LKOH;0;20260414;150629;5441.5;230
LKOH;0;20260414;150629;5441.5;50
LKOH;0;20260414;150629;5441;1
LKOH;0;20260414;150629;5441;1
LKOH;0;20260414;150629;5441;300
LKOH;0;20260414;150629;5441;18
LKOH;0;20260414;150629;5441.5;30
LKOH;0;20260414;150629;5441.5;50
LKOH;0;20260414;150630;5441.5;33
LKOH;0;20260414;150630;5441.5;34
LKOH;0;20260414;150631;5441.5;2
LKOH;0;20260414;150631;5441.5;3
LKOH;0;20260414;150632;5441.5;1
LKOH;0;20260414;150632;5441.5;2
LKOH;0;20260414;150635;5441;1
LKOH;0;20260414;150644;5440.5;1
LKOH;0;20260414;150644;5440.5;1
LKOH;0;20260414;150646;5440;5
LKOH;0;20260414;150646;5440;10
LKOH;0;20260414;150646;5440;20
LKOH;0;20260414;150646;5440;1
LKOH;0;20260414;150646;5440;1
LKOH;0;20260414;150646;5440;17
LKOH;0;20260414;150646;5440;1
LKOH;0;20260414;150646;5440;1
LKOH;0;20260414;150646;5440;1
LKOH;0;20260414;150646;5440;1
LKOH;0;20260414;150646;5440;1
LKOH;0;20260414;150646;5439.5;1
LKOH;0;20260414;150646;5439.5;18
LKOH;0;20260414;150646;5439.5;11
LKOH;0;20260414;150646;5439;1
LKOH;0;20260414;150646;5439;1
LKOH;0;20260414;150646;5439;1
LKOH;0;20260414;150646;5439;50
LKOH;0;20260414;150646;5439;7
LKOH;0;20260414;150646;5438.5;1
LKOH;0;20260414;150646;5438.5;1
LKOH;0;20260414;150647;5438.5;8
LKOH;0;20260414;150647;5438.5;9
LKOH;0;20260414;150657;5438.5;1
LKOH;0;20260414;150657;5438.5;1
LKOH;0;20260414;150657;5438.5;1
LKOH;0;20260414;150657;5438.5;19
LKOH;0;20260414;150658;5438.5;1
LKOH;0;20260414;150658;5438;2
LKOH;0;20260414;150658;5438;18
LKOH;0;20260414;150658;5438;2
LKOH;0;20260414;150658;5438;10
LKOH;0;20260414;150658;5438;1
LKOH;0;20260414;150658;5438;18
LKOH;0;20260414;150658;5438;1
LKOH;0;20260414;150658;5438;1
LKOH;0;20260414;150658;5438;3
LKOH;0;20260414;150659;5438.5;1
LKOH;0;20260414;150659;5438;2
LKOH;0;20260414;150659;5438;1
LKOH;0;20260414;150659;5438;3
LKOH;0;20260414;150713;5438.5;1
LKOH;0;20260414;150713;5438.5;252
LKOH;0;20260414;150713;5438.5;11
LKOH;0;20260414;150713;5438.5;252
LKOH;0;20260414;150714;5437.5;10
LKOH;0;20260414;150714;5437.5;1
LKOH;0;20260414;150714;5437;1
LKOH;0;20260414;150714;5437;2
LKOH;0;20260414;150714;5437;1
LKOH;0;20260414;150714;5436.5;1
LKOH;0;20260414;150714;5436;50
LKOH;0;20260414;150714;5436;10
LKOH;0;20260414;150714;5436;1
LKOH;0;20260414;150714;5436;4
LKOH;0;20260414;150714;5436;2
LKOH;0;20260414;150714;5436;1
LKOH;0;20260414;150714;5436;1
LKOH;0;20260414;150714;5436;11
LKOH;0;20260414;150714;5436;11
LKOH;0;20260414;150714;5436;2
LKOH;0;20260414;150715;5436;18
LKOH;0;20260414;150715;5436;18
LKOH;0;20260414;150719;5436.5;1
LKOH;0;20260414;150724;5436;1
LKOH;0;20260414;150725;5436;1
LKOH;0;20260414;150725;5436;1
LKOH;0;20260414;150726;5436;35
LKOH;0;20260414;150727;5436;1
LKOH;0;20260414;150727;5436;2
LKOH;0;20260414;150729;5436;16
LKOH;0;20260414;150730;5436;1
LKOH;0;20260414;150730;5436;1
LKOH;0;20260414;150731;5435.5;1
LKOH;0;20260414;150734;5436.5;3
LKOH;0;20260414;150736;5436;1
LKOH;0;20260414;150736;5436;1
LKOH;0;20260414;150736;5436;1
LKOH;0;20260414;150736;5436;1
LKOH;0;20260414;150737;5436;1
LKOH;0;20260414;150744;5436;1
LKOH;0;20260414;150749;5436;2
LKOH;0;20260414;150750;5435.5;1
LKOH;0;20260414;150750;5435.5;1
LKOH;0;20260414;150752;5435.5;1
LKOH;0;20260414;150802;5436;1
LKOH;0;20260414;150803;5435.5;1
LKOH;0;20260414;150803;5435.5;5
LKOH;0;20260414;150803;5435.5;5
LKOH;0;20260414;150803;5435.5;1
LKOH;0;20260414;150803;5435.5;1
LKOH;0;20260414;150803;5435.5;2
LKOH;0;20260414;150803;5435.5;3
LKOH;0;20260414;150804;5435.5;1
LKOH;0;20260414;150804;5435.5;1
LKOH;0;20260414;150813;5435.5;1
LKOH;0;20260414;150819;5435;60
LKOH;0;20260414;150819;5435;1
LKOH;0;20260414;150819;5435;5
LKOH;0;20260414;150819;5435;1
LKOH;0;20260414;150819;5435;2
LKOH;0;20260414;150819;5435;10
LKOH;0;20260414;150819;5435;12
LKOH;0;20260414;150820;5434.5;5
LKOH;0;20260414;150820;5434.5;5
LKOH;0;20260414;150821;5435;1
LKOH;0;20260414;150828;5435;1
LKOH;0;20260414;150829;5435;2
LKOH;0;20260414;150904;5435;15
LKOH;0;20260414;150905;5434.5;1
LKOH;0;20260414;150905;5434.5;1
LKOH;0;20260414;150908;5434.5;3
LKOH;0;20260414;150908;5434.5;7
LKOH;0;20260414;150912;5434.5;17
LKOH;0;20260414;150912;5436;1
LKOH;0;20260414;150913;5435.5;1
LKOH;0;20260414;150913;5435.5;2
LKOH;0;20260414;150921;5435.5;2
LKOH;0;20260414;150921;5435.5;50
LKOH;0;20260414;150921;5435.5;11
LKOH;0;20260414;150922;5435;2
LKOH;0;20260414;150922;5434.5;4
LKOH;0;20260414;150922;5434.5;1
LKOH;0;20260414;150923;5435;2
LKOH;0;20260414;150926;5435;12
LKOH;0;20260414;150927;5434.5;1
LKOH;0;20260414;150927;5434.5;1
LKOH;0;20260414;150929;5435;1
LKOH;0;20260414;150935;5434.5;1
LKOH;0;20260414;150935;5434.5;5
LKOH;0;20260414;150935;5434.5;1
LKOH;0;20260414;150935;5434.5;3
LKOH;0;20260414;150937;5434.5;5
LKOH;0;20260414;150937;5434.5;8
LKOH;0;20260414;150937;5434.5;3
LKOH;0;20260414;150938;5434.5;1
LKOH;0;20260414;150938;5434.5;2
LKOH;0;20260414;150951;5435;1
LKOH;0;20260414;150952;5435;5
LKOH;0;20260414;150955;5435;5
LKOH;0;20260414;150955;5435;1
LKOH;0;20260414;150955;5434.5;1
LKOH;0;20260414;150958;5434.5;26
LKOH;0;20260414;150958;5434.5;1
LKOH;0;20260414;150958;5434.5;10
LKOH;0;20260414;150959;5434;1
LKOH;0;20260414;150959;5433.5;1
LKOH;0;20260414;150959;5433.5;2
LKOH;0;20260414;150959;5433.5;1
LKOH;0;20260414;151001;5433.5;2
LKOH;0;20260414;151001;5433.5;5
LKOH;0;20260414;151001;5433.5;20
LKOH;0;20260414;151001;5434;1
LKOH;0;20260414;151001;5434;2
LKOH;0;20260414;151002;5434;1
LKOH;0;20260414;151002;5433.5;1
LKOH;0;20260414;151002;5433.5;2
LKOH;0;20260414;151006;5434;1
LKOH;0;20260414;151009;5434;5
LKOH;0;20260414;151015;5434;1
LKOH;0;20260414;151016;5433.5;1
LKOH;0;20260414;151016;5433.5;1
LKOH;0;20260414;151025;5434;1
LKOH;0;20260414;151037;5433;200
LKOH;0;20260414;151037;5433;2
LKOH;0;20260414;151037;5433;2
LKOH;0;20260414;151037;5433;22
LKOH;0;20260414;151037;5433;17
LKOH;0;20260414;151037;5432.5;1
LKOH;0;20260414;151037;5432.5;1
LKOH;0;20260414;151037;5432.5;1
LKOH;0;20260414;151037;5432.5;1
LKOH;0;20260414;151037;5432;40
LKOH;0;20260414;151037;5432;1
LKOH;0;20260414;151037;5432;3
LKOH;0;20260414;151037;5432;1
LKOH;0;20260414;151037;5432;50
LKOH;0;20260414;151037;5431.5;1
LKOH;0;20260414;151037;5431.5;50
LKOH;0;20260414;151037;5431.5;1
LKOH;0;20260414;151037;5431.5;18
LKOH;0;20260414;151038;5432;1
LKOH;0;20260414;151038;5432;2
LKOH;0;20260414;151038;5432;8
LKOH;0;20260414;151038;5432;8
LKOH;0;20260414;151038;5431.5;8
LKOH;0;20260414;151038;5431.5;1
LKOH;0;20260414;151038;5431.5;4
LKOH;0;20260414;151038;5431.5;10
LKOH;0;20260414;151038;5431.5;4
LKOH;0;20260414;151041;5432;1
LKOH;0;20260414;151041;5432;2
LKOH;0;20260414;151044;5432;2
LKOH;0;20260414;151049;5432;1
LKOH;0;20260414;151050;5432;4
LKOH;0;20260414;151051;5431.5;1
LKOH;0;20260414;151051;5431.5;1
LKOH;0;20260414;151053;5432;18
LKOH;0;20260414;151054;5431.5;1
LKOH;0;20260414;151054;5431.5;1
LKOH;0;20260414;151057;5431.5;10
LKOH;0;20260414;151057;5431.5;2
LKOH;0;20260414;151057;5431.5;26
LKOH;0;20260414;151057;5431.5;8
LKOH;0;20260414;151057;5431.5;8
LKOH;0;20260414;151057;5431.5;50
LKOH;0;20260414;151057;5431.5;50
LKOH;0;20260414;151057;5431.5;118
LKOH;0;20260414;151057;5431.5;18
LKOH;0;20260414;151057;5431.5;18
LKOH;0;20260414;151057;5431.5;18
LKOH;0;20260414;151057;5431.5;10
LKOH;0;20260414;151057;5431.5;1
LKOH;0;20260414;151057;5431.5;1
LKOH;0;20260414;151057;5431.5;18
LKOH;0;20260414;151057;5431.5;50
LKOH;0;20260414;151057;5431.5;50
LKOH;0;20260414;151057;5431.5;30
LKOH;0;20260414;151057;5431.5;50
LKOH;0;20260414;151057;5431.5;20
LKOH;0;20260414;151057;5431.5;21
LKOH;0;20260414;151057;5431.5;23
LKOH;0;20260414;151057;5431;10
LKOH;0;20260414;151057;5431;50
LKOH;0;20260414;151057;5431;1
LKOH;0;20260414;151057;5431;9
LKOH;0;20260414;151057;5431;50
LKOH;0;20260414;151057;5431;50
LKOH;0;20260414;151057;5431;1
LKOH;0;20260414;151057;5431;1
LKOH;0;20260414;151057;5431;18
LKOH;0;20260414;151057;5431;50
LKOH;0;20260414;151057;5431;3
LKOH;0;20260414;151057;5431;30
LKOH;0;20260414;151057;5431;1
LKOH;0;20260414;151057;5431;1
LKOH;0;20260414;151057;5431;1
LKOH;0;20260414;151057;5431;20
LKOH;0;20260414;151057;5431;3
LKOH;0;20260414;151057;5431;1
LKOH;0;20260414;151058;5431.5;14
LKOH;0;20260414;151058;5431.5;4
LKOH;0;20260414;151058;5431.5;11
LKOH;0;20260414;151102;5432;1
LKOH;0;20260414;151103;5432;1
LKOH;0;20260414;151104;5432;1
LKOH;0;20260414;151105;5431.5;6
LKOH;0;20260414;151106;5432;4
LKOH;0;20260414;151107;5432;3
LKOH;0;20260414;151108;5431.5;3
LKOH;0;20260414;151108;5431.5;10
LKOH;0;20260414;151108;5431.5;3
LKOH;0;20260414;151108;5431.5;50
LKOH;0;20260414;151108;5431.5;118
LKOH;0;20260414;151108;5431.5;118
LKOH;0;20260414;151108;5431.5;26
LKOH;0;20260414;151108;5431.5;50
LKOH;0;20260414;151108;5431.5;18
LKOH;0;20260414;151108;5431.5;18
LKOH;0;20260414;151108;5431.5;18
LKOH;0;20260414;151108;5431.5;18
LKOH;0;20260414;151108;5431.5;30
LKOH;0;20260414;151116;5431.5;1
LKOH;0;20260414;151119;5431;13
LKOH;0;20260414;151119;5431;9
LKOH;0;20260414;151119;5431;3
LKOH;0;20260414;151119;5431;1
LKOH;0;20260414;151119;5431;3
LKOH;0;20260414;151121;5431.5;8
LKOH;0;20260414;151121;5431;6
LKOH;0;20260414;151122;5431.5;750
LKOH;0;20260414;151122;5431.5;1
LKOH;0;20260414;151122;5431.5;2
LKOH;0;20260414;151122;5431.5;1
LKOH;0;20260414;151122;5431.5;23
LKOH;0;20260414;151122;5432;1
LKOH;0;20260414;151133;5434;1
LKOH;0;20260414;151144;5434.5;1
LKOH;0;20260414;151146;5434.5;1
LKOH;0;20260414;151204;5434.5;3
LKOH;0;20260414;151210;5434;1
LKOH;0;20260414;151217;5434;23
LKOH;0;20260414;151222;5434;1
LKOH;0;20260414;151228;5434.5;1
LKOH;0;20260414;151236;5434.5;1
LKOH;0;20260414;151240;5434;1
LKOH;0;20260414;151241;5434.5;2
LKOH;0;20260414;151257;5434.5;8
LKOH;0;20260414;151306;5434.5;9
LKOH;0;20260414;151308;5434.5;9
LKOH;0;20260414;151308;5434;14
LKOH;0;20260414;151308;5434;1
LKOH;0;20260414;151317;5433.5;26
LKOH;0;20260414;151333;5434;1
LKOH;0;20260414;151335;5434;1
LKOH;0;20260414;151341;5434;8
LKOH;0;20260414;151341;5434;17
LKOH;0;20260414;151341;5434;1
LKOH;0;20260414;151341;5434;7
LKOH;0;20260414;151345;5434;18
LKOH;0;20260414;151351;5434.5;1
LKOH;0;20260414;151359;5434;31
LKOH;0;20260414;151359;5434;1
LKOH;0;20260414;151359;5433.5;16
LKOH;0;20260414;151359;5433.5;1
LKOH;0;20260414;151359;5433.5;2
LKOH;0;20260414;151359;5433.5;7
LKOH;0;20260414;151359;5433.5;10
LKOH;0;20260414;151359;5433;6
LKOH;0;20260414;151359;5434;8
LKOH;0;20260414;151359;5434;1
LKOH;0;20260414;151359;5434;8
LKOH;0;20260414;151417;5433;1
LKOH;0;20260414;151421;5433;1
LKOH;0;20260414;151426;5433.5;5
LKOH;0;20260414;151427;5434;12
LKOH;0;20260414;151437;5434.5;1
LKOH;0;20260414;151456;5434.5;1
LKOH;0;20260414;151503;5434;4
LKOH;0;20260414;151503;5434.5;1
LKOH;0;20260414;151523;5434;1
LKOH;0;20260414;151527;5434;1
LKOH;0;20260414;151527;5434;1
LKOH;0;20260414;151527;5434;1
LKOH;0;20260414;151539;5434;1
LKOH;0;20260414;151544;5433.5;14
LKOH;0;20260414;151544;5433.5;5
LKOH;0;20260414;151544;5433.5;5
LKOH;0;20260414;151544;5433;12
LKOH;0;20260414;151550;5433;2
LKOH;0;20260414;151553;5434;1
LKOH;0;20260414;151555;5433.5;2
LKOH;0;20260414;151557;5434;1
LKOH;0;20260414;151605;5433.5;6
LKOH;0;20260414;151606;5433.5;22
LKOH;0;20260414;151612;5433.5;2
LKOH;0;20260414;151612;5433.5;1
LKOH;0;20260414;151617;5433.5;2
LKOH;0;20260414;151623;5433;12
LKOH;0;20260414;151626;5433.5;1
LKOH;0;20260414;151630;5433;1
LKOH;0;20260414;151635;5433;3
LKOH;0;20260414;151642;5433.5;1
LKOH;0;20260414;151700;5433.5;4
LKOH;0;20260414;151700;5433.5;1
LKOH;0;20260414;151702;5433.5;3
LKOH;0;20260414;151708;5433.5;20
LKOH;0;20260414;151711;5433.5;23
LKOH;0;20260414;151712;5433.5;3
LKOH;0;20260414;151713;5433.5;1
LKOH;0;20260414;151718;5433.5;16
LKOH;0;20260414;151718;5433.5;2
LKOH;0;20260414;151718;5433.5;5
LKOH;0;20260414;151729;5433;10
LKOH;0;20260414;151729;5433;1
LKOH;0;20260414;151734;5433;8
LKOH;0;20260414;151734;5433;20
LKOH;0;20260414;151734;5433;20
LKOH;0;20260414;151734;5433.5;2
LKOH;0;20260414;151734;5433.5;2
LKOH;0;20260414;151734;5433.5;2
LKOH;0;20260414;151734;5433.5;2
LKOH;0;20260414;151734;5433.5;1
LKOH;0;20260414;151734;5433.5;1
LKOH;0;20260414;151734;5434;74
LKOH;0;20260414;151734;5434;19
LKOH;0;20260414;151734;5434;25
LKOH;0;20260414;151734;5434.5;1
LKOH;0;20260414;151734;5434.5;1
LKOH;0;20260414;151734;5434.5;1
LKOH;0;20260414;151734;5435;4
LKOH;0;20260414;151734;5435;3
LKOH;0;20260414;151734;5435;10
LKOH;0;20260414;151734;5436.5;20
LKOH;0;20260414;151734;5437;10
LKOH;0;20260414;151734;5437.5;9
LKOH;0;20260414;151735;5437.5;56
LKOH;0;20260414;151735;5437.5;20
LKOH;0;20260414;151735;5437.5;6
LKOH;0;20260414;151735;5437.5;20
LKOH;0;20260414;151735;5437.5;20
LKOH;0;20260414;151735;5438;6
LKOH;0;20260414;151735;5438;4
LKOH;0;20260414;151735;5438;20
LKOH;0;20260414;151735;5438;5
LKOH;0;20260414;151735;5438;18
LKOH;0;20260414;151735;5438;26
LKOH;0;20260414;151735;5438;27
LKOH;0;20260414;151735;5438;21
LKOH;0;20260414;151735;5438;20
LKOH;0;20260414;151735;5438.5;1
LKOH;0;20260414;151735;5438.5;3
LKOH;0;20260414;151735;5438.5;4
LKOH;0;20260414;151735;5438.5;24
LKOH;0;20260414;151735;5439;2
LKOH;0;20260414;151735;5439;1
LKOH;0;20260414;151736;5439;2
LKOH;0;20260414;151736;5439;20
LKOH;0;20260414;151736;5439;20
LKOH;0;20260414;151736;5439.5;1
LKOH;0;20260414;151736;5439.5;1
LKOH;0;20260414;151736;5439.5;27
LKOH;0;20260414;151736;5439.5;5
LKOH;0;20260414;151736;5438.5;14
LKOH;0;20260414;151736;5439.5;10
LKOH;0;20260414;151736;5439.5;15
LKOH;0;20260414;151736;5439.5;1
LKOH;0;20260414;151736;5439.5;1
LKOH;0;20260414;151736;5439.5;32
LKOH;0;20260414;151736;5439.5;16
LKOH;0;20260414;151736;5439.5;1
LKOH;0;20260414;151743;5439;1
LKOH;0;20260414;151753;5439;1
LKOH;0;20260414;151813;5438.5;3
LKOH;0;20260414;151815;5438.5;13
LKOH;0;20260414;151815;5438.5;13
LKOH;0;20260414;151817;5439;92
LKOH;0;20260414;151817;5439;1
LKOH;0;20260414;151818;5439;1
LKOH;0;20260414;151819;5439.5;1
LKOH;0;20260414;151821;5439;2
LKOH;0;20260414;151821;5439;1
LKOH;0;20260414;151835;5439;1
LKOH;0;20260414;151851;5439;15
LKOH;0;20260414;151851;5439;18
LKOH;0;20260414;151851;5439;2
LKOH;0;20260414;151851;5439;4
LKOH;0;20260414;151851;5439;7
LKOH;0;20260414;151851;5439.5;1
LKOH;0;20260414;151851;5439.5;1
LKOH;0;20260414;151851;5439.5;64
LKOH;0;20260414;151851;5439.5;7
LKOH;0;20260414;151851;5439.5;43
LKOH;0;20260414;151851;5440;1
LKOH;0;20260414;151851;5440;50
LKOH;0;20260414;151851;5440;1
LKOH;0;20260414;151851;5440;25
LKOH;0;20260414;151851;5440.5;27
LKOH;0;20260414;151851;5440.5;50
LKOH;0;20260414;151908;5440.5;1
LKOH;0;20260414;151914;5441;1
LKOH;0;20260414;151916;5440.5;35
LKOH;0;20260414;151916;5439.5;30
LKOH;0;20260414;151916;5439.5;1
LKOH;0;20260414;151916;5439.5;11
LKOH;0;20260414;151916;5439.5;19
LKOH;0;20260414;151916;5439.5;25
LKOH;0;20260414;151920;5439;4
LKOH;0;20260414;151922;5439;1
LKOH;0;20260414;151926;5439;2
LKOH;0;20260414;151929;5438.5;2
LKOH;0;20260414;151929;5438.5;50
LKOH;0;20260414;151938;5438.5;1
LKOH;0;20260414;151945;5438;3
LKOH;0;20260414;151947;5438.5;1
LKOH;0;20260414;152002;5438.5;2
LKOH;0;20260414;152003;5438;1
LKOH;0;20260414;152004;5438.5;1
LKOH;0;20260414;152011;5438.5;1
LKOH;0;20260414;152018;5438;1
LKOH;0;20260414;152018;5438;1
LKOH;0;20260414;152018;5438;2
LKOH;0;20260414;152022;5438;7
LKOH;0;20260414;152022;5438;1
LKOH;0;20260414;152023;5438;1
LKOH;0;20260414;152035;5438;1
LKOH;0;20260414;152039;5438;1
LKOH;0;20260414;152041;5436.5;1
LKOH;0;20260414;152044;5436;1
LKOH;0;20260414;152044;5435.5;20
LKOH;0;20260414;152044;5435.5;14
LKOH;0;20260414;152044;5435.5;3
LKOH;0;20260414;152045;5435.5;10
LKOH;0;20260414;152046;5436.5;1
LKOH;0;20260414;152107;5436.5;8
LKOH;0;20260414;152107;5436.5;1
LKOH;0;20260414;152122;5436;4
LKOH;0;20260414;152122;5436;1
LKOH;0;20260414;152122;5436;7
LKOH;0;20260414;152124;5436;1
LKOH;0;20260414;152124;5436;3
LKOH;0;20260414;152124;5436;31
LKOH;0;20260414;152126;5436.5;1
LKOH;0;20260414;152126;5437;1
LKOH;0;20260414;152132;5437;1
LKOH;0;20260414;152133;5436.5;1
LKOH;0;20260414;152133;5436;7
LKOH;0;20260414;152138;5437.5;1
LKOH;0;20260414;152138;5437.5;1
LKOH;0;20260414;152138;5437.5;13
LKOH;0;20260414;152155;5437.5;5
LKOH;0;20260414;152155;5437.5;1
LKOH;0;20260414;152155;5437.5;1
LKOH;0;20260414;152155;5437.5;19
LKOH;0;20260414;152206;5437.5;3
LKOH;0;20260414;152210;5437;5
LKOH;0;20260414;152210;5437;1
LKOH;0;20260414;152210;5437;7
LKOH;0;20260414;152217;5437;23
LKOH;0;20260414;152217;5437;9
LKOH;0;20260414;152217;5437;1
LKOH;0;20260414;152217;5437;3
LKOH;0;20260414;152224;5437;24
LKOH;0;20260414;152225;5437.5;1
LKOH;0;20260414;152228;5437.5;5
LKOH;0;20260414;152240;5437.5;3
LKOH;0;20260414;152240;5437.5;1
LKOH;0;20260414;152240;5438;1
LKOH;0;20260414;152240;5438;30
LKOH;0;20260414;152240;5438.5;1
LKOH;0;20260414;152240;5438.5;30
LKOH;0;20260414;152240;5438.5;25
LKOH;0;20260414;152240;5439;1
LKOH;0;20260414;152240;5439;1
LKOH;0;20260414;152252;5439;1
LKOH;0;20260414;152303;5438.5;1
LKOH;0;20260414;152303;5438.5;47
LKOH;0;20260414;152308;5438.5;1
LKOH;0;20260414;152308;5439;2
LKOH;0;20260414;152319;5438.5;1
LKOH;0;20260414;152319;5438.5;1
LKOH;0;20260414;152319;5438.5;1
LKOH;0;20260414;152328;5438;7
LKOH;0;20260414;152335;5438;1
LKOH;0;20260414;152345;5438;1
LKOH;0;20260414;152345;5437.5;5
LKOH;0;20260414;152345;5437.5;1
LKOH;0;20260414;152345;5437.5;1
LKOH;0;20260414;152345;5437.5;1
LKOH;0;20260414;152353;5438;1
LKOH;0;20260414;152404;5438.5;1
LKOH;0;20260414;152404;5438;10
LKOH;0;20260414;152404;5438;1
LKOH;0;20260414;152404;5438;1
LKOH;0;20260414;152404;5437.5;1
LKOH;0;20260414;152404;5437.5;1
LKOH;0;20260414;152404;5437.5;9
LKOH;0;20260414;152404;5437.5;2
LKOH;0;20260414;152404;5437.5;2
LKOH;0;20260414;152404;5437.5;1
LKOH;0;20260414;152414;5437.5;2
LKOH;0;20260414;152432;5437;2
LKOH;0;20260414;152432;5437;18
LKOH;0;20260414;152437;5438;1
LKOH;0;20260414;152439;5438;1
LKOH;0;20260414;152442;5437;4
LKOH;0;20260414;152442;5436.5;3
LKOH;0;20260414;152442;5436.5;48
LKOH;0;20260414;152442;5436.5;13
LKOH;0;20260414;152444;5437.5;1
LKOH;0;20260414;152501;5438;1
LKOH;0;20260414;152507;5438.5;1
LKOH;0;20260414;152507;5438.5;45
LKOH;0;20260414;152507;5438.5;1
LKOH;0;20260414;152507;5438.5;1
LKOH;0;20260414;152507;5438.5;1
LKOH;0;20260414;152508;5439;1
LKOH;0;20260414;152508;5438.5;1
LKOH;0;20260414;152512;5438.5;10
LKOH;0;20260414;152534;5438.5;2
LKOH;0;20260414;152539;5438.5;5
LKOH;0;20260414;152539;5438.5;1
LKOH;0;20260414;152539;5438.5;7
LKOH;0;20260414;152555;5438.5;1
LKOH;0;20260414;152607;5439;1
LKOH;0;20260414;152623;5440;1
LKOH;0;20260414;152623;5440;1
LKOH;0;20260414;152636;5439.5;28
LKOH;0;20260414;152642;5439.5;1
LKOH;0;20260414;152644;5439;17
LKOH;0;20260414;152644;5439.5;1
LKOH;0;20260414;152647;5439.5;1
LKOH;0;20260414;152702;5439.5;1
LKOH;0;20260414;152717;5439;2
LKOH;0;20260414;152725;5438;8
LKOH;0;20260414;152728;5437;4
LKOH;0;20260414;152735;5437;1
LKOH;0;20260414;152735;5437;1
LKOH;0;20260414;152737;5436.5;1
LKOH;0;20260414;152741;5437;2
LKOH;0;20260414;152746;5437;27
LKOH;0;20260414;152746;5437;29
LKOH;0;20260414;152746;5437;26
LKOH;0;20260414;152746;5437.5;18
LKOH;0;20260414;152751;5436.5;19
LKOH;0;20260414;152752;5437.5;1
LKOH;0;20260414;152809;5437;8
LKOH;0;20260414;152809;5437;1
LKOH;0;20260414;152829;5437.5;1
LKOH;0;20260414;152830;5438;2
LKOH;0;20260414;152830;5438;1
LKOH;0;20260414;152837;5437.5;7
LKOH;0;20260414;152900;5437.5;11
LKOH;0;20260414;152922;5437.5;10
LKOH;0;20260414;152932;5437.5;9
LKOH;0;20260414;152932;5437.5;18
LKOH;0;20260414;152932;5437.5;1
LKOH;0;20260414;152932;5437.5;4
LKOH;0;20260414;152932;5437.5;50
LKOH;0;20260414;152932;5437.5;3
LKOH;0;20260414;152932;5437;6
LKOH;0;20260414;152932;5437;1
LKOH;0;20260414;152932;5437;8
LKOH;0;20260414;152935;5437.5;1
LKOH;0;20260414;152935;5437.5;1
LKOH;0;20260414;152935;5437.5;12
LKOH;0;20260414;152954;5438;1
LKOH;0;20260414;152957;5438;12
LKOH;0;20260414;152957;5438.5;1
LKOH;0;20260414;152957;5438.5;22
LKOH;0;20260414;153039;5438;3
LKOH;0;20260414;153044;5438.5;1
LKOH;0;20260414;153103;5438;1
LKOH;0;20260414;153106;5438.5;1
LKOH;0;20260414;153108;5438;5
LKOH;0;20260414;153108;5438;1
LKOH;0;20260414;153108;5438;1
LKOH;0;20260414;153108;5438;20
LKOH;0;20260414;153108;5438.5;2
LKOH;0;20260414;153111;5438.5;1
LKOH;0;20260414;153122;5438.5;1
LKOH;0;20260414;153130;5438.5;1
LKOH;0;20260414;153138;5438.5;1
LKOH;0;20260414;153147;5438.5;5
LKOH;0;20260414;153155;5438.5;10
LKOH;0;20260414;153157;5438.5;1
LKOH;0;20260414;153200;5438.5;2
LKOH;0;20260414;153201;5438.5;1
LKOH;0;20260414;153209;5438;1
LKOH;0;20260414;153209;5438;2
LKOH;0;20260414;153209;5438;18
LKOH;0;20260414;153213;5438.5;1
LKOH;0;20260414;153221;5438;20
LKOH;0;20260414;153221;5437.5;4
LKOH;0;20260414;153221;5437.5;1
LKOH;0;20260414;153221;5437.5;1
LKOH;0;20260414;153221;5437;5
LKOH;0;20260414;153221;5437;9
LKOH;0;20260414;153221;5437;1
LKOH;0;20260414;153221;5437;300
LKOH;0;20260414;153221;5436.5;103
LKOH;0;20260414;153221;5436.5;1
LKOH;0;20260414;153221;5436.5;1
LKOH;0;20260414;153221;5436.5;48
LKOH;0;20260414;153221;5436;4
LKOH;0;20260414;153221;5436;2
LKOH;0;20260414;153221;5436.5;6
LKOH;0;20260414;153228;5436;6
LKOH;0;20260414;153228;5436;1
LKOH;0;20260414;153228;5436;1
LKOH;0;20260414;153228;5435.5;1
LKOH;0;20260414;153228;5435.5;3
LKOH;0;20260414;153228;5435.5;1
LKOH;0;20260414;153228;5435.5;1
LKOH;0;20260414;153231;5436;1
LKOH;0;20260414;153233;5436;1
LKOH;0;20260414;153240;5436;1
LKOH;0;20260414;153243;5436;1
LKOH;0;20260414;153250;5435.5;1
LKOH;0;20260414;153250;5435.5;2
LKOH;0;20260414;153252;5436;1
LKOH;0;20260414;153257;5435.5;1
LKOH;0;20260414;153258;5435.5;2
LKOH;0;20260414;153303;5435.5;2
LKOH;0;20260414;153305;5435.5;5
LKOH;0;20260414;153309;5435.5;1
LKOH;0;20260414;153314;5435;4
LKOH;0;20260414;153314;5435;10
LKOH;0;20260414;153314;5435;1
LKOH;0;20260414;153314;5435;3
LKOH;0;20260414;153325;5435;1
LKOH;0;20260414;153325;5435;1
LKOH;0;20260414;153331;5434.5;1
LKOH;0;20260414;153335;5434.5;1
LKOH;0;20260414;153335;5434;1
LKOH;0;20260414;153340;5433.5;3
LKOH;0;20260414;153350;5433.5;4
LKOH;0;20260414;153350;5434;1
LKOH;0;20260414;153350;5434.5;5
LKOH;0;20260414;153358;5433.5;4
LKOH;0;20260414;153414;5433.5;5
LKOH;0;20260414;153417;5433.5;8
LKOH;0;20260414;153417;5433.5;5
LKOH;0;20260414;153417;5433.5;5
LKOH;0;20260414;153417;5433.5;6
LKOH;0;20260414;153427;5433;1
LKOH;0;20260414;153439;5433;19
LKOH;0;20260414;153439;5433;5
LKOH;0;20260414;153439;5433;1
LKOH;0;20260414;153439;5433;2
LKOH;0;20260414;153443;5433.5;1
LKOH;0;20260414;153448;5433.5;1
LKOH;0;20260414;153448;5433.5;4
LKOH;0;20260414;153449;5433;2
LKOH;0;20260414;153449;5433;8
LKOH;0;20260414;153449;5433;4
LKOH;0;20260414;153449;5433;5
LKOH;0;20260414;153449;5433;5
LKOH;0;20260414;153449;5433;1
LKOH;0;20260414;153449;5432.5;30
LKOH;0;20260414;153509;5432.5;1
LKOH;0;20260414;153532;5433;12
LKOH;0;20260414;153537;5433;2
LKOH;0;20260414;153537;5433.5;1
LKOH;0;20260414;153537;5433.5;2
LKOH;0;20260414;153537;5433.5;9
LKOH;0;20260414;153537;5433.5;1
LKOH;0;20260414;153537;5434;1
LKOH;0;20260414;153537;5434;4
LKOH;0;20260414;153547;5433.5;8
LKOH;0;20260414;153550;5434.5;1
LKOH;0;20260414;153552;5434.5;32
LKOH;0;20260414;153552;5435.5;1
LKOH;0;20260414;153552;5435.5;8
LKOH;0;20260414;153552;5435.5;9
LKOH;0;20260414;153552;5436;10
LKOH;0;20260414;153552;5436;1
LKOH;0;20260414;153552;5436;30
LKOH;0;20260414;153552;5436;118
LKOH;0;20260414;153552;5436.5;1
LKOH;0;20260414;153552;5436.5;8
LKOH;0;20260414;153552;5436.5;30
LKOH;0;20260414;153552;5436.5;48
LKOH;0;20260414;153552;5437;13
LKOH;0;20260414;153552;5437;1
LKOH;0;20260414;153552;5437;30
LKOH;0;20260414;153552;5437;60
LKOH;0;20260414;153552;5434.5;30
LKOH;0;20260414;153552;5434.5;3
LKOH;0;20260414;153559;5436.5;6
LKOH;0;20260414;153559;5436.5;1
LKOH;0;20260414;153559;5436;1
LKOH;0;20260414;153559;5436;2
LKOH;0;20260414;153559;5436;11
LKOH;0;20260414;153559;5436;7
LKOH;0;20260414;153559;5436;7
LKOH;0;20260414;153559;5436;1
LKOH;0;20260414;153559;5436;1
LKOH;0;20260414;153559;5436;3
LKOH;0;20260414;153559;5436;30
LKOH;0;20260414;153559;5435.5;8
LKOH;0;20260414;153559;5435.5;9
LKOH;0;20260414;153559;5435.5;1
LKOH;0;20260414;153559;5435.5;5
LKOH;0;20260414;153559;5435.5;30
LKOH;0;20260414;153559;5435.5;1
LKOH;0;20260414;153559;5435;13
LKOH;0;20260414;153559;5435;1
LKOH;0;20260414;153559;5435;2
LKOH;0;20260414;153559;5435;99
LKOH;0;20260414;153633;5435.5;1
LKOH;0;20260414;153640;5436;1
LKOH;0;20260414;153640;5436;1
LKOH;0;20260414;153647;5435.5;2
LKOH;0;20260414;153649;5436;21
LKOH;0;20260414;153649;5437;33
LKOH;0;20260414;153649;5437;1
LKOH;0;20260414;153649;5437.5;1
LKOH;0;20260414;153649;5437.5;9
LKOH;0;20260414;153649;5438;1
LKOH;0;20260414;153649;5438;30
LKOH;0;20260414;153649;5438;48
LKOH;0;20260414;153649;5438;18
LKOH;0;20260414;153649;5438;25
LKOH;0;20260414;153649;5438.5;13
LKOH;0;20260414;153656;5437.5;2
LKOH;0;20260414;153656;5437.5;1
LKOH;0;20260414;153705;5437.5;9
LKOH;0;20260414;153705;5437;8
LKOH;0;20260414;153712;5437.5;20
LKOH;0;20260414;153744;5437.5;1
LKOH;0;20260414;153744;5437;1
LKOH;0;20260414;153750;5437.5;2
LKOH;0;20260414;153803;5437;21
LKOH;0;20260414;153803;5437;7
LKOH;0;20260414;153803;5437;1
LKOH;0;20260414;153803;5437;1
LKOH;0;20260414;153803;5437;5
LKOH;0;20260414;153811;5437;1
LKOH;0;20260414;153822;5437;13
LKOH;0;20260414;153828;5437.5;10
LKOH;0;20260414;153828;5437.5;2
LKOH;0;20260414;153828;5438;1
LKOH;0;20260414;153828;5438.5;156
LKOH;0;20260414;153828;5438.5;3
LKOH;0;20260414;153828;5438.5;5
LKOH;0;20260414;153828;5438.5;33
LKOH;0;20260414;153828;5438.5;30
LKOH;0;20260414;153828;5438.5;3
LKOH;0;20260414;153828;5439;30
LKOH;0;20260414;153828;5439;3
LKOH;0;20260414;153828;5439;1
LKOH;0;20260414;153835;5439.5;1
LKOH;0;20260414;153837;5439.5;4
LKOH;0;20260414;153837;5439.5;6
LKOH;0;20260414;153851;5439;4
LKOH;0;20260414;153854;5439.5;6
LKOH;0;20260414;153854;5440;1
LKOH;0;20260414;153854;5440;2
LKOH;0;20260414;153854;5440;1
LKOH;0;20260414;153854;5440;1
LKOH;0;20260414;153907;5439.5;1
LKOH;0;20260414;153907;5440;3
LKOH;0;20260414;153914;5439;2
LKOH;0;20260414;153924;5440;1
LKOH;0;20260414;153924;5440;1
LKOH;0;20260414;153924;5440;2
LKOH;0;20260414;153932;5439;3
LKOH;0;20260414;153932;5439;1
LKOH;0;20260414;153932;5439;43
LKOH;0;20260414;153933;5439;17
LKOH;0;20260414;153934;5439.5;2
LKOH;0;20260414;153941;5439;10
LKOH;0;20260414;153943;5439;1
LKOH;0;20260414;153943;5439;2
LKOH;0;20260414;153943;5438.5;1
LKOH;0;20260414;153959;5439.5;3
LKOH;0;20260414;154002;5439.5;4
LKOH;0;20260414;154005;5439.5;1
LKOH;0;20260414;154005;5439;25
LKOH;0;20260414;154009;5440;1
LKOH;0;20260414;154048;5439.5;3
LKOH;0;20260414;154101;5439;23
LKOH;0;20260414;154112;5439.5;33
LKOH;0;20260414;154112;5440;1
LKOH;0;20260414;154112;5440;9
LKOH;0;20260414;154114;5440;1
LKOH;0;20260414;154118;5440;7
LKOH;0;20260414;154118;5440;1
LKOH;0;20260414;154118;5440;9
LKOH;0;20260414;154124;5440;1
LKOH;0;20260414;154126;5440;10
LKOH;0;20260414;154133;5440;8
LKOH;0;20260414;154134;5440;1
LKOH;0;20260414;154140;5440;1
LKOH;0;20260414;154145;5440;1
LKOH;0;20260414;154146;5439.5;10
LKOH;0;20260414;154146;5439.5;1
LKOH;0;20260414;154151;5440;2
LKOH;0;20260414;154151;5440;1
LKOH;0;20260414;154155;5439.5;1
LKOH;0;20260414;154155;5440;1
LKOH;0;20260414;154159;5440;6
LKOH;0;20260414;154159;5440;5
LKOH;0;20260414;154200;5440;1
LKOH;0;20260414;154202;5440;1
LKOH;0;20260414;154203;5440;1
LKOH;0;20260414;154206;5440;1
LKOH;0;20260414;154208;5440;8
LKOH;0;20260414;154219;5440;6
LKOH;0;20260414;154220;5439.5;1
LKOH;0;20260414;154222;5439.5;1
LKOH;0;20260414;154222;5440;5
LKOH;0;20260414;154222;5440;24
LKOH;0;20260414;154222;5440;1
LKOH;0;20260414;154222;5440;3
LKOH;0;20260414;154229;5439.5;1
LKOH;0;20260414;154240;5439;1
LKOH;0;20260414;154242;5439.5;1
LKOH;0;20260414;154244;5439.5;1
LKOH;0;20260414;154250;5439.5;2
LKOH;0;20260414;154250;5439.5;1
LKOH;0;20260414;154258;5439.5;2
LKOH;0;20260414;154306;5439;1
LKOH;0;20260414;154306;5439;1
LKOH;0;20260414;154313;5439;1
LKOH;0;20260414;154323;5438.5;6
LKOH;0;20260414;154325;5438.5;1
LKOH;0;20260414;154325;5438.5;300
LKOH;0;20260414;154325;5438.5;1
LKOH;0;20260414;154325;5438.5;10
LKOH;0;20260414;154325;5438.5;10
LKOH;0;20260414;154325;5438.5;1
LKOH;0;20260414;154325;5438.5;1
LKOH;0;20260414;154325;5438.5;7
LKOH;0;20260414;154329;5439;1
LKOH;0;20260414;154330;5438.5;31
LKOH;0;20260414;154334;5439;1
LKOH;0;20260414;154344;5439;1
LKOH;0;20260414;154350;5438.5;1
LKOH;0;20260414;154350;5438.5;1
LKOH;0;20260414;154353;5438.5;1
LKOH;0;20260414;154406;5438;11
LKOH;0;20260414;154406;5438;1
LKOH;0;20260414;154406;5438;1
LKOH;0;20260414;154406;5437.5;6
LKOH;0;20260414;154413;5438.5;5
LKOH;0;20260414;154428;5438.5;1
LKOH;0;20260414;154428;5438.5;4
LKOH;0;20260414;154437;5438.5;1
LKOH;0;20260414;154443;5438;3
LKOH;0;20260414;154443;5438;1
LKOH;0;20260414;154443;5438;1
LKOH;0;20260414;154443;5438;222
LKOH;0;20260414;154443;5438;9
LKOH;0;20260414;154443;5437.5;5
LKOH;0;20260414;154443;5437.5;9
LKOH;0;20260414;154444;5438.5;1
LKOH;0;20260414;154444;5439;1
LKOH;0;20260414;154445;5438;10
LKOH;0;20260414;154452;5438;1
LKOH;0;20260414;154454;5438.5;1
LKOH;0;20260414;154457;5438.5;1
LKOH;0;20260414;154501;5438;211
LKOH;0;20260414;154501;5438;1
LKOH;0;20260414;154501;5438;1
LKOH;0;20260414;154501;5438;37
LKOH;0;20260414;154502;5438.5;1
LKOH;0;20260414;154504;5438;1
LKOH;0;20260414;154507;5438.5;4
LKOH;0;20260414;154508;5439;1
LKOH;0;20260414;154513;5438.5;1
LKOH;0;20260414;154537;5438.5;1
LKOH;0;20260414;154540;5438.5;2
LKOH;0;20260414;154546;5438.5;2
LKOH;0;20260414;154553;5438;4
LKOH;0;20260414;154553;5438;1
LKOH;0;20260414;154558;5438;5
LKOH;0;20260414;154605;5438;2
LKOH;0;20260414;154613;5438;1
LKOH;0;20260414;154617;5438;1
LKOH;0;20260414;154619;5438;2
LKOH;0;20260414;154620;5438;2
LKOH;0;20260414;154622;5437.5;2
LKOH;0;20260414;154627;5438;1
LKOH;0;20260414;154628;5437.5;2
LKOH;0;20260414;154628;5437.5;13
LKOH;0;20260414;154632;5437.5;1
LKOH;0;20260414;154646;5438;1
LKOH;0;20260414;154649;5437.5;1
LKOH;0;20260414;154649;5437.5;1
LKOH;0;20260414;154649;5437.5;6
LKOH;0;20260414;154654;5437.5;3
LKOH;0;20260414;154654;5437.5;17
LKOH;0;20260414;154655;5437.5;3
LKOH;0;20260414;154700;5437.5;1
LKOH;0;20260414;154700;5437.5;1
LKOH;0;20260414;154702;5437;1
LKOH;0;20260414;154706;5437.5;1
LKOH;0;20260414;154706;5437.5;1
LKOH;0;20260414;154709;5437.5;1
LKOH;0;20260414;154710;5437.5;1
LKOH;0;20260414;154710;5437.5;2
LKOH;0;20260414;154710;5437.5;1
LKOH;0;20260414;154710;5437.5;6
LKOH;0;20260414;154711;5437.5;3
LKOH;0;20260414;154717;5437;2
LKOH;0;20260414;154717;5437;2
LKOH;0;20260414;154717;5437;1
LKOH;0;20260414;154717;5437;1
LKOH;0;20260414;154726;5437;2
LKOH;0;20260414;154732;5436.5;2
LKOH;0;20260414;154745;5437;1
LKOH;0;20260414;154747;5436.5;15
LKOH;0;20260414;154754;5437;1
LKOH;0;20260414;154801;5436.5;2
LKOH;0;20260414;154801;5436.5;40
LKOH;0;20260414;154801;5436.5;1
LKOH;0;20260414;154802;5436.5;1
LKOH;0;20260414;154810;5436.5;4
LKOH;0;20260414;154810;5436.5;5
LKOH;0;20260414;154816;5436.5;5
LKOH;0;20260414;154828;5436.5;1
LKOH;0;20260414;154829;5436.5;2
LKOH;0;20260414;154831;5436;1
LKOH;0;20260414;154833;5436;19
LKOH;0;20260414;154833;5436;25
LKOH;0;20260414;154833;5436;5
LKOH;0;20260414;154834;5435.5;5
LKOH;0;20260414;154834;5435;4
LKOH;0;20260414;154840;5435;2
LKOH;0;20260414;154840;5435;1
LKOH;0;20260414;154840;5435;2
LKOH;0;20260414;154852;5434.5;1
LKOH;0;20260414;154852;5435;2
LKOH;0;20260414;154858;5435;1
LKOH;0;20260414;154858;5435;1
LKOH;0;20260414;154900;5435;1
LKOH;0;20260414;154906;5435;12
LKOH;0;20260414;154906;5435;220
LKOH;0;20260414;154906;5435;16
LKOH;0;20260414;154906;5435;4
LKOH;0;20260414;154906;5435.5;9
LKOH;0;20260414;154906;5435.5;2
LKOH;0;20260414;154916;5436.5;1
LKOH;0;20260414;154919;5436.5;1
LKOH;0;20260414;154932;5436.5;1
LKOH;0;20260414;154932;5436.5;2
LKOH;0;20260414;154945;5436.5;1
LKOH;0;20260414;154946;5436;7
LKOH;0;20260414;154948;5436.5;2
LKOH;0;20260414;154952;5436.5;1
LKOH;0;20260414;155002;5436.5;1
LKOH;0;20260414;155016;5436;2
LKOH;0;20260414;155016;5436;14
LKOH;0;20260414;155020;5436.5;1
LKOH;0;20260414;155032;5436;1
LKOH;0;20260414;155035;5436;4
LKOH;0;20260414;155035;5436;1
LKOH;0;20260414;155042;5436;1
LKOH;0;20260414;155048;5436;1
LKOH;0;20260414;155050;5436;1
LKOH;0;20260414;155053;5435.5;25
LKOH;0;20260414;155053;5435.5;1
LKOH;0;20260414;155053;5435;33
LKOH;0;20260414;155053;5435;1
LKOH;0;20260414;155053;5435;58
LKOH;0;20260414;155055;5435;2
LKOH;0;20260414;155055;5435;2
LKOH;0;20260414;155055;5434.5;22
LKOH;0;20260414;155055;5434.5;1
LKOH;0;20260414;155055;5434.5;7
LKOH;0;20260414;155057;5435.5;15
LKOH;0;20260414;155100;5435.5;2
LKOH;0;20260414;155108;5435.5;1
LKOH;0;20260414;155114;5435.5;12
LKOH;0;20260414;155114;5435.5;1
LKOH;0;20260414;155114;5436;2
LKOH;0;20260414;155120;5436;1
LKOH;0;20260414;155121;5436;18
LKOH;0;20260414;155122;5434.5;1
LKOH;0;20260414;155122;5434.5;3
LKOH;0;20260414;155122;5434.5;4
LKOH;0;20260414;155147;5435.5;1
LKOH;0;20260414;155158;5435.5;1
LKOH;0;20260414;155209;5435.5;26
LKOH;0;20260414;155214;5435.5;1
LKOH;0;20260414;155221;5435.5;1
LKOH;0;20260414;155230;5436;1
LKOH;0;20260414;155243;5437;1
LKOH;0;20260414;155246;5436.5;1
LKOH;0;20260414;155248;5436.5;1
LKOH;0;20260414;155248;5436;1
LKOH;0;20260414;155254;5436;2
LKOH;0;20260414;155254;5436;1
LKOH;0;20260414;155301;5436.5;1
LKOH;0;20260414;155304;5436.5;1
LKOH;0;20260414;155306;5436;1
LKOH;0;20260414;155306;5436;7
LKOH;0;20260414;155306;5436;1
LKOH;0;20260414;155306;5436;1
LKOH;0;20260414;155306;5436;8
LKOH;0;20260414;155310;5436;2
LKOH;0;20260414;155325;5436;1
LKOH;0;20260414;155325;5436;1
LKOH;0;20260414;155333;5435.5;7
LKOH;0;20260414;155334;5436.5;1
LKOH;0;20260414;155334;5436.5;2
LKOH;0;20260414;155343;5436.5;1
LKOH;0;20260414;155356;5436.5;1
LKOH;0;20260414;155402;5436.5;19
LKOH;0;20260414;155402;5436.5;15
LKOH;0;20260414;155402;5437;50
LKOH;0;20260414;155403;5437;26
LKOH;0;20260414;155416;5437;1
LKOH;0;20260414;155422;5436.5;50
LKOH;0;20260414;155422;5436.5;50
LKOH;0;20260414;155422;5436.5;40
LKOH;0;20260414;155425;5437;76
LKOH;0;20260414;155426;5437;1
LKOH;0;20260414;155433;5437;5
LKOH;0;20260414;155438;5437;2
LKOH;0;20260414;155440;5437;2
LKOH;0;20260414;155442;5437;1
LKOH;0;20260414;155442;5437;1
LKOH;0;20260414;155446;5437;1
LKOH;0;20260414;155449;5437;2
LKOH;0;20260414;155449;5437;106
LKOH;0;20260414;155449;5437;1
LKOH;0;20260414;155449;5437;2
LKOH;0;20260414;155450;5437;10
LKOH;0;20260414;155453;5437.5;9
LKOH;0;20260414;155457;5437.5;1
LKOH;0;20260414;155501;5437;1
LKOH;0;20260414;155512;5437.5;17
LKOH;0;20260414;155524;5437;1
LKOH;0;20260414;155526;5437.5;1
LKOH;0;20260414;155527;5437.5;1
LKOH;0;20260414;155530;5437;15
LKOH;0;20260414;155530;5437;1
LKOH;0;20260414;155530;5437;4
LKOH;0;20260414;155533;5437;1
LKOH;0;20260414;155538;5437;5
LKOH;0;20260414;155538;5437;6
LKOH;0;20260414;155540;5437.5;10
LKOH;0;20260414;155542;5437;1
LKOH;0;20260414;155545;5437.5;1
LKOH;0;20260414;155549;5437;1
LKOH;0;20260414;155557;5437;1
LKOH;0;20260414;155624;5437.5;22
LKOH;0;20260414;155624;5437.5;69
LKOH;0;20260414;155637;5437.5;1
LKOH;0;20260414;155637;5437.5;1
LKOH;0;20260414;155637;5437.5;6
LKOH;0;20260414;155641;5437;5
LKOH;0;20260414;155641;5437;1
LKOH;0;20260414;155641;5437;1
LKOH;0;20260414;155641;5437;1
LKOH;0;20260414;155641;5437;1
LKOH;0;20260414;155645;5437;1
LKOH;0;20260414;155646;5437;8
LKOH;0;20260414;155652;5437;1
LKOH;0;20260414;155656;5436.5;1
LKOH;0;20260414;155702;5437;1
LKOH;0;20260414;155705;5437;1
LKOH;0;20260414;155716;5437;1
LKOH;0;20260414;155725;5437;17
LKOH;0;20260414;155735;5437;1
LKOH;0;20260414;155741;5437.5;1
LKOH;0;20260414;155749;5437;1
LKOH;0;20260414;155753;5437.5;3
LKOH;0;20260414;155755;5437;1
LKOH;0;20260414;155758;5437.5;1
LKOH;0;20260414;155800;5437.5;1
LKOH;0;20260414;155806;5437;2
LKOH;0;20260414;155806;5437;1
LKOH;0;20260414;155820;5436.5;1
LKOH;0;20260414;155828;5437;1
LKOH;0;20260414;155828;5437;4
LKOH;0;20260414;155832;5437;1
LKOH;0;20260414;155833;5436.5;1
LKOH;0;20260414;155849;5437;1
LKOH;0;20260414;155850;5436.5;11
LKOH;0;20260414;155850;5436.5;1
LKOH;0;20260414;155850;5436.5;11
LKOH;0;20260414;155853;5437;1
LKOH;0;20260414;155854;5437.5;1
LKOH;0;20260414;155855;5437.5;8
LKOH;0;20260414;155855;5437.5;1
LKOH;0;20260414;155904;5437.5;3
LKOH;0;20260414;155904;5437.5;13
LKOH;0;20260414;155911;5437.5;1
LKOH;0;20260414;155911;5437.5;3
LKOH;0;20260414;155911;5437.5;1
LKOH;0;20260414;155916;5438.5;1
LKOH;0;20260414;155916;5438.5;8
LKOH;0;20260414;155921;5437.5;1
LKOH;0;20260414;155924;5438.5;8
LKOH;0;20260414;155930;5437.5;9
LKOH;0;20260414;155931;5438.5;2
LKOH;0;20260414;155938;5438.5;15
LKOH;0;20260414;155938;5438.5;1
LKOH;0;20260414;155938;5439;9
LKOH;0;20260414;155938;5439;7
LKOH;0;20260414;155938;5439;1
LKOH;0;20260414;155938;5439;77
LKOH;0;20260414;155938;5439;1
LKOH;0;20260414;155938;5439;1
LKOH;0;20260414;155938;5439;1
LKOH;0;20260414;155938;5439;2
LKOH;0;20260414;155938;5439;1
LKOH;0;20260414;155938;5439;1
LKOH;0;20260414;155938;5439;1
LKOH;0;20260414;155938;5439.5;17
LKOH;0;20260414;155938;5439.5;1
LKOH;0;20260414;155938;5439.5;1
LKOH;0;20260414;155938;5439.5;1
LKOH;0;20260414;155938;5440;1
LKOH;0;20260414;155938;5440;13
LKOH;0;20260414;155938;5440;12
LKOH;0;20260414;155938;5440.5;1
LKOH;0;20260414;155938;5440.5;4
LKOH;0;20260414;155938;5439;7
LKOH;0;20260414;155938;5439;14
LKOH;0;20260414;155938;5439;12
LKOH;0;20260414;155938;5439.5;4
LKOH;0;20260414;155938;5439;8
LKOH;0;20260414;155938;5439;21
LKOH;0;20260414;155938;5439.5;8
LKOH;0;20260414;155938;5439.5;3
LKOH;0;20260414;155938;5439.5;1
LKOH;0;20260414;155938;5439.5;21
LKOH;0;20260414;155938;5439.5;33
LKOH;0;20260414;155938;5439.5;120
LKOH;0;20260414;155939;5440.5;2
LKOH;0;20260414;155939;5440.5;1
LKOH;0;20260414;155956;5440;1
LKOH;0;20260414;160003;5440;4
LKOH;0;20260414;160003;5440;1
LKOH;0;20260414;160009;5440;1
LKOH;0;20260414;160013;5439.5;15
LKOH;0;20260414;160013;5440;4
LKOH;0;20260414;160013;5440;5
LKOH;0;20260414;160013;5440;33
LKOH;0;20260414;160013;5440;30
LKOH;0;20260414;160013;5440;1
LKOH;0;20260414;160013;5440;25
LKOH;0;20260414;160013;5440;8
LKOH;0;20260414;160023;5439.5;1
LKOH;0;20260414;160035;5440;1
LKOH;0;20260414;160036;5440;1
LKOH;0;20260414;160041;5440;1
LKOH;0;20260414;160042;5440;2
LKOH;0;20260414;160108;5439.5;2
LKOH;0;20260414;160108;5439.5;1
LKOH;0;20260414;160108;5439.5;1
LKOH;0;20260414;160108;5439.5;8
LKOH;0;20260414;160108;5439.5;4
LKOH;0;20260414;160110;5439.5;1
LKOH;0;20260414;160113;5439.5;25
LKOH;0;20260414;160113;5439.5;2
LKOH;0;20260414;160124;5439.5;1
LKOH;0;20260414;160126;5439.5;1
LKOH;0;20260414;160132;5439.5;1
LKOH;0;20260414;160132;5439.5;1
LKOH;0;20260414;160132;5439.5;1
LKOH;0;20260414;160132;5440;1
LKOH;0;20260414;160132;5440;2
LKOH;0;20260414;160132;5440;2
LKOH;0;20260414;160149;5440;1
LKOH;0;20260414;160155;5439;8
LKOH;0;20260414;160155;5439;1
LKOH;0;20260414;160155;5439;21
LKOH;0;20260414;160159;5439.5;1
LKOH;0;20260414;160210;5439.5;1
LKOH;0;20260414;160210;5439.5;1
LKOH;0;20260414;160220;5439.5;1
LKOH;0;20260414;160228;5439;18
LKOH;0;20260414;160229;5439.5;1
LKOH;0;20260414;160229;5440;1
LKOH;0;20260414;160243;5439.5;1
LKOH;0;20260414;160243;5439.5;30
LKOH;0;20260414;160243;5440;11
LKOH;0;20260414;160246;5439;1
LKOH;0;20260414;160251;5439;1
LKOH;0;20260414;160251;5439;1
LKOH;0;20260414;160311;5439.5;1
LKOH;0;20260414;160311;5439.5;5
LKOH;0;20260414;160314;5439;15
LKOH;0;20260414;160320;5439.5;1
LKOH;0;20260414;160322;5440;1
LKOH;0;20260414;160323;5439.5;1
LKOH;0;20260414;160330;5439;1
LKOH;0;20260414;160330;5439;1
LKOH;0;20260414;160330;5439;2
LKOH;0;20260414;160330;5439;1
LKOH;0;20260414;160348;5439.5;6
LKOH;0;20260414;160349;5439.5;2
LKOH;0;20260414;160355;5439.5;1
LKOH;0;20260414;160355;5439.5;2
LKOH;0;20260414;160356;5439;1
LKOH;0;20260414;160356;5439;21
LKOH;0;20260414;160358;5439;19
LKOH;0;20260414;160401;5439;36
LKOH;0;20260414;160401;5439.5;1
LKOH;0;20260414;160410;5439.5;1
LKOH;0;20260414;160425;5439.5;1
LKOH;0;20260414;160428;5439;1
LKOH;0;20260414;160428;5439;1
LKOH;0;20260414;160428;5439;1
LKOH;0;20260414;160428;5439;30
LKOH;0;20260414;160436;5439.5;1
LKOH;0;20260414;160444;5438.5;1
LKOH;0;20260414;160454;5439;4
LKOH;0;20260414;160458;5438.5;1
LKOH;0;20260414;160458;5438.5;1
LKOH;0;20260414;160500;5438.5;1
LKOH;0;20260414;160501;5438.5;1
LKOH;0;20260414;160503;5438.5;1
LKOH;0;20260414;160511;5438;1
LKOH;0;20260414;160512;5438.5;1
LKOH;0;20260414;160541;5438;4
LKOH;0;20260414;160542;5438;1
LKOH;0;20260414;160543;5437.5;2
LKOH;0;20260414;160543;5437.5;1
LKOH;0;20260414;160543;5437.5;1
LKOH;0;20260414;160543;5437.5;2
LKOH;0;20260414;160543;5437.5;1
LKOH;0;20260414;160543;5437.5;1
LKOH;0;20260414;160543;5437;1
LKOH;0;20260414;160543;5437;2
LKOH;0;20260414;160543;5437;19
LKOH;0;20260414;160546;5437;1
LKOH;0;20260414;160546;5437;1
LKOH;0;20260414;160549;5437;1
LKOH;0;20260414;160549;5437.5;1
LKOH;0;20260414;160557;5437;1
LKOH;0;20260414;160607;5437;2
LKOH;0;20260414;160607;5436.5;1
LKOH;0;20260414;160607;5436.5;1
LKOH;0;20260414;160607;5436.5;40
LKOH;0;20260414;160607;5436.5;1
LKOH;0;20260414;160625;5436;5
LKOH;0;20260414;160625;5436;1
LKOH;0;20260414;160625;5436;1
LKOH;0;20260414;160625;5436;1
LKOH;0;20260414;160629;5436;1
LKOH;0;20260414;160650;5436.5;1
LKOH;0;20260414;160657;5436.5;1
LKOH;0;20260414;160703;5436;17
LKOH;0;20260414;160711;5436;1
LKOH;0;20260414;160713;5436;90
LKOH;0;20260414;160713;5436;1
LKOH;0;20260414;160713;5436;1
LKOH;0;20260414;160713;5436;1
LKOH;0;20260414;160713;5436;1
LKOH;0;20260414;160726;5436;3
LKOH;0;20260414;160733;5436;1
LKOH;0;20260414;160739;5436;18
LKOH;0;20260414;160740;5436;1
LKOH;0;20260414;160745;5436;2
LKOH;0;20260414;160747;5436;18
LKOH;0;20260414;160747;5436;1
LKOH;0;20260414;160747;5436;91
LKOH;0;20260414;160748;5435.5;3
LKOH;0;20260414;160804;5435.5;24
LKOH;0;20260414;160807;5435.5;1
LKOH;0;20260414;160809;5436;1
LKOH;0;20260414;160817;5435.5;19
LKOH;0;20260414;160817;5435.5;1
LKOH;0;20260414;160817;5435.5;20
LKOH;0;20260414;160817;5435.5;1
LKOH;0;20260414;160817;5435.5;1
LKOH;0;20260414;160817;5435.5;1
LKOH;0;20260414;160823;5435.5;2
LKOH;0;20260414;160834;5435.5;10
LKOH;0;20260414;160836;5435;1
LKOH;0;20260414;160836;5435;2
LKOH;0;20260414;160836;5435;14
LKOH;0;20260414;160845;5435;1
LKOH;0;20260414;160848;5435;4
LKOH;0;20260414;160855;5434.5;16
LKOH;0;20260414;160855;5435;1
LKOH;0;20260414;160904;5434.5;4
LKOH;0;20260414;160908;5435;1
LKOH;0;20260414;160914;5434.5;1
LKOH;0;20260414;160924;5434.5;1
LKOH;0;20260414;160937;5435;2
LKOH;0;20260414;160938;5435;1
LKOH;0;20260414;160939;5434.5;2
LKOH;0;20260414;160939;5434.5;1
LKOH;0;20260414;160942;5434.5;2
LKOH;0;20260414;160953;5434;23
LKOH;0;20260414;161031;5434;7
LKOH;0;20260414;161031;5434;1
LKOH;0;20260414;161031;5434;1
LKOH;0;20260414;161031;5434;1
LKOH;0;20260414;161031;5434;1
LKOH;0;20260414;161032;5434;1
LKOH;0;20260414;161041;5434;1
LKOH;0;20260414;161048;5433.5;1
LKOH;0;20260414;161048;5433.5;5
LKOH;0;20260414;161048;5433.5;1
LKOH;0;20260414;161102;5433.5;1
LKOH;0;20260414;161103;5433;3
LKOH;0;20260414;161103;5433;1
LKOH;0;20260414;161103;5433;8
LKOH;0;20260414;161103;5433;4
LKOH;0;20260414;161106;5433.5;4
LKOH;0;20260414;161106;5433.5;1
LKOH;0;20260414;161106;5433.5;3
LKOH;0;20260414;161115;5432.5;1
LKOH;0;20260414;161124;5433.5;1
LKOH;0;20260414;161124;5433;6
LKOH;0;20260414;161135;5433.5;3
LKOH;0;20260414;161136;5434;1
LKOH;0;20260414;161141;5434;1
LKOH;0;20260414;161147;5434;1
LKOH;0;20260414;161148;5434;1
LKOH;0;20260414;161200;5434;1
LKOH;0;20260414;161202;5434;1
LKOH;0;20260414;161202;5434;1
LKOH;0;20260414;161202;5434;5
LKOH;0;20260414;161204;5433.5;5
LKOH;0;20260414;161204;5433.5;1
LKOH;0;20260414;161204;5433.5;8
LKOH;0;20260414;161221;5433;1
LKOH;0;20260414;161221;5433;1
LKOH;0;20260414;161221;5433;1
LKOH;0;20260414;161221;5433;1
LKOH;0;20260414;161221;5433;1
LKOH;0;20260414;161221;5433;1
LKOH;0;20260414;161221;5433;4
LKOH;0;20260414;161221;5433;1
LKOH;0;20260414;161221;5433;8
LKOH;0;20260414;161221;5433;1
LKOH;0;20260414;161221;5433;1
LKOH;0;20260414;161221;5433;4
LKOH;0;20260414;161223;5433.5;146
LKOH;0;20260414;161223;5434;1
LKOH;0;20260414;161223;5434;200
LKOH;0;20260414;161223;5435.5;56
LKOH;0;20260414;161225;5435.5;1389
LKOH;0;20260414;161225;5436;24
LKOH;0;20260414;161225;5436;16
LKOH;0;20260414;161225;5437;33
LKOH;0;20260414;161225;5438;30
LKOH;0;20260414;161225;5438;3
LKOH;0;20260414;161229;5438;29
LKOH;0;20260414;161229;5438;8
LKOH;0;20260414;161229;5438;6
LKOH;0;20260414;161250;5438.5;2
LKOH;0;20260414;161257;5438.5;3
LKOH;0;20260414;161301;5438.5;5
LKOH;0;20260414;161302;5438.5;1
LKOH;0;20260414;161305;5438.5;5
LKOH;0;20260414;161305;5438;1
LKOH;0;20260414;161306;5438.5;2
LKOH;0;20260414;161309;5438;29
LKOH;0;20260414;161309;5438;8
LKOH;0;20260414;161309;5438;8
LKOH;0;20260414;161309;5438;1
LKOH;0;20260414;161323;5437.5;1
LKOH;0;20260414;161324;5437.5;2
LKOH;0;20260414;161326;5437;2
LKOH;0;20260414;161326;5437;1
LKOH;0;20260414;161326;5437;8
LKOH;0;20260414;161326;5437;1
LKOH;0;20260414;161331;5436.5;1
LKOH;0;20260414;161339;5437;3
LKOH;0;20260414;161341;5437;1
LKOH;0;20260414;161341;5437;1
LKOH;0;20260414;161353;5437;1
LKOH;0;20260414;161355;5437;2
LKOH;0;20260414;161355;5437;1
LKOH;0;20260414;161358;5437;1
LKOH;0;20260414;161401;5437;2
LKOH;0;20260414;161402;5437;1
LKOH;0;20260414;161406;5437;2
LKOH;0;20260414;161410;5437;1
LKOH;0;20260414;161413;5436.5;17
LKOH;0;20260414;161417;5437;1
LKOH;0;20260414;161417;5437;2
LKOH;0;20260414;161421;5437;24
LKOH;0;20260414;161421;5436.5;1
LKOH;0;20260414;161423;5437;1
LKOH;0;20260414;161424;5437;2
LKOH;0;20260414;161430;5436.5;2
LKOH;0;20260414;161432;5437;1
LKOH;0;20260414;161433;5436.5;1
LKOH;0;20260414;161437;5437;1
LKOH;0;20260414;161437;5437;4
LKOH;0;20260414;161438;5436.5;3
LKOH;0;20260414;161439;5437;1
LKOH;0;20260414;161440;5437;2
LKOH;0;20260414;161446;5437;1
LKOH;0;20260414;161458;5437;1
LKOH;0;20260414;161508;5437;2
LKOH;0;20260414;161508;5437;9
LKOH;0;20260414;161509;5436.5;18
LKOH;0;20260414;161509;5436.5;40
LKOH;0;20260414;161509;5436.5;1
LKOH;0;20260414;161509;5436.5;1
LKOH;0;20260414;161509;5436.5;252
LKOH;0;20260414;161509;5436.5;188
LKOH;0;20260414;161522;5436.5;10
LKOH;0;20260414;161522;5436.5;1
LKOH;0;20260414;161522;5436.5;2
LKOH;0;20260414;161600;5436;2
LKOH;0;20260414;161601;5436;1
LKOH;0;20260414;161601;5436;26
LKOH;0;20260414;161606;5436.5;1
LKOH;0;20260414;161606;5436.5;1
LKOH;0;20260414;161612;5436.5;15
LKOH;0;20260414;161612;5436.5;1
LKOH;0;20260414;161612;5436.5;84
LKOH;0;20260414;161622;5436.5;1
LKOH;0;20260414;161632;5436.5;10
LKOH;0;20260414;161641;5436.5;2
LKOH;0;20260414;161648;5436;1
LKOH;0;20260414;161648;5436;1
LKOH;0;20260414;161651;5436;1
LKOH;0;20260414;161651;5436;4
LKOH;0;20260414;161651;5435.5;14
LKOH;0;20260414;161651;5436;1
LKOH;0;20260414;161653;5436;1
LKOH;0;20260414;161656;5435.5;28
LKOH;0;20260414;161700;5436;3
LKOH;0;20260414;161701;5436;1
LKOH;0;20260414;161704;5436;2
LKOH;0;20260414;161733;5436;1
LKOH;0;20260414;161733;5435.5;2
LKOH;0;20260414;161738;5436;4
LKOH;0;20260414;161742;5435.5;20
LKOH;0;20260414;161744;5436;3
LKOH;0;20260414;161748;5436;1
LKOH;0;20260414;161751;5435.5;71
LKOH;0;20260414;161753;5436;1
LKOH;0;20260414;161759;5435.5;65
LKOH;0;20260414;161759;5435.5;8
LKOH;0;20260414;161759;5435.5;1
LKOH;0;20260414;161759;5435.5;1
LKOH;0;20260414;161805;5435;19
LKOH;0;20260414;161806;5436;2
LKOH;0;20260414;161813;5436;1
LKOH;0;20260414;161836;5435.5;1
LKOH;0;20260414;161836;5435.5;1
LKOH;0;20260414;161837;5435.5;1
LKOH;0;20260414;161844;5435.5;8
LKOH;0;20260414;161848;5435.5;5
LKOH;0;20260414;161848;5435.5;1
LKOH;0;20260414;161848;5435.5;3
LKOH;0;20260414;161848;5435.5;8
LKOH;0;20260414;161848;5435.5;9
LKOH;0;20260414;161849;5435.5;1
LKOH;0;20260414;161900;5435.5;1
LKOH;0;20260414;161902;5435.5;1
LKOH;0;20260414;161910;5435;1
LKOH;0;20260414;161910;5435.5;34
LKOH;0;20260414;161924;5435.5;1
LKOH;0;20260414;161932;5435.5;6
LKOH;0;20260414;161935;5435.5;5
LKOH;0;20260414;161952;5435.5;109
LKOH;0;20260414;161952;5435.5;74
LKOH;0;20260414;161952;5435.5;74
LKOH;0;20260414;161952;5435.5;22
LKOH;0;20260414;161952;5435.5;10
LKOH;0;20260414;161952;5435.5;22
LKOH;0;20260414;161952;5436;3
LKOH;0;20260414;161952;5436.5;6
LKOH;0;20260414;161952;5436.5;3
LKOH;0;20260414;161952;5437;6
LKOH;0;20260414;161952;5437;4
LKOH;0;20260414;161952;5438;1
LKOH;0;20260414;161952;5438.5;12
LKOH;0;20260414;161952;5438.5;3
LKOH;0;20260414;161952;5438.5;1
LKOH;0;20260414;161952;5438.5;12
LKOH;0;20260414;161952;5438.5;13
LKOH;0;20260414;161952;5439;4
LKOH;0;20260414;161952;5439;9
LKOH;0;20260414;161952;5438.5;8
LKOH;0;20260414;161952;5438.5;17
LKOH;0;20260414;161952;5438.5;9
LKOH;0;20260414;161952;5438.5;9
LKOH;0;20260414;161952;5438.5;100
LKOH;0;20260414;161952;5438.5;33
LKOH;0;20260414;161952;5438.5;17
LKOH;0;20260414;161952;5438.5;16
LKOH;0;20260414;161952;5439.5;50
LKOH;0;20260414;161952;5439.5;33
LKOH;0;20260414;161952;5440;7
LKOH;0;20260414;161952;5440;151
LKOH;0;20260414;161952;5440;25
LKOH;0;20260414;161952;5440;33
LKOH;0;20260414;161952;5440.5;5
LKOH;0;20260414;161952;5440.5;45
LKOH;0;20260414;161952;5440.5;21
LKOH;0;20260414;161952;5440.5;29
LKOH;0;20260414;161952;5440.5;33
LKOH;0;20260414;161952;5440.5;50
LKOH;0;20260414;161952;5440.5;56
LKOH;0;20260414;161952;5440;4
LKOH;0;20260414;161952;5440;196
LKOH;0;20260414;161953;5440.5;31
LKOH;0;20260414;162000;5440.5;1
LKOH;0;20260414;162001;5440.5;1
LKOH;0;20260414;162001;5440.5;1
LKOH;0;20260414;162001;5440.5;6
LKOH;0;20260414;162001;5440.5;8
LKOH;0;20260414;162001;5440.5;1
LKOH;0;20260414;162001;5440.5;1
LKOH;0;20260414;162001;5441;2
LKOH;0;20260414;162001;5441;2
LKOH;0;20260414;162001;5441;180
LKOH;0;20260414;162001;5441.5;1
LKOH;0;20260414;162001;5441.5;19
LKOH;0;20260414;162002;5441;1
LKOH;0;20260414;162002;5441.5;3
LKOH;0;20260414;162002;5441.5;1
LKOH;0;20260414;162002;5442;10
LKOH;0;20260414;162002;5442;10
LKOH;0;20260414;162002;5442;21
LKOH;0;20260414;162002;5442;12
LKOH;0;20260414;162002;5442;9
LKOH;0;20260414;162002;5442;24
LKOH;0;20260414;162002;5442;6
LKOH;0;20260414;162002;5442;1
LKOH;0;20260414;162006;5442.5;1
LKOH;0;20260414;162006;5442.5;1
LKOH;0;20260414;162013;5443;1
LKOH;0;20260414;162016;5444;2
LKOH;0;20260414;162021;5443.5;1
LKOH;0;20260414;162022;5443;13
LKOH;0;20260414;162024;5442;1
LKOH;0;20260414;162026;5442.5;3
LKOH;0;20260414;162027;5442.5;2
LKOH;0;20260414;162035;5443;1
LKOH;0;20260414;162035;5443;9
LKOH;0;20260414;162036;5443;1
LKOH;0;20260414;162036;5443.5;12
LKOH;0;20260414;162036;5443.5;1
LKOH;0;20260414;162036;5443.5;36
LKOH;0;20260414;162041;5443;1
LKOH;0;20260414;162041;5443;1
LKOH;0;20260414;162052;5442.5;1
LKOH;0;20260414;162052;5442.5;1
LKOH;0;20260414;162102;5442.5;1
LKOH;0;20260414;162107;5443;1
LKOH;0;20260414;162107;5443;1
LKOH;0;20260414;162107;5443.5;3
LKOH;0;20260414;162109;5443.5;1
LKOH;0;20260414;162112;5442.5;1
LKOH;0;20260414;162118;5443;1
LKOH;0;20260414;162123;5443.5;28
LKOH;0;20260414;162127;5444;19
LKOH;0;20260414;162127;5444;20
LKOH;0;20260414;162127;5444.5;33
LKOH;0;20260414;162127;5445;3
LKOH;0;20260414;162127;5445;1
LKOH;0;20260414;162127;5445;1
LKOH;0;20260414;162127;5445;60
LKOH;0;20260414;162127;5445;1
LKOH;0;20260414;162127;5444.5;30
LKOH;0;20260414;162127;5444.5;1
LKOH;0;20260414;162127;5444.5;1
LKOH;0;20260414;162127;5444.5;33
LKOH;0;20260414;162127;5444.5;33
LKOH;0;20260414;162127;5444.5;33
LKOH;0;20260414;162127;5444.5;33
LKOH;0;20260414;162128;5444.5;33
LKOH;0;20260414;162128;5445;9
LKOH;0;20260414;162128;5445;40
LKOH;0;20260414;162128;5445;2
LKOH;0;20260414;162128;5445;1
LKOH;0;20260414;162128;5445;1
LKOH;0;20260414;162128;5445.5;14
LKOH;0;20260414;162128;5445.5;9
LKOH;0;20260414;162128;5445.5;1
LKOH;0;20260414;162128;5445.5;1
LKOH;0;20260414;162128;5445.5;4
LKOH;0;20260414;162128;5445.5;5
LKOH;0;20260414;162128;5445.5;2
LKOH;0;20260414;162128;5445.5;3
LKOH;0;20260414;162128;5445.5;28
LKOH;0;20260414;162128;5445.5;1
LKOH;0;20260414;162128;5445.5;32
LKOH;0;20260414;162135;5445;4
LKOH;0;20260414;162136;5445.5;50
LKOH;0;20260414;162136;5445.5;18
LKOH;0;20260414;162136;5445.5;26
LKOH;0;20260414;162136;5445.5;8
LKOH;0;20260414;162136;5445.5;8
LKOH;0;20260414;162148;5446;1
LKOH;0;20260414;162148;5446;37
LKOH;0;20260414;162148;5446.5;1
LKOH;0;20260414;162148;5446.5;16
LKOH;0;20260414;162148;5446.5;2
LKOH;0;20260414;162148;5446.5;1
LKOH;0;20260414;162148;5446.5;3
LKOH;0;20260414;162148;5446.5;60
LKOH;0;20260414;162148;5446.5;25
LKOH;0;20260414;162149;5447;1
LKOH;0;20260414;162149;5447;10
LKOH;0;20260414;162149;5447;23
LKOH;0;20260414;162149;5447;50
LKOH;0;20260414;162149;5447;18
LKOH;0;20260414;162149;5447;8
LKOH;0;20260414;162149;5447;8
LKOH;0;20260414;162149;5447.5;2
LKOH;0;20260414;162149;5447.5;40
LKOH;0;20260414;162150;5447.5;1
LKOH;0;20260414;162150;5447.5;6
LKOH;0;20260414;162150;5447.5;7
LKOH;0;20260414;162150;5447.5;7
LKOH;0;20260414;162150;5447.5;33
LKOH;0;20260414;162150;5448;5
LKOH;0;20260414;162150;5448;50
LKOH;0;20260414;162150;5448;60
LKOH;0;20260414;162150;5447.5;1
LKOH;0;20260414;162152;5448;10
LKOH;0;20260414;162153;5448;4
LKOH;0;20260414;162153;5448;8
LKOH;0;20260414;162153;5448.5;1
LKOH;0;20260414;162153;5448.5;50
LKOH;0;20260414;162153;5448.5;20
LKOH;0;20260414;162205;5448.5;2
LKOH;0;20260414;162206;5448.5;2
LKOH;0;20260414;162219;5448;5
LKOH;0;20260414;162219;5448;5
LKOH;0;20260414;162219;5448;1
LKOH;0;20260414;162219;5448;49
LKOH;0;20260414;162219;5448;21
LKOH;0;20260414;162219;5448;28
LKOH;0;20260414;162219;5448;17
LKOH;0;20260414;162219;5448;1
LKOH;0;20260414;162219;5448;8
LKOH;0;20260414;162232;5448;4
LKOH;0;20260414;162232;5448;3
LKOH;0;20260414;162234;5447.5;1
LKOH;0;20260414;162235;5448;1
LKOH;0;20260414;162235;5448;1
LKOH;0;20260414;162235;5448.5;1
LKOH;0;20260414;162235;5448.5;73
LKOH;0;20260414;162235;5448.5;27
LKOH;0;20260414;162235;5448.5;1
LKOH;0;20260414;162235;5448.5;1
LKOH;0;20260414;162235;5448.5;1
LKOH;0;20260414;162235;5448.5;1
LKOH;0;20260414;162235;5449;13
LKOH;0;20260414;162235;5449;1
LKOH;0;20260414;162235;5449;24
LKOH;0;20260414;162235;5449;1
LKOH;0;20260414;162235;5449;33
LKOH;0;20260414;162240;5449.5;8
LKOH;0;20260414;162241;5450;5
LKOH;0;20260414;162241;5450;2
LKOH;0;20260414;162241;5450;1
LKOH;0;20260414;162241;5450;1
LKOH;0;20260414;162241;5450;50
LKOH;0;20260414;162241;5450;33
LKOH;0;20260414;162241;5450.5;5
LKOH;0;20260414;162241;5450.5;50
LKOH;0;20260414;162241;5450.5;1
LKOH;0;20260414;162241;5450.5;1
LKOH;0;20260414;162241;5450.5;1
LKOH;0;20260414;162241;5450.5;10
LKOH;0;20260414;162244;5450;1
LKOH;0;20260414;162244;5450;27
LKOH;0;20260414;162246;5450;1
LKOH;0;20260414;162247;5450.5;9
LKOH;0;20260414;162247;5450.5;8
LKOH;0;20260414;162247;5450.5;17
LKOH;0;20260414;162247;5450.5;1
LKOH;0;20260414;162247;5450.5;7
LKOH;0;20260414;162250;5450;1
LKOH;0;20260414;162302;5450.5;1
LKOH;0;20260414;162302;5450.5;8
LKOH;0;20260414;162302;5450.5;50
LKOH;0;20260414;162302;5451;17
LKOH;0;20260414;162302;5451;17
LKOH;0;20260414;162302;5451;66
LKOH;0;20260414;162302;5451;1
LKOH;0;20260414;162302;5451.5;1
LKOH;0;20260414;162302;5451.5;1
LKOH;0;20260414;162302;5451.5;2
LKOH;0;20260414;162302;5452;3
LKOH;0;20260414;162302;5452;11
LKOH;0;20260414;162302;5451.5;1
LKOH;0;20260414;162305;5452;5
LKOH;0;20260414;162306;5452;3
LKOH;0;20260414;162306;5452;1
LKOH;0;20260414;162306;5452;300
LKOH;0;20260414;162306;5452;74
LKOH;0;20260414;162306;5452;8
LKOH;0;20260414;162306;5452;21
LKOH;0;20260414;162306;5452.5;3
LKOH;0;20260414;162306;5452.5;3
LKOH;0;20260414;162306;5452.5;33
LKOH;0;20260414;162306;5452.5;18
LKOH;0;20260414;162306;5452.5;23
LKOH;0;20260414;162306;5452.5;300
LKOH;0;20260414;162306;5452.5;68
LKOH;0;20260414;162306;5452.5;6
LKOH;0;20260414;162306;5452.5;1
LKOH;0;20260414;162306;5452.5;1
LKOH;0;20260414;162306;5452.5;1
LKOH;0;20260414;162306;5453;1
LKOH;0;20260414;162306;5453;1
LKOH;0;20260414;162306;5453;4
LKOH;0;20260414;162306;5453;1
LKOH;0;20260414;162306;5453;20
LKOH;0;20260414;162307;5453;2
LKOH;0;20260414;162307;5453;31
LKOH;0;20260414;162308;5453.5;2
LKOH;0;20260414;162308;5453.5;14
LKOH;0;20260414;162308;5453.5;4
LKOH;0;20260414;162314;5453.5;1
LKOH;0;20260414;162320;5453.5;2
LKOH;0;20260414;162323;5453.5;7
LKOH;0;20260414;162323;5453.5;4
LKOH;0;20260414;162323;5453.5;289
LKOH;0;20260414;162323;5453.5;31
LKOH;0;20260414;162323;5453.5;28
LKOH;0;20260414;162323;5453.5;1
LKOH;0;20260414;162323;5453.5;1
LKOH;0;20260414;162323;5454;5
LKOH;0;20260414;162323;5454;2
LKOH;0;20260414;162323;5454;1
LKOH;0;20260414;162323;5454;1
LKOH;0;20260414;162323;5454;1
LKOH;0;20260414;162325;5454.5;18
LKOH;0;20260414;162325;5455;187
LKOH;0;20260414;162325;5455;1
LKOH;0;20260414;162325;5455;3
LKOH;0;20260414;162325;5455;30
LKOH;0;20260414;162325;5455;2
LKOH;0;20260414;162325;5455;8
LKOH;0;20260414;162325;5455;18
LKOH;0;20260414;162325;5455;20
LKOH;0;20260414;162325;5455;1
LKOH;0;20260414;162325;5455;8
LKOH;0;20260414;162325;5455;4
LKOH;0;20260414;162325;5454;1
LKOH;0;20260414;162325;5455;9
LKOH;0;20260414;162330;5455;1
LKOH;0;20260414;162337;5454;10
LKOH;0;20260414;162338;5455;1
LKOH;0;20260414;162342;5455;1
LKOH;0;20260414;162348;5455;1
LKOH;0;20260414;162350;5454.5;2
LKOH;0;20260414;162351;5454;7
LKOH;0;20260414;162403;5454;1
LKOH;0;20260414;162403;5454;1
LKOH;0;20260414;162403;5454.5;1
LKOH;0;20260414;162404;5454.5;1
LKOH;0;20260414;162404;5454.5;2
LKOH;0;20260414;162410;5454;50
LKOH;0;20260414;162410;5454.5;35
LKOH;0;20260414;162410;5454.5;1
LKOH;0;20260414;162410;5454.5;80
LKOH;0;20260414;162410;5455;109
LKOH;0;20260414;162410;5455;1
LKOH;0;20260414;162410;5455;2
LKOH;0;20260414;162410;5455;12
LKOH;0;20260414;162410;5455;5
LKOH;0;20260414;162410;5455;5
LKOH;0;20260414;162416;5455;4
LKOH;0;20260414;162422;5455;9
LKOH;0;20260414;162424;5454.5;1
LKOH;0;20260414;162424;5454.5;4
LKOH;0;20260414;162431;5454.5;2
LKOH;0;20260414;162438;5454;3
LKOH;0;20260414;162439;5454;2
LKOH;0;20260414;162444;5454.5;1
LKOH;0;20260414;162444;5454.5;5
LKOH;0;20260414;162448;5454;2
LKOH;0;20260414;162448;5453.5;1
LKOH;0;20260414;162456;5453.5;2
LKOH;0;20260414;162505;5453.5;2
LKOH;0;20260414;162505;5453.5;1
LKOH;0;20260414;162506;5453;1
LKOH;0;20260414;162524;5453;10
LKOH;0;20260414;162525;5453;16
LKOH;0;20260414;162525;5453;194
LKOH;0;20260414;162526;5452.5;3
LKOH;0;20260414;162530;5452.5;2
LKOH;0;20260414;162537;5452.5;1
LKOH;0;20260414;162537;5452.5;5
LKOH;0;20260414;162538;5452;2
LKOH;0;20260414;162539;5452.5;10
LKOH;0;20260414;162549;5452;2
LKOH;0;20260414;162549;5452;145
LKOH;0;20260414;162558;5451;2
LKOH;0;20260414;162601;5451;10
LKOH;0;20260414;162604;5451;5
LKOH;0;20260414;162604;5451.5;1
LKOH;0;20260414;162610;5451;205
LKOH;0;20260414;162610;5451;1
LKOH;0;20260414;162610;5450.5;300
LKOH;0;20260414;162610;5450.5;1
LKOH;0;20260414;162610;5450;20
LKOH;0;20260414;162610;5450;1
LKOH;0;20260414;162610;5450;5
LKOH;0;20260414;162612;5449.5;28
LKOH;0;20260414;162612;5449.5;38
LKOH;0;20260414;162613;5449.5;2
LKOH;0;20260414;162614;5450;1
LKOH;0;20260414;162614;5449.5;1
LKOH;0;20260414;162618;5449.5;1
LKOH;0;20260414;162630;5450;1
LKOH;0;20260414;162634;5450;2
LKOH;0;20260414;162635;5449.5;3
LKOH;0;20260414;162648;5448.5;1
LKOH;0;20260414;162648;5448;1
LKOH;0;20260414;162648;5447.5;1
LKOH;0;20260414;162651;5446;1
LKOH;0;20260414;162654;5446;1
LKOH;0;20260414;162655;5446.5;5
LKOH;0;20260414;162705;5446;1
LKOH;0;20260414;162705;5445.5;1
LKOH;0;20260414;162711;5445;1
LKOH;0;20260414;162711;5445;17
LKOH;0;20260414;162711;5445;9
LKOH;0;20260414;162720;5445;1
LKOH;0;20260414;162720;5445;1
LKOH;0;20260414;162722;5445;9
LKOH;0;20260414;162723;5444.5;1
LKOH;0;20260414;162723;5444.5;5
LKOH;0;20260414;162723;5444.5;4
LKOH;0;20260414;162726;5445;1
LKOH;0;20260414;162727;5445;1
LKOH;0;20260414;162729;5444.5;1
LKOH;0;20260414;162729;5444.5;1
LKOH;0;20260414;162737;5445;1
LKOH;0;20260414;162737;5445;209
LKOH;0;20260414;162737;5444.5;7
LKOH;0;20260414;162737;5444.5;3
LKOH;0;20260414;162745;5444.5;1
LKOH;0;20260414;162757;5444.5;8
LKOH;0;20260414;162757;5445;2
LKOH;0;20260414;162759;5444.5;1
LKOH;0;20260414;162802;5444.5;1
LKOH;0;20260414;162804;5445;98
LKOH;0;20260414;162804;5445;2
LKOH;0;20260414;162804;5445;11
LKOH;0;20260414;162804;5445;9
LKOH;0;20260414;162804;5445;20
LKOH;0;20260414;162804;5445;4
LKOH;0;20260414;162804;5445;16
LKOH;0;20260414;162804;5445;20
LKOH;0;20260414;162804;5445;14
LKOH;0;20260414;162804;5445;11
LKOH;0;20260414;162804;5445;20
LKOH;0;20260414;162804;5445;2
LKOH;0;20260414;162804;5445;18
LKOH;0;20260414;162804;5445;15
LKOH;0;20260414;162811;5446;1
LKOH;0;20260414;162814;5446.5;13
LKOH;0;20260414;162814;5446.5;7
LKOH;0;20260414;162815;5446;5
LKOH;0;20260414;162815;5446;6
LKOH;0;20260414;162815;5446;2
LKOH;0;20260414;162815;5446;1
LKOH;0;20260414;162815;5446;20
LKOH;0;20260414;162815;5446;20
LKOH;0;20260414;162815;5446;17
LKOH;0;20260414;162815;5446;14
LKOH;0;20260414;162820;5446.5;1
LKOH;0;20260414;162826;5446.5;2
LKOH;0;20260414;162832;5446.5;2
LKOH;0;20260414;162832;5446.5;2
LKOH;0;20260414;162832;5446;2
LKOH;0;20260414;162902;5446;1
LKOH;0;20260414;162906;5446.5;4
LKOH;0;20260414;162908;5447;1
LKOH;0;20260414;162923;5447;5
LKOH;0;20260414;162923;5447;3
LKOH;0;20260414;162931;5447;12
LKOH;0;20260414;162931;5447;200
LKOH;0;20260414;162931;5447.5;1
LKOH;0;20260414;162931;5448;1
LKOH;0;20260414;162934;5449;20
LKOH;0;20260414;162934;5449.5;11
LKOH;0;20260414;162934;5449.5;1
LKOH;0;20260414;162934;5449;1
LKOH;0;20260414;162934;5449;20
LKOH;0;20260414;162934;5450;1
LKOH;0;20260414;162934;5450;1
LKOH;0;20260414;162934;5450;33
LKOH;0;20260414;162934;5450.5;2
LKOH;0;20260414;162934;5450.5;100
LKOH;0;20260414;162934;5450.5;13
LKOH;0;20260414;162934;5450.5;11
LKOH;0;20260414;162934;5450;22
LKOH;0;20260414;162934;5450;11
LKOH;0;20260414;162948;5450;1
LKOH;0;20260414;162953;5450;1
LKOH;0;20260414;162958;5450.5;1
LKOH;0;20260414;163001;5450.5;33
LKOH;0;20260414;163001;5450.5;23
LKOH;0;20260414;163001;5450.5;1
LKOH;0;20260414;163001;5451;5
LKOH;0;20260414;163001;5451;2
LKOH;0;20260414;163001;5451;13
LKOH;0;20260414;163001;5451;30
LKOH;0;20260414;163001;5451;1
LKOH;0;20260414;163001;5451;60
LKOH;0;20260414;163001;5451;2
LKOH;0;20260414;163001;5451;2
LKOH;0;20260414;163002;5451.5;1
LKOH;0;20260414;163002;5451.5;23
LKOH;0;20260414;163002;5451.5;15
LKOH;0;20260414;163002;5451.5;39
LKOH;0;20260414;163011;5451.5;3
LKOH;0;20260414;163011;5452;40
LKOH;0;20260414;163011;5452;1
LKOH;0;20260414;163011;5452;1
LKOH;0;20260414;163011;5452.5;2
LKOH;0;20260414;163011;5452.5;100
LKOH;0;20260414;163011;5452.5;33
LKOH;0;20260414;163011;5452;1
LKOH;0;20260414;163011;5452;2
LKOH;0;20260414;163015;5451.5;1
LKOH;0;20260414;163018;5451;1
LKOH;0;20260414;163023;5451;1
LKOH;0;20260414;163031;5451;1
LKOH;0;20260414;163031;5451;1
LKOH;0;20260414;163032;5451;3
LKOH;0;20260414;163032;5451;11
LKOH;0;20260414;163032;5451;1
LKOH;0;20260414;163032;5451;5
LKOH;0;20260414;163032;5451;1
LKOH;0;20260414;163032;5451;3
LKOH;0;20260414;163036;5452;1
LKOH;0;20260414;163047;5452;1
LKOH;0;20260414;163053;5452;1
LKOH;0;20260414;163058;5451;1
LKOH;0;20260414;163058;5452;1
LKOH;0;20260414;163105;5451.5;1
LKOH;0;20260414;163106;5451.5;1
LKOH;0;20260414;163106;5451.5;1
LKOH;0;20260414;163116;5451;100
LKOH;0;20260414;163116;5451;1
LKOH;0;20260414;163128;5450.5;1
LKOH;0;20260414;163129;5450.5;1
LKOH;0;20260414;163139;5450;1
LKOH;0;20260414;163143;5449.5;1
LKOH;0;20260414;163143;5449.5;1
LKOH;0;20260414;163200;5449;300
LKOH;0;20260414;163202;5448.5;1
LKOH;0;20260414;163202;5448.5;3
LKOH;0;20260414;163203;5447;1
LKOH;0;20260414;163205;5447;1
LKOH;0;20260414;163205;5447;19
LKOH;0;20260414;163205;5447;25
LKOH;0;20260414;163220;5448.5;10
LKOH;0;20260414;163227;5447.5;1
LKOH;0;20260414;163230;5447.5;1
LKOH;0;20260414;163241;5446.5;1
LKOH;0;20260414;163300;5446.5;1
LKOH;0;20260414;163301;5446.5;1
LKOH;0;20260414;163301;5446.5;5
LKOH;0;20260414;163303;5446.5;15
LKOH;0;20260414;163303;5446.5;1
LKOH;0;20260414;163324;5446;1
LKOH;0;20260414;163324;5446;1
LKOH;0;20260414;163324;5446;1
LKOH;0;20260414;163324;5446;1
LKOH;0;20260414;163324;5445.5;1
LKOH;0;20260414;163324;5445.5;1
LKOH;0;20260414;163324;5445;1
LKOH;0;20260414;163324;5445;1
LKOH;0;20260414;163324;5445;50
LKOH;0;20260414;163324;5445;1
LKOH;0;20260414;163324;5445;1
LKOH;0;20260414;163324;5445;11
LKOH;0;20260414;163324;5444.5;1
LKOH;0;20260414;163324;5444.5;50
LKOH;0;20260414;163324;5444.5;50
LKOH;0;20260414;163324;5444.5;50
LKOH;0;20260414;163324;5444.5;20
LKOH;0;20260414;163324;5444.5;100
LKOH;0;20260414;163324;5444;21
LKOH;0;20260414;163324;5444;1
LKOH;0;20260414;163324;5444;3
LKOH;0;20260414;163324;5444;13
LKOH;0;20260414;163325;5445;1
LKOH;0;20260414;163325;5445;2
LKOH;0;20260414;163340;5444.5;1
LKOH;0;20260414;163340;5444.5;1
LKOH;0;20260414;163348;5444;4
LKOH;0;20260414;163348;5443.5;11
LKOH;0;20260414;163348;5443.5;1
LKOH;0;20260414;163348;5443.5;1
LKOH;0;20260414;163348;5443.5;1
LKOH;0;20260414;163348;5443.5;1
LKOH;0;20260414;163348;5443.5;1
LKOH;0;20260414;163353;5444.5;1
LKOH;0;20260414;163359;5444.5;93
LKOH;0;20260414;163403;5444;1
LKOH;0;20260414;163403;5443.5;1
LKOH;0;20260414;163403;5443.5;4
LKOH;0;20260414;163403;5443.5;1
LKOH;0;20260414;163403;5443.5;1
LKOH;0;20260414;163403;5443.5;8
LKOH;0;20260414;163403;5443.5;8
LKOH;0;20260414;163403;5443.5;21
LKOH;0;20260414;163405;5444.5;2
LKOH;0;20260414;163407;5443.5;1
LKOH;0;20260414;163407;5443.5;35
LKOH;0;20260414;163407;5443.5;5
LKOH;0;20260414;163407;5443.5;2
LKOH;0;20260414;163407;5443.5;1
LKOH;0;20260414;163407;5443.5;19
LKOH;0;20260414;163407;5443.5;1
LKOH;0;20260414;163407;5443.5;17
LKOH;0;20260414;163423;5444.5;2
LKOH;0;20260414;163437;5444.5;4
LKOH;0;20260414;163441;5444.5;8
LKOH;0;20260414;163443;5443.5;16
LKOH;0;20260414;163457;5443.5;1
LKOH;0;20260414;163512;5443.5;1
LKOH;0;20260414;163513;5443.5;1
LKOH;0;20260414;163513;5443.5;1
LKOH;0;20260414;163513;5443.5;4
LKOH;0;20260414;163513;5443.5;2
LKOH;0;20260414;163517;5443.5;4
LKOH;0;20260414;163517;5443;30
LKOH;0;20260414;163517;5443;2
LKOH;0;20260414;163517;5443;11
LKOH;0;20260414;163517;5443;1
LKOH;0;20260414;163517;5442.5;8
LKOH;0;20260414;163517;5442.5;1
LKOH;0;20260414;163517;5442.5;1
LKOH;0;20260414;163517;5442.5;1
LKOH;0;20260414;163517;5442.5;41
LKOH;0;20260414;163523;5443.5;1
LKOH;0;20260414;163523;5443.5;1
LKOH;0;20260414;163523;5443.5;1
LKOH;0;20260414;163528;5443;9
LKOH;0;20260414;163533;5442.5;1
LKOH;0;20260414;163553;5443;1
LKOH;0;20260414;163555;5443;1
LKOH;0;20260414;163557;5443;1
LKOH;0;20260414;163557;5443;2
LKOH;0;20260414;163605;5442.5;1
LKOH;0;20260414;163605;5442.5;10
LKOH;0;20260414;163628;5442.5;5
LKOH;0;20260414;163628;5442.5;2
LKOH;0;20260414;163628;5442;2
LKOH;0;20260414;163628;5442;1
LKOH;0;20260414;163628;5443;5
LKOH;0;20260414;163635;5441.5;1
LKOH;0;20260414;163638;5441.5;1
LKOH;0;20260414;163644;5443;1
LKOH;0;20260414;163645;5441.5;2
LKOH;0;20260414;163645;5441.5;1
LKOH;0;20260414;163645;5441.5;1
LKOH;0;20260414;163645;5441.5;3
LKOH;0;20260414;163645;5441.5;1
LKOH;0;20260414;163645;5441.5;11
LKOH;0;20260414;163645;5441.5;4
LKOH;0;20260414;163709;5443;1
LKOH;0;20260414;163710;5443;2
LKOH;0;20260414;163710;5443;5
LKOH;0;20260414;163731;5443;1
LKOH;0;20260414;163731;5443;2
LKOH;0;20260414;163734;5442.5;2
LKOH;0;20260414;163737;5442.5;116
LKOH;0;20260414;163740;5442.5;5
LKOH;0;20260414;163749;5442.5;10
LKOH;0;20260414;163751;5441.5;1
LKOH;0;20260414;163751;5441.5;1
LKOH;0;20260414;163753;5441.5;2
LKOH;0;20260414;163809;5441;5
LKOH;0;20260414;163809;5441;25
LKOH;0;20260414;163814;5441.5;18
LKOH;0;20260414;163815;5441.5;1
LKOH;0;20260414;163827;5441;1
LKOH;0;20260414;163829;5441.5;18
LKOH;0;20260414;163832;5441.5;1
LKOH;0;20260414;163832;5441.5;1
LKOH;0;20260414;163849;5441.5;1
LKOH;0;20260414;163853;5441;11
LKOH;0;20260414;163858;5441.5;3
LKOH;0;20260414;163902;5441;1
LKOH;0;20260414;163919;5441;26
LKOH;0;20260414;163922;5441;16
LKOH;0;20260414;163922;5441;1
LKOH;0;20260414;163922;5441;1
LKOH;0;20260414;163922;5441;6
LKOH;0;20260414;163928;5441;9
LKOH;0;20260414;163934;5440.5;1
LKOH;0;20260414;163936;5440.5;1
LKOH;0;20260414;163937;5440.5;1
LKOH;0;20260414;163941;5440;10
LKOH;0;20260414;163941;5440;1
LKOH;0;20260414;163941;5440;1
LKOH;0;20260414;163941;5440;1
LKOH;0;20260414;163941;5440;1
LKOH;0;20260414;163941;5440;1
LKOH;0;20260414;163945;5439.5;1
LKOH;0;20260414;163946;5440;4
LKOH;0;20260414;163949;5440;1
LKOH;0;20260414;163959;5439.5;15
LKOH;0;20260414;164006;5439.5;1
LKOH;0;20260414;164007;5439.5;8
LKOH;0;20260414;164007;5439.5;3
LKOH;0;20260414;164007;5439;1
LKOH;0;20260414;164009;5439.5;3
LKOH;0;20260414;164009;5439.5;1
LKOH;0;20260414;164009;5439.5;5
LKOH;0;20260414;164009;5439.5;6
LKOH;0;20260414;164025;5439.5;1
LKOH;0;20260414;164029;5439;5
LKOH;0;20260414;164029;5439;1
LKOH;0;20260414;164029;5439;1
LKOH;0;20260414;164046;5438.5;1
LKOH;0;20260414;164046;5438.5;1
LKOH;0;20260414;164046;5438.5;1
LKOH;0;20260414;164046;5438.5;1
LKOH;0;20260414;164046;5438.5;1
LKOH;0;20260414;164046;5438.5;1
LKOH;0;20260414;164046;5438.5;1
LKOH;0;20260414;164046;5438.5;1
LKOH;0;20260414;164046;5438.5;16
LKOH;0;20260414;164046;5439;1
LKOH;0;20260414;164051;5439;82
LKOH;0;20260414;164058;5439;50
LKOH;0;20260414;164058;5439;50
LKOH;0;20260414;164058;5439;11
LKOH;0;20260414;164058;5439;6
LKOH;0;20260414;164058;5439;1
LKOH;0;20260414;164058;5439;50
LKOH;0;20260414;164058;5439;30
LKOH;0;20260414;164058;5439;3
LKOH;0;20260414;164058;5439;18
LKOH;0;20260414;164058;5439;22
LKOH;0;20260414;164058;5439;34
LKOH;0;20260414;164058;5439;21
LKOH;0;20260414;164058;5439;18
LKOH;0;20260414;164058;5438.5;1
LKOH;0;20260414;164058;5438.5;50
LKOH;0;20260414;164058;5438.5;1
LKOH;0;20260414;164058;5438.5;18
LKOH;0;20260414;164058;5438.5;30
LKOH;0;20260414;164058;5438.5;11
LKOH;0;20260414;164058;5438.5;11
LKOH;0;20260414;164058;5438.5;1
LKOH;0;20260414;164058;5438.5;4
LKOH;0;20260414;164058;5438.5;4
LKOH;0;20260414;164058;5438.5;4
LKOH;0;20260414;164058;5438.5;1
LKOH;0;20260414;164058;5438.5;12
LKOH;0;20260414;164058;5438.5;32
LKOH;0;20260414;164106;5438;1
LKOH;0;20260414;164106;5438;1
LKOH;0;20260414;164117;5438;2
LKOH;0;20260414;164117;5438;1
LKOH;0;20260414;164117;5438;7
LKOH;0;20260414;164129;5437.5;1
LKOH;0;20260414;164129;5437.5;6
LKOH;0;20260414;164129;5437.5;1
LKOH;0;20260414;164129;5437.5;1
LKOH;0;20260414;164129;5437.5;7
LKOH;0;20260414;164132;5438;1
LKOH;0;20260414;164132;5437.5;1
LKOH;0;20260414;164132;5437.5;40
LKOH;0;20260414;164132;5437.5;1
LKOH;0;20260414;164132;5437.5;1
LKOH;0;20260414;164132;5437.5;1
LKOH;0;20260414;164132;5437;6
LKOH;0;20260414;164146;5437.5;1
LKOH;0;20260414;164149;5437;44
LKOH;0;20260414;164149;5437;1
LKOH;0;20260414;164149;5437;1
LKOH;0;20260414;164149;5437;1
LKOH;0;20260414;164149;5437;2
LKOH;0;20260414;164154;5437.5;3
LKOH;0;20260414;164154;5437.5;1
LKOH;0;20260414;164154;5437.5;46
LKOH;0;20260414;164157;5437;12
LKOH;0;20260414;164157;5437;1
LKOH;0;20260414;164157;5437;1
LKOH;0;20260414;164157;5437;50
LKOH;0;20260414;164157;5436.5;1
LKOH;0;20260414;164157;5436.5;18
LKOH;0;20260414;164157;5436.5;50
LKOH;0;20260414;164157;5436.5;2
LKOH;0;20260414;164157;5436.5;6
LKOH;0;20260414;164157;5436.5;50
LKOH;0;20260414;164157;5436.5;118
LKOH;0;20260414;164157;5436.5;10
LKOH;0;20260414;164157;5436.5;9
LKOH;0;20260414;164157;5436.5;85
LKOH;0;20260414;164208;5437;1
LKOH;0;20260414;164208;5437;1
LKOH;0;20260414;164209;5437;1
LKOH;0;20260414;164209;5437;3
LKOH;0;20260414;164222;5437;6
LKOH;0;20260414;164229;5437;1
LKOH;0;20260414;164229;5436.5;1
LKOH;0;20260414;164229;5436.5;1
LKOH;0;20260414;164229;5436.5;19
LKOH;0;20260414;164233;5437;10
LKOH;0;20260414;164235;5437;1
LKOH;0;20260414;164241;5436.5;7
LKOH;0;20260414;164248;5437;1
LKOH;0;20260414;164256;5437;2
LKOH;0;20260414;164302;5437;1
LKOH;0;20260414;164303;5437;2
LKOH;0;20260414;164303;5437;1
LKOH;0;20260414;164309;5437;1
LKOH;0;20260414;164312;5437;3
LKOH;0;20260414;164315;5437;1
LKOH;0;20260414;164326;5437;7
LKOH;0;20260414;164333;5437;3
LKOH;0;20260414;164342;5436.5;23
LKOH;0;20260414;164348;5436.5;1
LKOH;0;20260414;164348;5436;5
LKOH;0;20260414;164348;5436;1
LKOH;0;20260414;164348;5436;3
LKOH;0;20260414;164348;5436;1
LKOH;0;20260414;164348;5435.5;21
LKOH;0;20260414;164348;5435.5;24
LKOH;0;20260414;164348;5435;1480
LKOH;0;20260414;164348;5435;43
LKOH;0;20260414;164348;5435;1
LKOH;0;20260414;164348;5435;5
LKOH;0;20260414;164348;5435;20
LKOH;0;20260414;164348;5435;1
LKOH;0;20260414;164352;5435;2
LKOH;0;20260414;164354;5434.5;6
LKOH;0;20260414;164354;5434.5;16
LKOH;0;20260414;164354;5434;5
LKOH;0;20260414;164354;5434;5
LKOH;0;20260414;164354;5434;8
LKOH;0;20260414;164354;5433;5
LKOH;0;20260414;164354;5433;1
LKOH;0;20260414;164354;5433;2
LKOH;0;20260414;164356;5433;1
LKOH;0;20260414;164356;5433;3
LKOH;0;20260414;164405;5433;1
LKOH;0;20260414;164416;5433;4
LKOH;0;20260414;164416;5433;1
LKOH;0;20260414;164420;5433.5;15
LKOH;0;20260414;164423;5433.5;1
LKOH;0;20260414;164423;5433.5;26
LKOH;0;20260414;164430;5433;2
LKOH;0;20260414;164430;5433;12
LKOH;0;20260414;164430;5433;4
LKOH;0;20260414;164446;5433;1
LKOH;0;20260414;164446;5433;2
LKOH;0;20260414;164447;5433;8
LKOH;0;20260414;164452;5432.5;1
LKOH;0;20260414;164455;5432.5;1
LKOH;0;20260414;164457;5432.5;1
LKOH;0;20260414;164457;5432.5;1
LKOH;0;20260414;164457;5432.5;1
LKOH;0;20260414;164457;5432.5;1
LKOH;0;20260414;164459;5433;1
LKOH;0;20260414;164510;5432.5;25
LKOH;0;20260414;164522;5432.5;1
LKOH;0;20260414;164525;5433;1
LKOH;0;20260414;164525;5433;1
LKOH;0;20260414;164532;5432.5;1
LKOH;0;20260414;164536;5432.5;2
LKOH;0;20260414;164536;5432.5;1
LKOH;0;20260414;164536;5432.5;1
LKOH;0;20260414;164536;5432.5;6
LKOH;0;20260414;164601;5432.5;2
LKOH;0;20260414;164601;5432.5;8
LKOH;0;20260414;164601;5432.5;3
LKOH;0;20260414;164613;5432.5;3
LKOH;0;20260414;164613;5432.5;7
LKOH;0;20260414;164621;5433;2
LKOH;0;20260414;164627;5432.5;1
LKOH;0;20260414;164627;5432.5;8
LKOH;0;20260414;164627;5432.5;8
LKOH;0;20260414;164627;5432.5;1
LKOH;0;20260414;164627;5432.5;5
LKOH;0;20260414;164627;5432.5;1
LKOH;0;20260414;164655;5432;1
LKOH;0;20260414;164658;5432.5;3
LKOH;0;20260414;164707;5432;2
LKOH;0;20260414;164709;5432.5;1
LKOH;0;20260414;164709;5432.5;4
LKOH;0;20260414;164712;5432.5;5
LKOH;0;20260414;164717;5432.5;1
LKOH;0;20260414;164717;5432.5;1
LKOH;0;20260414;164719;5432;1
LKOH;0;20260414;164723;5432.5;2
LKOH;0;20260414;164724;5432;2
LKOH;0;20260414;164730;5432;1
LKOH;0;20260414;164735;5432.5;7
LKOH;0;20260414;164743;5432;4
LKOH;0;20260414;164743;5432;1
LKOH;0;20260414;164743;5432;1
LKOH;0;20260414;164743;5432;27
LKOH;0;20260414;164743;5432;1
LKOH;0;20260414;164749;5432;4
LKOH;0;20260414;164756;5432.5;1
LKOH;0;20260414;164808;5432.5;185
LKOH;0;20260414;164809;5432.5;3
LKOH;0;20260414;164809;5432.5;1
LKOH;0;20260414;164814;5432.5;1
LKOH;0;20260414;164821;5432.5;5
LKOH;0;20260414;164840;5432;1
LKOH;0;20260414;164840;5432;11
LKOH;0;20260414;164840;5432;5
LKOH;0;20260414;164840;5432;1
LKOH;0;20260414;164840;5432;11
LKOH;0;20260414;164840;5431.5;1
LKOH;0;20260414;164840;5431.5;1
LKOH;0;20260414;164840;5431.5;1
LKOH;0;20260414;164840;5431.5;1
LKOH;0;20260414;164840;5431.5;1
LKOH;0;20260414;164840;5431.5;1
LKOH;0;20260414;164840;5431;1
LKOH;0;20260414;164840;5431;1
LKOH;0;20260414;164840;5431;1
LKOH;0;20260414;164840;5431;3
LKOH;0;20260414;164842;5432.5;1
LKOH;0;20260414;164842;5431.5;1
LKOH;0;20260414;164842;5431.5;1
LKOH;0;20260414;164842;5431;2
LKOH;0;20260414;164842;5431;5
LKOH;0;20260414;164842;5431;4
LKOH;0;20260414;164842;5431;2
LKOH;0;20260414;164842;5432.5;1
LKOH;0;20260414;164850;5432.5;1
LKOH;0;20260414;164855;5432.5;1
LKOH;0;20260414;164855;5431.5;1
LKOH;0;20260414;164900;5431.5;1
LKOH;0;20260414;164904;5431.5;19
LKOH;0;20260414;164904;5431.5;46
LKOH;0;20260414;164919;5431.5;2
LKOH;0;20260414;164919;5431.5;13
LKOH;0;20260414;164941;5431;1
LKOH;0;20260414;164941;5431;16
LKOH;0;20260414;164953;5431.5;6
LKOH;0;20260414;165003;5431;5
LKOH;0;20260414;165004;5431;1
LKOH;0;20260414;165015;5431;2
LKOH;0;20260414;165019;5431;3
LKOH;0;20260414;165024;5431;1
LKOH;0;20260414;165024;5431;1
LKOH;0;20260414;165028;5431;1
LKOH;0;20260414;165039;5431;2
LKOH;0;20260414;165040;5431;1
LKOH;0;20260414;165057;5431;1
LKOH;0;20260414;165110;5430.5;27
LKOH;0;20260414;165111;5430.5;1
LKOH;0;20260414;165111;5430.5;1
LKOH;0;20260414;165111;5430.5;21
LKOH;0;20260414;165111;5430.5;1
LKOH;0;20260414;165111;5430.5;8
LKOH;0;20260414;165111;5430.5;15
LKOH;0;20260414;165111;5430.5;5
LKOH;0;20260414;165127;5431;2
LKOH;0;20260414;165141;5431;1
LKOH;0;20260414;165154;5431;4
LKOH;0;20260414;165204;5431;1
LKOH;0;20260414;165206;5431;1
LKOH;0;20260414;165213;5430.5;22
LKOH;0;20260414;165213;5430.5;1
LKOH;0;20260414;165213;5430.5;1
LKOH;0;20260414;165225;5431;1
LKOH;0;20260414;165240;5431;1
LKOH;0;20260414;165242;5431;1
LKOH;0;20260414;165250;5431;8
LKOH;0;20260414;165258;5431;4
LKOH;0;20260414;165314;5431;1
LKOH;0;20260414;165315;5430.5;2
LKOH;0;20260414;165316;5430.5;26
LKOH;0;20260414;165320;5431;1
LKOH;0;20260414;165331;5431;20
LKOH;0;20260414;165338;5430.5;1
LKOH;0;20260414;165340;5431;2
LKOH;0;20260414;165341;5430.5;20
LKOH;0;20260414;165341;5430.5;1
LKOH;0;20260414;165347;5430.5;1
LKOH;0;20260414;165357;5430.5;1
LKOH;0;20260414;165409;5430.5;1
LKOH;0;20260414;165424;5430;3
LKOH;0;20260414;165424;5430;1
LKOH;0;20260414;165424;5430;12
LKOH;0;20260414;165424;5430;1
LKOH;0;20260414;165424;5430;5
LKOH;0;20260414;165424;5430;1
LKOH;0;20260414;165424;5430;1
LKOH;0;20260414;165424;5430;5
LKOH;0;20260414;165430;5430.5;1
LKOH;0;20260414;165436;5430;20
LKOH;0;20260414;165436;5430;3
LKOH;0;20260414;165436;5430;1
LKOH;0;20260414;165436;5430;5
LKOH;0;20260414;165436;5430;1
LKOH;0;20260414;165436;5430;400
LKOH;0;20260414;165436;5430;4
LKOH;0;20260414;165436;5430;3
LKOH;0;20260414;165436;5430;3
LKOH;0;20260414;165436;5430;2
LKOH;0;20260414;165436;5430;17
LKOH;0;20260414;165436;5430;1
LKOH;0;20260414;165436;5430;20
LKOH;0;20260414;165436;5430;1
LKOH;0;20260414;165436;5430;1
LKOH;0;20260414;165436;5430;1
LKOH;0;20260414;165436;5430;10
LKOH;0;20260414;165436;5430;3
LKOH;0;20260414;165436;5430;1
LKOH;0;20260414;165436;5430;8
LKOH;0;20260414;165436;5430;10
LKOH;0;20260414;165436;5430;10
LKOH;0;20260414;165436;5430;5
LKOH;0;20260414;165436;5429.5;590
LKOH;0;20260414;165437;5429.5;1
LKOH;0;20260414;165453;5430;1
LKOH;0;20260414;165455;5429.5;1
LKOH;0;20260414;165456;5429.5;1
LKOH;0;20260414;165457;5430;1
LKOH;0;20260414;165508;5430;1
LKOH;0;20260414;165509;5429.5;20
LKOH;0;20260414;165514;5430;2
LKOH;0;20260414;165523;5430;1
LKOH;0;20260414;165530;5430;1
LKOH;0;20260414;165533;5430;1
LKOH;0;20260414;165535;5430;1
LKOH;0;20260414;165535;5429.5;2
LKOH;0;20260414;165535;5430;1
LKOH;0;20260414;165541;5430;1
LKOH;0;20260414;165543;5430;1
LKOH;0;20260414;165545;5430;1
LKOH;0;20260414;165552;5429.5;36
LKOH;0;20260414;165557;5430;17
LKOH;0;20260414;165557;5430;1
LKOH;0;20260414;165557;5430;7
LKOH;0;20260414;165601;5430;1
LKOH;0;20260414;165624;5430;1
LKOH;0;20260414;165625;5430;2
LKOH;0;20260414;165626;5430;7
LKOH;0;20260414;165629;5429.5;1
LKOH;0;20260414;165639;5430;1
LKOH;0;20260414;165643;5430;2
LKOH;0;20260414;165645;5429.5;1
LKOH;0;20260414;165653;5430;1
LKOH;0;20260414;165654;5430;1
LKOH;0;20260414;165702;5429.5;20
LKOH;0;20260414;165707;5429.5;1
LKOH;0;20260414;165711;5429.5;1
LKOH;0;20260414;165718;5430;1
LKOH;0;20260414;165722;5429.5;1
LKOH;0;20260414;165727;5430;9
LKOH;0;20260414;165727;5430;1
LKOH;0;20260414;165732;5430;4
LKOH;0;20260414;165732;5430;1
LKOH;0;20260414;165733;5429.5;1
LKOH;0;20260414;165736;5430;1
LKOH;0;20260414;165753;5429.5;1
LKOH;0;20260414;165758;5430;30
LKOH;0;20260414;165805;5430;2
LKOH;0;20260414;165806;5430;2
LKOH;0;20260414;165814;5430;25
LKOH;0;20260414;165817;5429.5;92
LKOH;0;20260414;165818;5430;10
LKOH;0;20260414;165837;5429.5;3
LKOH;0;20260414;165842;5430;3
LKOH;0;20260414;165851;5430;5
LKOH;0;20260414;165908;5430;1
LKOH;0;20260414;165921;5429.5;1
LKOH;0;20260414;165923;5430;1
LKOH;0;20260414;165923;5429.5;30
LKOH;0;20260414;165926;5430;1
LKOH;0;20260414;165934;5430;10
LKOH;0;20260414;165934;5429.5;1
LKOH;0;20260414;165935;5430;1
LKOH;0;20260414;165939;5430;3
LKOH;0;20260414;165941;5430;3
LKOH;0;20260414;165943;5429.5;1
LKOH;0;20260414;165943;5429.5;2
LKOH;0;20260414;165946;5430;3
LKOH;0;20260414;165948;5430;128
LKOH;0;20260414;165951;5430;1
LKOH;0;20260414;165959;5430;1
LKOH;0;20260414;170001;5430;74
LKOH;0;20260414;170001;5429.5;2
LKOH;0;20260414;170002;5430;1
LKOH;0;20260414;170003;5430;9
LKOH;0;20260414;170005;5429.5;1
LKOH;0;20260414;170006;5429.5;1
LKOH;0;20260414;170008;5429.5;105
LKOH;0;20260414;170010;5429.5;1
LKOH;0;20260414;170011;5429.5;1
LKOH;0;20260414;170012;5430;71
LKOH;0;20260414;170038;5430;49
LKOH;0;20260414;170038;5430;49
LKOH;0;20260414;170038;5430;300
LKOH;0;20260414;170038;5430;57
LKOH;0;20260414;170038;5430;1
LKOH;0;20260414;170038;5430;20
LKOH;0;20260414;170038;5430;1
LKOH;0;20260414;170038;5430;3
LKOH;0;20260414;170038;5430.5;1
LKOH;0;20260414;170038;5430.5;1
LKOH;0;20260414;170038;5431.5;4
LKOH;0;20260414;170040;5431.5;2
LKOH;0;20260414;170045;5431.5;33
LKOH;0;20260414;170045;5431.5;9
LKOH;0;20260414;170045;5431.5;2
LKOH;0;20260414;170045;5432;11
LKOH;0;20260414;170047;5432.5;1
LKOH;0;20260414;170052;5432.5;1
LKOH;0;20260414;170056;5434.5;50
LKOH;0;20260414;170056;5434.5;50
LKOH;0;20260414;170056;5434.5;100
LKOH;0;20260414;170103;5434.5;10
LKOH;0;20260414;170103;5434.5;15
LKOH;0;20260414;170103;5434.5;10
LKOH;0;20260414;170103;5434.5;25
LKOH;0;20260414;170103;5434.5;25
LKOH;0;20260414;170105;5434.5;1
LKOH;0;20260414;170106;5434.5;3
LKOH;0;20260414;170106;5434.5;1
LKOH;0;20260414;170106;5434.5;1
LKOH;0;20260414;170109;5434.5;1
LKOH;0;20260414;170112;5434;1
LKOH;0;20260414;170118;5434.5;48
LKOH;0;20260414;170118;5434.5;2
LKOH;0;20260414;170118;5434.5;24
LKOH;0;20260414;170118;5434.5;24
LKOH;0;20260414;170118;5434.5;26
LKOH;0;20260414;170119;5434;2
LKOH;0;20260414;170119;5433.5;3
LKOH;0;20260414;170145;5432;1
LKOH;0;20260414;170147;5432;2
LKOH;0;20260414;170153;5431.5;2
LKOH;0;20260414;170155;5432;1
LKOH;0;20260414;170158;5431.5;1
LKOH;0;20260414;170159;5430.5;5
LKOH;0;20260414;170202;5430.5;1
LKOH;0;20260414;170204;5430;1
LKOH;0;20260414;170212;5430.5;20
LKOH;0;20260414;170213;5430;1
LKOH;0;20260414;170214;5430.5;10
LKOH;0;20260414;170214;5430.5;50
LKOH;0;20260414;170214;5430.5;1
LKOH;0;20260414;170214;5430.5;9
LKOH;0;20260414;170216;5430.5;15
LKOH;0;20260414;170219;5430.5;1
LKOH;0;20260414;170223;5430;1
LKOH;0;20260414;170225;5430.5;1
LKOH;0;20260414;170228;5430.5;1
LKOH;0;20260414;170246;5430;1
LKOH;0;20260414;170246;5430;5
LKOH;0;20260414;170246;5430;2
LKOH;0;20260414;170246;5430;1
LKOH;0;20260414;170246;5430;83
LKOH;0;20260414;170301;5430.5;5
LKOH;0;20260414;170301;5430.5;5
LKOH;0;20260414;170301;5430.5;9
LKOH;0;20260414;170304;5430;1
LKOH;0;20260414;170309;5430.5;1
LKOH;0;20260414;170311;5430;66
LKOH;0;20260414;170311;5430;1
LKOH;0;20260414;170311;5430;12
LKOH;0;20260414;170312;5429.5;1
LKOH;0;20260414;170312;5429.5;1
LKOH;0;20260414;170312;5429.5;2
LKOH;0;20260414;170312;5429.5;1
LKOH;0;20260414;170312;5429.5;5
LKOH;0;20260414;170314;5430;2
LKOH;0;20260414;170336;5429.5;6
LKOH;0;20260414;170336;5429.5;1
LKOH;0;20260414;170336;5429.5;1
LKOH;0;20260414;170336;5429.5;2
LKOH;0;20260414;170336;5430;4
LKOH;0;20260414;170340;5429.5;2
LKOH;0;20260414;170345;5430;1
LKOH;0;20260414;170345;5430;1
LKOH;0;20260414;170346;5429.5;8
LKOH;0;20260414;170351;5430;1
LKOH;0;20260414;170351;5430;2
LKOH;0;20260414;170408;5430;4
LKOH;0;20260414;170417;5429.5;2
LKOH;0;20260414;170417;5429.5;182
LKOH;0;20260414;170418;5429.5;1
LKOH;0;20260414;170421;5429.5;2
LKOH;0;20260414;170422;5429.5;1
LKOH;0;20260414;170427;5429;3
LKOH;0;20260414;170427;5429;1
LKOH;0;20260414;170427;5429;5
LKOH;0;20260414;170427;5429;3
LKOH;0;20260414;170427;5429;6
LKOH;0;20260414;170427;5428.5;14
LKOH;0;20260414;170427;5428.5;1
LKOH;0;20260414;170427;5428.5;10
LKOH;0;20260414;170427;5428.5;1
LKOH;0;20260414;170427;5428.5;105
LKOH;0;20260414;170427;5428.5;1
LKOH;0;20260414;170427;5429;8
LKOH;0;20260414;170427;5429;1
LKOH;0;20260414;170427;5429;2
LKOH;0;20260414;170428;5428.5;1
LKOH;0;20260414;170447;5428.5;1
LKOH;0;20260414;170447;5428.5;1
LKOH;0;20260414;170450;5428;1
LKOH;0;20260414;170450;5428;1
LKOH;0;20260414;170450;5428;1
LKOH;0;20260414;170450;5428;1
LKOH;0;20260414;170450;5428;1
LKOH;0;20260414;170451;5428;1
LKOH;0;20260414;170457;5428;2
LKOH;0;20260414;170459;5428.5;5
LKOH;0;20260414;170459;5428.5;5
LKOH;0;20260414;170459;5428.5;5
LKOH;0;20260414;170459;5428.5;5
LKOH;0;20260414;170459;5428.5;13
LKOH;0;20260414;170459;5428.5;260
LKOH;0;20260414;170459;5428.5;1
LKOH;0;20260414;170459;5428.5;6
LKOH;0;20260414;170502;5428;7
LKOH;0;20260414;170503;5428;1
LKOH;0;20260414;170507;5428.5;2
LKOH;0;20260414;170507;5428.5;4
LKOH;0;20260414;170507;5429;1
LKOH;0;20260414;170507;5429.5;1
LKOH;0;20260414;170507;5429.5;50
LKOH;0;20260414;170507;5429.5;50
LKOH;0;20260414;170507;5429.5;5
LKOH;0;20260414;170507;5429.5;1
LKOH;0;20260414;170507;5429.5;8
LKOH;0;20260414;170522;5430;300
LKOH;0;20260414;170523;5430;28
LKOH;0;20260414;170526;5430;72
LKOH;0;20260414;170526;5430;60
LKOH;0;20260414;170526;5430.5;60
LKOH;0;20260414;170526;5430.5;108
LKOH;0;20260414;170526;5430.5;12
LKOH;0;20260414;170526;5431;9
LKOH;0;20260414;170526;5431;4
LKOH;0;20260414;170526;5431;36
LKOH;0;20260414;170526;5431;11
LKOH;0;20260414;170526;5433;10
LKOH;0;20260414;170526;5433;12
LKOH;0;20260414;170526;5433;30
LKOH;0;20260414;170526;5433;8
LKOH;0;20260414;170526;5432.5;30
LKOH;0;20260414;170526;5432.5;10
LKOH;0;20260414;170526;5433;80
LKOH;0;20260414;170529;5433;1
LKOH;0;20260414;170537;5433;10
LKOH;0;20260414;170537;5433;12
LKOH;0;20260414;170537;5433;18
LKOH;0;20260414;170545;5433;1
LKOH;0;20260414;170550;5433;1
LKOH;0;20260414;170555;5433;8
LKOH;0;20260414;170555;5433;7
LKOH;0;20260414;170556;5433;1
LKOH;0;20260414;170556;5433;3
LKOH;0;20260414;170556;5433;4
LKOH;0;20260414;170556;5433;8
LKOH;0;20260414;170556;5433.5;1
LKOH;0;20260414;170556;5433.5;15
LKOH;0;20260414;170602;5433.5;1
LKOH;0;20260414;170602;5433;1
LKOH;0;20260414;170602;5433;1
LKOH;0;20260414;170603;5434;8
LKOH;0;20260414;170603;5434;21
LKOH;0;20260414;170603;5434;6
LKOH;0;20260414;170603;5434;8
LKOH;0;20260414;170603;5434;21
LKOH;0;20260414;170603;5434;7
LKOH;0;20260414;170603;5434;15
LKOH;0;20260414;170604;5434.5;1
LKOH;0;20260414;170606;5434.5;1
LKOH;0;20260414;170606;5434.5;6
LKOH;0;20260414;170606;5434.5;7
LKOH;0;20260414;170608;5435;25
LKOH;0;20260414;170608;5435;25
LKOH;0;20260414;170609;5435;241
LKOH;0;20260414;170609;5435.5;1
LKOH;0;20260414;170609;5435.5;14
LKOH;0;20260414;170609;5435.5;15
LKOH;0;20260414;170612;5436.5;50
LKOH;0;20260414;170612;5436.5;50
LKOH;0;20260414;170612;5436.5;33
LKOH;0;20260414;170612;5437;7
LKOH;0;20260414;170612;5437;5
LKOH;0;20260414;170612;5437;5
LKOH;0;20260414;170612;5437;50
LKOH;0;20260414;170612;5437;80
LKOH;0;20260414;170614;5437.5;50
LKOH;0;20260414;170614;5437.5;30
LKOH;0;20260414;170614;5437.5;3
LKOH;0;20260414;170614;5438;37
LKOH;0;20260414;170624;5437.5;50
LKOH;0;20260414;170624;5437.5;50
LKOH;0;20260414;170624;5437.5;29
LKOH;0;20260414;170624;5437.5;21
LKOH;0;20260414;170624;5437.5;15
LKOH;0;20260414;170624;5437.5;50
LKOH;0;20260414;170624;5437.5;30
LKOH;0;20260414;170624;5437.5;5
LKOH;0;20260414;170625;5437.5;20
LKOH;0;20260414;170625;5437.5;12
LKOH;0;20260414;170625;5437.5;33
LKOH;0;20260414;170625;5437.5;11
LKOH;0;20260414;170625;5437.5;30
LKOH;0;20260414;170625;5437.5;50
LKOH;0;20260414;170625;5437.5;29
LKOH;0;20260414;170625;5438;1
LKOH;0;20260414;170625;5438;1
LKOH;0;20260414;170625;5438;1
LKOH;0;20260414;170625;5438;50
LKOH;0;20260414;170625;5438;12
LKOH;0;20260414;170625;5437.5;33
LKOH;0;20260414;170625;5438;16
LKOH;0;20260414;170625;5438;200
LKOH;0;20260414;170625;5438.5;1
LKOH;0;20260414;170626;5438.5;250
LKOH;0;20260414;170626;5438.5;255
LKOH;0;20260414;170626;5438.5;15
LKOH;0;20260414;170626;5438.5;33
LKOH;0;20260414;170626;5439;1
LKOH;0;20260414;170626;5439;56
LKOH;0;20260414;170626;5439;24
LKOH;0;20260414;170626;5439;33
LKOH;0;20260414;170626;5440;100
LKOH;0;20260414;170626;5440;1
LKOH;0;20260414;170626;5440;5
LKOH;0;20260414;170626;5440;5
LKOH;0;20260414;170626;5440.5;5
LKOH;0;20260414;170626;5441;8
LKOH;0;20260414;170626;5441;8
LKOH;0;20260414;170626;5441;8
LKOH;0;20260414;170626;5441;8
LKOH;0;20260414;170626;5441;25
LKOH;0;20260414;170626;5441.5;1
LKOH;0;20260414;170626;5442;19
LKOH;0;20260414;170626;5442;33
LKOH;0;20260414;170626;5442;42
LKOH;0;20260414;170626;5442.5;140
LKOH;0;20260414;170626;5442.5;8
LKOH;0;20260414;170626;5442.5;8
LKOH;0;20260414;170626;5443;19
LKOH;0;20260414;170626;5443;33
LKOH;0;20260414;170626;5443.5;20
LKOH;0;20260414;170626;5445;6
LKOH;0;20260414;170626;5445;18
LKOH;0;20260414;170626;5445;60
LKOH;0;20260414;170626;5445.5;25
LKOH;0;20260414;170626;5445.5;18
LKOH;0;20260414;170626;5445.5;1
LKOH;0;20260414;170626;5445.5;60
LKOH;0;20260414;170626;5446;30
LKOH;0;20260414;170626;5446.5;8
LKOH;0;20260414;170626;5446.5;21
LKOH;0;20260414;170627;5446.5;33
LKOH;0;20260414;170627;5447;21
LKOH;0;20260414;170627;5447;21
LKOH;0;20260414;170627;5447;60
LKOH;0;20260414;170627;5447;33
LKOH;0;20260414;170627;5447.5;1
LKOH;0;20260414;170627;5447.5;32
LKOH;0;20260414;170627;5447.5;118
LKOH;0;20260414;170627;5447.5;40
LKOH;0;20260414;170627;5447.5;18
LKOH;0;20260414;170627;5447.5;19
LKOH;0;20260414;170627;5447.5;30
LKOH;0;20260414;170627;5447.5;12
LKOH;0;20260414;170627;5447.5;21
LKOH;0;20260414;170627;5448;32
LKOH;0;20260414;170627;5448;18
LKOH;0;20260414;170627;5448;1
LKOH;0;20260414;170627;5448;19
LKOH;0;20260414;170628;5448;30
LKOH;0;20260414;170628;5448;30
LKOH;0;20260414;170628;5448;1
LKOH;0;20260414;170628;5448;33
LKOH;0;20260414;170628;5448;3
LKOH;0;20260414;170628;5448;1
LKOH;0;20260414;170628;5448.5;118
LKOH;0;20260414;170628;5448.5;34
LKOH;0;20260414;170628;5448;1
LKOH;0;20260414;170628;5448.5;60
LKOH;0;20260414;170628;5448.5;33
LKOH;0;20260414;170628;5449;30
LKOH;0;20260414;170628;5449;60
LKOH;0;20260414;170628;5449;25
LKOH;0;20260414;170628;5449;7
LKOH;0;20260414;170628;5449;9
LKOH;0;20260414;170628;5449;9
LKOH;0;20260414;170628;5449;17
LKOH;0;20260414;170628;5449;33
LKOH;0;20260414;170628;5449;82
LKOH;0;20260414;170628;5449.5;1
LKOH;0;20260414;170629;5449.5;3
LKOH;0;20260414;170629;5449.5;4
LKOH;0;20260414;170629;5449.5;33
LKOH;0;20260414;170629;5449.5;240
LKOH;0;20260414;170629;5450;20
LKOH;0;20260414;170629;5450;25
LKOH;0;20260414;170629;5450;1
LKOH;0;20260414;170629;5450;39
LKOH;0;20260414;170629;5450;1
LKOH;0;20260414;170629;5450;16
LKOH;0;20260414;170629;5450;16
LKOH;0;20260414;170629;5450;3
LKOH;0;20260414;170629;5450.5;2
LKOH;0;20260414;170629;5450.5;8
LKOH;0;20260414;170629;5450.5;18
LKOH;0;20260414;170629;5450.5;30
LKOH;0;20260414;170629;5450.5;1
LKOH;0;20260414;170629;5450.5;40
LKOH;0;20260414;170629;5449.5;1
LKOH;0;20260414;170630;5450;5
LKOH;0;20260414;170630;5450;5
LKOH;0;20260414;170630;5450;5
LKOH;0;20260414;170630;5450;4
LKOH;0;20260414;170630;5450;5
LKOH;0;20260414;170630;5449.5;1
LKOH;0;20260414;170630;5449.5;3
LKOH;0;20260414;170632;5448;5
LKOH;0;20260414;170632;5447;50
LKOH;0;20260414;170632;5447;25
LKOH;0;20260414;170632;5447;25
LKOH;0;20260414;170632;5447;25
LKOH;0;20260414;170632;5447;25
LKOH;0;20260414;170633;5447;25
LKOH;0;20260414;170634;5447;17
LKOH;0;20260414;170634;5447;8
LKOH;0;20260414;170634;5447;30
LKOH;0;20260414;170634;5447;12
LKOH;0;20260414;170634;5447;100
LKOH;0;20260414;170634;5447;15
LKOH;0;20260414;170634;5447;18
LKOH;0;20260414;170634;5447;19
LKOH;0;20260414;170634;5447;29
LKOH;0;20260414;170634;5447.5;1
LKOH;0;20260414;170634;5447.5;1
LKOH;0;20260414;170634;5447.5;30
LKOH;0;20260414;170634;5447.5;33
LKOH;0;20260414;170634;5447.5;4
LKOH;0;20260414;170636;5446;300
LKOH;0;20260414;170636;5446;15
LKOH;0;20260414;170636;5446;29
LKOH;0;20260414;170636;5445.5;30
LKOH;0;20260414;170636;5445;5
LKOH;0;20260414;170636;5445;1
LKOH;0;20260414;170638;5444.5;55
LKOH;0;20260414;170638;5444;6
LKOH;0;20260414;170638;5444;5
LKOH;0;20260414;170638;5444;14
LKOH;0;20260414;170638;5444;4
LKOH;0;20260414;170640;5443.5;1
LKOH;0;20260414;170640;5443.5;6
LKOH;0;20260414;170642;5443.5;30
LKOH;0;20260414;170646;5443.5;58
LKOH;0;20260414;170646;5441.5;60
LKOH;0;20260414;170646;5441.5;8
LKOH;0;20260414;170646;5441.5;100
LKOH;0;20260414;170646;5441;60
LKOH;0;20260414;170646;5440.5;14
LKOH;0;20260414;170648;5440.5;1
LKOH;0;20260414;170711;5441;1
LKOH;0;20260414;170711;5441;1
LKOH;0;20260414;170712;5441;1
LKOH;0;20260414;170712;5441;1
LKOH;0;20260414;170712;5441;4
LKOH;0;20260414;170716;5441;2
LKOH;0;20260414;170721;5441;1
LKOH;0;20260414;170721;5441;1
LKOH;0;20260414;170723;5441.5;4
LKOH;0;20260414;170723;5441.5;54
LKOH;0;20260414;170723;5441.5;27
LKOH;0;20260414;170723;5441.5;24
LKOH;0;20260414;170723;5441.5;82
LKOH;0;20260414;170723;5441.5;20
LKOH;0;20260414;170724;5441.5;30
LKOH;0;20260414;170724;5441.5;1
LKOH;0;20260414;170724;5441.5;9
LKOH;0;20260414;170732;5443;1
LKOH;0;20260414;170737;5440.5;2
LKOH;0;20260414;170737;5440.5;1
LKOH;0;20260414;170737;5440;10
LKOH;0;20260414;170737;5440;1
LKOH;0;20260414;170737;5440;7
LKOH;0;20260414;170737;5440;4
LKOH;0;20260414;170737;5439.5;33
LKOH;0;20260414;170737;5439;60
LKOH;0;20260414;170737;5438.5;36
LKOH;0;20260414;170737;5438.5;24
LKOH;0;20260414;170737;5438.5;100
LKOH;0;20260414;170738;5436;8
LKOH;0;20260414;170738;5436;14
LKOH;0;20260414;170738;5435.5;27
LKOH;0;20260414;170738;5435.5;10
LKOH;0;20260414;170738;5435.5;60
LKOH;0;20260414;170738;5435;38
LKOH;0;20260414;170738;5435;30
LKOH;0;20260414;170738;5435;60
LKOH;0;20260414;170738;5435;25
LKOH;0;20260414;170738;5434.5;30
LKOH;0;20260414;170738;5434.5;120
LKOH;0;20260414;170738;5434.5;60
LKOH;0;20260414;170738;5434;300
LKOH;0;20260414;170738;5434;39
LKOH;0;20260414;170738;5434;100
LKOH;0;20260414;170738;5433.5;30
LKOH;0;20260414;170738;5433.5;18
LKOH;0;20260414;170738;5433;110
LKOH;0;20260414;170738;5433;1
LKOH;0;20260414;170743;5434;1
LKOH;0;20260414;170743;5434;55
LKOH;0;20260414;170752;5434;2
LKOH;0;20260414;170755;5434;1
LKOH;0;20260414;170755;5434;20
LKOH;0;20260414;170757;5434;24
LKOH;0;20260414;170757;5433.5;21
LKOH;0;20260414;170757;5433.5;15
LKOH;0;20260414;170757;5433.5;19
LKOH;0;20260414;170757;5433.5;12
LKOH;0;20260414;170757;5433.5;2
LKOH;0;20260414;170757;5433.5;1
LKOH;0;20260414;170757;5433.5;18
LKOH;0;20260414;170757;5433.5;30
LKOH;0;20260414;170757;5433;9
LKOH;0;20260414;170757;5433;30
LKOH;0;20260414;170757;5433;1
LKOH;0;20260414;170757;5433;118
LKOH;0;20260414;170757;5433;19
LKOH;0;20260414;170757;5433;40
LKOH;0;20260414;170757;5432.5;118
LKOH;0;20260414;170757;5432.5;47
LKOH;0;20260414;170757;5433;118
LKOH;0;20260414;170757;5433;12
LKOH;0;20260414;170757;5433;21
LKOH;0;20260414;170757;5432.5;59
LKOH;0;20260414;170758;5434;1
LKOH;0;20260414;170758;5433;26
LKOH;0;20260414;170758;5433;15
LKOH;0;20260414;170758;5432.5;23
LKOH;0;20260414;170758;5432.5;19
LKOH;0;20260414;170758;5432.5;118
LKOH;0;20260414;170758;5432.5;12
LKOH;0;20260414;170758;5432.5;118
LKOH;0;20260414;170758;5432.5;118
LKOH;0;20260414;170758;5432;18
LKOH;0;20260414;170758;5432;33
LKOH;0;20260414;170804;5432;1
LKOH;0;20260414;170806;5431.5;1
LKOH;0;20260414;170806;5432;18
LKOH;0;20260414;170807;5431.5;21
LKOH;0;20260414;170807;5431;12
LKOH;0;20260414;170807;5431;17
LKOH;0;20260414;170808;5431;13
LKOH;0;20260414;170808;5430.5;33
LKOH;0;20260414;170809;5431;1
LKOH;0;20260414;170811;5430.5;1
LKOH;0;20260414;170817;5430.5;1
LKOH;0;20260414;170823;5430.5;1
LKOH;0;20260414;170828;5430.5;1
LKOH;0;20260414;170833;5430.5;10
LKOH;0;20260414;170833;5430.5;30
LKOH;0;20260414;170833;5430.5;9
LKOH;0;20260414;170833;5430.5;1
LKOH;0;20260414;170833;5430.5;150
LKOH;0;20260414;170837;5430.5;1
LKOH;0;20260414;170837;5430;2
LKOH;0;20260414;170838;5430.5;1
LKOH;0;20260414;170845;5430;1
LKOH;0;20260414;170846;5430.5;80
LKOH;0;20260414;170859;5430;57
LKOH;0;20260414;170859;5430;6
LKOH;0;20260414;170859;5430;5
LKOH;0;20260414;170859;5430;20
LKOH;0;20260414;170859;5430;2
LKOH;0;20260414;170859;5430;30
LKOH;0;20260414;170859;5430;5
LKOH;0;20260414;170900;5430;20
LKOH;0;20260414;170900;5429.5;1
LKOH;0;20260414;170901;5429;1
LKOH;0;20260414;170904;5427.5;50
LKOH;0;20260414;170904;5427.5;30
LKOH;0;20260414;170904;5427.5;7
LKOH;0;20260414;170904;5427;1
LKOH;0;20260414;170904;5427;2
LKOH;0;20260414;170904;5427;18
LKOH;0;20260414;170904;5427;1
LKOH;0;20260414;170904;5427;1
LKOH;0;20260414;170904;5426.5;1
LKOH;0;20260414;170904;5426.5;1
LKOH;0;20260414;170904;5426.5;3
LKOH;0;20260414;170904;5426.5;37
LKOH;0;20260414;170904;5426.5;18
LKOH;0;20260414;170905;5426.5;3
LKOH;0;20260414;170905;5426;1
LKOH;0;20260414;170905;5426;16
LKOH;0;20260414;170905;5426;1
LKOH;0;20260414;170905;5426;6
LKOH;0;20260414;170905;5426;40
LKOH;0;20260414;170905;5426;18
LKOH;0;20260414;170905;5426;6
LKOH;0;20260414;170905;5426;37
LKOH;0;20260414;170905;5426;1
LKOH;0;20260414;170905;5426;50
LKOH;0;20260414;170905;5426;10
LKOH;0;20260414;170905;5426;10
LKOH;0;20260414;170905;5425.5;392
LKOH;0;20260414;170909;5426;1
LKOH;0;20260414;170910;5425.5;200
LKOH;0;20260414;170913;5425.5;408
LKOH;0;20260414;170913;5425.5;6
LKOH;0;20260414;170913;5425.5;4
LKOH;0;20260414;170913;5425;1
LKOH;0;20260414;170913;5425;5
LKOH;0;20260414;170913;5425;1
LKOH;0;20260414;170913;5425;1
LKOH;0;20260414;170913;5425;1
LKOH;0;20260414;170913;5425;5
LKOH;0;20260414;170913;5425;22
LKOH;0;20260414;170913;5425;78
LKOH;0;20260414;170913;5425;2
LKOH;0;20260414;170913;5425;1
LKOH;0;20260414;170913;5425;10
LKOH;0;20260414;170913;5425;1
LKOH;0;20260414;170913;5425;1
LKOH;0;20260414;170913;5424.5;1
LKOH;0;20260414;170913;5424.5;22
LKOH;0;20260414;170913;5424;20
LKOH;0;20260414;170913;5424;20
LKOH;0;20260414;170913;5424;9
LKOH;0;20260414;170913;5423.5;9
LKOH;0;20260414;170913;5424;4
LKOH;0;20260414;170914;5423.5;4
LKOH;0;20260414;170914;5423.5;5
LKOH;0;20260414;170914;5423.5;9
LKOH;0;20260414;170914;5423.5;4
LKOH;0;20260414;170914;5423;20
LKOH;0;20260414;170914;5423;2
LKOH;0;20260414;170914;5423;100
LKOH;0;20260414;170914;5423;14
LKOH;0;20260414;170914;5422.5;1
LKOH;0;20260414;170914;5422.5;1
LKOH;0;20260414;170914;5422.5;2
LKOH;0;20260414;170914;5422.5;1
LKOH;0;20260414;170914;5422;25
LKOH;0;20260414;170914;5422;2
LKOH;0;20260414;170914;5422;1
LKOH;0;20260414;170914;5422;10
LKOH;0;20260414;170914;5422;1
LKOH;0;20260414;170914;5421.5;1
LKOH;0;20260414;170914;5421;2
LKOH;0;20260414;170914;5421;1
LKOH;0;20260414;170914;5421;10
LKOH;0;20260414;170914;5421;2
LKOH;0;20260414;170914;5421.5;10
LKOH;0;20260414;170914;5421.5;5
LKOH;0;20260414;170914;5421.5;1
LKOH;0;20260414;170915;5421.5;12
LKOH;0;20260414;170915;5421.5;1
LKOH;0;20260414;170915;5421.5;14
LKOH;0;20260414;170921;5421.5;1
LKOH;0;20260414;170922;5421.5;3
LKOH;0;20260414;170925;5421.5;1
LKOH;0;20260414;170927;5421.5;10
LKOH;0;20260414;170928;5421;1
LKOH;0;20260414;170928;5421;5
LKOH;0;20260414;170928;5421;15
LKOH;0;20260414;170928;5421;1
LKOH;0;20260414;170928;5421;1
LKOH;0;20260414;170928;5420.5;1
LKOH;0;20260414;170928;5420.5;50
LKOH;0;20260414;170928;5420.5;1
LKOH;0;20260414;170928;5420.5;1
LKOH;0;20260414;170928;5420.5;19
LKOH;0;20260414;170928;5421;1
LKOH;0;20260414;170928;5421;9
LKOH;0;20260414;170928;5420.5;38
LKOH;0;20260414;170929;5421;4
LKOH;0;20260414;170930;5421;3
LKOH;0;20260414;170932;5421;15
LKOH;0;20260414;170935;5421;70
LKOH;0;20260414;170936;5421;50
LKOH;0;20260414;170937;5421;2
LKOH;0;20260414;170940;5420.5;93
LKOH;0;20260414;170940;5420.5;3
LKOH;0;20260414;170940;5420.5;3
LKOH;0;20260414;170940;5420.5;4
LKOH;0;20260414;170940;5420.5;1
LKOH;0;20260414;170940;5420.5;6
LKOH;0;20260414;170940;5420.5;1
LKOH;0;20260414;170940;5420;1
LKOH;0;20260414;170940;5420;288
LKOH;0;20260414;170940;5420;100
LKOH;0;20260414;170940;5420.5;30
LKOH;0;20260414;170940;5420.5;7
LKOH;0;20260414;170940;5420.5;10
LKOH;0;20260414;170940;5420.5;1
LKOH;0;20260414;170941;5420.5;1
LKOH;0;20260414;170943;5420;184
LKOH;0;20260414;170946;5420.5;2
LKOH;0;20260414;170947;5420;5
LKOH;0;20260414;170947;5420.5;15
LKOH;0;20260414;170947;5420.5;1
LKOH;0;20260414;170953;5420;4
LKOH;0;20260414;170954;5420;1
LKOH;0;20260414;170954;5420.5;1
LKOH;0;20260414;170958;5420.5;29
LKOH;0;20260414;170958;5420.5;940
LKOH;0;20260414;170958;5420.5;10
LKOH;0;20260414;170958;5420.5;30
LKOH;0;20260414;170958;5420.5;38
LKOH;0;20260414;170958;5420.5;13
LKOH;0;20260414;170958;5420.5;1
LKOH;0;20260414;170958;5420.5;29
LKOH;0;20260414;170958;5420.5;10
LKOH;0;20260414;170958;5421;30
LKOH;0;20260414;170958;5421;370
LKOH;0;20260414;170958;5421;9
LKOH;0;20260414;170958;5421;9
LKOH;0;20260414;170958;5421;9
LKOH;0;20260414;170959;5421;224
LKOH;0;20260414;170959;5421;33
LKOH;0;20260414;170959;5421;143
LKOH;0;20260414;170959;5421;33
LKOH;0;20260414;170959;5421;3
LKOH;0;20260414;170959;5421;30
LKOH;0;20260414;170959;5421.5;1
LKOH;0;20260414;170959;5421.5;40
LKOH;0;20260414;170959;5421.5;33
LKOH;0;20260414;170959;5421.5;280
LKOH;0;20260414;170959;5422.5;9
LKOH;0;20260414;170959;5422.5;1
LKOH;0;20260414;170959;5423;30
LKOH;0;20260414;170959;5423.5;6
LKOH;0;20260414;170959;5421.5;33
LKOH;0;20260414;170959;5422;80
LKOH;0;20260414;170959;5422;50
LKOH;0;20260414;170959;5423;26
LKOH;0;20260414;170959;5423.5;38
LKOH;0;20260414;170959;5424;18
LKOH;0;20260414;170959;5424;120
LKOH;0;20260414;170959;5424;60
LKOH;0;20260414;170959;5424.5;20
LKOH;0;20260414;170959;5424.5;120
LKOH;0;20260414;170959;5424.5;60
LKOH;0;20260414;170959;5424.5;18
LKOH;0;20260414;170959;5425;20
LKOH;0;20260414;170959;5425;30
LKOH;0;20260414;170959;5425;60
LKOH;0;20260414;170959;5425.5;247
LKOH;0;20260414;170959;5424;5
LKOH;0;20260414;171000;5423.5;7
LKOH;0;20260414;171000;5423.5;34
LKOH;0;20260414;171000;5424;33
LKOH;0;20260414;171000;5424;7
LKOH;0;20260414;171000;5424.5;7
LKOH;0;20260414;171000;5424.5;160
LKOH;0;20260414;171000;5425;7
LKOH;0;20260414;171000;5425;12
LKOH;0;20260414;171000;5425;48
LKOH;0;20260414;171000;5425;18
LKOH;0;20260414;171000;5425;30
LKOH;0;20260414;171000;5425;118
LKOH;0;20260414;171000;5425;55
LKOH;0;20260414;171000;5425.5;2964
LKOH;0;20260414;171000;5423.5;33
LKOH;0;20260414;171000;5425.5;100
LKOH;0;20260414;171000;5425.5;50
LKOH;0;20260414;171000;5425.5;10
LKOH;0;20260414;171000;5425.5;50
LKOH;0;20260414;171000;5425.5;182
LKOH;0;20260414;171000;5425.5;100
LKOH;0;20260414;171001;5425.5;28
LKOH;0;20260414;171001;5425.5;28
LKOH;0;20260414;171001;5425.5;1
LKOH;0;20260414;171001;5425.5;28
LKOH;0;20260414;171001;5425.5;126
LKOH;0;20260414;171001;5425.5;33
LKOH;0;20260414;171001;5425.5;23
LKOH;0;20260414;171001;5425.5;36
LKOH;0;20260414;171001;5425.5;300
LKOH;0;20260414;171001;5425.5;36
LKOH;0;20260414;171001;5425.5;144
LKOH;0;20260414;171001;5425.5;165
LKOH;0;20260414;171001;5425.5;36
LKOH;0;20260414;171001;5425.5;144
LKOH;0;20260414;171001;5425.5;16
LKOH;0;20260414;171001;5425.5;33
LKOH;0;20260414;171001;5426.5;18
LKOH;0;20260414;171001;5426.5;30
LKOH;0;20260414;171001;5426.5;1
LKOH;0;20260414;171001;5426;12
LKOH;0;20260414;171001;5426;99
LKOH;0;20260414;171001;5427;6
LKOH;0;20260414;171002;5427.5;5
LKOH;0;20260414;171002;5427.5;1
LKOH;0;20260414;171002;5428;40
LKOH;0;20260414;171002;5428;10
LKOH;0;20260414;171003;5428;26
LKOH;0;20260414;171003;5428;24
LKOH;0;20260414;171003;5427.5;100
LKOH;0;20260414;171003;5428;9
LKOH;0;20260414;171003;5428.5;20
LKOH;0;20260414;171003;5428.5;33
LKOH;0;20260414;171004;5429.5;12
LKOH;0;20260414;171004;5429.5;33
LKOH;0;20260414;171004;5430;214
LKOH;0;20260414;171004;5430;1
LKOH;0;20260414;171004;5430;40
LKOH;0;20260414;171005;5429.5;108
LKOH;0;20260414;171005;5429;30
LKOH;0;20260414;171005;5429;28
LKOH;0;20260414;171005;5429;12
LKOH;0;20260414;171005;5428.5;22
LKOH;0;20260414;171005;5428.5;30
LKOH;0;20260414;171005;5428;30
LKOH;0;20260414;171005;5428;6
LKOH;0;20260414;171005;5428;60
LKOH;0;20260414;171005;5427.5;30
LKOH;0;20260414;171005;5427.5;60
LKOH;0;20260414;171005;5427.5;48
LKOH;0;20260414;171005;5427;24
LKOH;0;20260414;171005;5427;60
LKOH;0;20260414;171005;5427;60
LKOH;0;20260414;171005;5427.5;30
LKOH;0;20260414;171005;5428;7
LKOH;0;20260414;171005;5428;12
LKOH;0;20260414;171005;5428;30
LKOH;0;20260414;171005;5428.5;30
LKOH;0;20260414;171005;5428.5;21
LKOH;0;20260414;171006;5427;1
LKOH;0;20260414;171006;5426;14
LKOH;0;20260414;171006;5426;13
LKOH;0;20260414;171006;5425.5;60
LKOH;0;20260414;171006;5425.5;12
LKOH;0;20260414;171006;5425.5;26
LKOH;0;20260414;171008;5425;1
LKOH;0;20260414;171008;5425;1
LKOH;0;20260414;171008;5425;3
LKOH;0;20260414;171008;5425;3
LKOH;0;20260414;171008;5424.5;2
LKOH;0;20260414;171008;5424;18
LKOH;0;20260414;171008;5424;12
LKOH;0;20260414;171008;5424;4
LKOH;0;20260414;171008;5423.5;1
LKOH;0;20260414;171008;5423;185
LKOH;0;20260414;171008;5422.5;56
LKOH;0;20260414;171008;5422.5;12
LKOH;0;20260414;171008;5422;100
LKOH;0;20260414;171008;5422;18
LKOH;0;20260414;171008;5422;11
LKOH;0;20260414;171008;5422;14
LKOH;0;20260414;171008;5422;60
LKOH;0;20260414;171008;5422;44
LKOH;0;20260414;171009;5422;1
LKOH;0;20260414;171009;5422;16
LKOH;0;20260414;171009;5421.5;60
LKOH;0;20260414;171009;5421.5;18
LKOH;0;20260414;171009;5421.5;5
LKOH;0;20260414;171010;5421;25
LKOH;0;20260414;171010;5421;1
LKOH;0;20260414;171010;5421;4
LKOH;0;20260414;171010;5421;40
LKOH;0;20260414;171010;5420.5;50
LKOH;0;20260414;171010;5420.5;50
LKOH;0;20260414;171010;5420.5;18
LKOH;0;20260414;171010;5420.5;120
LKOH;0;20260414;171010;5420.5;50
LKOH;0;20260414;171010;5420.5;118
LKOH;0;20260414;171010;5420;24
LKOH;0;20260414;171012;5421;1
LKOH;0;20260414;171012;5421.5;1
LKOH;0;20260414;171012;5421;1
LKOH;0;20260414;171012;5421;18
LKOH;0;20260414;171012;5421;4
LKOH;0;20260414;171012;5420.5;8
LKOH;0;20260414;171012;5420.5;50
LKOH;0;20260414;171012;5420.5;50
LKOH;0;20260414;171012;5420.5;18
LKOH;0;20260414;171012;5420.5;1
LKOH;0;20260414;171012;5420.5;2
LKOH;0;20260414;171012;5420.5;50
LKOH;0;20260414;171012;5420.5;50
LKOH;0;20260414;171012;5420.5;30
LKOH;0;20260414;171012;5420;218
LKOH;0;20260414;171020;5421;4
LKOH;0;20260414;171021;5420.5;1
LKOH;0;20260414;171021;5420.5;3
LKOH;0;20260414;171021;5420.5;18
LKOH;0;20260414;171021;5420.5;2
LKOH;0;20260414;171021;5420.5;28
LKOH;0;20260414;171021;5420.5;1
LKOH;0;20260414;171021;5420.5;18
LKOH;0;20260414;171021;5420.5;50
LKOH;0;20260414;171021;5420.5;20
LKOH;0;20260414;171021;5420.5;12
LKOH;0;20260414;171021;5420.5;30
LKOH;0;20260414;171021;5420;2
LKOH;0;20260414;171022;5421;6
LKOH;0;20260414;171022;5421;12
LKOH;0;20260414;171023;5421;74
LKOH;0;20260414;171023;5421;74
LKOH;0;20260414;171023;5421;87
LKOH;0;20260414;171023;5421;88
LKOH;0;20260414;171023;5421;2
LKOH;0;20260414;171023;5421;1
LKOH;0;20260414;171023;5421;36
LKOH;0;20260414;171024;5421;5
LKOH;0;20260414;171024;5421;15
LKOH;0;20260414;171024;5421;9
LKOH;0;20260414;171024;5421;5
LKOH;0;20260414;171024;5421;9
LKOH;0;20260414;171024;5421;9
LKOH;0;20260414;171024;5421;36
LKOH;0;20260414;171024;5421;36
LKOH;0;20260414;171024;5421;36
LKOH;0;20260414;171024;5421;36
LKOH;0;20260414;171024;5421;1
LKOH;0;20260414;171024;5421;36
LKOH;0;20260414;171024;5421;36
LKOH;0;20260414;171024;5421;36
LKOH;0;20260414;171024;5425.5;18
LKOH;0;20260414;171024;5426;16
LKOH;0;20260414;171025;5426;60
LKOH;0;20260414;171025;5426;1
LKOH;0;20260414;171025;5425.5;10
LKOH;0;20260414;171025;5425.5;30
LKOH;0;20260414;171025;5425.5;10
LKOH;0;20260414;171025;5425.5;12
LKOH;0;20260414;171025;5425.5;25
LKOH;0;20260414;171028;5425.5;97
LKOH;0;20260414;171028;5426;32
LKOH;0;20260414;171028;5426;100
LKOH;0;20260414;171028;5426.5;30
LKOH;0;20260414;171028;5427;30
LKOH;0;20260414;171028;5427;48
LKOH;0;20260414;171028;5427;12
LKOH;0;20260414;171028;5427;50
LKOH;0;20260414;171028;5427.5;50
LKOH;0;20260414;171028;5427.5;30
LKOH;0;20260414;171028;5427.5;55
LKOH;0;20260414;171028;5428;57
LKOH;0;20260414;171028;5426;14
LKOH;0;20260414;171028;5425.5;19
LKOH;0;20260414;171029;5426.5;1
LKOH;0;20260414;171029;5426.5;11
LKOH;0;20260414;171034;5427;30
LKOH;0;20260414;171034;5427;50
LKOH;0;20260414;171034;5427;20
LKOH;0;20260414;171038;5427;2
LKOH;0;20260414;171038;5427.5;33
LKOH;0;20260414;171039;5428;20
LKOH;0;20260414;171039;5428;1
LKOH;0;20260414;171039;5428;1
LKOH;0;20260414;171040;5428;11
LKOH;0;20260414;171040;5428.5;160
LKOH;0;20260414;171040;5429.5;1
LKOH;0;20260414;171040;5429.5;33
LKOH;0;20260414;171040;5430;16
LKOH;0;20260414;171042;5429.5;33
LKOH;0;20260414;171042;5430.5;5
LKOH;0;20260414;171042;5430.5;200
LKOH;0;20260414;171042;5430.5;33
LKOH;0;20260414;171042;5432;1
LKOH;0;20260414;171042;5432;33
LKOH;0;20260414;171042;5432.5;59
LKOH;0;20260414;171043;5432;33
LKOH;0;20260414;171043;5432.5;14
LKOH;0;20260414;171043;5432.5;40
LKOH;0;20260414;171043;5433;26
LKOH;0;20260414;171043;5432;9
LKOH;0;20260414;171043;5432.5;16
LKOH;0;20260414;171043;5432.5;12
LKOH;0;20260414;171043;5432.5;50
LKOH;0;20260414;171043;5433;1
LKOH;0;20260414;171043;5433;33
LKOH;0;20260414;171043;5433;27
LKOH;0;20260414;171043;5433;50
LKOH;0;20260414;171043;5433.5;50
LKOH;0;20260414;171043;5433.5;3
LKOH;0;20260414;171043;5433.5;50
LKOH;0;20260414;171043;5433.5;1
LKOH;0;20260414;171043;5433.5;8
LKOH;0;20260414;171044;5433;1
LKOH;0;20260414;171044;5432.5;22
LKOH;0;20260414;171044;5433.5;1
LKOH;0;20260414;171044;5433.5;7
LKOH;0;20260414;171046;5432;1
LKOH;0;20260414;171047;5432.5;16
LKOH;0;20260414;171047;5433;39
LKOH;0;20260414;171048;5432.5;30
LKOH;0;20260414;171048;5432;222
LKOH;0;20260414;171048;5432;30
LKOH;0;20260414;171048;5432;12
LKOH;0;20260414;171048;5432;2
LKOH;0;20260414;171048;5431.5;4
LKOH;0;20260414;171053;5431.5;300
LKOH;0;20260414;171055;5432;4
LKOH;0;20260414;171056;5431.5;2
LKOH;0;20260414;171056;5431.5;12
LKOH;0;20260414;171056;5431.5;1
LKOH;0;20260414;171057;5431.5;55
LKOH;0;20260414;171058;5431.5;3
LKOH;0;20260414;171058;5431;10
LKOH;0;20260414;171100;5431.5;1
LKOH;0;20260414;171101;5431.5;85
LKOH;0;20260414;171104;5431;80
LKOH;0;20260414;171104;5431.5;1
LKOH;0;20260414;171104;5431.5;208
LKOH;0;20260414;171104;5431.5;28
LKOH;0;20260414;171104;5431.5;7
LKOH;0;20260414;171104;5431.5;1
LKOH;0;20260414;171104;5431.5;18
LKOH;0;20260414;171104;5431.5;20
LKOH;0;20260414;171104;5431.5;218
LKOH;0;20260414;171105;5431.5;20
LKOH;0;20260414;171106;5432;8
LKOH;0;20260414;171106;5432;1
LKOH;0;20260414;171106;5432;1
LKOH;0;20260414;171106;5432.5;5
LKOH;0;20260414;171106;5432.5;5
LKOH;0;20260414;171107;5433;313
LKOH;0;20260414;171107;5433;1
LKOH;0;20260414;171107;5433;33
LKOH;0;20260414;171107;5433.5;50
LKOH;0;20260414;171107;5433.5;140
LKOH;0;20260414;171108;5434;1
LKOH;0;20260414;171108;5434;8
LKOH;0;20260414;171108;5434;25
LKOH;0;20260414;171108;5434.5;100
LKOH;0;20260414;171108;5434.5;100
LKOH;0;20260414;171108;5435.5;114
LKOH;0;20260414;171108;5434;30
LKOH;0;20260414;171108;5434;3
LKOH;0;20260414;171108;5434.5;5
LKOH;0;20260414;171108;5434.5;1
LKOH;0;20260414;171110;5435;1
LKOH;0;20260414;171112;5435;1
LKOH;0;20260414;171113;5435.5;36
LKOH;0;20260414;171113;5435.5;8
LKOH;0;20260414;171113;5436;100
LKOH;0;20260414;171113;5436;60
LKOH;0;20260414;171114;5437;10
LKOH;0;20260414;171114;5437;23
LKOH;0;20260414;171114;5437.5;27
LKOH;0;20260414;171115;5437.5;73
LKOH;0;20260414;171115;5437.5;33
LKOH;0;20260414;171115;5437.5;20
LKOH;0;20260414;171116;5438;20
LKOH;0;20260414;171116;5438;15
LKOH;0;20260414;171118;5437;250
LKOH;0;20260414;171118;5437.5;18
LKOH;0;20260414;171118;5437.5;32
LKOH;0;20260414;171121;5437;2
LKOH;0;20260414;171124;5437;1
LKOH;0;20260414;171129;5436.5;33
LKOH;0;20260414;171129;5436.5;9
LKOH;0;20260414;171129;5436.5;6
LKOH;0;20260414;171129;5436.5;1
LKOH;0;20260414;171131;5435.5;50
LKOH;0;20260414;171132;5434;10
LKOH;0;20260414;171132;5434;83
LKOH;0;20260414;171132;5434;7
LKOH;0;20260414;171133;5433.5;1
LKOH;0;20260414;171133;5433.5;1
LKOH;0;20260414;171134;5433;1
LKOH;0;20260414;171134;5433.5;28
LKOH;0;20260414;171134;5433.5;12
LKOH;0;20260414;171134;5433.5;4
LKOH;0;20260414;171135;5433.5;3
LKOH;0;20260414;171143;5433.5;250
LKOH;0;20260414;171143;5433.5;12
LKOH;0;20260414;171143;5433.5;30
LKOH;0;20260414;171143;5434;30
LKOH;0;20260414;171143;5434;1
LKOH;0;20260414;171143;5434;177
LKOH;0;20260414;171144;5433;39
LKOH;0;20260414;171144;5433;1
LKOH;0;20260414;171144;5433;20
LKOH;0;20260414;171144;5433;17
LKOH;0;20260414;171144;5432.5;300
LKOH;0;20260414;171144;5432.5;30
LKOH;0;20260414;171144;5432.5;1
LKOH;0;20260414;171151;5432.5;3
LKOH;0;20260414;171152;5432;3
LKOH;0;20260414;171153;5432.5;20
LKOH;0;20260414;171155;5432.5;1
LKOH;0;20260414;171156;5432;47
LKOH;0;20260414;171156;5432;10
LKOH;0;20260414;171156;5432;5
LKOH;0;20260414;171156;5432;10
LKOH;0;20260414;171157;5432;1
LKOH;0;20260414;171157;5432;29
LKOH;0;20260414;171200;5431.5;2
LKOH;0;20260414;171200;5431.5;10
LKOH;0;20260414;171202;5431;250
LKOH;0;20260414;171202;5431;36
LKOH;0;20260414;171202;5431;124
LKOH;0;20260414;171202;5431;10
LKOH;0;20260414;171202;5430.5;2
LKOH;0;20260414;171202;5430.5;8
LKOH;0;20260414;171203;5430;10
LKOH;0;20260414;171203;5429.5;10
LKOH;0;20260414;171203;5429;10
LKOH;0;20260414;171203;5429;10
LKOH;0;20260414;171203;5429;11
LKOH;0;20260414;171203;5428.5;10
LKOH;0;20260414;171203;5428;10
LKOH;0;20260414;171203;5427.5;2
LKOH;0;20260414;171203;5427.5;10
LKOH;0;20260414;171203;5427.5;60
LKOH;0;20260414;171203;5427.5;120
LKOH;0;20260414;171203;5427;1
LKOH;0;20260414;171203;5427;1
LKOH;0;20260414;171203;5427;50
LKOH;0;20260414;171203;5427;4
LKOH;0;20260414;171203;5427;140
LKOH;0;20260414;171203;5427;10
LKOH;0;20260414;171203;5427;18
LKOH;0;20260414;171203;5427;60
LKOH;0;20260414;171203;5427;300
LKOH;0;20260414;171203;5426.5;50
LKOH;0;20260414;171203;5426.5;20
LKOH;0;20260414;171203;5426.5;10
LKOH;0;20260414;171203;5426.5;45
LKOH;0;20260414;171203;5426.5;18
LKOH;0;20260414;171203;5426.5;30
LKOH;0;20260414;171203;5426;3
LKOH;0;20260414;171203;5426;20
LKOH;0;20260414;171203;5426;10
LKOH;0;20260414;171203;5426;25
LKOH;0;20260414;171203;5426;30
LKOH;0;20260414;171203;5426;8
LKOH;0;20260414;171203;5426;1
LKOH;0;20260414;171203;5425.5;50
LKOH;0;20260414;171203;5425.5;50
LKOH;0;20260414;171203;5425.5;1
LKOH;0;20260414;171203;5425.5;10
LKOH;0;20260414;171203;5425.5;20
LKOH;0;20260414;171203;5425.5;10
LKOH;0;20260414;171203;5425.5;10
LKOH;0;20260414;171203;5425.5;30
LKOH;0;20260414;171203;5425.5;50
LKOH;0;20260414;171203;5425;6
LKOH;0;20260414;171203;5425;146
LKOH;0;20260414;171203;5426;60
LKOH;0;20260414;171203;5426.5;16
LKOH;0;20260414;171203;5426.5;18
LKOH;0;20260414;171206;5426;2
LKOH;0;20260414;171206;5426;4
LKOH;0;20260414;171206;5426;21
LKOH;0;20260414;171206;5426;18
LKOH;0;20260414;171206;5425.5;47
LKOH;0;20260414;171206;5425.5;15
LKOH;0;20260414;171207;5426;50
LKOH;0;20260414;171207;5425.5;8
LKOH;0;20260414;171207;5425.5;27
LKOH;0;20260414;171207;5425.5;57
LKOH;0;20260414;171207;5425.5;44
LKOH;0;20260414;171207;5425;624
LKOH;0;20260414;171210;5425.5;2
LKOH;0;20260414;171218;5425.5;3
LKOH;0;20260414;171219;5426;1
LKOH;0;20260414;171235;5425.5;1
LKOH;0;20260414;171236;5426;1
LKOH;0;20260414;171236;5426;79
LKOH;0;20260414;171241;5425.5;6
LKOH;0;20260414;171243;5425.5;40
LKOH;0;20260414;171243;5425.5;50
LKOH;0;20260414;171243;5425.5;10
LKOH;0;20260414;171243;5425.5;10
LKOH;0;20260414;171244;5426;4
LKOH;0;20260414;171244;5426;1
LKOH;0;20260414;171244;5425.5;10
LKOH;0;20260414;171246;5426;8
LKOH;0;20260414;171249;5426;2
LKOH;0;20260414;171255;5426;10
LKOH;0;20260414;171258;5426;3
LKOH;0;20260414;171258;5426;1
LKOH;0;20260414;171301;5426;1
LKOH;0;20260414;171307;5426;10
LKOH;0;20260414;171311;5426;4
LKOH;0;20260414;171318;5425.5;2
LKOH;0;20260414;171318;5425.5;1
LKOH;0;20260414;171320;5425.5;169
LKOH;0;20260414;171323;5426;7
LKOH;0;20260414;171323;5426;2
LKOH;0;20260414;171327;5426;1
LKOH;0;20260414;171331;5426;10
LKOH;0;20260414;171331;5426;1
LKOH;0;20260414;171332;5426;1
LKOH;0;20260414;171336;5426;8
LKOH;0;20260414;171341;5426;1
LKOH;0;20260414;171347;5426;1
LKOH;0;20260414;171348;5426;1
LKOH;0;20260414;171348;5426;3
LKOH;0;20260414;171352;5425.5;10
LKOH;0;20260414;171353;5426;50
LKOH;0;20260414;171358;5426;1
LKOH;0;20260414;171359;5425.5;150
LKOH;0;20260414;171402;5425.5;136
LKOH;0;20260414;171402;5426;2
LKOH;0;20260414;171407;5426;2
LKOH;0;20260414;171410;5426;18
LKOH;0;20260414;171411;5426;100
LKOH;0;20260414;171412;5426;400
LKOH;0;20260414;171412;5426;9
LKOH;0;20260414;171419;5426;2
LKOH;0;20260414;171420;5426;4
LKOH;0;20260414;171420;5426;5
LKOH;0;20260414;171420;5426;7
LKOH;0;20260414;171420;5426;6
LKOH;0;20260414;171420;5426;10
LKOH;0;20260414;171420;5426;8
LKOH;0;20260414;171443;5426;29
LKOH;0;20260414;171443;5426;380
LKOH;0;20260414;171443;5426;10
LKOH;0;20260414;171443;5426;2
LKOH;0;20260414;171443;5426;2
LKOH;0;20260414;171443;5426;1
LKOH;0;20260414;171444;5426;45
LKOH;0;20260414;171454;5428;4
LKOH;0;20260414;171454;5428;1
LKOH;0;20260414;171454;5428;50
LKOH;0;20260414;171454;5428.5;20
LKOH;0;20260414;171454;5428.5;1
LKOH;0;20260414;171454;5429;46
LKOH;0;20260414;171454;5429;3
LKOH;0;20260414;171454;5429;1
LKOH;0;20260414;171454;5429.5;46
LKOH;0;20260414;171454;5429.5;1
LKOH;0;20260414;171454;5429.5;50
LKOH;0;20260414;171454;5430;7
LKOH;0;20260414;171454;5430;1
LKOH;0;20260414;171454;5430;50
LKOH;0;20260414;171454;5430;8
LKOH;0;20260414;171454;5430.5;7
LKOH;0;20260414;171454;5430.5;1
LKOH;0;20260414;171454;5430.5;60
LKOH;0;20260414;171454;5431;20
LKOH;0;20260414;171454;5431;1
LKOH;0;20260414;171454;5431;30
LKOH;0;20260414;171454;5431;60
LKOH;0;20260414;171454;5431;50
LKOH;0;20260414;171454;5431.5;20
LKOH;0;20260414;171454;5431.5;20
LKOH;0;20260414;171454;5431.5;30
LKOH;0;20260414;171454;5431.5;1
LKOH;0;20260414;171454;5431.5;160
LKOH;0;20260414;171454;5431.5;18
LKOH;0;20260414;171454;5432;15
LKOH;0;20260414;171454;5432;18
LKOH;0;20260414;171454;5432;2
LKOH;0;20260414;171454;5432;30
LKOH;0;20260414;171454;5432;1
LKOH;0;20260414;171454;5432;30
LKOH;0;20260414;171454;5432;3
LKOH;0;20260414;171454;5432;17
LKOH;0;20260414;171454;5432;1
LKOH;0;20260414;171454;5432;15
LKOH;0;20260414;171456;5432;1
LKOH;0;20260414;171457;5432.5;11
LKOH;0;20260414;171457;5432.5;3
LKOH;0;20260414;171459;5432.5;1
LKOH;0;20260414;171501;5432.5;1
LKOH;0;20260414;171505;5432.5;23
LKOH;0;20260414;171505;5432.5;17
LKOH;0;20260414;171505;5432.5;10
LKOH;0;20260414;171506;5432.5;1
LKOH;0;20260414;171506;5432.5;1
LKOH;0;20260414;171508;5432.5;2
LKOH;0;20260414;171509;5432.5;1
LKOH;0;20260414;171514;5432.5;2
LKOH;0;20260414;171514;5432.5;4
LKOH;0;20260414;171514;5432.5;18
LKOH;0;20260414;171514;5432.5;92
LKOH;0;20260414;171514;5432.5;240
LKOH;0;20260414;171514;5432.5;18
LKOH;0;20260414;171514;5432.5;17
LKOH;0;20260414;171514;5432.5;12
LKOH;0;20260414;171514;5432.5;30
LKOH;0;20260414;171514;5432.5;1
LKOH;0;20260414;171514;5433;1
LKOH;0;20260414;171514;5433;1
LKOH;0;20260414;171514;5433;1
LKOH;0;20260414;171514;5433;1
LKOH;0;20260414;171514;5433;50
LKOH;0;20260414;171514;5433;30
LKOH;0;20260414;171514;5433;20
LKOH;0;20260414;171514;5433;18
LKOH;0;20260414;171514;5433.5;50
LKOH;0;20260414;171514;5433.5;1
LKOH;0;20260414;171514;5433.5;50
LKOH;0;20260414;171514;5433.5;1
LKOH;0;20260414;171514;5433.5;1
LKOH;0;20260414;171514;5433.5;1
LKOH;0;20260414;171514;5433.5;50
LKOH;0;20260414;171514;5433.5;2
LKOH;0;20260414;171514;5433.5;30
LKOH;0;20260414;171514;5433.5;20
LKOH;0;20260414;171514;5433.5;18
LKOH;0;20260414;171514;5434;10
LKOH;0;20260414;171514;5434;250
LKOH;0;20260414;171514;5434;1
LKOH;0;20260414;171514;5434;48
LKOH;0;20260414;171514;5434;30
LKOH;0;20260414;171514;5434;20
LKOH;0;20260414;171514;5434;60
LKOH;0;20260414;171514;5434;100
LKOH;0;20260414;171514;5434.5;1
LKOH;0;20260414;171514;5434.5;1
LKOH;0;20260414;171514;5434.5;100
LKOH;0;20260414;171514;5434.5;1
LKOH;0;20260414;171514;5434.5;25
LKOH;0;20260414;171514;5434.5;55
LKOH;0;20260414;171514;5434.5;30
LKOH;0;20260414;171514;5434.5;60
LKOH;0;20260414;171514;5434.5;20
LKOH;0;20260414;171514;5434.5;25
LKOH;0;20260414;171514;5435;1
LKOH;0;20260414;171514;5435;1
LKOH;0;20260414;171514;5435;1
LKOH;0;20260414;171514;5435;1
LKOH;0;20260414;171514;5435;1
LKOH;0;20260414;171514;5435;60
LKOH;0;20260414;171514;5435;1
LKOH;0;20260414;171514;5435;20
LKOH;0;20260414;171514;5435.5;1
LKOH;0;20260414;171514;5435.5;1
LKOH;0;20260414;171514;5435.5;30
LKOH;0;20260414;171515;5434.5;4
LKOH;0;20260414;171518;5434.5;6
LKOH;0;20260414;171518;5434.5;15
LKOH;0;20260414;171518;5434.5;7
LKOH;0;20260414;171518;5434.5;3
LKOH;0;20260414;171518;5434.5;15
LKOH;0;20260414;171526;5432;1
LKOH;0;20260414;171541;5431.5;1
LKOH;0;20260414;171544;5431.5;4
LKOH;0;20260414;171546;5431.5;3
LKOH;0;20260414;171547;5431.5;1
LKOH;0;20260414;171547;5431.5;2
LKOH;0;20260414;171551;5431.5;40
LKOH;0;20260414;171555;5431.5;2
LKOH;0;20260414;171602;5431.5;5
LKOH;0;20260414;171606;5431.5;5
LKOH;0;20260414;171610;5431.5;1
LKOH;0;20260414;171610;5431.5;54
LKOH;0;20260414;171610;5432;5
LKOH;0;20260414;171610;5432;2
LKOH;0;20260414;171610;5432.5;1
LKOH;0;20260414;171610;5432.5;12
LKOH;0;20260414;171610;5433;1
LKOH;0;20260414;171610;5433;1
LKOH;0;20260414;171610;5433;48
LKOH;0;20260414;171610;5433;10
LKOH;0;20260414;171610;5433;33
LKOH;0;20260414;171610;5433;10
LKOH;0;20260414;171610;5433;30
LKOH;0;20260414;171610;5433;1
LKOH;0;20260414;171610;5433;12
LKOH;0;20260414;171612;5433;100
LKOH;0;20260414;171613;5432.5;1
LKOH;0;20260414;171622;5432;2
LKOH;0;20260414;171630;5431.5;1
LKOH;0;20260414;171630;5431.5;300
LKOH;0;20260414;171630;5431;1
LKOH;0;20260414;171630;5431;15
LKOH;0;20260414;171630;5430.5;1
LKOH;0;20260414;171630;5430;1
LKOH;0;20260414;171630;5430;51
LKOH;0;20260414;171642;5430.5;2
LKOH;0;20260414;171649;5430.5;1
LKOH;0;20260414;171651;5430;40
LKOH;0;20260414;171651;5430;1
LKOH;0;20260414;171651;5429.5;9
LKOH;0;20260414;171652;5430.5;1
LKOH;0;20260414;171653;5430.5;10
LKOH;0;20260414;171654;5430.5;10
LKOH;0;20260414;171701;5429.5;40
LKOH;0;20260414;171704;5429;6
LKOH;0;20260414;171704;5429;12
LKOH;0;20260414;171704;5429;1
LKOH;0;20260414;171704;5429.5;1
LKOH;0;20260414;171704;5429.5;20
LKOH;0;20260414;171705;5428.5;23
LKOH;0;20260414;171709;5428;1
LKOH;0;20260414;171710;5428.5;1
LKOH;0;20260414;171710;5428.5;9
LKOH;0;20260414;171712;5428.5;14
LKOH;0;20260414;171724;5428;1
LKOH;0;20260414;171731;5428.5;1
LKOH;0;20260414;171741;5428.5;1
LKOH;0;20260414;171741;5428.5;1
LKOH;0;20260414;171743;5428.5;1
LKOH;0;20260414;171752;5428;7
LKOH;0;20260414;171752;5428;10
LKOH;0;20260414;171752;5428;5
LKOH;0;20260414;171752;5427.5;1
LKOH;0;20260414;171752;5427.5;50
LKOH;0;20260414;171752;5427;17
LKOH;0;20260414;171752;5428;1
LKOH;0;20260414;171753;5427.5;17
LKOH;0;20260414;171800;5428;300
LKOH;0;20260414;171800;5428;25
LKOH;0;20260414;171800;5428;5
LKOH;0;20260414;171805;5429.5;7
LKOH;0;20260414;171805;5429.5;12
LKOH;0;20260414;171805;5430;10
LKOH;0;20260414;171805;5430;71
LKOH;0;20260414;171805;5430.5;1
LKOH;0;20260414;171813;5430;1
LKOH;0;20260414;171814;5430.5;11
LKOH;0;20260414;171814;5430;4
LKOH;0;20260414;171819;5430;1
LKOH;0;20260414;171821;5430;1
LKOH;0;20260414;171822;5430;1
LKOH;0;20260414;171822;5429.5;250
LKOH;0;20260414;171827;5429;1
LKOH;0;20260414;171831;5428.5;15
LKOH;0;20260414;171832;5429.5;1
LKOH;0;20260414;171832;5429.5;7
LKOH;0;20260414;171841;5429.5;1
LKOH;0;20260414;171850;5429;2
LKOH;0;20260414;171854;5429.5;2
LKOH;0;20260414;171856;5429.5;5
LKOH;0;20260414;171856;5429.5;2
LKOH;0;20260414;171857;5429;8
LKOH;0;20260414;171857;5429;1
LKOH;0;20260414;171857;5428.5;15
LKOH;0;20260414;171857;5428.5;1
LKOH;0;20260414;171857;5428.5;31
LKOH;0;20260414;171857;5428;44
LKOH;0;20260414;171857;5429;1
LKOH;0;20260414;171857;5429;3
LKOH;0;20260414;171910;5428;4
LKOH;0;20260414;171911;5427.5;1
LKOH;0;20260414;171911;5427;50
LKOH;0;20260414;171911;5427;50
LKOH;0;20260414;171911;5426.5;1
LKOH;0;20260414;171911;5426.5;50
LKOH;0;20260414;171911;5426.5;50
LKOH;0;20260414;171911;5426.5;149
LKOH;0;20260414;171913;5426.5;2
LKOH;0;20260414;171913;5426;50
LKOH;0;20260414;171913;5426;1
LKOH;0;20260414;171913;5426;1
LKOH;0;20260414;171913;5426;3
LKOH;0;20260414;171913;5426;5
LKOH;0;20260414;171913;5426;5
LKOH;0;20260414;171913;5426;50
LKOH;0;20260414;171913;5426;50
LKOH;0;20260414;171913;5426;30
LKOH;0;20260414;171913;5425.5;20
LKOH;0;20260414;171913;5425.5;35
LKOH;0;20260414;171924;5426.5;1
LKOH;0;20260414;171927;5426.5;3
LKOH;0;20260414;171927;5426.5;7
LKOH;0;20260414;171929;5427;1
LKOH;0;20260414;171931;5426.5;1
LKOH;0;20260414;171931;5426;1
LKOH;0;20260414;171934;5426;1
LKOH;0;20260414;171940;5426;48
LKOH;0;20260414;171940;5426;1
LKOH;0;20260414;171940;5426;2
LKOH;0;20260414;171940;5425.5;99
LKOH;0;20260414;171940;5426.5;1
LKOH;0;20260414;171945;5426.5;24
LKOH;0;20260414;171949;5426.5;2
LKOH;0;20260414;171956;5426;1
LKOH;0;20260414;171956;5426;10
LKOH;0;20260414;172004;5426;1
LKOH;0;20260414;172004;5426;3
LKOH;0;20260414;172020;5426;1
LKOH;0;20260414;172020;5426.5;1
LKOH;0;20260414;172026;5426.5;7
LKOH;0;20260414;172026;5426.5;43
LKOH;0;20260414;172026;5427;1
LKOH;0;20260414;172029;5426.5;1
LKOH;0;20260414;172030;5426.5;5
LKOH;0;20260414;172032;5426.5;1
LKOH;0;20260414;172033;5426.5;1
LKOH;0;20260414;172037;5426.5;10
LKOH;0;20260414;172041;5426.5;1
LKOH;0;20260414;172042;5426;1
LKOH;0;20260414;172042;5426;1
LKOH;0;20260414;172042;5426;50
LKOH;0;20260414;172042;5426;10
LKOH;0;20260414;172044;5425.5;191
LKOH;0;20260414;172044;5425.5;1
LKOH;0;20260414;172044;5425.5;11
LKOH;0;20260414;172044;5425.5;1
LKOH;0;20260414;172044;5425.5;4
LKOH;0;20260414;172044;5425.5;2
LKOH;0;20260414;172044;5425.5;1
LKOH;0;20260414;172044;5425.5;2
LKOH;0;20260414;172044;5425.5;2
LKOH;0;20260414;172044;5425.5;50
LKOH;0;20260414;172044;5425;19
LKOH;0;20260414;172044;5425;2
LKOH;0;20260414;172044;5425;89
LKOH;0;20260414;172044;5425;25
LKOH;0;20260414;172049;5425;25
LKOH;0;20260414;172049;5425;1
LKOH;0;20260414;172049;5425;65
LKOH;0;20260414;172050;5425;35
LKOH;0;20260414;172050;5425;40
LKOH;0;20260414;172050;5424.5;1
LKOH;0;20260414;172050;5423.5;13
LKOH;0;20260414;172052;5424;1
LKOH;0;20260414;172053;5423.5;7
LKOH;0;20260414;172053;5423.5;7
LKOH;0;20260414;172053;5423.5;1
LKOH;0;20260414;172053;5423.5;35
LKOH;0;20260414;172055;5423.5;18
LKOH;0;20260414;172058;5424;1
LKOH;0;20260414;172058;5424;3
LKOH;0;20260414;172104;5424;1
LKOH;0;20260414;172111;5424;1
LKOH;0;20260414;172111;5423.5;1
LKOH;0;20260414;172111;5424;300
LKOH;0;20260414;172114;5424;6
LKOH;0;20260414;172114;5424;220
LKOH;0;20260414;172117;5425;3
LKOH;0;20260414;172117;5426.5;1
LKOH;0;20260414;172124;5426.5;1
LKOH;0;20260414;172132;5426;4
LKOH;0;20260414;172136;5426.5;47
LKOH;0;20260414;172139;5428;1
LKOH;0;20260414;172139;5428;2
LKOH;0;20260414;172140;5428.5;1
LKOH;0;20260414;172140;5428.5;1
LKOH;0;20260414;172148;5427;30
LKOH;0;20260414;172148;5427;1
LKOH;0;20260414;172148;5426.5;3
LKOH;0;20260414;172148;5426.5;30
LKOH;0;20260414;172148;5426.5;6
LKOH;0;20260414;172148;5426.5;1
LKOH;0;20260414;172148;5426.5;1
LKOH;0;20260414;172148;5426.5;12
LKOH;0;20260414;172148;5426.5;1
LKOH;0;20260414;172148;5426.5;1
LKOH;0;20260414;172148;5426.5;1
LKOH;0;20260414;172148;5426;26
LKOH;0;20260414;172148;5426;3
LKOH;0;20260414;172148;5426;1
LKOH;0;20260414;172148;5425.5;20
LKOH;0;20260414;172148;5425.5;30
LKOH;0;20260414;172148;5425.5;1
LKOH;0;20260414;172148;5425.5;1
LKOH;0;20260414;172148;5425.5;31
LKOH;0;20260414;172155;5427;1
LKOH;0;20260414;172159;5427;1
LKOH;0;20260414;172212;5425;1
LKOH;0;20260414;172218;5425.5;1
LKOH;0;20260414;172218;5425.5;6
LKOH;0;20260414;172225;5425.5;11
LKOH;0;20260414;172225;5425.5;1
LKOH;0;20260414;172229;5425.5;10
LKOH;0;20260414;172232;5425;10
LKOH;0;20260414;172232;5425;1
LKOH;0;20260414;172232;5425;3
LKOH;0;20260414;172232;5425;1
LKOH;0;20260414;172232;5425;10
LKOH;0;20260414;172232;5425;16
LKOH;0;20260414;172232;5425;22
LKOH;0;20260414;172232;5425;50
LKOH;0;20260414;172232;5425;32
LKOH;0;20260414;172232;5425;12
LKOH;0;20260414;172232;5425;43
LKOH;0;20260414;172238;5425.5;1
LKOH;0;20260414;172238;5425.5;1
LKOH;0;20260414;172245;5425.5;14
LKOH;0;20260414;172245;5426;120
LKOH;0;20260414;172245;5426;1
LKOH;0;20260414;172245;5426.5;1
LKOH;0;20260414;172245;5427;1
LKOH;0;20260414;172245;5427;12
LKOH;0;20260414;172245;5427.5;1
LKOH;0;20260414;172245;5427.5;60
LKOH;0;20260414;172245;5427.5;48
LKOH;0;20260414;172245;5427.5;30
LKOH;0;20260414;172245;5428;12
LKOH;0;20260414;172252;5427;1
LKOH;0;20260414;172257;5427;2
LKOH;0;20260414;172257;5427;1
LKOH;0;20260414;172259;5426.5;7
LKOH;0;20260414;172309;5426.5;1
LKOH;0;20260414;172309;5426.5;4
LKOH;0;20260414;172310;5426.5;1
LKOH;0;20260414;172310;5426.5;1
LKOH;0;20260414;172310;5427;115
LKOH;0;20260414;172310;5427;1
LKOH;0;20260414;172310;5427;30
LKOH;0;20260414;172310;5427;52
LKOH;0;20260414;172310;5426;1
LKOH;0;20260414;172310;5426;1
LKOH;0;20260414;172310;5426;30
LKOH;0;20260414;172310;5425.5;1
LKOH;0;20260414;172310;5425.5;217
LKOH;0;20260414;172322;5426.5;12
LKOH;0;20260414;172322;5426.5;28
LKOH;0;20260414;172339;5425.5;1
LKOH;0;20260414;172340;5426.5;6
LKOH;0;20260414;172343;5426.5;8
LKOH;0;20260414;172343;5426.5;1
LKOH;0;20260414;172343;5427;50
LKOH;0;20260414;172343;5427;1
LKOH;0;20260414;172343;5427;40
LKOH;0;20260414;172411;5427;7
LKOH;0;20260414;172411;5427;6
LKOH;0;20260414;172424;5427.5;1
LKOH;0;20260414;172425;5427.5;1
LKOH;0;20260414;172426;5427.5;1
LKOH;0;20260414;172426;5427.5;1
LKOH;0;20260414;172427;5427.5;1
LKOH;0;20260414;172429;5427.5;1
LKOH;0;20260414;172434;5427;6
LKOH;0;20260414;172434;5427;8
LKOH;0;20260414;172434;5427;2
LKOH;0;20260414;172434;5427;2
LKOH;0;20260414;172434;5427;1
LKOH;0;20260414;172434;5426.5;1
LKOH;0;20260414;172434;5426.5;3
LKOH;0;20260414;172434;5426.5;3
LKOH;0;20260414;172434;5426.5;1
LKOH;0;20260414;172434;5426.5;6
LKOH;0;20260414;172434;5426.5;1
LKOH;0;20260414;172434;5426;1
LKOH;0;20260414;172434;5426;30
LKOH;0;20260414;172434;5426;1
LKOH;0;20260414;172434;5425.5;2
LKOH;0;20260414;172434;5425.5;10
LKOH;0;20260414;172434;5425.5;1
LKOH;0;20260414;172434;5425.5;6
LKOH;0;20260414;172434;5425.5;60
LKOH;0;20260414;172434;5425.5;30
LKOH;0;20260414;172434;5425.5;12
LKOH;0;20260414;172434;5425;50
LKOH;0;20260414;172434;5425;1
LKOH;0;20260414;172434;5425;50
LKOH;0;20260414;172434;5425;42
LKOH;0;20260414;172441;5427;1
LKOH;0;20260414;172441;5427;1
LKOH;0;20260414;172444;5427;2
LKOH;0;20260414;172448;5427;1
LKOH;0;20260414;172449;5426.5;1
LKOH;0;20260414;172449;5426.5;149
LKOH;0;20260414;172503;5426.5;5
LKOH;0;20260414;172504;5426.5;2
LKOH;0;20260414;172505;5427;16
LKOH;0;20260414;172505;5427;16
LKOH;0;20260414;172505;5427;7
LKOH;0;20260414;172509;5427;3
LKOH;0;20260414;172516;5427;300
LKOH;0;20260414;172516;5427;8
LKOH;0;20260414;172516;5427;1
LKOH;0;20260414;172516;5427;23
LKOH;0;20260414;172516;5426.5;243
LKOH;0;20260414;172516;5426.5;1
LKOH;0;20260414;172516;5426.5;30
LKOH;0;20260414;172516;5426.5;12
LKOH;0;20260414;172516;5426;1
LKOH;0;20260414;172520;5426;1
LKOH;0;20260414;172523;5426;1
LKOH;0;20260414;172526;5426;1
LKOH;0;20260414;172527;5426;26
LKOH;0;20260414;172527;5426;1
LKOH;0;20260414;172527;5426;18
LKOH;0;20260414;172530;5425.5;10
LKOH;0;20260414;172532;5425.5;4
LKOH;0;20260414;172542;5425.5;1
LKOH;0;20260414;172542;5425;1
LKOH;0;20260414;172553;5425;15
LKOH;0;20260414;172553;5425;8
LKOH;0;20260414;172553;5425;1
LKOH;0;20260414;172553;5425;28
LKOH;0;20260414;172553;5425;48
LKOH;0;20260414;172556;5425.5;1
LKOH;0;20260414;172557;5425;2
LKOH;0;20260414;172557;5425;2
LKOH;0;20260414;172557;5425;8
LKOH;0;20260414;172557;5425;8
LKOH;0;20260414;172558;5425;8
LKOH;0;20260414;172558;5425;8
LKOH;0;20260414;172558;5425;8
LKOH;0;20260414;172558;5425;8
LKOH;0;20260414;172559;5425;8
LKOH;0;20260414;172559;5425;8
LKOH;0;20260414;172559;5425;8
LKOH;0;20260414;172559;5425;8
LKOH;0;20260414;172600;5425;8
LKOH;0;20260414;172600;5425;8
LKOH;0;20260414;172600;5425;8
LKOH;0;20260414;172600;5425;2
LKOH;0;20260414;172600;5425;8
LKOH;0;20260414;172601;5425;8
LKOH;0;20260414;172601;5425;8
LKOH;0;20260414;172601;5425;8
LKOH;0;20260414;172601;5425;8
LKOH;0;20260414;172601;5425;5
LKOH;0;20260414;172602;5425;8
LKOH;0;20260414;172602;5425;8
LKOH;0;20260414;172602;5425;8
LKOH;0;20260414;172602;5425;8
LKOH;0;20260414;172603;5425;8
LKOH;0;20260414;172603;5425;1
LKOH;0;20260414;172603;5425;4
LKOH;0;20260414;172603;5425;4
LKOH;0;20260414;172603;5425;6
LKOH;0;20260414;172603;5425;2
LKOH;0;20260414;172607;5425.5;33
LKOH;0;20260414;172607;5425.5;17
LKOH;0;20260414;172610;5425;1
LKOH;0;20260414;172611;5425;8
LKOH;0;20260414;172611;5425;1
LKOH;0;20260414;172611;5425;8
LKOH;0;20260414;172612;5425;8
LKOH;0;20260414;172612;5425;8
LKOH;0;20260414;172612;5425;8
LKOH;0;20260414;172612;5425;8
LKOH;0;20260414;172613;5425;8
LKOH;0;20260414;172613;5425;8
LKOH;0;20260414;172613;5425;8
LKOH;0;20260414;172613;5425;8
LKOH;0;20260414;172614;5425;8
LKOH;0;20260414;172614;5425;8
LKOH;0;20260414;172614;5425;1
LKOH;0;20260414;172614;5425;2
LKOH;0;20260414;172614;5425;6
LKOH;0;20260414;172614;5425;8
LKOH;0;20260414;172615;5425;8
LKOH;0;20260414;172616;5425.5;1
LKOH;0;20260414;172616;5425;9
LKOH;0;20260414;172617;5425;2
LKOH;0;20260414;172624;5425;7
LKOH;0;20260414;172624;5425;1
LKOH;0;20260414;172624;5425;3
LKOH;0;20260414;172624;5425;1
LKOH;0;20260414;172624;5425;8
LKOH;0;20260414;172625;5425;8
LKOH;0;20260414;172625;5424.5;1
LKOH;0;20260414;172625;5424.5;4
LKOH;0;20260414;172625;5424.5;5
LKOH;0;20260414;172629;5426;30
LKOH;0;20260414;172629;5426;1
LKOH;0;20260414;172629;5426;179
LKOH;0;20260414;172630;5426;1
LKOH;0;20260414;172635;5425.5;1
LKOH;0;20260414;172642;5426;1
LKOH;0;20260414;172646;5425;1
LKOH;0;20260414;172723;5426;1
LKOH;0;20260414;172726;5426;1
LKOH;0;20260414;172731;5426;1
LKOH;0;20260414;172736;5426;1
LKOH;0;20260414;172742;5425.5;2
LKOH;0;20260414;172742;5425.5;1
LKOH;0;20260414;172742;5425;8
LKOH;0;20260414;172742;5425;1
LKOH;0;20260414;172742;5425;1
LKOH;0;20260414;172742;5425;2
LKOH;0;20260414;172742;5425;1
LKOH;0;20260414;172742;5425;1
LKOH;0;20260414;172742;5424.5;1
LKOH;0;20260414;172742;5424.5;9
LKOH;0;20260414;172746;5426;1
LKOH;0;20260414;172750;5425.5;1
LKOH;0;20260414;172750;5425.5;4
LKOH;0;20260414;172750;5425.5;1
LKOH;0;20260414;172750;5425.5;5
LKOH;0;20260414;172752;5426;1
LKOH;0;20260414;172755;5425.5;10
LKOH;0;20260414;172758;5426;10
LKOH;0;20260414;172759;5426;1
LKOH;0;20260414;172807;5425.5;1
LKOH;0;20260414;172812;5425.5;5
LKOH;0;20260414;172812;5425.5;245
LKOH;0;20260414;172813;5426;20
LKOH;0;20260414;172813;5426;12
LKOH;0;20260414;172813;5426.5;33
LKOH;0;20260414;172814;5426.5;17
LKOH;0;20260414;172814;5426.5;30
LKOH;0;20260414;172814;5426.5;2
LKOH;0;20260414;172814;5426.5;50
LKOH;0;20260414;172814;5426;1
LKOH;0;20260414;172817;5426;1
LKOH;0;20260414;172817;5425.5;1
LKOH;0;20260414;172817;5425.5;13
LKOH;0;20260414;172817;5425.5;6
LKOH;0;20260414;172817;5425.5;6
LKOH;0;20260414;172817;5425;1
LKOH;0;20260414;172817;5425;1
LKOH;0;20260414;172817;5425;1
LKOH;0;20260414;172818;5425;20
LKOH;0;20260414;172827;5427;1
LKOH;0;20260414;172827;5427;1
LKOH;0;20260414;172832;5427;4
LKOH;0;20260414;172835;5427.5;1
LKOH;0;20260414;172835;5427.5;24
LKOH;0;20260414;172843;5427;1
LKOH;0;20260414;172843;5426.5;1
LKOH;0;20260414;172845;5427.5;1
LKOH;0;20260414;172848;5427.5;1
LKOH;0;20260414;172848;5427.5;7
LKOH;0;20260414;172848;5427.5;1
LKOH;0;20260414;172848;5427.5;2
LKOH;0;20260414;172910;5427;1
LKOH;0;20260414;172914;5427;1
LKOH;0;20260414;172916;5427;1
LKOH;0;20260414;172916;5427;5
LKOH;0;20260414;172916;5427;3
LKOH;0;20260414;172916;5427;1
LKOH;0;20260414;172916;5427;1
LKOH;0;20260414;172916;5426.5;299
LKOH;0;20260414;172916;5426.5;1
LKOH;0;20260414;172919;5426.5;1
LKOH;0;20260414;172933;5426.5;1
LKOH;0;20260414;172937;5426.5;138
LKOH;0;20260414;172941;5426.5;1
LKOH;0;20260414;172941;5426.5;1
LKOH;0;20260414;172942;5426;1
LKOH;0;20260414;172952;5425.5;10
LKOH;0;20260414;173002;5425;40
LKOH;0;20260414;173002;5425;10
LKOH;0;20260414;173005;5425;21
LKOH;0;20260414;173008;5425;1
LKOH;0;20260414;173009;5424.5;2
LKOH;0;20260414;173009;5424.5;10
LKOH;0;20260414;173009;5424.5;30
LKOH;0;20260414;173016;5424;1
LKOH;0;20260414;173022;5424.5;1
LKOH;0;20260414;173026;5424;19
LKOH;0;20260414;173026;5424;1
LKOH;0;20260414;173026;5424;9
LKOH;0;20260414;173026;5424;9
LKOH;0;20260414;173036;5424;1
LKOH;0;20260414;173036;5424;6
LKOH;0;20260414;173038;5423.5;2
LKOH;0;20260414;173038;5423.5;12
LKOH;0;20260414;173038;5423.5;12
LKOH;0;20260414;173038;5423.5;18
LKOH;0;20260414;173038;5423.5;28
LKOH;0;20260414;173038;5423.5;12
LKOH;0;20260414;173038;5423.5;16
LKOH;0;20260414;173039;5423.5;26
LKOH;0;20260414;173039;5423.5;4
LKOH;0;20260414;173039;5423;8
LKOH;0;20260414;173039;5423;2
LKOH;0;20260414;173039;5423;3
LKOH;0;20260414;173039;5423;2
LKOH;0;20260414;173039;5423;14
LKOH;0;20260414;173039;5423;5
LKOH;0;20260414;173039;5423.5;1
LKOH;0;20260414;173040;5423.5;6
LKOH;0;20260414;173040;5423.5;5
LKOH;0;20260414;173046;5423.5;1
LKOH;0;20260414;173047;5423;1
LKOH;0;20260414;173048;5423.5;3
LKOH;0;20260414;173049;5423;75
LKOH;0;20260414;173049;5423;1
LKOH;0;20260414;173049;5423;24
LKOH;0;20260414;173055;5423;10
LKOH;0;20260414;173055;5423;5
LKOH;0;20260414;173056;5422.5;10
LKOH;0;20260414;173100;5423;1
LKOH;0;20260414;173102;5423;35
LKOH;0;20260414;173103;5423;6
LKOH;0;20260414;173104;5423;1
LKOH;0;20260414;173108;5423;6
LKOH;0;20260414;173108;5423;280
LKOH;0;20260414;173109;5423.5;13
LKOH;0;20260414;173111;5424.5;145
LKOH;0;20260414;173111;5424.5;33
LKOH;0;20260414;173111;5425;30
LKOH;0;20260414;173111;5425;3
LKOH;0;20260414;173117;5425.5;1
LKOH;0;20260414;173119;5427;31
LKOH;0;20260414;173119;5427;28
LKOH;0;20260414;173119;5427.5;60
LKOH;0;20260414;173119;5427.5;3
LKOH;0;20260414;173119;5427.5;2
LKOH;0;20260414;173119;5428;1
LKOH;0;20260414;173119;5428;1
LKOH;0;20260414;173119;5428;2
LKOH;0;20260414;173119;5428;30
LKOH;0;20260414;173119;5428.5;1
LKOH;0;20260414;173119;5428;33
LKOH;0;20260414;173119;5428;33
LKOH;0;20260414;173119;5428;31
LKOH;0;20260414;173133;5428;18
LKOH;0;20260414;173139;5427.5;1
LKOH;0;20260414;173141;5427;1
LKOH;0;20260414;173146;5425.5;1
LKOH;0;20260414;173149;5426.5;1
LKOH;0;20260414;173150;5426.5;2
LKOH;0;20260414;173158;5426.5;1
LKOH;0;20260414;173159;5426.5;1
LKOH;0;20260414;173210;5426;1
LKOH;0;20260414;173220;5426;2
LKOH;0;20260414;173224;5426;1
LKOH;0;20260414;173226;5426.5;33
LKOH;0;20260414;173226;5426.5;2
LKOH;0;20260414;173226;5426.5;1
LKOH;0;20260414;173226;5426.5;12
LKOH;0;20260414;173226;5427;1
LKOH;0;20260414;173226;5427;1
LKOH;0;20260414;173229;5426.5;11
LKOH;0;20260414;173231;5427;1
LKOH;0;20260414;173258;5426;1
LKOH;0;20260414;173301;5426.5;1
LKOH;0;20260414;173308;5426;1
LKOH;0;20260414;173313;5426.5;1
LKOH;0;20260414;173316;5426.5;1
LKOH;0;20260414;173320;5426.5;1
LKOH;0;20260414;173324;5426;1
LKOH;0;20260414;173326;5426;3
LKOH;0;20260414;173326;5426;1
LKOH;0;20260414;173326;5425.5;1
LKOH;0;20260414;173330;5426;1
LKOH;0;20260414;173332;5425.5;1
LKOH;0;20260414;173334;5425.5;7
LKOH;0;20260414;173334;5425;1
LKOH;0;20260414;173334;5425;9
LKOH;0;20260414;173334;5425;1
LKOH;0;20260414;173334;5424.5;1
LKOH;0;20260414;173334;5424.5;300
LKOH;0;20260414;173335;5424.5;181
LKOH;0;20260414;173335;5424.5;30
LKOH;0;20260414;173335;5424.5;12
LKOH;0;20260414;173335;5424.5;31
LKOH;0;20260414;173335;5425;1
LKOH;0;20260414;173335;5425;30
LKOH;0;20260414;173335;5425;65
LKOH;0;20260414;173346;5424.5;1
LKOH;0;20260414;173351;5424.5;10
LKOH;0;20260414;173358;5424.5;28
LKOH;0;20260414;173401;5424.5;2
LKOH;0;20260414;173408;5424;15
LKOH;0;20260414;173421;5424.5;2
LKOH;0;20260414;173427;5424.5;2
LKOH;0;20260414;173432;5424;25
LKOH;0;20260414;173432;5424;50
LKOH;0;20260414;173432;5424;49
LKOH;0;20260414;173432;5424;30
LKOH;0;20260414;173432;5424;1
LKOH;0;20260414;173432;5423.5;1
LKOH;0;20260414;173432;5423;1
LKOH;0;20260414;173432;5423;50
LKOH;0;20260414;173433;5424;1
LKOH;0;20260414;173435;5423.5;2
LKOH;0;20260414;173438;5423.5;1
LKOH;0;20260414;173442;5423.5;1
LKOH;0;20260414;173446;5423;1
LKOH;0;20260414;173451;5423.5;1
LKOH;0;20260414;173451;5423;50
LKOH;0;20260414;173459;5423;10
LKOH;0;20260414;173503;5422.5;250
LKOH;0;20260414;173504;5422.5;11
LKOH;0;20260414;173504;5422.5;1
LKOH;0;20260414;173505;5422;30
LKOH;0;20260414;173505;5422;1
LKOH;0;20260414;173507;5421.5;3
LKOH;0;20260414;173507;5421.5;18
LKOH;0;20260414;173507;5421.5;12
LKOH;0;20260414;173507;5421;12
LKOH;0;20260414;173507;5421;5
LKOH;0;20260414;173507;5421;11
LKOH;0;20260414;173507;5421;6
LKOH;0;20260414;173507;5421;2
LKOH;0;20260414;173507;5421;2
LKOH;0;20260414;173507;5421;1
LKOH;0;20260414;173507;5421;2
LKOH;0;20260414;173507;5421;1
LKOH;0;20260414;173507;5421;18
LKOH;0;20260414;173507;5421;8
LKOH;0;20260414;173507;5421;8
LKOH;0;20260414;173507;5420.5;3
LKOH;0;20260414;173507;5420.5;1
LKOH;0;20260414;173507;5420.5;10
LKOH;0;20260414;173507;5420.5;20
LKOH;0;20260414;173507;5420.5;150
LKOH;0;20260414;173507;5420.5;500
LKOH;0;20260414;173507;5420.5;1
LKOH;0;20260414;173507;5420.5;11
LKOH;0;20260414;173507;5420.5;267
LKOH;0;20260414;173507;5420.5;10
LKOH;0;20260414;173507;5420.5;30
LKOH;0;20260414;173507;5420.5;1
LKOH;0;20260414;173507;5420;4
LKOH;0;20260414;173508;5420;140
LKOH;0;20260414;173508;5420;150
LKOH;0;20260414;173508;5420;75
LKOH;0;20260414;173508;5420;25
LKOH;0;20260414;173508;5420;15
LKOH;0;20260414;173508;5420;171
LKOH;0;20260414;173508;5420;85
LKOH;0;20260414;173508;5420;28
LKOH;0;20260414;173509;5420;1046
LKOH;0;20260414;173509;5420;10
LKOH;0;20260414;173509;5420;200
LKOH;0;20260414;173511;5420;500
LKOH;0;20260414;173513;5420.5;1
LKOH;0;20260414;173514;5420;2500
LKOH;0;20260414;173514;5420;56
LKOH;0;20260414;173514;5420;36
LKOH;0;20260414;173514;5420;133
LKOH;0;20260414;173514;5420;1
LKOH;0;20260414;173514;5420;1
LKOH;0;20260414;173514;5420;9
LKOH;0;20260414;173514;5420;1
LKOH;0;20260414;173514;5420;30
LKOH;0;20260414;173514;5420;3
LKOH;0;20260414;173514;5420;2
LKOH;0;20260414;173514;5420;1
LKOH;0;20260414;173514;5420;1
LKOH;0;20260414;173514;5420;2
LKOH;0;20260414;173514;5420;2
LKOH;0;20260414;173514;5420;1
LKOH;0;20260414;173514;5420;7
LKOH;0;20260414;173514;5420;10
LKOH;0;20260414;173514;5420;10
LKOH;0;20260414;173514;5420;1
LKOH;0;20260414;173514;5420;15
LKOH;0;20260414;173514;5420;7
LKOH;0;20260414;173514;5420;1
LKOH;0;20260414;173514;5420;10
LKOH;0;20260414;173514;5420;1
LKOH;0;20260414;173514;5420;5
LKOH;0;20260414;173514;5420;3
LKOH;0;20260414;173514;5420;1
LKOH;0;20260414;173514;5420;17
LKOH;0;20260414;173514;5420;1
LKOH;0;20260414;173514;5420;1
LKOH;0;20260414;173514;5420;4
LKOH;0;20260414;173514;5420;1
LKOH;0;20260414;173514;5420;1
LKOH;0;20260414;173514;5420;1
LKOH;0;20260414;173514;5420;1
LKOH;0;20260414;173514;5420;1
LKOH;0;20260414;173514;5419;1
LKOH;0;20260414;173514;5419;25
LKOH;0;20260414;173514;5419;8
LKOH;0;20260414;173514;5419;1
LKOH;0;20260414;173514;5419;1
LKOH;0;20260414;173514;5418.5;2
LKOH;0;20260414;173514;5418.5;19
LKOH;0;20260414;173514;5418.5;1
LKOH;0;20260414;173514;5418;20
LKOH;0;20260414;173514;5418;1
LKOH;0;20260414;173514;5418;1
LKOH;0;20260414;173514;5418;6
LKOH;0;20260414;173514;5418;100
LKOH;0;20260414;173514;5417.5;2
LKOH;0;20260414;173514;5417.5;1
LKOH;0;20260414;173514;5417.5;1
LKOH;0;20260414;173514;5417;30
LKOH;0;20260414;173514;5417;2
LKOH;0;20260414;173514;5417;89
LKOH;0;20260414;173514;5417;1
LKOH;0;20260414;173514;5418;1
LKOH;0;20260414;173515;5417.5;8
LKOH;0;20260414;173515;5417.5;1
LKOH;0;20260414;173517;5417.5;7
LKOH;0;20260414;173517;5417;10
LKOH;0;20260414;173517;5417;33
LKOH;0;20260414;173518;5417;73
LKOH;0;20260414;173518;5417;5
LKOH;0;20260414;173518;5417;1
LKOH;0;20260414;173518;5417;5
LKOH;0;20260414;173518;5417;5
LKOH;0;20260414;173518;5417;5
LKOH;0;20260414;173518;5417;6
LKOH;0;20260414;173519;5417.5;1
LKOH;0;20260414;173520;5417.5;1
LKOH;0;20260414;173524;5417;10
LKOH;0;20260414;173525;5417;50
LKOH;0;20260414;173536;5417.5;2
LKOH;0;20260414;173537;5417;34
LKOH;0;20260414;173537;5417;21
LKOH;0;20260414;173539;5417.5;1
LKOH;0;20260414;173540;5417;50
LKOH;0;20260414;173541;5417;395
LKOH;0;20260414;173541;5417;800
LKOH;0;20260414;173541;5416.5;23
LKOH;0;20260414;173541;5416.5;3
LKOH;0;20260414;173541;5416.5;1
LKOH;0;20260414;173541;5416;3
LKOH;0;20260414;173541;5416;2
LKOH;0;20260414;173541;5416;10
LKOH;0;20260414;173541;5416;2
LKOH;0;20260414;173541;5416;1
LKOH;0;20260414;173541;5415.5;2
LKOH;0;20260414;173541;5415.5;1
LKOH;0;20260414;173541;5415.5;1
LKOH;0;20260414;173541;5415.5;1
LKOH;0;20260414;173541;5415.5;5
LKOH;0;20260414;173541;5415.5;5
LKOH;0;20260414;173541;5415.5;8
LKOH;0;20260414;173541;5415.5;8
LKOH;0;20260414;173541;5415.5;8
LKOH;0;20260414;173541;5415.5;8
LKOH;0;20260414;173541;5415.5;26
LKOH;0;20260414;173541;5415.5;60
LKOH;0;20260414;173541;5415;1
LKOH;0;20260414;173541;5415;1
LKOH;0;20260414;173541;5415;6
LKOH;0;20260414;173541;5415;1
LKOH;0;20260414;173541;5415;1
LKOH;0;20260414;173541;5415;10
LKOH;0;20260414;173541;5415;1
LKOH;0;20260414;173541;5415;10
LKOH;0;20260414;173541;5415;2
LKOH;0;20260414;173541;5415;1
LKOH;0;20260414;173541;5415;1
LKOH;0;20260414;173541;5415;55
LKOH;0;20260414;173541;5415;1
LKOH;0;20260414;173541;5415;9
LKOH;0;20260414;173541;5415;11
LKOH;0;20260414;173541;5415;1
LKOH;0;20260414;173541;5415;24
LKOH;0;20260414;173541;5415;1
LKOH;0;20260414;173541;5415;2
LKOH;0;20260414;173541;5415;3
LKOH;0;20260414;173541;5415;5
LKOH;0;20260414;173541;5415;1
LKOH;0;20260414;173541;5415;1
LKOH;0;20260414;173541;5415;4
LKOH;0;20260414;173541;5415;100
LKOH;0;20260414;173541;5415;100
LKOH;0;20260414;173541;5415;3
LKOH;0;20260414;173541;5415;10
LKOH;0;20260414;173541;5415;1
LKOH;0;20260414;173541;5415;11
LKOH;0;20260414;173541;5415;8
LKOH;0;20260414;173541;5415;8
LKOH;0;20260414;173541;5415;8
LKOH;0;20260414;173541;5415;8
LKOH;0;20260414;173541;5415;8
LKOH;0;20260414;173541;5415;60
LKOH;0;20260414;173541;5415;1
LKOH;0;20260414;173541;5415;14
LKOH;0;20260414;173541;5415;30
LKOH;0;20260414;173541;5414.5;1
LKOH;0;20260414;173541;5414.5;1
LKOH;0;20260414;173541;5414.5;50
LKOH;0;20260414;173541;5414.5;100
LKOH;0;20260414;173541;5414.5;5
LKOH;0;20260414;173541;5414.5;5
LKOH;0;20260414;173541;5414.5;5
LKOH;0;20260414;173541;5414.5;5
LKOH;0;20260414;173541;5414.5;300
LKOH;0;20260414;173541;5414.5;60
LKOH;0;20260414;173541;5414.5;30
LKOH;0;20260414;173541;5414.5;20
LKOH;0;20260414;173541;5414.5;25
LKOH;0;20260414;173541;5414;5
LKOH;0;20260414;173541;5414;1
LKOH;0;20260414;173541;5414;2
LKOH;0;20260414;173541;5414;5
LKOH;0;20260414;173541;5414;1
LKOH;0;20260414;173541;5414;1
LKOH;0;20260414;173541;5414;11
LKOH;0;20260414;173541;5414;1
LKOH;0;20260414;173541;5414;6
LKOH;0;20260414;173541;5414;1
LKOH;0;20260414;173541;5414;100
LKOH;0;20260414;173541;5414;2700
LKOH;0;20260414;173541;5414;120
LKOH;0;20260414;173541;5414;2
LKOH;0;20260414;173541;5414;30
LKOH;0;20260414;173541;5414;20
LKOH;0;20260414;173541;5413.5;5
LKOH;0;20260414;173541;5413.5;3
LKOH;0;20260414;173541;5413.5;1
LKOH;0;20260414;173541;5413.5;1
LKOH;0;20260414;173541;5413.5;1
LKOH;0;20260414;173541;5413.5;100
LKOH;0;20260414;173541;5413.5;200
LKOH;0;20260414;173541;5413.5;20
LKOH;0;20260414;173541;5413.5;10
LKOH;0;20260414;173541;5413.5;5
LKOH;0;20260414;173541;5413.5;5
LKOH;0;20260414;173541;5413.5;1
LKOH;0;20260414;173541;5413.5;26
LKOH;0;20260414;173541;5413.5;26
LKOH;0;20260414;173541;5413.5;20
LKOH;0;20260414;173541;5413.5;30
LKOH;0;20260414;173541;5413.5;18
LKOH;0;20260414;173541;5413.5;118
LKOH;0;20260414;173541;5413;901
LKOH;0;20260414;173541;5413.5;38
LKOH;0;20260414;173541;5413;149
LKOH;0;20260414;173541;5415;1
LKOH;0;20260414;173541;5415;9
LKOH;0;20260414;173541;5415;10
LKOH;0;20260414;173542;5414;1
LKOH;0;20260414;173542;5415;2
LKOH;0;20260414;173544;5415;5
LKOH;0;20260414;173545;5415;1
LKOH;0;20260414;173547;5414.5;8
LKOH;0;20260414;173547;5414.5;8
LKOH;0;20260414;173547;5414.5;1
LKOH;0;20260414;173547;5414.5;1
LKOH;0;20260414;173547;5414.5;10
LKOH;0;20260414;173547;5414;44
LKOH;0;20260414;173547;5414;42
LKOH;0;20260414;173547;5414;14
LKOH;0;20260414;173547;5414;8
LKOH;0;20260414;173547;5414;1
LKOH;0;20260414;173547;5413.5;66
LKOH;0;20260414;173547;5413.5;7
LKOH;0;20260414;173553;5414.5;1
LKOH;0;20260414;173553;5414.5;1
LKOH;0;20260414;173553;5414.5;1
LKOH;0;20260414;173559;5414.5;1
LKOH;0;20260414;173559;5414.5;4
LKOH;0;20260414;173601;5414.5;38
LKOH;0;20260414;173606;5414.5;30
LKOH;0;20260414;173608;5414.5;5
LKOH;0;20260414;173611;5414.5;1
LKOH;0;20260414;173612;5414.5;1
LKOH;0;20260414;173613;5414.5;8
LKOH;0;20260414;173616;5414.5;5
LKOH;0;20260414;173617;5414.5;1
LKOH;0;20260414;173619;5414.5;1
LKOH;0;20260414;173620;5414.5;15
LKOH;0;20260414;173622;5414.5;1
LKOH;0;20260414;173623;5414.5;2
LKOH;0;20260414;173624;5414;10
LKOH;0;20260414;173624;5414;8
LKOH;0;20260414;173624;5414;1
LKOH;0;20260414;173624;5414;1
LKOH;0;20260414;173624;5414;10
LKOH;0;20260414;173624;5414;1
LKOH;0;20260414;173625;5414;100
LKOH;0;20260414;173625;5413.5;5
LKOH;0;20260414;173625;5413.5;5
LKOH;0;20260414;173626;5413.5;5
LKOH;0;20260414;173626;5413.5;2
LKOH;0;20260414;173626;5413.5;5
LKOH;0;20260414;173626;5413.5;28
LKOH;0;20260414;173629;5413.5;22
LKOH;0;20260414;173631;5413.5;30
LKOH;0;20260414;173632;5413.5;1
LKOH;0;20260414;173632;5413.5;2
LKOH;0;20260414;173633;5413.5;1
LKOH;0;20260414;173635;5413;1
LKOH;0;20260414;173636;5413;148
LKOH;0;20260414;173636;5413;74
LKOH;0;20260414;173636;5413;25
LKOH;0;20260414;173636;5413;17
LKOH;0;20260414;173636;5413;198
LKOH;0;20260414;173636;5413;99
LKOH;0;20260414;173636;5413;33
LKOH;0;20260414;173636;5413.5;25
LKOH;0;20260414;173638;5413.5;1
LKOH;0;20260414;173641;5413.5;15
LKOH;0;20260414;173641;5413.5;2
LKOH;0;20260414;173646;5413;18
LKOH;0;20260414;173647;5413;1
LKOH;0;20260414;173649;5413.5;1
LKOH;0;20260414;173650;5413.5;194
LKOH;0;20260414;173651;5413.5;1
LKOH;0;20260414;173708;5413.5;6
LKOH;0;20260414;173709;5413.5;3
LKOH;0;20260414;173710;5413.5;43
LKOH;0;20260414;173717;5413;3
LKOH;0;20260414;173717;5413.5;44
LKOH;0;20260414;173718;5413.5;74
LKOH;0;20260414;173718;5413.5;1
LKOH;0;20260414;173718;5413.5;25
LKOH;0;20260414;173720;5413.5;100
LKOH;0;20260414;173721;5413.5;20
LKOH;0;20260414;173725;5413.5;10
LKOH;0;20260414;173727;5413.5;50
LKOH;0;20260414;173730;5413.5;2
LKOH;0;20260414;173737;5413.5;10
LKOH;0;20260414;173738;5413.5;3
LKOH;0;20260414;173747;5413.5;1
LKOH;0;20260414;173749;5413.5;1
LKOH;0;20260414;173750;5413;10
LKOH;0;20260414;173750;5413.5;2
LKOH;0;20260414;173751;5413;50
LKOH;0;20260414;173752;5413.5;1
LKOH;0;20260414;173801;5413.5;1
LKOH;0;20260414;173803;5413.5;1
LKOH;0;20260414;173805;5413;2
LKOH;0;20260414;173810;5413.5;1
LKOH;0;20260414;173815;5413;2
LKOH;0;20260414;173817;5413.5;1
LKOH;0;20260414;173823;5413.5;1
LKOH;0;20260414;173828;5413.5;1
LKOH;0;20260414;173831;5413.5;2
LKOH;0;20260414;173831;5413.5;3
LKOH;0;20260414;173832;5413.5;3
LKOH;0;20260414;173835;5413;162
LKOH;0;20260414;173835;5413.5;99
LKOH;0;20260414;173836;5413.5;2
LKOH;0;20260414;173837;5413;9388
LKOH;0;20260414;173837;5413;9
LKOH;0;20260414;173837;5413;9
LKOH;0;20260414;173837;5413;9
LKOH;0;20260414;173837;5413;9
LKOH;0;20260414;173837;5413;9
LKOH;0;20260414;173837;5413;9
LKOH;0;20260414;173838;5413;1807
LKOH;0;20260414;173840;5413;500
LKOH;0;20260414;173842;5413.5;5
LKOH;0;20260414;173842;5413.5;1
LKOH;0;20260414;173842;5413.5;4
LKOH;0;20260414;173842;5413.5;1
LKOH;0;20260414;173844;5413;93
LKOH;0;20260414;173846;5413;50
LKOH;0;20260414;173848;5413;4
LKOH;0;20260414;173849;5413;26
LKOH;0;20260414;173853;5413.5;1
LKOH;0;20260414;173854;5413;25
LKOH;0;20260414;173908;5413.5;10
LKOH;0;20260414;173908;5413.5;53
LKOH;0;20260414;173908;5413.5;17
LKOH;0;20260414;173908;5413.5;220
LKOH;0;20260414;173917;5413.5;1
LKOH;0;20260414;173920;5413.5;4
LKOH;0;20260414;173927;5413;21
LKOH;0;20260414;173928;5413.5;200
LKOH;0;20260414;173932;5413.5;50
LKOH;0;20260414;173933;5413.5;100
LKOH;0;20260414;173934;5413.5;16
LKOH;0;20260414;173936;5413;1
LKOH;0;20260414;173937;5413.5;1
LKOH;0;20260414;173948;5413.5;1
LKOH;0;20260414;173949;5413;1
LKOH;0;20260414;174001;5413.5;2
LKOH;0;20260414;174003;5413.5;1
LKOH;0;20260414;174004;5413.5;9
LKOH;0;20260414;174011;5413.5;328
LKOH;0;20260414;174012;5413.5;3
LKOH;0;20260414;174017;5413.5;147
LKOH;0;20260414;174021;5413.5;41
LKOH;0;20260414;174021;5413.5;82
LKOH;0;20260414;174021;5413.5;73
LKOH;0;20260414;174021;5413.5;32
LKOH;0;20260414;174024;5413.5;1
LKOH;0;20260414;174024;5413.5;300
LKOH;0;20260414;174025;5413.5;6
LKOH;0;20260414;174029;5413.5;300
LKOH;0;20260414;174031;5413.5;100
LKOH;0;20260414;174035;5413.5;50
LKOH;0;20260414;174046;5413.5;2
LKOH;0;20260414;174048;5413.5;1
LKOH;0;20260414;174049;5413.5;1
LKOH;0;20260414;174054;5413.5;800
LKOH;0;20260414;174054;5413.5;36
LKOH;0;20260414;174054;5413.5;144
LKOH;0;20260414;174054;5413.5;180
LKOH;0;20260414;174054;5413.5;36
LKOH;0;20260414;174054;5413.5;144
LKOH;0;20260414;174054;5413.5;180
LKOH;0;20260414;174054;5413.5;45
LKOH;0;20260414;174054;5413.5;36
LKOH;0;20260414;174054;5413.5;144
LKOH;0;20260414;174054;5413.5;180
LKOH;0;20260414;174054;5413.5;26
LKOH;0;20260414;174054;5413.5;36
LKOH;0;20260414;174054;5413.5;144
LKOH;0;20260414;174054;5413.5;180
LKOH;0;20260414;174054;5413.5;4
LKOH;0;20260414;174054;5413.5;36
LKOH;0;20260414;174054;5413.5;144
LKOH;0;20260414;174054;5413.5;2
LKOH;0;20260414;174054;5413.5;8
LKOH;0;20260414;174054;5415;3
LKOH;0;20260414;174054;5415;9
LKOH;0;20260414;174054;5415;9
LKOH;0;20260414;174054;5415;7
LKOH;0;20260414;174100;5416.5;1
LKOH;0;20260414;174100;5418.5;1
LKOH;0;20260414;174100;5418;1
LKOH;0;20260414;174100;5416;10
LKOH;0;20260414;174100;5416;32
LKOH;0;20260414;174100;5416;35
LKOH;0;20260414;174100;5416;27
LKOH;0;20260414;174100;5416;48
LKOH;0;20260414;174100;5416;1
LKOH;0;20260414;174100;5415.5;1
LKOH;0;20260414;174100;5415.5;1
LKOH;0;20260414;174100;5415.5;1
LKOH;0;20260414;174100;5415.5;60
LKOH;0;20260414;174100;5415;60
LKOH;0;20260414;174100;5415;20
LKOH;0;20260414;174100;5415;1
LKOH;0;20260414;174100;5415;1
LKOH;0;20260414;174100;5415;300
LKOH;0;20260414;174100;5415;1
LKOH;0;20260414;174100;5414.5;20
LKOH;0;20260414;174100;5414.5;1
LKOH;0;20260414;174100;5414.5;30
LKOH;0;20260414;174100;5414;20
LKOH;0;20260414;174100;5414;506
LKOH;0;20260414;174100;5414;1
LKOH;0;20260414;174100;5414;222
LKOH;0;20260414;174100;5414;18
LKOH;0;20260414;174100;5414;25
LKOH;0;20260414;174100;5413.5;20
LKOH;0;20260414;174100;5413.5;1
LKOH;0;20260414;174100;5413.5;4
LKOH;0;20260414;174100;5413.5;2
LKOH;0;20260414;174100;5413.5;2
LKOH;0;20260414;174100;5413.5;18
LKOH;0;20260414;174100;5413.5;118
LKOH;0;20260414;174100;5413.5;100
LKOH;0;20260414;174100;5413;9
LKOH;0;20260414;174109;5415;1
LKOH;0;20260414;174111;5415;1
LKOH;0;20260414;174111;5416;5
LKOH;0;20260414;174111;5416;1
LKOH;0;20260414;174111;5416;7
LKOH;0;20260414;174111;5416.5;3
LKOH;0;20260414;174115;5416;1
LKOH;0;20260414;174128;5416.5;1
LKOH;0;20260414;174130;5415.5;2
LKOH;0;20260414;174130;5415.5;1
LKOH;0;20260414;174130;5415;10
LKOH;0;20260414;174132;5416.5;1
LKOH;0;20260414;174133;5416.5;1
LKOH;0;20260414;174134;5416.5;1
LKOH;0;20260414;174138;5416;2
LKOH;0;20260414;174138;5416;2
LKOH;0;20260414;174143;5416;8
LKOH;0;20260414;174145;5416;1
LKOH;0;20260414;174147;5416;2
LKOH;0;20260414;174150;5416;3
LKOH;0;20260414;174152;5415.5;1
LKOH;0;20260414;174152;5415;2
LKOH;0;20260414;174154;5416;2
LKOH;0;20260414;174154;5416;1
LKOH;0;20260414;174156;5416;1
LKOH;0;20260414;174158;5416.5;1
LKOH;0;20260414;174204;5416.5;1
LKOH;0;20260414;174204;5416.5;1
LKOH;0;20260414;174204;5416;1
LKOH;0;20260414;174208;5416.5;4
LKOH;0;20260414;174222;5416;1
LKOH;0;20260414;174222;5416;1
LKOH;0;20260414;174231;5416;1
LKOH;0;20260414;174232;5416;3
LKOH;0;20260414;174232;5416;2
LKOH;0;20260414;174237;5416.5;1
LKOH;0;20260414;174243;5416.5;40
LKOH;0;20260414;174248;5416.5;3
LKOH;0;20260414;174254;5416.5;1
LKOH;0;20260414;174257;5416.5;1
LKOH;0;20260414;174257;5417;1
LKOH;0;20260414;174257;5417.5;3
LKOH;0;20260414;174302;5417.5;1
LKOH;0;20260414;174306;5417.5;2
LKOH;0;20260414;174307;5417.5;1
LKOH;0;20260414;174310;5417.5;1
LKOH;0;20260414;174311;5417.5;15
LKOH;0;20260414;174311;5417.5;2
LKOH;0;20260414;174311;5417.5;5
LKOH;0;20260414;174311;5417.5;5
LKOH;0;20260414;174311;5417.5;1
LKOH;0;20260414;174311;5418;12
LKOH;0;20260414;174311;5418;48
LKOH;0;20260414;174311;5418;30
LKOH;0;20260414;174311;5418;1
LKOH;0;20260414;174311;5418;1
LKOH;0;20260414;174311;5418;12
LKOH;0;20260414;174311;5418.5;35
LKOH;0;20260414;174311;5418.5;18
LKOH;0;20260414;174311;5418.5;1
LKOH;0;20260414;174311;5418.5;20
LKOH;0;20260414;174311;5418.5;30
LKOH;0;20260414;174311;5418.5;5
LKOH;0;20260414;174311;5418.5;5
LKOH;0;20260414;174311;5419;1
LKOH;0;20260414;174311;5419;20
LKOH;0;20260414;174311;5419;30
LKOH;0;20260414;174311;5419;60
LKOH;0;20260414;174311;5419;60
LKOH;0;20260414;174311;5419;18
LKOH;0;20260414;174311;5419;25
LKOH;0;20260414;174311;5419;100
LKOH;0;20260414;174311;5419.5;1
LKOH;0;20260414;174311;5419.5;20
LKOH;0;20260414;174311;5419.5;30
LKOH;0;20260414;174311;5419.5;60
LKOH;0;20260414;174313;5420;1
LKOH;0;20260414;174314;5420;1
LKOH;0;20260414;174324;5420;1
LKOH;0;20260414;174328;5420;7
LKOH;0;20260414;174328;5420;5
LKOH;0;20260414;174328;5420;5
LKOH;0;20260414;174328;5420;18
LKOH;0;20260414;174328;5420;5
LKOH;0;20260414;174328;5420;5
LKOH;0;20260414;174328;5420;50
LKOH;0;20260414;174328;5420;5
LKOH;0;20260414;174333;5419.5;2
LKOH;0;20260414;174333;5420;2
LKOH;0;20260414;174333;5420;3
LKOH;0;20260414;174350;5420.5;1
LKOH;0;20260414;174356;5420;5
LKOH;0;20260414;174400;5420;2
LKOH;0;20260414;174407;5420;3
LKOH;0;20260414;174407;5420;12
LKOH;0;20260414;174407;5420;30
LKOH;0;20260414;174407;5420;5
LKOH;0;20260414;174416;5420;1
LKOH;0;20260414;174419;5419.5;2
LKOH;0;20260414;174430;5420;1
LKOH;0;20260414;174431;5419.5;1
LKOH;0;20260414;174435;5420;2
LKOH;0;20260414;174440;5420;1
LKOH;0;20260414;174440;5420;1
LKOH;0;20260414;174445;5420;3
LKOH;0;20260414;174447;5420;3
LKOH;0;20260414;174455;5420;10
LKOH;0;20260414;174456;5420;9
LKOH;0;20260414;174500;5420;1
LKOH;0;20260414;174504;5419.5;9
LKOH;0;20260414;174511;5420;3
LKOH;0;20260414;174515;5420;3
LKOH;0;20260414;174539;5420;1
LKOH;0;20260414;174545;5420;2
LKOH;0;20260414;174546;5419.5;2
LKOH;0;20260414;174546;5419.5;2
LKOH;0;20260414;174547;5419.5;7
LKOH;0;20260414;174547;5419.5;1
LKOH;0;20260414;174555;5419;5
LKOH;0;20260414;174608;5418.5;1
LKOH;0;20260414;174609;5418.5;11
LKOH;0;20260414;174610;5418;2
LKOH;0;20260414;174610;5418;3
LKOH;0;20260414;174613;5418.5;1
LKOH;0;20260414;174615;5418;16
LKOH;0;20260414;174615;5417.5;1
LKOH;0;20260414;174615;5417.5;50
LKOH;0;20260414;174615;5417;1
LKOH;0;20260414;174615;5416.5;17
LKOH;0;20260414;174615;5416.5;1
LKOH;0;20260414;174615;5416.5;4
LKOH;0;20260414;174615;5416.5;1
LKOH;0;20260414;174615;5416.5;1
LKOH;0;20260414;174615;5416.5;2
LKOH;0;20260414;174615;5416;1
LKOH;0;20260414;174615;5416;1
LKOH;0;20260414;174615;5416;1
LKOH;0;20260414;174615;5416;100
LKOH;0;20260414;174615;5416;3
LKOH;0;20260414;174615;5416;65
LKOH;0;20260414;174624;5417;1
LKOH;0;20260414;174624;5417;5
LKOH;0;20260414;174626;5417;2
LKOH;0;20260414;174630;5417;10
LKOH;0;20260414;174635;5417;1
LKOH;0;20260414;174641;5416;10
LKOH;0;20260414;174646;5418;1
LKOH;0;20260414;174647;5418;1
LKOH;0;20260414;174701;5418;1
LKOH;0;20260414;174713;5417;1
LKOH;0;20260414;174714;5418;1
LKOH;0;20260414;174715;5418;1
LKOH;0;20260414;174715;5418;1
LKOH;0;20260414;174715;5418.5;12
LKOH;0;20260414;174715;5418.5;40
LKOH;0;20260414;174715;5418.5;10
LKOH;0;20260414;174715;5419;24
LKOH;0;20260414;174715;5419;1
LKOH;0;20260414;174715;5419;1
LKOH;0;20260414;174715;5419;7
LKOH;0;20260414;174715;5419.5;5
LKOH;0;20260414;174735;5419;8
LKOH;0;20260414;174735;5419;8
LKOH;0;20260414;174735;5419;8
LKOH;0;20260414;174735;5419;8
LKOH;0;20260414;174735;5419;12
LKOH;0;20260414;174735;5419;8
LKOH;0;20260414;174735;5419;8
LKOH;0;20260414;174735;5419.5;10
LKOH;0;20260414;174735;5419.5;3
LKOH;0;20260414;174735;5419.5;2
LKOH;0;20260414;174743;5420;1
LKOH;0;20260414;174746;5419.5;5
LKOH;0;20260414;174746;5419.5;1
LKOH;0;20260414;174757;5419;1
LKOH;0;20260414;174804;5418.5;1
LKOH;0;20260414;174811;5419.5;1
LKOH;0;20260414;174827;5419.5;1
LKOH;0;20260414;174832;5419.5;1
LKOH;0;20260414;174840;5419.5;1
LKOH;0;20260414;174847;5419.5;2
LKOH;0;20260414;174855;5419.5;4
LKOH;0;20260414;174858;5419.5;140
LKOH;0;20260414;174900;5419.5;1
LKOH;0;20260414;174902;5419.5;1
LKOH;0;20260414;174905;5419.5;1
LKOH;0;20260414;174921;5419.5;1
LKOH;0;20260414;174921;5419.5;6
LKOH;0;20260414;174923;5419.5;3
LKOH;0;20260414;174923;5419.5;2
LKOH;0;20260414;174925;5420;7
LKOH;0;20260414;174925;5420;9
LKOH;0;20260414;174925;5420;1
LKOH;0;20260414;174931;5420;1
LKOH;0;20260414;174935;5420;3
LKOH;0;20260414;174937;5420;1
LKOH;0;20260414;174937;5420;8
LKOH;0;20260414;174937;5420;1
LKOH;0;20260414;174944;5420;1
LKOH;0;20260414;174951;5419.5;11
LKOH;0;20260414;174951;5419.5;14
LKOH;0;20260414;174951;5419.5;1
LKOH;0;20260414;174951;5419.5;42
LKOH;0;20260414;174951;5419.5;1
LKOH;0;20260414;174951;5419.5;21
LKOH;0;20260414;174951;5419.5;3
LKOH;0;20260414;174953;5420;3
LKOH;0;20260414;175005;5420;1
LKOH;0;20260414;175016;5421;3
LKOH;0;20260414;175023;5422;4
LKOH;0;20260414;175029;5422.5;1
LKOH;0;20260414;175031;5422.5;1
LKOH;0;20260414;175042;5422.5;1
LKOH;0;20260414;175042;5422;1
LKOH;0;20260414;175048;5422;2
LKOH;0;20260414;175058;5422.5;2
LKOH;0;20260414;175108;5422.5;5
LKOH;0;20260414;175123;5422;1
LKOH;0;20260414;175123;5422;62
LKOH;0;20260414;175127;5421.5;1
LKOH;0;20260414;175130;5421;8
LKOH;0;20260414;175130;5420.5;5
LKOH;0;20260414;175130;5420.5;12
LKOH;0;20260414;175130;5420.5;1
LKOH;0;20260414;175130;5420;5
LKOH;0;20260414;175130;5420;17
LKOH;0;20260414;175130;5420;4
LKOH;0;20260414;175130;5420;1
LKOH;0;20260414;175130;5420;20
LKOH;0;20260414;175130;5420;1
LKOH;0;20260414;175130;5419.5;5
LKOH;0;20260414;175130;5419.5;6
LKOH;0;20260414;175130;5419.5;1
LKOH;0;20260414;175130;5419.5;1
LKOH;0;20260414;175130;5419.5;1
LKOH;0;20260414;175130;5419;2
LKOH;0;20260414;175130;5421;1
LKOH;0;20260414;175132;5421;1
LKOH;0;20260414;175157;5421.5;1
LKOH;0;20260414;175159;5421;1
LKOH;0;20260414;175201;5421;1
LKOH;0;20260414;175206;5421;1
LKOH;0;20260414;175211;5421;3
LKOH;0;20260414;175214;5420.5;11
LKOH;0;20260414;175214;5420.5;3
LKOH;0;20260414;175214;5420.5;1
LKOH;0;20260414;175214;5420.5;1
LKOH;0;20260414;175214;5420;2
LKOH;0;20260414;175214;5420;30
LKOH;0;20260414;175214;5420;1
LKOH;0;20260414;175214;5420;1
LKOH;0;20260414;175216;5420;1
LKOH;0;20260414;175230;5420;2
LKOH;0;20260414;175231;5420;10
LKOH;0;20260414;175240;5420;1
LKOH;0;20260414;175245;5420;1
LKOH;0;20260414;175247;5420;2
LKOH;0;20260414;175247;5420;2
LKOH;0;20260414;175301;5420;20
LKOH;0;20260414;175301;5419.5;3
LKOH;0;20260414;175301;5419.5;1
LKOH;0;20260414;175301;5419.5;1
LKOH;0;20260414;175301;5419.5;30
LKOH;0;20260414;175301;5419.5;2
LKOH;0;20260414;175302;5420;1
LKOH;0;20260414;175314;5419.5;2
LKOH;0;20260414;175319;5420;1
LKOH;0;20260414;175325;5420;1
LKOH;0;20260414;175338;5420;1
LKOH;0;20260414;175339;5420;2
LKOH;0;20260414;175339;5420;6
LKOH;0;20260414;175353;5420;1
LKOH;0;20260414;175353;5420;40
LKOH;0;20260414;175354;5419.5;2
LKOH;0;20260414;175354;5419.5;9
LKOH;0;20260414;175401;5420;1
LKOH;0;20260414;175407;5420;2
LKOH;0;20260414;175413;5420;1
LKOH;0;20260414;175436;5420;2
LKOH;0;20260414;175442;5420;1
LKOH;0;20260414;175448;5420;3
LKOH;0;20260414;175449;5420;124
LKOH;0;20260414;175449;5420;2
LKOH;0;20260414;175449;5420;2
LKOH;0;20260414;175449;5420;10
LKOH;0;20260414;175449;5420.5;222
LKOH;0;20260414;175449;5420.5;16
LKOH;0;20260414;175449;5420.5;14
LKOH;0;20260414;175449;5420.5;3
LKOH;0;20260414;175503;5420;1
LKOH;0;20260414;175510;5420.5;1
LKOH;0;20260414;175511;5420.5;1
LKOH;0;20260414;175521;5420.5;1
LKOH;0;20260414;175524;5420.5;1
LKOH;0;20260414;175530;5420.5;1
LKOH;0;20260414;175536;5420.5;1
LKOH;0;20260414;175542;5420.5;2
LKOH;0;20260414;175545;5420.5;1
LKOH;0;20260414;175546;5420.5;1
LKOH;0;20260414;175549;5420.5;1
LKOH;0;20260414;175600;5420.5;2
LKOH;0;20260414;175600;5420.5;3
LKOH;0;20260414;175604;5420.5;1
LKOH;0;20260414;175624;5420.5;17
LKOH;0;20260414;175624;5420.5;10
LKOH;0;20260414;175624;5420.5;1
LKOH;0;20260414;175624;5420.5;1
LKOH;0;20260414;175624;5420.5;2
LKOH;0;20260414;175624;5420.5;4
LKOH;0;20260414;175624;5420.5;1
LKOH;0;20260414;175631;5421;1
LKOH;0;20260414;175639;5421;1
LKOH;0;20260414;175650;5421;1
LKOH;0;20260414;175652;5420;5
LKOH;0;20260414;175652;5420;10
LKOH;0;20260414;175652;5420;8
LKOH;0;20260414;175652;5420;1
LKOH;0;20260414;175652;5420;51
LKOH;0;20260414;175658;5420.5;2
LKOH;0;20260414;175707;5420.5;1
LKOH;0;20260414;175707;5420.5;3
LKOH;0;20260414;175711;5420.5;1
LKOH;0;20260414;175803;5421.5;2
LKOH;0;20260414;175819;5421;4
LKOH;0;20260414;175820;5421.5;1
LKOH;0;20260414;175820;5421.5;1
LKOH;0;20260414;175837;5421.5;1
LKOH;0;20260414;175837;5421.5;2
LKOH;0;20260414;175844;5421;10
LKOH;0;20260414;175845;5421.5;7
LKOH;0;20260414;175845;5421.5;1
LKOH;0;20260414;175846;5421.5;1
LKOH;0;20260414;175846;5421;10
LKOH;0;20260414;175849;5421.5;5
LKOH;0;20260414;175852;5421;17
LKOH;0;20260414;175852;5420.5;1
LKOH;0;20260414;175852;5420.5;1
LKOH;0;20260414;175852;5420.5;1
LKOH;0;20260414;175852;5420;12
LKOH;0;20260414;175856;5420;36
LKOH;0;20260414;175856;5420;90
LKOH;0;20260414;175856;5420;1
LKOH;0;20260414;175856;5420;4
LKOH;0;20260414;175856;5420;121
LKOH;0;20260414;175856;5420;90
LKOH;0;20260414;175900;5420;5
LKOH;0;20260414;175903;5420;20
LKOH;0;20260414;175907;5420.5;1
LKOH;0;20260414;175907;5420;2
LKOH;0;20260414;175908;5420;21
LKOH;0;20260414;175908;5420.5;5
LKOH;0;20260414;175910;5420;16
LKOH;0;20260414;175913;5420;16
LKOH;0;20260414;175913;5420;28
LKOH;0;20260414;175914;5420;181
LKOH;0;20260414;175914;5420;285
LKOH;0;20260414;175929;5420;140
LKOH;0;20260414;175929;5420;10
LKOH;0;20260414;175929;5420;1
LKOH;0;20260414;175929;5420;40
LKOH;0;20260414;175929;5420;1
LKOH;0;20260414;175929;5420;10
LKOH;0;20260414;175929;5420;1
LKOH;0;20260414;175931;5419.5;1
LKOH;0;20260414;175931;5420;1
LKOH;0;20260414;175934;5420;6
LKOH;0;20260414;175935;5419.5;1
LKOH;0;20260414;175938;5420;1
LKOH;0;20260414;175939;5420;9
LKOH;0;20260414;175943;5420;9
LKOH;0;20260414;175946;5419.5;1
LKOH;0;20260414;180000;5420;39
LKOH;0;20260414;180000;5420;39
LKOH;0;20260414;180002;5420;193
LKOH;0;20260414;180005;5421;4
LKOH;0;20260414;180005;5421;1
LKOH;0;20260414;180015;5422.5;1
LKOH;0;20260414;180018;5423;1
LKOH;0;20260414;180018;5423;8
LKOH;0;20260414;180018;5423;7
LKOH;0;20260414;180018;5423.5;16
LKOH;0;20260414;180018;5423.5;50
LKOH;0;20260414;180018;5423.5;68
LKOH;0;20260414;180018;5424.5;2
LKOH;0;20260414;180018;5424.5;5
LKOH;0;20260414;180018;5424.5;8
LKOH;0;20260414;180018;5425;1
LKOH;0;20260414;180018;5425;1
LKOH;0;20260414;180018;5425;10
LKOH;0;20260414;180018;5425;2
LKOH;0;20260414;180018;5425;20
LKOH;0;20260414;180019;5425.5;1
LKOH;0;20260414;180020;5425;14
LKOH;0;20260414;180020;5425;1
LKOH;0;20260414;180020;5425;5
LKOH;0;20260414;180020;5425;12
LKOH;0;20260414;180020;5425;50
LKOH;0;20260414;180020;5425;50
LKOH;0;20260414;180020;5425;12
LKOH;0;20260414;180020;5425;18
LKOH;0;20260414;180020;5425;1
LKOH;0;20260414;180020;5425;30
LKOH;0;20260414;180022;5425;10
LKOH;0;20260414;180027;5425;40
LKOH;0;20260414;180027;5425;5
LKOH;0;20260414;180027;5425;1
LKOH;0;20260414;180035;5426;1
LKOH;0;20260414;180039;5426;1
LKOH;0;20260414;180039;5426;1
LKOH;0;20260414;180040;5425.5;50
LKOH;0;20260414;180041;5426;1
LKOH;0;20260414;180043;5426;49
LKOH;0;20260414;180043;5426;5
LKOH;0;20260414;180043;5426;5
LKOH;0;20260414;180043;5426;50
LKOH;0;20260414;180043;5426;35
LKOH;0;20260414;180043;5426.5;1
LKOH;0;20260414;180043;5426.5;155
LKOH;0;20260414;180046;5426.5;200
LKOH;0;20260414;180047;5426.5;1
LKOH;0;20260414;180055;5426.5;28
LKOH;0;20260414;180055;5426.5;1
LKOH;0;20260414;180055;5426.5;23
LKOH;0;20260414;180056;5426.5;23
LKOH;0;20260414;180057;5426.5;7
LKOH;0;20260414;180057;5426.5;7
LKOH;0;20260414;180101;5426.5;11
LKOH;0;20260414;180101;5426.5;10
LKOH;0;20260414;180101;5427;1
LKOH;0;20260414;180102;5427.5;1
LKOH;0;20260414;180102;5427.5;12
LKOH;0;20260414;180102;5427.5;8
LKOH;0;20260414;180102;5427.5;5
LKOH;0;20260414;180102;5428;13
LKOH;0;20260414;180102;5428.5;1
LKOH;0;20260414;180102;5428.5;8
LKOH;0;20260414;180102;5428.5;1
LKOH;0;20260414;180102;5428.5;7
LKOH;0;20260414;180102;5428.5;28
LKOH;0;20260414;180102;5428.5;4
LKOH;0;20260414;180102;5428;30
LKOH;0;20260414;180102;5428;5
LKOH;0;20260414;180102;5427.5;30
LKOH;0;20260414;180102;5427.5;5
LKOH;0;20260414;180102;5427.5;123
LKOH;0;20260414;180102;5427.5;4
LKOH;0;20260414;180102;5427.5;2
LKOH;0;20260414;180102;5427.5;7
LKOH;0;20260414;180102;5427.5;4
LKOH;0;20260414;180102;5427.5;7
LKOH;0;20260414;180102;5428.5;4
LKOH;0;20260414;180102;5428.5;44
LKOH;0;20260414;180102;5428.5;18
LKOH;0;20260414;180104;5429;73
LKOH;0;20260414;180105;5429;1
LKOH;0;20260414;180110;5429;1
LKOH;0;20260414;180110;5429;3
LKOH;0;20260414;180129;5429;1
LKOH;0;20260414;180132;5429;1
LKOH;0;20260414;180137;5428.5;1
LKOH;0;20260414;180140;5428;3
LKOH;0;20260414;180141;5427.5;1
LKOH;0;20260414;180143;5427.5;3
LKOH;0;20260414;180202;5427;2
LKOH;0;20260414;180204;5426.5;4
LKOH;0;20260414;180204;5426.5;6
LKOH;0;20260414;180206;5426.5;10
LKOH;0;20260414;180206;5426.5;1
LKOH;0;20260414;180209;5426;1
LKOH;0;20260414;180209;5426.5;13
LKOH;0;20260414;180209;5426.5;12
LKOH;0;20260414;180209;5426.5;5
LKOH;0;20260414;180209;5426.5;25
LKOH;0;20260414;180209;5426.5;1
LKOH;0;20260414;180209;5426.5;20
LKOH;0;20260414;180211;5427;24
LKOH;0;20260414;180217;5426.5;1
LKOH;0;20260414;180223;5426.5;2
LKOH;0;20260414;180226;5426;50
LKOH;0;20260414;180228;5424.5;1
LKOH;0;20260414;180241;5425;1
LKOH;0;20260414;180243;5425;1
LKOH;0;20260414;180250;5425;1
LKOH;0;20260414;180252;5425.5;1
LKOH;0;20260414;180303;5425.5;2
LKOH;0;20260414;180304;5425.5;1
LKOH;0;20260414;180305;5425.5;1
LKOH;0;20260414;180305;5425.5;1
LKOH;0;20260414;180305;5425.5;1
LKOH;0;20260414;180312;5426;40
LKOH;0;20260414;180312;5426.5;10
LKOH;0;20260414;180319;5426.5;1
LKOH;0;20260414;180327;5426.5;51
LKOH;0;20260414;180327;5426.5;5
LKOH;0;20260414;180327;5426.5;1
LKOH;0;20260414;180333;5426.5;2
LKOH;0;20260414;180337;5426;1
LKOH;0;20260414;180349;5426;1
LKOH;0;20260414;180352;5426.5;4
LKOH;0;20260414;180352;5426.5;1
LKOH;0;20260414;180352;5427;1
LKOH;0;20260414;180352;5427;1
LKOH;0;20260414;180352;5427;1
LKOH;0;20260414;180352;5427;12
LKOH;0;20260414;180353;5427;1
LKOH;0;20260414;180401;5426.5;1
LKOH;0;20260414;180401;5426.5;1
LKOH;0;20260414;180404;5426.5;1
LKOH;0;20260414;180415;5426.5;11
LKOH;0;20260414;180415;5426.5;7
LKOH;0;20260414;180432;5426;1
LKOH;0;20260414;180444;5426.5;1
LKOH;0;20260414;180444;5427;16
LKOH;0;20260414;180444;5427;25
LKOH;0;20260414;180444;5427.5;1
LKOH;0;20260414;180444;5427.5;1
LKOH;0;20260414;180444;5427.5;12
LKOH;0;20260414;180444;5427.5;8
LKOH;0;20260414;180444;5427.5;179
LKOH;0;20260414;180444;5427.5;12
LKOH;0;20260414;180444;5427.5;40
LKOH;0;20260414;180444;5427.5;30
LKOH;0;20260414;180444;5427.5;25
LKOH;0;20260414;180449;5427.5;28
LKOH;0;20260414;180458;5427.5;1
LKOH;0;20260414;180458;5427.5;1
LKOH;0;20260414;180458;5427.5;1
LKOH;0;20260414;180503;5428.5;1
LKOH;0;20260414;180504;5428.5;35
LKOH;0;20260414;180504;5428.5;1
LKOH;0;20260414;180504;5428.5;4
LKOH;0;20260414;180510;5428;2
LKOH;0;20260414;180520;5428.5;2
LKOH;0;20260414;180522;5428;14
LKOH;0;20260414;180528;5427.5;215
LKOH;0;20260414;180529;5426.5;1
LKOH;0;20260414;180532;5427;10
LKOH;0;20260414;180537;5426;1
LKOH;0;20260414;180540;5426.5;2
LKOH;0;20260414;180541;5426.5;36
LKOH;0;20260414;180541;5427.5;28
LKOH;0;20260414;180541;5427.5;12
LKOH;0;20260414;180541;5427.5;1
LKOH;0;20260414;180541;5427.5;1
LKOH;0;20260414;180541;5428;30
LKOH;0;20260414;180541;5428;1
LKOH;0;20260414;180541;5428;18
LKOH;0;20260414;180541;5428;12
LKOH;0;20260414;180541;5428;13
LKOH;0;20260414;180541;5428;13
LKOH;0;20260414;180541;5428;1
LKOH;0;20260414;180541;5428.5;1
LKOH;0;20260414;180541;5428.5;20
LKOH;0;20260414;180541;5428.5;41
LKOH;0;20260414;180542;5428.5;18
LKOH;0;20260414;180542;5428.5;12
LKOH;0;20260414;180542;5429;1
LKOH;0;20260414;180542;5429;18
LKOH;0;20260414;180542;5429.5;1
LKOH;0;20260414;180542;5429.5;10
LKOH;0;20260414;180542;5429.5;1
LKOH;0;20260414;180542;5429.5;15
LKOH;0;20260414;180542;5429.5;60
LKOH;0;20260414;180542;5429.5;12
LKOH;0;20260414;180542;5429.5;1
LKOH;0;20260414;180542;5429.5;3
LKOH;0;20260414;180542;5429;32
LKOH;0;20260414;180552;5429.5;30
LKOH;0;20260414;180552;5429.5;12
LKOH;0;20260414;180552;5429.5;34
LKOH;0;20260414;180553;5429.5;37
LKOH;0;20260414;180553;5429.5;35
LKOH;0;20260414;180553;5429.5;4
LKOH;0;20260414;180553;5429.5;33
LKOH;0;20260414;180553;5429.5;18
LKOH;0;20260414;180553;5430;1
LKOH;0;20260414;180553;5430;1
LKOH;0;20260414;180553;5430;20
LKOH;0;20260414;180553;5430;3
LKOH;0;20260414;180601;5430.5;1
LKOH;0;20260414;180601;5430.5;10
LKOH;0;20260414;180601;5430.5;11
LKOH;0;20260414;180601;5430.5;1
LKOH;0;20260414;180601;5431;1
LKOH;0;20260414;180601;5431;18
LKOH;0;20260414;180601;5431;30
LKOH;0;20260414;180601;5431;12
LKOH;0;20260414;180601;5431;1
LKOH;0;20260414;180601;5431;3
LKOH;0;20260414;180601;5431;3
LKOH;0;20260414;180601;5431.5;50
LKOH;0;20260414;180601;5431.5;18
LKOH;0;20260414;180601;5431.5;118
LKOH;0;20260414;180601;5431.5;23
LKOH;0;20260414;180601;5430.5;1
LKOH;0;20260414;180601;5431.5;2
LKOH;0;20260414;180601;5431.5;1
LKOH;0;20260414;180601;5431.5;73
LKOH;0;20260414;180610;5430.5;1
LKOH;0;20260414;180611;5430.5;5
LKOH;0;20260414;180622;5431;1
LKOH;0;20260414;180626;5430.5;2
LKOH;0;20260414;180626;5430.5;1
LKOH;0;20260414;180626;5430.5;2
LKOH;0;20260414;180635;5431;1
LKOH;0;20260414;180636;5430.5;300
LKOH;0;20260414;180636;5430.5;1
LKOH;0;20260414;180636;5430.5;30
LKOH;0;20260414;180637;5429.5;1
LKOH;0;20260414;180659;5429.5;1
LKOH;0;20260414;180700;5429;10
LKOH;0;20260414;180703;5428.5;2
LKOH;0;20260414;180711;5429;1
LKOH;0;20260414;180716;5428;22
LKOH;0;20260414;180723;5428;1
LKOH;0;20260414;180725;5428;1
LKOH;0;20260414;180725;5428;1
LKOH;0;20260414;180725;5427.5;1
LKOH;0;20260414;180725;5427.5;1
LKOH;0;20260414;180731;5428.5;5
LKOH;0;20260414;180732;5428.5;7
LKOH;0;20260414;180740;5428;1
LKOH;0;20260414;180743;5428.5;1
LKOH;0;20260414;180743;5428.5;10
LKOH;0;20260414;180757;5428;1
LKOH;0;20260414;180757;5428;1
LKOH;0;20260414;180757;5428;1
LKOH;0;20260414;180757;5427.5;1
LKOH;0;20260414;180757;5427.5;1
LKOH;0;20260414;180757;5427.5;15
LKOH;0;20260414;180757;5427.5;1
LKOH;0;20260414;180757;5427;5
LKOH;0;20260414;180757;5427;1
LKOH;0;20260414;180757;5427;2
LKOH;0;20260414;180757;5427;1
LKOH;0;20260414;180757;5427;10
LKOH;0;20260414;180757;5427;30
LKOH;0;20260414;180757;5427;50
LKOH;0;20260414;180757;5426.5;2
LKOH;0;20260414;180757;5426.5;1
LKOH;0;20260414;180757;5426.5;233
LKOH;0;20260414;180839;5428;1
LKOH;0;20260414;180839;5428;10
LKOH;0;20260414;180843;5428;1
LKOH;0;20260414;180848;5428;5
LKOH;0;20260414;180850;5428;3
LKOH;0;20260414;180853;5428;18
LKOH;0;20260414;180911;5426;1
LKOH;0;20260414;180911;5426;1
LKOH;0;20260414;180918;5426.5;1
LKOH;0;20260414;180918;5426.5;11
LKOH;0;20260414;180932;5426;3
LKOH;0;20260414;180937;5426.5;1
LKOH;0;20260414;180937;5426.5;1
LKOH;0;20260414;180937;5426.5;2
LKOH;0;20260414;180937;5427;21
LKOH;0;20260414;180938;5427;1
LKOH;0;20260414;180942;5427;1
LKOH;0;20260414;180943;5426.5;1
LKOH;0;20260414;180948;5427;7
LKOH;0;20260414;180948;5427;1
LKOH;0;20260414;181009;5427;1
LKOH;0;20260414;181010;5426.5;1
LKOH;0;20260414;181010;5426.5;1
LKOH;0;20260414;181034;5427;1
LKOH;0;20260414;181039;5426.5;1
LKOH;0;20260414;181040;5426;1
LKOH;0;20260414;181048;5426;1
LKOH;0;20260414;181048;5426.5;1
LKOH;0;20260414;181053;5426.5;1
LKOH;0;20260414;181053;5427;1
LKOH;0;20260414;181053;5427;1
LKOH;0;20260414;181122;5426.5;1
LKOH;0;20260414;181122;5426.5;1
LKOH;0;20260414;181124;5426.5;1
LKOH;0;20260414;181125;5426.5;1
LKOH;0;20260414;181145;5426;9
LKOH;0;20260414;181145;5426;2
LKOH;0;20260414;181145;5426;30
LKOH;0;20260414;181145;5426;1
LKOH;0;20260414;181150;5426;1
LKOH;0;20260414;181150;5426;1
LKOH;0;20260414;181153;5426;1
LKOH;0;20260414;181153;5426;3
LKOH;0;20260414;181156;5425.5;1
LKOH;0;20260414;181200;5425.5;1
LKOH;0;20260414;181200;5426;1
LKOH;0;20260414;181229;5425.5;1
LKOH;0;20260414;181234;5425.5;5
LKOH;0;20260414;181234;5425.5;2
LKOH;0;20260414;181234;5425.5;3
LKOH;0;20260414;181234;5426;46
LKOH;0;20260414;181234;5426;1
LKOH;0;20260414;181234;5426;2
LKOH;0;20260414;181234;5426;40
LKOH;0;20260414;181234;5426;1
LKOH;0;20260414;181234;5426;12
LKOH;0;20260414;181234;5426;30
LKOH;0;20260414;181243;5426;16
LKOH;0;20260414;181256;5426;2
LKOH;0;20260414;181302;5425.5;1
LKOH;0;20260414;181303;5425.5;1
LKOH;0;20260414;181303;5426;5
LKOH;0;20260414;181305;5426;50
LKOH;0;20260414;181305;5426;30
LKOH;0;20260414;181305;5426;1
LKOH;0;20260414;181305;5426;31
LKOH;0;20260414;181305;5426;31
LKOH;0;20260414;181305;5426.5;100
LKOH;0;20260414;181305;5426.5;1
LKOH;0;20260414;181305;5426.5;2
LKOH;0;20260414;181305;5426.5;1
LKOH;0;20260414;181305;5426.5;1
LKOH;0;20260414;181305;5426.5;1
LKOH;0;20260414;181305;5426.5;1
LKOH;0;20260414;181305;5426.5;1
LKOH;0;20260414;181305;5426.5;252
LKOH;0;20260414;181308;5425.5;3
LKOH;0;20260414;181309;5425.5;1
LKOH;0;20260414;181334;5426;2
LKOH;0;20260414;181346;5428;1
LKOH;0;20260414;181346;5428;2
LKOH;0;20260414;181346;5428.5;1
LKOH;0;20260414;181346;5428.5;1
LKOH;0;20260414;181346;5428.5;1
LKOH;0;20260414;181346;5428.5;6
LKOH;0;20260414;181346;5429;82
LKOH;0;20260414;181346;5429;36
LKOH;0;20260414;181346;5429;40
LKOH;0;20260414;181346;5429.5;1
LKOH;0;20260414;181346;5429.5;2
LKOH;0;20260414;181346;5429;30
LKOH;0;20260414;181346;5429;5
LKOH;0;20260414;181346;5429;1
LKOH;0;20260414;181346;5428.5;1
LKOH;0;20260414;181346;5428.5;2
LKOH;0;20260414;181346;5428.5;213
LKOH;0;20260414;181346;5429;4
LKOH;0;20260414;181347;5428.5;3
LKOH;0;20260414;181354;5428.5;2
LKOH;0;20260414;181354;5428.5;132
LKOH;0;20260414;181354;5429;1
LKOH;0;20260414;181405;5428.5;18
LKOH;0;20260414;181405;5428;3
LKOH;0;20260414;181410;5428;1
LKOH;0;20260414;181410;5428.5;3
LKOH;0;20260414;181443;5427.5;1
LKOH;0;20260414;181445;5428;1
LKOH;0;20260414;181458;5428.5;1
LKOH;0;20260414;181503;5428.5;1
LKOH;0;20260414;181513;5428.5;4
LKOH;0;20260414;181514;5428.5;4
LKOH;0;20260414;181517;5428.5;1
LKOH;0;20260414;181518;5428.5;1
LKOH;0;20260414;181518;5428;2
LKOH;0;20260414;181529;5428.5;1
LKOH;0;20260414;181554;5428.5;1
LKOH;0;20260414;181609;5428.5;1
LKOH;0;20260414;181612;5428;6
LKOH;0;20260414;181612;5428;1
LKOH;0;20260414;181612;5428;1
LKOH;0;20260414;181614;5427.5;1
LKOH;0;20260414;181626;5427.5;4
LKOH;0;20260414;181626;5428;42
LKOH;0;20260414;181626;5428;1
LKOH;0;20260414;181626;5428;12
LKOH;0;20260414;181626;5428;30
LKOH;0;20260414;181626;5428;25
LKOH;0;20260414;181627;5428.5;3
LKOH;0;20260414;181630;5428;1
LKOH;0;20260414;181645;5428;30
LKOH;0;20260414;181645;5428;1
LKOH;0;20260414;181705;5428;1
LKOH;0;20260414;181717;5428;1
LKOH;0;20260414;181718;5427.5;1
LKOH;0;20260414;181718;5427.5;66
LKOH;0;20260414;181735;5427.5;2
LKOH;0;20260414;181735;5427.5;1
LKOH;0;20260414;181738;5427;1
LKOH;0;20260414;181740;5427;1
LKOH;0;20260414;181740;5427;1
LKOH;0;20260414;181740;5427;1
LKOH;0;20260414;181740;5427;50
LKOH;0;20260414;181741;5427;1
LKOH;0;20260414;181823;5427;1
LKOH;0;20260414;181843;5427;2
LKOH;0;20260414;181850;5427;5
LKOH;0;20260414;181853;5426.5;1
LKOH;0;20260414;181859;5427;1
LKOH;0;20260414;181903;5427;2
LKOH;0;20260414;181908;5426.5;3
LKOH;0;20260414;181908;5426.5;249
LKOH;0;20260414;181912;5426.5;1
LKOH;0;20260414;181913;5426;1
LKOH;0;20260414;181915;5427;17
LKOH;0;20260414;181958;5427;17
LKOH;0;20260414;182029;5426.5;1
LKOH;0;20260414;182040;5427;20
LKOH;0;20260414;182105;5427;1
LKOH;0;20260414;182109;5427;1
LKOH;0;20260414;182135;5426.5;1
LKOH;0;20260414;182139;5426.5;1
LKOH;0;20260414;182146;5426.5;14
LKOH;0;20260414;182149;5426.5;1
LKOH;0;20260414;182154;5426.5;30
LKOH;0;20260414;182212;5426.5;1
LKOH;0;20260414;182226;5426.5;1
LKOH;0;20260414;182231;5426.5;25
LKOH;0;20260414;182231;5426.5;22
LKOH;0;20260414;182231;5426.5;20
LKOH;0;20260414;182231;5426.5;17
LKOH;0;20260414;182232;5426.5;9
LKOH;0;20260414;182232;5426.5;6
LKOH;0;20260414;182238;5426;1
LKOH;0;20260414;182250;5426.5;1
LKOH;0;20260414;182252;5427;2
LKOH;0;20260414;182307;5427;1
LKOH;0;20260414;182318;5427;2
LKOH;0;20260414;182320;5427;2
LKOH;0;20260414;182321;5427;53
LKOH;0;20260414;182321;5427;23
LKOH;0;20260414;182321;5427;10
LKOH;0;20260414;182321;5427.5;20
LKOH;0;20260414;182330;5427;4
LKOH;0;20260414;182337;5427;1
LKOH;0;20260414;182338;5427;1
LKOH;0;20260414;182343;5427;8
LKOH;0;20260414;182350;5427;2
LKOH;0;20260414;182403;5426.5;1
LKOH;0;20260414;182415;5426.5;1
LKOH;0;20260414;182419;5427;2
LKOH;0;20260414;182422;5427;1
LKOH;0;20260414;182430;5427;1
LKOH;0;20260414;182435;5426.5;1
LKOH;0;20260414;182502;5426;1
LKOH;0;20260414;182502;5426;1
LKOH;0;20260414;182523;5427;1
LKOH;0;20260414;182540;5427;3
LKOH;0;20260414;182554;5427;20
LKOH;0;20260414;182555;5427;2
LKOH;0;20260414;182559;5426.5;130
LKOH;0;20260414;182559;5426.5;1
LKOH;0;20260414;182559;5426.5;10
LKOH;0;20260414;182603;5427;1
LKOH;0;20260414;182606;5427;1
LKOH;0;20260414;182608;5426.5;1
LKOH;0;20260414;182610;5427;9
LKOH;0;20260414;182611;5427;43
LKOH;0;20260414;182611;5427;16
LKOH;0;20260414;182621;5426.5;414
LKOH;0;20260414;182621;5426.5;30
LKOH;0;20260414;182621;5426.5;5
LKOH;0;20260414;182621;5426.5;1
LKOH;0;20260414;182621;5426.5;10
LKOH;0;20260414;182621;5426.5;32
LKOH;0;20260414;182621;5426.5;2
LKOH;0;20260414;182631;5426.5;3
LKOH;0;20260414;182641;5426.5;1
LKOH;0;20260414;182650;5426.5;1
LKOH;0;20260414;182651;5426.5;1
LKOH;0;20260414;182651;5427;21
LKOH;0;20260414;182651;5427;3
LKOH;0;20260414;182651;5427;2
LKOH;0;20260414;182651;5427;14
LKOH;0;20260414;182651;5427;17
LKOH;0;20260414;182652;5427;15
LKOH;0;20260414;182654;5427;1
LKOH;0;20260414;182707;5427;30
LKOH;0;20260414;182707;5427;27
LKOH;0;20260414;182708;5427;23
LKOH;0;20260414;182708;5427;21
LKOH;0;20260414;182708;5427;18
LKOH;0;20260414;182708;5427;16
LKOH;0;20260414;182715;5427;25
LKOH;0;20260414;182731;5427;2
LKOH;0;20260414;182733;5426.5;13
LKOH;0;20260414;182736;5427;4
LKOH;0;20260414;182740;5427;2
LKOH;0;20260414;182743;5426.5;6
LKOH;0;20260414;182753;5426.5;1
LKOH;0;20260414;182753;5426.5;2
LKOH;0;20260414;182802;5427;1
LKOH;0;20260414;182803;5426.5;2
LKOH;0;20260414;182807;5426.5;1
LKOH;0;20260414;182809;5427;403
LKOH;0;20260414;182809;5427;20
LKOH;0;20260414;182809;5427;1
LKOH;0;20260414;182809;5427;5
LKOH;0;20260414;182814;5427;400
LKOH;0;20260414;182816;5427;300
LKOH;0;20260414;182819;5427;14
LKOH;0;20260414;182819;5427;300
LKOH;0;20260414;182820;5427;618
LKOH;0;20260414;182821;5427;28
LKOH;0;20260414;182822;5426.5;1
LKOH;0;20260414;182826;5427;1
LKOH;0;20260414;182827;5427;200
LKOH;0;20260414;182832;5427;120
LKOH;0;20260414;182832;5427.5;80
LKOH;0;20260414;182832;5427.5;33
LKOH;0;20260414;182832;5427.5;6
LKOH;0;20260414;182832;5427.5;9
LKOH;0;20260414;182832;5427.5;2
LKOH;0;20260414;182832;5428;53
LKOH;0;20260414;182832;5428;30
LKOH;0;20260414;182832;5428;47
LKOH;0;20260414;182832;5428;25
LKOH;0;20260414;182832;5428;25
LKOH;0;20260414;182832;5428;9
LKOH;0;20260414;182832;5428;7
LKOH;0;20260414;182845;5428;1
LKOH;0;20260414;182847;5428;6
LKOH;0;20260414;182847;5428;49
LKOH;0;20260414;182847;5428;20
LKOH;0;20260414;182847;5428.5;21
LKOH;0;20260414;182847;5429;1
LKOH;0;20260414;182847;5429.5;10
LKOH;0;20260414;182847;5429.5;25
LKOH;0;20260414;182847;5429.5;1
LKOH;0;20260414;182847;5430;1
LKOH;0;20260414;182847;5430;20
LKOH;0;20260414;182847;5430;120
LKOH;0;20260414;182847;5430;62
LKOH;0;20260414;182854;5429.5;150
LKOH;0;20260414;182856;5430;252
LKOH;0;20260414;182856;5430;153
LKOH;0;20260414;182856;5430;99
LKOH;0;20260414;182856;5430;232
LKOH;0;20260414;182856;5430.5;16
LKOH;0;20260414;182856;5430.5;23
LKOH;0;20260414;182856;5430.5;110
LKOH;0;20260414;182856;5430.5;20
LKOH;0;20260414;182856;5431;10
LKOH;0;20260414;182856;5431;7
LKOH;0;20260414;182856;5431;26
LKOH;0;20260414;182856;5431;17
LKOH;0;20260414;182856;5431;1
LKOH;0;20260414;182856;5431;1
LKOH;0;20260414;182856;5431;6
LKOH;0;20260414;182856;5431;7
LKOH;0;20260414;182856;5431.5;10
LKOH;0;20260414;182856;5431.5;25
LKOH;0;20260414;182856;5431.5;25
LKOH;0;20260414;182856;5432;50
LKOH;0;20260414;182856;5432;50
LKOH;0;20260414;182856;5432;5
LKOH;0;20260414;182856;5432;8
LKOH;0;20260414;182856;5432.5;50
LKOH;0;20260414;182856;5433;10
LKOH;0;20260414;182856;5433;1
LKOH;0;20260414;182856;5433;30
LKOH;0;20260414;182856;5433;50
LKOH;0;20260414;182856;5433;10
LKOH;0;20260414;182856;5433;50
LKOH;0;20260414;182856;5433;1
LKOH;0;20260414;182856;5432.5;50
LKOH;0;20260414;182856;5433;12
LKOH;0;20260414;182856;5433.5;30
LKOH;0;20260414;182856;5433.5;33
LKOH;0;20260414;182856;5433.5;29
LKOH;0;20260414;182857;5433.5;26
LKOH;0;20260414;182857;5433.5;37
LKOH;0;20260414;182857;5434;12
LKOH;0;20260414;182857;5434;5
LKOH;0;20260414;182857;5434;8
LKOH;0;20260414;182857;5434;10
LKOH;0;20260414;182857;5434;20
LKOH;0;20260414;182857;5434;18
LKOH;0;20260414;182900;5433.5;9
LKOH;0;20260414;182910;5433.5;4
LKOH;0;20260414;182931;5434;1
LKOH;0;20260414;182931;5434;27
LKOH;0;20260414;182937;5434;16
LKOH;0;20260414;182937;5434;16
LKOH;0;20260414;182941;5434;2
LKOH;0;20260414;183005;5434;2
LKOH;0;20260414;183012;5433.5;3
LKOH;0;20260414;183012;5434;3
LKOH;0;20260414;183013;5434;10
LKOH;0;20260414;183025;5434;24
LKOH;0;20260414;183025;5434;4
LKOH;0;20260414;183025;5434;3
LKOH;0;20260414;183030;5434;16
LKOH;0;20260414;183036;5434;1
LKOH;0;20260414;183053;5434;14
LKOH;0;20260414;183053;5434;36
LKOH;0;20260414;183053;5434;100
LKOH;0;20260414;183053;5434;37
LKOH;0;20260414;183053;5434;5
LKOH;0;20260414;183053;5434;100
LKOH;0;20260414;183053;5434;22
LKOH;0;20260414;183101;5434.5;25
LKOH;0;20260414;183101;5434.5;22
LKOH;0;20260414;183101;5434.5;20
LKOH;0;20260414;183102;5434.5;18
LKOH;0;20260414;183102;5434.5;15
LKOH;0;20260414;183102;5434.5;46
LKOH;0;20260414;183102;5434.5;23
LKOH;0;20260414;183102;5434.5;7
LKOH;0;20260414;183107;5434;252
LKOH;0;20260414;183107;5434;214
LKOH;0;20260414;183107;5434;2
LKOH;0;20260414;183107;5434;36
LKOH;0;20260414;183127;5434.5;6
LKOH;0;20260414;183128;5434;150
LKOH;0;20260414;183129;5434;90
LKOH;0;20260414;183129;5433.5;2
LKOH;0;20260414;183129;5433.5;300
LKOH;0;20260414;183129;5433;14
LKOH;0;20260414;183129;5432.5;25
LKOH;0;20260414;183129;5433;46
LKOH;0;20260414;183129;5432.5;25
LKOH;0;20260414;183129;5432.5;20
LKOH;0;20260414;183130;5433;1
LKOH;0;20260414;183140;5432.5;2
LKOH;0;20260414;183143;5432.5;2
LKOH;0;20260414;183144;5433;1
LKOH;0;20260414;183145;5433;1
LKOH;0;20260414;183145;5432.5;216
LKOH;0;20260414;183145;5432;15
LKOH;0;20260414;183147;5432;1
LKOH;0;20260414;183151;5432.5;1
LKOH;0;20260414;183151;5432;13
LKOH;0;20260414;183151;5432;10
LKOH;0;20260414;183207;5432.5;4
LKOH;0;20260414;183221;5432.5;10
LKOH;0;20260414;183232;5432;9
LKOH;0;20260414;183248;5432;16
LKOH;0;20260414;183315;5432.5;21
LKOH;0;20260414;183316;5432.5;19
LKOH;0;20260414;183316;5432;2
LKOH;0;20260414;183316;5432.5;16
LKOH;0;20260414;183316;5432.5;15
LKOH;0;20260414;183317;5432.5;2
LKOH;0;20260414;183317;5432.5;3
LKOH;0;20260414;183322;5432;2
LKOH;0;20260414;183330;5432.5;4
LKOH;0;20260414;183336;5432.5;2
LKOH;0;20260414;183340;5432.5;1
LKOH;0;20260414;183340;5432.5;10
LKOH;0;20260414;183347;5432.5;1
LKOH;0;20260414;183402;5432.5;1
LKOH;0;20260414;183405;5432.5;1
LKOH;0;20260414;183424;5432.5;5
LKOH;0;20260414;183430;5432.5;2
LKOH;0;20260414;183438;5432.5;1
LKOH;0;20260414;183443;5432;1
LKOH;0;20260414;183446;5432.5;1
LKOH;0;20260414;183452;5432;1
LKOH;0;20260414;183453;5432;16
LKOH;0;20260414;183455;5432;2
LKOH;0;20260414;183457;5432.5;1
LKOH;0;20260414;183500;5432;1
LKOH;0;20260414;183500;5432;3
LKOH;0;20260414;183500;5432;1
LKOH;0;20260414;183500;5431.5;8
LKOH;0;20260414;183500;5431.5;1
LKOH;0;20260414;183501;5432;18
LKOH;0;20260414;183511;5432;1
LKOH;0;20260414;183531;5432;1
LKOH;0;20260414;183532;5432;1
LKOH;0;20260414;183534;5431.5;8
LKOH;0;20260414;183534;5431.5;1
LKOH;0;20260414;183534;5431.5;8
LKOH;0;20260414;183534;5431;1
LKOH;0;20260414;183546;5431.5;1
LKOH;0;20260414;183546;5431.5;1
LKOH;0;20260414;183548;5432;1
LKOH;0;20260414;183607;5431.5;14
LKOH;0;20260414;183613;5431.5;6
LKOH;0;20260414;183614;5432;2
LKOH;0;20260414;183616;5432;12
LKOH;0;20260414;183632;5432;15
LKOH;0;20260414;183632;5432;1
LKOH;0;20260414;183632;5432;1
LKOH;0;20260414;183632;5432.5;1
LKOH;0;20260414;183632;5432.5;20
LKOH;0;20260414;183633;5432.5;18
LKOH;0;20260414;183633;5432.5;9
LKOH;0;20260414;183633;5433;15
LKOH;0;20260414;183633;5433.5;50
LKOH;0;20260414;183633;5433.5;50
LKOH;0;20260414;183633;5433.5;1
LKOH;0;20260414;183633;5434;10
LKOH;0;20260414;183633;5434;21
LKOH;0;20260414;183633;5434;28
LKOH;0;20260414;183633;5434;1
LKOH;0;20260414;183633;5434;24
LKOH;0;20260414;183634;5434;22
LKOH;0;20260414;183634;5434;19
LKOH;0;20260414;183634;5434;17
LKOH;0;20260414;183634;5434;15
LKOH;0;20260414;183637;5434;1
LKOH;0;20260414;183645;5434;2
LKOH;0;20260414;183645;5434;1
LKOH;0;20260414;183645;5434;12
LKOH;0;20260414;183646;5434;1
LKOH;0;20260414;183646;5434;35
LKOH;0;20260414;183646;5434;2
LKOH;0;20260414;183646;5434.5;16
LKOH;0;20260414;183646;5434.5;2
LKOH;0;20260414;183646;5434.5;26
LKOH;0;20260414;183646;5434.5;25
LKOH;0;20260414;183647;5434.5;22
LKOH;0;20260414;183647;5434.5;19
LKOH;0;20260414;183647;5434.5;50
LKOH;0;20260414;183647;5434.5;50
LKOH;0;20260414;183647;5434.5;17
LKOH;0;20260414;183647;5434.5;15
LKOH;0;20260414;183648;5434.5;10
LKOH;0;20260414;183648;5434.5;1
LKOH;0;20260414;183648;5434.5;300
LKOH;0;20260414;183649;5434.5;109
LKOH;0;20260414;183649;5434.5;10
LKOH;0;20260414;183649;5434.5;10
LKOH;0;20260414;183649;5434.5;74
LKOH;0;20260414;183649;5434.5;14
LKOH;0;20260414;183649;5434.5;74
LKOH;0;20260414;183649;5434.5;40
LKOH;0;20260414;183649;5434.5;9
LKOH;0;20260414;183649;5434.5;17
LKOH;0;20260414;183649;5434.5;17
LKOH;0;20260414;183649;5434.5;116
LKOH;0;20260414;183649;5435;10
LKOH;0;20260414;183649;5435;10
LKOH;0;20260414;183649;5435;17
LKOH;0;20260414;183649;5435;20
LKOH;0;20260414;183649;5437;1
LKOH;0;20260414;183649;5437;20
LKOH;0;20260414;183649;5437.5;100
LKOH;0;20260414;183649;5438;50
LKOH;0;20260414;183649;5438.5;5
LKOH;0;20260414;183649;5438.5;50
LKOH;0;20260414;183649;5439;39
LKOH;0;20260414;183649;5438.5;50
LKOH;0;20260414;183649;5438.5;100
LKOH;0;20260414;183649;5438.5;10
LKOH;0;20260414;183649;5438.5;90
LKOH;0;20260414;183649;5438.5;10
LKOH;0;20260414;183650;5438.5;1
LKOH;0;20260414;183650;5439;18
LKOH;0;20260414;183650;5438.5;10
LKOH;0;20260414;183651;5438;1
LKOH;0;20260414;183652;5439;15
LKOH;0;20260414;183652;5439;16
LKOH;0;20260414;183652;5439;1
LKOH;0;20260414;183652;5439;1
LKOH;0;20260414;183652;5439;2
LKOH;0;20260414;183652;5439;1
LKOH;0;20260414;183652;5439;13
LKOH;0;20260414;183652;5439;50
LKOH;0;20260414;183652;5439;11
LKOH;0;20260414;183652;5439;20
LKOH;0;20260414;183652;5439;6
LKOH;0;20260414;183652;5439;3
LKOH;0;20260414;183652;5439;15
LKOH;0;20260414;183652;5439;5
LKOH;0;20260414;183652;5439;23
LKOH;0;20260414;183652;5439;64
LKOH;0;20260414;183652;5439;29
LKOH;0;20260414;183652;5439.5;5
LKOH;0;20260414;183652;5439.5;100
LKOH;0;20260414;183652;5439.5;1
LKOH;0;20260414;183652;5439.5;15
LKOH;0;20260414;183652;5439.5;16
LKOH;0;20260414;183652;5439.5;13
LKOH;0;20260414;183652;5439.5;13
LKOH;0;20260414;183652;5440;1
LKOH;0;20260414;183652;5440;1
LKOH;0;20260414;183652;5440;62
LKOH;0;20260414;183654;5439.5;1
LKOH;0;20260414;183654;5439;4
LKOH;0;20260414;183655;5439.5;17
LKOH;0;20260414;183655;5439;1
LKOH;0;20260414;183655;5440;110
LKOH;0;20260414;183655;5440;300
LKOH;0;20260414;183656;5440;28
LKOH;0;20260414;183656;5440;5
LKOH;0;20260414;183656;5440;1
LKOH;0;20260414;183656;5440;1
LKOH;0;20260414;183656;5440;5
LKOH;0;20260414;183656;5440;78
LKOH;0;20260414;183656;5440;1
LKOH;0;20260414;183657;5440.5;1
LKOH;0;20260414;183657;5441;10
LKOH;0;20260414;183657;5442;1
LKOH;0;20260414;183657;5442;20
LKOH;0;20260414;183657;5442;1
LKOH;0;20260414;183657;5442;13
LKOH;0;20260414;183657;5442.5;4
LKOH;0;20260414;183657;5442.5;6
LKOH;0;20260414;183657;5442.5;6
LKOH;0;20260414;183657;5442.5;18
LKOH;0;20260414;183657;5443;50
LKOH;0;20260414;183657;5443;100
LKOH;0;20260414;183657;5443;1
LKOH;0;20260414;183657;5443;1
LKOH;0;20260414;183657;5443;18
LKOH;0;20260414;183657;5442.5;1
LKOH;0;20260414;183658;5442.5;9
LKOH;0;20260414;183658;5442.5;50
LKOH;0;20260414;183658;5443;2
LKOH;0;20260414;183658;5443;2
LKOH;0;20260414;183658;5443;1
LKOH;0;20260414;183658;5443;14
LKOH;0;20260414;183658;5443;15
LKOH;0;20260414;183658;5443;13
LKOH;0;20260414;183658;5443;1
LKOH;0;20260414;183658;5443;1
LKOH;0;20260414;183658;5443.5;1
LKOH;0;20260414;183658;5443.5;1
LKOH;0;20260414;183659;5443.5;118
LKOH;0;20260414;183659;5444;1
LKOH;0;20260414;183659;5444;1
LKOH;0;20260414;183659;5444;5
LKOH;0;20260414;183659;5444;1
LKOH;0;20260414;183659;5443.5;1
LKOH;0;20260414;183701;5444;129
LKOH;0;20260414;183703;5444;209
LKOH;0;20260414;183703;5444;1
LKOH;0;20260414;183703;5444;1
LKOH;0;20260414;183703;5444;1
LKOH;0;20260414;183703;5444.5;20
LKOH;0;20260414;183703;5444.5;18
LKOH;0;20260414;183703;5444.5;2
LKOH;0;20260414;183703;5445;1
LKOH;0;20260414;183703;5445;47
LKOH;0;20260414;183703;5444.5;18
LKOH;0;20260414;183704;5444.5;222
LKOH;0;20260414;183704;5444.5;30
LKOH;0;20260414;183704;5444.5;1
LKOH;0;20260414;183704;5444.5;1
LKOH;0;20260414;183705;5444.5;1
LKOH;0;20260414;183706;5445;14
LKOH;0;20260414;183706;5445;50
LKOH;0;20260414;183706;5445;3
LKOH;0;20260414;183706;5445;1
LKOH;0;20260414;183706;5445;5
LKOH;0;20260414;183706;5445;37
LKOH;0;20260414;183706;5445;27
LKOH;0;20260414;183706;5445;50
LKOH;0;20260414;183706;5445;18
LKOH;0;20260414;183706;5445;17
LKOH;0;20260414;183707;5444.5;6
LKOH;0;20260414;183707;5444.5;1
LKOH;0;20260414;183708;5444.5;27
LKOH;0;20260414;183708;5444.5;23
LKOH;0;20260414;183709;5445;1
LKOH;0;20260414;183709;5445.5;150
LKOH;0;20260414;183709;5445.5;1
LKOH;0;20260414;183709;5445.5;1
LKOH;0;20260414;183709;5446.5;1
LKOH;0;20260414;183715;5446.5;8
LKOH;0;20260414;183716;5446.5;9
LKOH;0;20260414;183716;5446.5;42
LKOH;0;20260414;183716;5446.5;17
LKOH;0;20260414;183716;5446;1
LKOH;0;20260414;183717;5446.5;23
LKOH;0;20260414;183717;5447;1
LKOH;0;20260414;183717;5447;10
LKOH;0;20260414;183717;5447;18
LKOH;0;20260414;183717;5447.5;13
LKOH;0;20260414;183717;5447;18
LKOH;0;20260414;183717;5447.5;215
LKOH;0;20260414;183717;5447.5;18
LKOH;0;20260414;183717;5447.5;1
LKOH;0;20260414;183717;5447.5;2
LKOH;0;20260414;183717;5447.5;7
LKOH;0;20260414;183717;5447.5;1
LKOH;0;20260414;183717;5448;8
LKOH;0;20260414;183717;5448;30
LKOH;0;20260414;183717;5447.5;18
LKOH;0;20260414;183717;5447.5;18
LKOH;0;20260414;183718;5448;1
LKOH;0;20260414;183719;5447;50
LKOH;0;20260414;183725;5447.5;1
LKOH;0;20260414;183726;5447;5
LKOH;0;20260414;183726;5447;3
LKOH;0;20260414;183726;5447;10
LKOH;0;20260414;183726;5447;2
LKOH;0;20260414;183728;5446;33
LKOH;0;20260414;183729;5444.5;20
LKOH;0;20260414;183729;5443.5;1
LKOH;0;20260414;183730;5443.5;1
LKOH;0;20260414;183735;5443;2
LKOH;0;20260414;183747;5442;1
LKOH;0;20260414;183747;5442;2
LKOH;0;20260414;183753;5443;1
LKOH;0;20260414;183753;5443;1
LKOH;0;20260414;183753;5443.5;1
LKOH;0;20260414;183753;5443.5;1
LKOH;0;20260414;183753;5443.5;4
LKOH;0;20260414;183753;5443.5;16
LKOH;0;20260414;183753;5443.5;1
LKOH;0;20260414;183753;5443.5;1
LKOH;0;20260414;183753;5443.5;3
LKOH;0;20260414;183753;5443.5;13
LKOH;0;20260414;183753;5443.5;19
LKOH;0;20260414;183803;5442;1
LKOH;0;20260414;183820;5443.5;1
LKOH;0;20260414;183820;5443.5;1
LKOH;0;20260414;183820;5443.5;10
LKOH;0;20260414;183820;5443.5;30
LKOH;0;20260414;183820;5443.5;13
LKOH;0;20260414;183820;5444;3
LKOH;0;20260414;183820;5444;1
LKOH;0;20260414;183820;5444;1
LKOH;0;20260414;183820;5444;30
LKOH;0;20260414;183820;5444;118
LKOH;0;20260414;183820;5444.5;1
LKOH;0;20260414;183820;5444.5;50
LKOH;0;20260414;183820;5444.5;1
LKOH;0;20260414;183820;5444.5;30
LKOH;0;20260414;183820;5444.5;20
LKOH;0;20260414;183820;5444.5;60
LKOH;0;20260414;183820;5445;1
LKOH;0;20260414;183820;5445;30
LKOH;0;20260414;183820;5445;60
LKOH;0;20260414;183820;5445;100
LKOH;0;20260414;183820;5445;60
LKOH;0;20260414;183820;5445;20
LKOH;0;20260414;183820;5445;15
LKOH;0;20260414;183820;5445.5;1
LKOH;0;20260414;183820;5445.5;100
LKOH;0;20260414;183820;5445.5;30
LKOH;0;20260414;183820;5445.5;60
LKOH;0;20260414;183820;5445.5;20
LKOH;0;20260414;183820;5445.5;25
LKOH;0;20260414;183820;5446;20
LKOH;0;20260414;183820;5446;1
LKOH;0;20260414;183820;5446;18
LKOH;0;20260414;183820;5446.5;1
LKOH;0;20260414;183820;5446.5;20
LKOH;0;20260414;183820;5446.5;58
LKOH;0;20260414;183820;5446.5;120
LKOH;0;20260414;183820;5446.5;18
LKOH;0;20260414;183820;5446.5;12
LKOH;0;20260414;183820;5447;20
LKOH;0;20260414;183820;5447;300
LKOH;0;20260414;183820;5447;1
LKOH;0;20260414;183820;5447;8
LKOH;0;20260414;183820;5447;100
LKOH;0;20260414;183820;5447.5;1
LKOH;0;20260414;183820;5447.5;50
LKOH;0;20260414;183820;5447.5;20
LKOH;0;20260414;183820;5447.5;1
LKOH;0;20260414;183820;5447.5;17
LKOH;0;20260414;183820;5447.5;1
LKOH;0;20260414;183820;5447.5;50
LKOH;0;20260414;183820;5447.5;50
LKOH;0;20260414;183820;5448;3336
LKOH;0;20260414;183823;5446;1
LKOH;0;20260414;183825;5446.5;1
LKOH;0;20260414;183826;5446.5;29
LKOH;0;20260414;183844;5445;1
LKOH;0;20260414;183844;5445;1
LKOH;0;20260414;183846;5445;2
LKOH;0;20260414;183852;5444.5;80
LKOH;0;20260414;183854;5444.5;70
LKOH;0;20260414;183854;5444.5;1
LKOH;0;20260414;183854;5444;15
LKOH;0;20260414;183902;5441.5;2
LKOH;0;20260414;183912;5441;1
LKOH;0;20260414;183939;5439.5;1
LKOH;0;20260414;183939;5439.5;12
LKOH;0;20260414;183939;5439.5;27
LKOH;0;20260414;183939;5439.5;49
LKOH;0;20260414;183939;5439;1
LKOH;0;20260414;183939;5439;10
LKOH;0;20260414;183941;5438.5;1
LKOH;0;20260414;184009;5438.5;6
LKOH;0;20260414;184013;5438.5;1
LKOH;0;20260414;184016;5438.5;1
LKOH;0;20260414;184017;5439.5;1
LKOH;0;20260414;184040;5439.5;1
LKOH;0;20260414;184040;5439.5;5
LKOH;0;20260414;184041;5439;5
LKOH;0;20260414;184043;5439;1
LKOH;0;20260414;184048;5439.5;1
LKOH;0;20260414;184055;5439.5;23
LKOH;0;20260414;184055;5439.5;3
LKOH;0;20260414;184055;5439.5;45
LKOH;0;20260414;184101;5439;2
LKOH;0;20260414;184109;5439;1
LKOH;0;20260414;184115;5439;3
LKOH;0;20260414;184142;5439.5;25
LKOH;0;20260414;184150;5439;1
LKOH;0;20260414;184153;5439.5;51
LKOH;0;20260414;184153;5439.5;1
LKOH;0;20260414;184153;5439.5;4
LKOH;0;20260414;184216;5439.5;1
LKOH;0;20260414;184233;5440;1
LKOH;0;20260414;184233;5440;49
LKOH;0;20260414;184248;5441;2
LKOH;0;20260414;184248;5441;2
LKOH;0;20260414;184253;5441.5;6
LKOH;0;20260414;184253;5442;252
LKOH;0;20260414;184253;5441.5;30
LKOH;0;20260414;184253;5441.5;1
LKOH;0;20260414;184309;5442.5;1
LKOH;0;20260414;184321;5442;20
LKOH;0;20260414;184326;5441.5;1
LKOH;0;20260414;184328;5441;1
LKOH;0;20260414;184328;5440.5;1
LKOH;0;20260414;184328;5440.5;6
LKOH;0;20260414;184328;5440.5;2
LKOH;0;20260414;184332;5440.5;1
LKOH;0;20260414;184333;5441.5;1
LKOH;0;20260414;184333;5442;1
LKOH;0;20260414;184339;5440.5;30
LKOH;0;20260414;184400;5440.5;1
LKOH;0;20260414;184400;5440.5;15
LKOH;0;20260414;184403;5441.5;1
LKOH;0;20260414;184417;5441.5;1
LKOH;0;20260414;184417;5441.5;1
LKOH;0;20260414;184420;5441.5;1
LKOH;0;20260414;184428;5441.5;1
LKOH;0;20260414;184431;5440.5;1
LKOH;0;20260414;184433;5440;2
LKOH;0;20260414;184433;5440;1
LKOH;0;20260414;184433;5440;2
LKOH;0;20260414;184433;5440;1
LKOH;0;20260414;184434;5439.5;1
LKOH;0;20260414;184435;5439.5;1
LKOH;0;20260414;184437;5439.5;191
LKOH;0;20260414;184437;5439.5;2
LKOH;0;20260414;184437;5439.5;1
LKOH;0;20260414;184446;5439;5
LKOH;0;20260414;184501;5439;42
LKOH;0;20260414;184501;5439;2
LKOH;0;20260414;184501;5439;30
LKOH;0;20260414;184506;5439;4
LKOH;0;20260414;184510;5439;1
LKOH;0;20260414;184519;5439;1
LKOH;0;20260414;184527;5438.5;2
LKOH;0;20260414;184539;5438.5;1
LKOH;0;20260414;184542;5439;2
LKOH;0;20260414;184547;5439;1
LKOH;0;20260414;184600;5439;1
LKOH;0;20260414;184613;5439.5;1
LKOH;0;20260414;184617;5439;5
LKOH;0;20260414;184621;5439.5;3
LKOH;0;20260414;184622;5439;50
LKOH;0;20260414;184622;5438.5;3
LKOH;0;20260414;184622;5438.5;1
LKOH;0;20260414;184622;5438.5;1
LKOH;0;20260414;184622;5438.5;2
LKOH;0;20260414;184622;5438.5;6
LKOH;0;20260414;184622;5438.5;2
LKOH;0;20260414;184622;5438.5;15
LKOH;0;20260414;184628;5438.5;1
LKOH;0;20260414;184628;5438.5;1
LKOH;0;20260414;184628;5438.5;1
LKOH;0;20260414;184628;5438.5;2
LKOH;0;20260414;184633;5438;1
LKOH;0;20260414;184633;5438;1
LKOH;0;20260414;184633;5437.5;1
LKOH;0;20260414;184633;5437.5;1
LKOH;0;20260414;184633;5437.5;18
LKOH;0;20260414;184633;5437.5;1
LKOH;0;20260414;184633;5437.5;1
LKOH;0;20260414;184633;5437.5;1
LKOH;0;20260414;184633;5437.5;1
LKOH;0;20260414;184633;5437;1
LKOH;0;20260414;184633;5437;18
LKOH;0;20260414;184633;5437;30
LKOH;0;20260414;184633;5436.5;1
LKOH;0;20260414;184633;5436.5;4
LKOH;0;20260414;184642;5437.5;1
LKOH;0;20260414;184645;5438.5;1
LKOH;0;20260414;184648;5437.5;1
LKOH;0;20260414;184650;5437.5;6
LKOH;0;20260414;184704;5437;1
LKOH;0;20260414;184727;5437;1
LKOH;0;20260414;184727;5437;1
LKOH;0;20260414;184727;5437;3
LKOH;0;20260414;184731;5437;1
LKOH;0;20260414;184731;5436.5;1
LKOH;0;20260414;184731;5436.5;18
LKOH;0;20260414;184731;5436.5;14
LKOH;0;20260414;184731;5436.5;14
LKOH;0;20260414;184731;5436.5;2
LKOH;0;20260414;184731;5436.5;2
LKOH;0;20260414;184731;5436.5;14
LKOH;0;20260414;184731;5436;1
LKOH;0;20260414;184731;5436;60
LKOH;0;20260414;184731;5436;18
LKOH;0;20260414;184731;5436;30
LKOH;0;20260414;184731;5436;1
LKOH;0;20260414;184731;5436;1
LKOH;0;20260414;184734;5436;1
LKOH;0;20260414;184750;5435.5;18
LKOH;0;20260414;184750;5435.5;63
LKOH;0;20260414;184750;5435.5;37
LKOH;0;20260414;184750;5435.5;18
LKOH;0;20260414;184750;5435.5;33
LKOH;0;20260414;184750;5435.5;64
LKOH;0;20260414;184750;5435.5;19
LKOH;0;20260414;184750;5435.5;28
LKOH;0;20260414;184750;5435.5;18
LKOH;0;20260414;184750;5435.5;1
LKOH;0;20260414;184750;5435.5;1
LKOH;0;20260414;184754;5435.5;1
LKOH;0;20260414;184800;5435.5;6
LKOH;0;20260414;184810;5435;2
LKOH;0;20260414;184811;5435;28
LKOH;0;20260414;184811;5435;1
LKOH;0;20260414;184811;5434.5;18
LKOH;0;20260414;184811;5434.5;1
LKOH;0;20260414;184813;5434.5;5
LKOH;0;20260414;184814;5434.5;3
LKOH;0;20260414;184817;5434;7
LKOH;0;20260414;184819;5433.5;1
LKOH;0;20260414;184828;5434.5;1
LKOH;0;20260414;184853;5434;1
LKOH;0;20260414;184853;5434;18
LKOH;0;20260414;184853;5433.5;18
LKOH;0;20260414;184853;5433.5;1
LKOH;0;20260414;184853;5433.5;2
LKOH;0;20260414;184853;5433.5;1
LKOH;0;20260414;184853;5433.5;1
LKOH;0;20260414;184853;5433.5;1
LKOH;0;20260414;184853;5433.5;5
LKOH;0;20260414;184853;5433.5;4
LKOH;0;20260414;184853;5433;2
LKOH;0;20260414;184853;5433;136
LKOH;0;20260414;184910;5434.5;5
LKOH;0;20260414;184914;5434;50
LKOH;0;20260414;184919;5434.5;14
LKOH;0;20260414;184947;5433.5;1
LKOH;0;20260414;184947;5433.5;18
LKOH;0;20260414;184947;5433.5;1
LKOH;0;20260414;184947;5433.5;13
LKOH;0;20260414;185000;5434;1
LKOH;0;20260414;185000;5434.5;2
LKOH;0;20260414;185011;5433.5;3
LKOH;0;20260414;185014;5434.5;5
LKOH;0;20260414;185020;5434;1
LKOH;0;20260414;185027;5434.5;1
LKOH;0;20260414;185029;5434;222
LKOH;0;20260414;185029;5433.5;1
LKOH;0;20260414;185029;5433.5;2
LKOH;0;20260414;185029;5433;1
LKOH;0;20260414;185029;5433;9
LKOH;0;20260414;185029;5433;1
LKOH;0;20260414;185039;5432.5;1
LKOH;0;20260414;185049;5433;5
LKOH;0;20260414;185051;5432.5;5
LKOH;0;20260414;185051;5432.5;5
LKOH;0;20260414;185058;5433;81
LKOH;0;20260414;185058;5433;1
LKOH;0;20260414;185058;5433.5;1
LKOH;0;20260414;185058;5433.5;30
LKOH;0;20260414;185058;5434;1
LKOH;0;20260414;185058;5434;30
LKOH;0;20260414;185058;5434.5;90
LKOH;0;20260414;185058;5434.5;1
LKOH;0;20260414;185058;5434.5;30
LKOH;0;20260414;185058;5434.5;45
LKOH;0;20260414;185116;5432.5;6
LKOH;0;20260414;185120;5434;16
LKOH;0;20260414;185123;5434;1
LKOH;0;20260414;185123;5434;1
LKOH;0;20260414;185124;5434;1
LKOH;0;20260414;185156;5434;2
LKOH;0;20260414;185201;5434;1
LKOH;0;20260414;185205;5432.5;1
LKOH;0;20260414;185205;5432.5;5
LKOH;0;20260414;185220;5432.5;1
LKOH;0;20260414;185220;5432;1
LKOH;0;20260414;185220;5432;1
LKOH;0;20260414;185220;5432;1
LKOH;0;20260414;185220;5432;1
LKOH;0;20260414;185220;5432;1
LKOH;0;20260414;185220;5432;1
LKOH;0;20260414;185220;5432;19
LKOH;0;20260414;185220;5432;1
LKOH;0;20260414;185220;5432;1
LKOH;0;20260414;185220;5432;1
LKOH;0;20260414;185220;5432;1
LKOH;0;20260414;185220;5431.5;1
LKOH;0;20260414;185220;5431.5;1
LKOH;0;20260414;185220;5431.5;1
LKOH;0;20260414;185230;5433;1
LKOH;0;20260414;185230;5433.5;1
LKOH;0;20260414;185230;5433.5;23
LKOH;0;20260414;185236;5433.5;3
LKOH;0;20260414;185242;5433.5;1
LKOH;0;20260414;185243;5433;2
LKOH;0;20260414;185243;5433;1
LKOH;0;20260414;185243;5433.5;2
LKOH;0;20260414;185243;5433.5;1
LKOH;0;20260414;185320;5433.5;1
LKOH;0;20260414;185341;5432.5;1
LKOH;0;20260414;185341;5432.5;1
LKOH;0;20260414;185341;5432;21
LKOH;0;20260414;185402;5433.5;1
LKOH;0;20260414;185413;5433.5;1
LKOH;0;20260414;185416;5434;10
LKOH;0;20260414;185429;5434;50
LKOH;0;20260414;185440;5434;1
LKOH;0;20260414;185440;5434;1
LKOH;0;20260414;185453;5434;1
LKOH;0;20260414;185453;5434.5;1
LKOH;0;20260414;185453;5434.5;1
LKOH;0;20260414;185453;5434.5;1
LKOH;0;20260414;185453;5434.5;2
LKOH;0;20260414;185453;5434.5;2
LKOH;0;20260414;185453;5435;1
LKOH;0;20260414;185453;5435.5;13
LKOH;0;20260414;185740;5431;3
LKOH;0;20260414;185740;5431;2
LKOH;0;20260414;185740;5431;1
LKOH;0;20260414;185740;5431;5
LKOH;0;20260414;185740;5431;1
LKOH;0;20260414;185740;5431;6
LKOH;0;20260414;185740;5431;2
LKOH;0;20260414;185811;5431;2
LKOH;0;20260414;185832;5431;1
LKOH;0;20260414;185909;5431;30
LKOH;0;20260414;190003;5434.5;6
LKOH;0;20260414;190011;5434;2
LKOH;0;20260414;190011;5434;17
LKOH;0;20260414;190011;5434;1
LKOH;0;20260414;190019;5434;5
LKOH;0;20260414;190039;5433.5;4
LKOH;0;20260414;190039;5433.5;1
LKOH;0;20260414;190039;5433;1
LKOH;0;20260414;190039;5433;13
LKOH;0;20260414;190039;5433;2
LKOH;0;20260414;190039;5433;1
LKOH;0;20260414;190039;5433;6
LKOH;0;20260414;190039;5432.5;1
LKOH;0;20260414;190039;5432.5;25
LKOH;0;20260414;190039;5432.5;1
LKOH;0;20260414;190039;5432.5;1
LKOH;0;20260414;190039;5432;1
LKOH;0;20260414;190039;5432;60
LKOH;0;20260414;190039;5432;157
LKOH;0;20260414;190039;5432;26
LKOH;0;20260414;190051;5432;1
LKOH;0;20260414;190057;5433;1
LKOH;0;20260414;190057;5432.5;3
LKOH;0;20260414;190117;5433.5;5
LKOH;0;20260414;190119;5432.5;1
LKOH;0;20260414;190120;5433.5;1
LKOH;0;20260414;190158;5432.5;1
LKOH;0;20260414;190158;5432.5;1
LKOH;0;20260414;190158;5432.5;1
LKOH;0;20260414;190158;5432.5;16
LKOH;0;20260414;190217;5432.5;8
LKOH;0;20260414;190220;5433.5;1
LKOH;0;20260414;190227;5433.5;1
LKOH;0;20260414;190239;5432.5;2
LKOH;0;20260414;190239;5432.5;3
LKOH;0;20260414;190239;5432.5;10
LKOH;0;20260414;190239;5432.5;1
LKOH;0;20260414;190302;5433.5;1
LKOH;0;20260414;190321;5432.5;2
LKOH;0;20260414;190322;5433.5;1
LKOH;0;20260414;190325;5432.5;116
LKOH;0;20260414;190325;5432.5;84
LKOH;0;20260414;190334;5432;1
LKOH;0;20260414;190334;5432;1
LKOH;0;20260414;190334;5432;1
LKOH;0;20260414;190337;5432;1
LKOH;0;20260414;190357;5433;1
LKOH;0;20260414;190357;5432;3
LKOH;0;20260414;190359;5433;3
LKOH;0;20260414;190422;5433;1
LKOH;0;20260414;190423;5433;1
LKOH;0;20260414;190429;5433;29
LKOH;0;20260414;190440;5433;55
LKOH;0;20260414;190440;5433;10
LKOH;0;20260414;190500;5433.5;1
LKOH;0;20260414;190519;5433.5;1
LKOH;0;20260414;190536;5434;1
LKOH;0;20260414;190545;5433.5;1
LKOH;0;20260414;190549;5434;1
LKOH;0;20260414;190606;5433.5;7
LKOH;0;20260414;190621;5434;1
LKOH;0;20260414;190625;5433.5;21
LKOH;0;20260414;190625;5433.5;1
LKOH;0;20260414;190625;5433.5;1
LKOH;0;20260414;190639;5433.5;1
LKOH;0;20260414;190644;5433;1
LKOH;0;20260414;190646;5433.5;1
LKOH;0;20260414;190652;5433;7
LKOH;0;20260414;190740;5433;1
LKOH;0;20260414;190752;5432.5;6
LKOH;0;20260414;190752;5432.5;1
LKOH;0;20260414;190804;5432.5;3
LKOH;0;20260414;190817;5432;2
LKOH;0;20260414;190819;5432;8
LKOH;0;20260414;190819;5432;1
LKOH;0;20260414;190819;5432;18
LKOH;0;20260414;190819;5432;43
LKOH;0;20260414;190820;5432.5;1
LKOH;0;20260414;190823;5432.5;1
LKOH;0;20260414;190824;5431.5;49
LKOH;0;20260414;190834;5431;1
LKOH;0;20260414;190834;5431;49
LKOH;0;20260414;190834;5431;50
LKOH;0;20260414;190834;5431;50
LKOH;0;20260414;190834;5431;50
LKOH;0;20260414;190834;5430.5;368
LKOH;0;20260414;190834;5430.5;18
LKOH;0;20260414;190834;5430.5;2
LKOH;0;20260414;190834;5430.5;1
LKOH;0;20260414;190834;5430;2
LKOH;0;20260414;190834;5430;1
LKOH;0;20260414;190857;5431;1
LKOH;0;20260414;190913;5430.5;9
LKOH;0;20260414;190915;5431.5;1
LKOH;0;20260414;190920;5430.5;12
LKOH;0;20260414;191004;5431.5;4
LKOH;0;20260414;191004;5431;1
LKOH;0;20260414;191004;5431;5
LKOH;0;20260414;191005;5432;1
LKOH;0;20260414;191009;5431;3
LKOH;0;20260414;191012;5432;1
LKOH;0;20260414;191026;5432;1
LKOH;0;20260414;191053;5431;8
LKOH;0;20260414;191101;5431;3
LKOH;0;20260414;191114;5431;1
LKOH;0;20260414;191114;5431;1
LKOH;0;20260414;191116;5431;16
LKOH;0;20260414;191134;5431;1
LKOH;0;20260414;191143;5431.5;1
LKOH;0;20260414;191148;5431.5;1
LKOH;0;20260414;191148;5431.5;1
LKOH;0;20260414;191148;5431;7
LKOH;0;20260414;191148;5431;1
LKOH;0;20260414;191148;5431;1
LKOH;0;20260414;191148;5431;5
LKOH;0;20260414;191149;5431;1
LKOH;0;20260414;191149;5430.5;1
LKOH;0;20260414;191149;5430.5;1
LKOH;0;20260414;191149;5430.5;1
LKOH;0;20260414;191149;5430.5;1
LKOH;0;20260414;191149;5430;5
LKOH;0;20260414;191149;5430;1
LKOH;0;20260414;191149;5430;2
LKOH;0;20260414;191149;5430;4
LKOH;0;20260414;191152;5430;4
LKOH;0;20260414;191152;5430;19
LKOH;0;20260414;191152;5430;7
LKOH;0;20260414;191152;5430;16
LKOH;0;20260414;191203;5430;1
LKOH;0;20260414;191204;5430;8
LKOH;0;20260414;191204;5430;17
LKOH;0;20260414;191204;5430;1
LKOH;0;20260414;191204;5430;1
LKOH;0;20260414;191204;5430;30
LKOH;0;20260414;191204;5430;50
LKOH;0;20260414;191204;5430;1
LKOH;0;20260414;191206;5431;1
LKOH;0;20260414;191211;5430;17
LKOH;0;20260414;191211;5430;1
LKOH;0;20260414;191211;5429.5;18
LKOH;0;20260414;191211;5429.5;1
LKOH;0;20260414;191218;5430.5;1
LKOH;0;20260414;191223;5429.5;1
LKOH;0;20260414;191223;5429.5;2
LKOH;0;20260414;191236;5430;1
LKOH;0;20260414;191236;5430;1
LKOH;0;20260414;191244;5429;1
LKOH;0;20260414;191244;5429;1
LKOH;0;20260414;191244;5429;2
LKOH;0;20260414;191244;5429;1
LKOH;0;20260414;191244;5429;18
LKOH;0;20260414;191244;5429;18
LKOH;0;20260414;191244;5429;7
LKOH;0;20260414;191244;5428.5;34
LKOH;0;20260414;191245;5428.5;3
LKOH;0;20260414;191245;5428;10
LKOH;0;20260414;191245;5428;1
LKOH;0;20260414;191245;5428;1
LKOH;0;20260414;191245;5428;1
LKOH;0;20260414;191245;5428;1
LKOH;0;20260414;191245;5428;14
LKOH;0;20260414;191245;5428;10
LKOH;0;20260414;191246;5428;26
LKOH;0;20260414;191246;5428;24
LKOH;0;20260414;191311;5428.5;1
LKOH;0;20260414;191311;5428.5;1
LKOH;0;20260414;191321;5428.5;1
LKOH;0;20260414;191321;5428.5;1
LKOH;0;20260414;191329;5428;1
LKOH;0;20260414;191329;5428.5;25
LKOH;0;20260414;191335;5429;3
LKOH;0;20260414;191343;5429;50
LKOH;0;20260414;191343;5429;30
LKOH;0;20260414;191343;5429;20
LKOH;0;20260414;191347;5429;1
LKOH;0;20260414;191350;5429.5;1
LKOH;0;20260414;191351;5429.5;2
LKOH;0;20260414;191405;5429.5;1
LKOH;0;20260414;191410;5429;8
LKOH;0;20260414;191417;5429;1
LKOH;0;20260414;191428;5429;8
LKOH;0;20260414;191428;5429;12
LKOH;0;20260414;191428;5429.5;6
LKOH;0;20260414;191443;5430;98
LKOH;0;20260414;191443;5430;2
LKOH;0;20260414;191448;5430;1
LKOH;0;20260414;191457;5430;1
LKOH;0;20260414;191458;5429.5;1
LKOH;0;20260414;191501;5429.5;10
LKOH;0;20260414;191501;5429.5;2
LKOH;0;20260414;191505;5430;2
LKOH;0;20260414;191521;5430;2
LKOH;0;20260414;191549;5430.5;13
LKOH;0;20260414;191549;5430.5;28
LKOH;0;20260414;191549;5430.5;2
LKOH;0;20260414;191549;5430.5;4
LKOH;0;20260414;191549;5430.5;25
LKOH;0;20260414;191608;5429.5;1
LKOH;0;20260414;191608;5429;10
LKOH;0;20260414;191610;5429.5;1
LKOH;0;20260414;191614;5429;1
LKOH;0;20260414;191614;5429;1
LKOH;0;20260414;191626;5429.5;1
LKOH;0;20260414;191701;5429;1
LKOH;0;20260414;191706;5429;1
LKOH;0;20260414;191706;5429;37
LKOH;0;20260414;191712;5429;3
LKOH;0;20260414;191712;5428.5;1
LKOH;0;20260414;191713;5428.5;4
LKOH;0;20260414;191727;5429;2
LKOH;0;20260414;191730;5428.5;21
LKOH;0;20260414;191730;5428.5;1
LKOH;0;20260414;191730;5428.5;9
LKOH;0;20260414;191730;5428.5;11
LKOH;0;20260414;191730;5428.5;1
LKOH;0;20260414;191730;5428;1
LKOH;0;20260414;191730;5428;1
LKOH;0;20260414;191730;5428;8
LKOH;0;20260414;191731;5428;29
LKOH;0;20260414;191731;5428;13
LKOH;0;20260414;191731;5428;50
LKOH;0;20260414;191736;5428;1
LKOH;0;20260414;191741;5427.5;1
LKOH;0;20260414;191741;5427.5;89
LKOH;0;20260414;191742;5427.5;20
LKOH;0;20260414;191805;5427.5;1
LKOH;0;20260414;191808;5428;13
LKOH;0;20260414;191808;5428;10
LKOH;0;20260414;191808;5428;65
LKOH;0;20260414;191808;5428;1
LKOH;0;20260414;191808;5428;50
LKOH;0;20260414;191808;5428;50
LKOH;0;20260414;191808;5428;20
LKOH;0;20260414;191808;5428;1
LKOH;0;20260414;191810;5427.5;5
LKOH;0;20260414;191820;5428;1
LKOH;0;20260414;191820;5428;4
LKOH;0;20260414;191820;5427.5;80
LKOH;0;20260414;191827;5428;10
LKOH;0;20260414;191831;5428;25
LKOH;0;20260414;191836;5428;1
LKOH;0;20260414;191836;5428;1
LKOH;0;20260414;191838;5428;1
LKOH;0;20260414;191838;5428;4
LKOH;0;20260414;191844;5428.5;1
LKOH;0;20260414;191859;5428;1
LKOH;0;20260414;191914;5428;1
LKOH;0;20260414;191914;5428;3
LKOH;0;20260414;191930;5428;1
LKOH;0;20260414;191940;5429;1
LKOH;0;20260414;191940;5429;2
LKOH;0;20260414;191940;5429;2
LKOH;0;20260414;191940;5429.5;1
LKOH;0;20260414;191940;5429.5;1
LKOH;0;20260414;191942;5428;26
LKOH;0;20260414;191942;5428;1
LKOH;0;20260414;191942;5428;1
LKOH;0;20260414;191942;5428;1
LKOH;0;20260414;191942;5427.5;12
LKOH;0;20260414;191942;5427.5;41
LKOH;0;20260414;191950;5429;1
LKOH;0;20260414;191950;5429.5;1
LKOH;0;20260414;191950;5429.5;1
LKOH;0;20260414;191950;5429.5;1
LKOH;0;20260414;191950;5429.5;3
LKOH;0;20260414;191950;5429.5;2
LKOH;0;20260414;191950;5429.5;5
LKOH;0;20260414;192000;5429.5;5
LKOH;0;20260414;192006;5429.5;1
LKOH;0;20260414;192011;5428.5;1
LKOH;0;20260414;192011;5428;1
LKOH;0;20260414;192015;5429.5;6
LKOH;0;20260414;192025;5429.5;1
LKOH;0;20260414;192053;5428.5;1
LKOH;0;20260414;192053;5428;9
LKOH;0;20260414;192055;5429.5;2
LKOH;0;20260414;192124;5429;2
LKOH;0;20260414;192132;5429.5;20
LKOH;0;20260414;192144;5429.5;1
LKOH;0;20260414;192207;5429.5;5
LKOH;0;20260414;192213;5429.5;10
LKOH;0;20260414;192213;5429.5;15
LKOH;0;20260414;192213;5429.5;30
LKOH;0;20260414;192213;5429.5;1
LKOH;0;20260414;192213;5429.5;1
LKOH;0;20260414;192232;5430;1
LKOH;0;20260414;192232;5430;1
LKOH;0;20260414;192232;5430.5;1
LKOH;0;20260414;192232;5430.5;15
LKOH;0;20260414;192232;5430.5;2
LKOH;0;20260414;192250;5430;2
LKOH;0;20260414;192301;5430;1
LKOH;0;20260414;192326;5430;1
LKOH;0;20260414;192349;5430;1
LKOH;0;20260414;192349;5430;1
LKOH;0;20260414;192406;5429.5;2
LKOH;0;20260414;192412;5430.5;3
LKOH;0;20260414;192428;5430;1
LKOH;0;20260414;192437;5429.5;2
LKOH;0;20260414;192441;5430;1
LKOH;0;20260414;192451;5429.5;14
LKOH;0;20260414;192457;5429.5;66
LKOH;0;20260414;192457;5429.5;30
LKOH;0;20260414;192457;5429.5;13
LKOH;0;20260414;192457;5429.5;1
LKOH;0;20260414;192457;5430;30
LKOH;0;20260414;192457;5430;1
LKOH;0;20260414;192457;5430;1
LKOH;0;20260414;192457;5430;1
LKOH;0;20260414;192457;5430;6
LKOH;0;20260414;192457;5430;7
LKOH;0;20260414;192457;5430;2
LKOH;0;20260414;192457;5430;4
LKOH;0;20260414;192457;5430;3
LKOH;0;20260414;192457;5430;2
LKOH;0;20260414;192457;5430;4
LKOH;0;20260414;192526;5430.5;1
LKOH;0;20260414;192526;5430.5;1
LKOH;0;20260414;192530;5430.5;1
LKOH;0;20260414;192531;5430;1
LKOH;0;20260414;192535;5430;2
LKOH;0;20260414;192542;5429.5;1
LKOH;0;20260414;192542;5429.5;8
LKOH;0;20260414;192542;5429.5;6
LKOH;0;20260414;192556;5428;9
LKOH;0;20260414;192556;5427.5;1
LKOH;0;20260414;192624;5428.5;1
LKOH;0;20260414;192631;5428;1
LKOH;0;20260414;192646;5429;1
LKOH;0;20260414;192646;5429.5;1
LKOH;0;20260414;192646;5429.5;3
LKOH;0;20260414;192657;5428.5;1
LKOH;0;20260414;192721;5428.5;1
LKOH;0;20260414;192734;5428;1
LKOH;0;20260414;192734;5427.5;45
LKOH;0;20260414;192736;5427.5;11
LKOH;0;20260414;192755;5427.5;1
LKOH;0;20260414;192758;5427.5;2
LKOH;0;20260414;192801;5427.5;48
LKOH;0;20260414;192817;5427.5;2
LKOH;0;20260414;192834;5428;1
LKOH;0;20260414;192837;5428;4
LKOH;0;20260414;192848;5427.5;1
LKOH;0;20260414;192848;5427.5;1
LKOH;0;20260414;192848;5427.5;1
LKOH;0;20260414;192848;5427.5;1
LKOH;0;20260414;192849;5427.5;1
LKOH;0;20260414;192849;5427.5;1
LKOH;0;20260414;192849;5428;1
LKOH;0;20260414;192849;5427.5;4
LKOH;0;20260414;192849;5427.5;13
LKOH;0;20260414;192849;5427.5;5
LKOH;0;20260414;192849;5427.5;1
LKOH;0;20260414;192849;5427.5;1
LKOH;0;20260414;192849;5427.5;5
LKOH;0;20260414;192849;5427.5;5
LKOH;0;20260414;192856;5427.5;1
LKOH;0;20260414;192856;5427.5;1
LKOH;0;20260414;192858;5427.5;1
LKOH;0;20260414;192858;5427.5;1
LKOH;0;20260414;192858;5427.5;1
LKOH;0;20260414;192858;5427.5;1
LKOH;0;20260414;192858;5427.5;1
LKOH;0;20260414;192858;5427.5;1
LKOH;0;20260414;192858;5427.5;1
LKOH;0;20260414;192858;5427.5;1
LKOH;0;20260414;192858;5427.5;1
LKOH;0;20260414;192858;5427.5;1
LKOH;0;20260414;192858;5427.5;3
LKOH;0;20260414;192858;5427;12
LKOH;0;20260414;192858;5427;3
LKOH;0;20260414;192858;5427;1
LKOH;0;20260414;192858;5427;11
LKOH;0;20260414;192858;5427.5;3
LKOH;0;20260414;192859;5427;1
LKOH;0;20260414;192859;5427;1
LKOH;0;20260414;192859;5427;4
LKOH;0;20260414;192859;5426;1
LKOH;0;20260414;192859;5426;2
LKOH;0;20260414;192859;5426;13
LKOH;0;20260414;192859;5426;2
LKOH;0;20260414;192859;5426;2
LKOH;0;20260414;192859;5426;1
LKOH;0;20260414;192859;5426;1
LKOH;0;20260414;192916;5426;1
LKOH;0;20260414;192916;5426;1
LKOH;0;20260414;192916;5426;1
LKOH;0;20260414;192916;5426;1
LKOH;0;20260414;192916;5426;1
LKOH;0;20260414;192916;5426;5
LKOH;0;20260414;192916;5426;1
LKOH;0;20260414;192916;5426;1
LKOH;0;20260414;192916;5426;1
LKOH;0;20260414;192916;5426;1
LKOH;0;20260414;192916;5426;1
LKOH;0;20260414;192916;5426;1
LKOH;0;20260414;192916;5426;18
LKOH;0;20260414;192916;5426;18
LKOH;0;20260414;192916;5426;1
LKOH;0;20260414;192916;5426;1
LKOH;0;20260414;192917;5426;1
LKOH;0;20260414;192917;5426;1
LKOH;0;20260414;192917;5426;9
LKOH;0;20260414;192917;5426;9
LKOH;0;20260414;192917;5426;1
LKOH;0;20260414;192917;5426;1
LKOH;0;20260414;192927;5426.5;11
LKOH;0;20260414;192937;5427;4
LKOH;0;20260414;192945;5427.5;1
LKOH;0;20260414;192957;5427.5;1
LKOH;0;20260414;193009;5426.5;1
LKOH;0;20260414;193012;5427;1
LKOH;0;20260414;193013;5426.5;2
LKOH;0;20260414;193015;5427.5;11
LKOH;0;20260414;193015;5427.5;1
LKOH;0;20260414;193015;5427.5;1
LKOH;0;20260414;193015;5427.5;2
LKOH;0;20260414;193015;5427.5;1
LKOH;0;20260414;193015;5427.5;1
LKOH;0;20260414;193015;5427.5;1
LKOH;0;20260414;193019;5427.5;1
LKOH;0;20260414;193038;5427.5;1
LKOH;0;20260414;193048;5427.5;10
LKOH;0;20260414;193048;5427.5;1
LKOH;0;20260414;193048;5427.5;1
LKOH;0;20260414;193048;5427.5;1
LKOH;0;20260414;193052;5427.5;7
LKOH;0;20260414;193052;5427.5;13
LKOH;0;20260414;193103;5427;1
LKOH;0;20260414;193110;5427.5;1
LKOH;0;20260414;193111;5427.5;1
LKOH;0;20260414;193112;5427;6
LKOH;0;20260414;193116;5427;1
LKOH;0;20260414;193116;5427;1
LKOH;0;20260414;193117;5426.5;1
LKOH;0;20260414;193117;5426;17
LKOH;0;20260414;193117;5426;16
LKOH;0;20260414;193121;5426;2
LKOH;0;20260414;193121;5426;2
LKOH;0;20260414;193121;5426.5;1
LKOH;0;20260414;193140;5426;22
LKOH;0;20260414;193140;5426;22
LKOH;0;20260414;193150;5426;4
LKOH;0;20260414;193150;5426;4
LKOH;0;20260414;193150;5426;4
LKOH;0;20260414;193150;5426;4
LKOH;0;20260414;193153;5426;4
LKOH;0;20260414;193153;5426;4
LKOH;0;20260414;193201;5426;6
LKOH;0;20260414;193217;5426;2
LKOH;0;20260414;193217;5426;2
LKOH;0;20260414;193224;5426;11
LKOH;0;20260414;193225;5426;1
LKOH;0;20260414;193227;5426.5;1
LKOH;0;20260414;193236;5426;5
LKOH;0;20260414;193243;5426;1
LKOH;0;20260414;193243;5426;39
LKOH;0;20260414;193246;5426.5;1
LKOH;0;20260414;193307;5426.5;1
LKOH;0;20260414;193312;5426;1
LKOH;0;20260414;193316;5426.5;1
LKOH;0;20260414;193349;5426.5;1
LKOH;0;20260414;193351;5426;77
LKOH;0;20260414;193417;5426;15
LKOH;0;20260414;193435;5426.5;1
LKOH;0;20260414;193453;5426.5;1
LKOH;0;20260414;193500;5426.5;2
LKOH;0;20260414;193508;5426.5;1
LKOH;0;20260414;193515;5426;6
LKOH;0;20260414;193600;5426.5;1
LKOH;0;20260414;193613;5426.5;1
LKOH;0;20260414;193633;5426.5;5
LKOH;0;20260414;193634;5426;2
LKOH;0;20260414;193634;5426;5
LKOH;0;20260414;193637;5426.5;1
LKOH;0;20260414;193648;5426.5;1
LKOH;0;20260414;193713;5426;1
LKOH;0;20260414;193714;5426.5;1
LKOH;0;20260414;193721;5426;2
LKOH;0;20260414;193729;5426;7
LKOH;0;20260414;193729;5426;8
LKOH;0;20260414;193729;5426;8
LKOH;0;20260414;193729;5426;5
LKOH;0;20260414;193733;5426.5;1
LKOH;0;20260414;193737;5426.5;1
LKOH;0;20260414;193740;5426.5;1
LKOH;0;20260414;193809;5426.5;3
LKOH;0;20260414;193830;5426;8
LKOH;0;20260414;193830;5426;2
LKOH;0;20260414;193830;5426;8
LKOH;0;20260414;193830;5426;2
LKOH;0;20260414;193834;5426.5;1
LKOH;0;20260414;193837;5426;4
LKOH;0;20260414;193837;5426;2
LKOH;0;20260414;193837;5426;2
LKOH;0;20260414;193847;5426;1
LKOH;0;20260414;193847;5426;3
LKOH;0;20260414;193858;5426.5;121
LKOH;0;20260414;193858;5426.5;222
LKOH;0;20260414;193858;5426.5;65
LKOH;0;20260414;193858;5426.5;30
LKOH;0;20260414;193858;5426.5;13
LKOH;0;20260414;193858;5426.5;49
LKOH;0;20260414;193901;5426.5;2
LKOH;0;20260414;193901;5426.5;39
LKOH;0;20260414;193906;5426.5;1
LKOH;0;20260414;193920;5426.5;1
LKOH;0;20260414;193925;5427;1
LKOH;0;20260414;193925;5427;1
LKOH;0;20260414;193945;5427;1
LKOH;0;20260414;193945;5427;1
LKOH;0;20260414;193945;5427.5;1
LKOH;0;20260414;193958;5427.5;1
LKOH;0;20260414;194004;5427.5;3
LKOH;0;20260414;194018;5427.5;1
LKOH;0;20260414;194034;5427.5;1
LKOH;0;20260414;194040;5427;4
LKOH;0;20260414;194040;5427;1
LKOH;0;20260414;194040;5427;3
LKOH;0;20260414;194045;5427.5;1
LKOH;0;20260414;194053;5427;1
LKOH;0;20260414;194053;5426.5;19
LKOH;0;20260414;194053;5426.5;14
LKOH;0;20260414;194053;5426;1
LKOH;0;20260414;194053;5426;2
LKOH;0;20260414;194053;5426;3
LKOH;0;20260414;194104;5426;15
LKOH;0;20260414;194105;5426;1
LKOH;0;20260414;194117;5426;1
LKOH;0;20260414;194120;5426;1
LKOH;0;20260414;194141;5425.5;1
LKOH;0;20260414;194144;5426;20
LKOH;0;20260414;194146;5425.5;10
LKOH;0;20260414;194148;5425.5;1
LKOH;0;20260414;194148;5426;1
LKOH;0;20260414;194211;5426;1
LKOH;0;20260414;194211;5426;1
LKOH;0;20260414;194222;5426.5;210
LKOH;0;20260414;194236;5426.5;1
LKOH;0;20260414;194241;5426.5;25
LKOH;0;20260414;194241;5426.5;10
LKOH;0;20260414;194332;5428;1
LKOH;0;20260414;194348;5428;50
LKOH;0;20260414;194402;5428;1
LKOH;0;20260414;194449;5428;2
LKOH;0;20260414;194509;5428;1
LKOH;0;20260414;194526;5428;1
LKOH;0;20260414;194548;5428;1
LKOH;0;20260414;194549;5428;2
LKOH;0;20260414;194605;5428;1
LKOH;0;20260414;194612;5428;1
LKOH;0;20260414;194631;5428;1
LKOH;0;20260414;194655;5428;1
LKOH;0;20260414;194704;5428;3
LKOH;0;20260414;194712;5428;1
LKOH;0;20260414;194715;5427.5;1
LKOH;0;20260414;194725;5428;50
LKOH;0;20260414;194736;5428;4
LKOH;0;20260414;194739;5427.5;1
LKOH;0;20260414;194742;5428;1
LKOH;0;20260414;194743;5428;1
LKOH;0;20260414;194752;5428;1
LKOH;0;20260414;194758;5427.5;1
LKOH;0;20260414;194758;5427.5;1
LKOH;0;20260414;194758;5427.5;1
LKOH;0;20260414;194758;5426.5;5
LKOH;0;20260414;194802;5426.5;1
LKOH;0;20260414;194810;5428;1
LKOH;0;20260414;194827;5428;1
LKOH;0;20260414;194833;5428;1
LKOH;0;20260414;194908;5426.5;5
LKOH;0;20260414;194908;5426.5;1
LKOH;0;20260414;194908;5426.5;1
LKOH;0;20260414;194916;5426.5;13
LKOH;0;20260414;194916;5426.5;3
LKOH;0;20260414;194924;5426.5;8
LKOH;0;20260414;194924;5426.5;2
LKOH;0;20260414;194924;5426.5;20
LKOH;0;20260414;194943;5427;1
LKOH;0;20260414;194943;5427.5;1
LKOH;0;20260414;194943;5428;8
LKOH;0;20260414;194943;5428;1
LKOH;0;20260414;194943;5428;18
LKOH;0;20260414;195006;5428;1
LKOH;0;20260414;195025;5428;2
LKOH;0;20260414;195032;5428;1
LKOH;0;20260414;195049;5427;30
LKOH;0;20260414;195049;5427;10
LKOH;0;20260414;195049;5426.5;13
LKOH;0;20260414;195049;5426.5;1
LKOH;0;20260414;195049;5426.5;3
LKOH;0;20260414;195049;5426.5;30
LKOH;0;20260414;195049;5426.5;1
LKOH;0;20260414;195049;5426.5;1
LKOH;0;20260414;195049;5426.5;1
LKOH;0;20260414;195049;5426.5;2
LKOH;0;20260414;195049;5426.5;1
LKOH;0;20260414;195049;5426.5;1
LKOH;0;20260414;195049;5426;1
LKOH;0;20260414;195049;5426;5
LKOH;0;20260414;195123;5428;1
LKOH;0;20260414;195127;5428;1
LKOH;0;20260414;195131;5427;2
LKOH;0;20260414;195146;5427;1
LKOH;0;20260414;195204;5428;1
LKOH;0;20260414;195215;5428;18
LKOH;0;20260414;195223;5428;52
LKOH;0;20260414;195223;5428;8
LKOH;0;20260414;195230;5427.5;98
LKOH;0;20260414;195235;5427.5;1
LKOH;0;20260414;195244;5428;1
LKOH;0;20260414;195244;5428;4
LKOH;0;20260414;195251;5428.5;4
LKOH;0;20260414;195304;5428;5
LKOH;0;20260414;195304;5428;1
LKOH;0;20260414;195304;5427.5;2
LKOH;0;20260414;195304;5427.5;1
LKOH;0;20260414;195304;5427.5;1
LKOH;0;20260414;195304;5427.5;1
LKOH;0;20260414;195304;5427.5;1
LKOH;0;20260414;195304;5427.5;1
LKOH;0;20260414;195304;5427.5;1
LKOH;0;20260414;195304;5427.5;14
LKOH;0;20260414;195313;5428.5;1
LKOH;0;20260414;195323;5429;5
LKOH;0;20260414;195337;5429;1
LKOH;0;20260414;195419;5429;4
LKOH;0;20260414;195419;5428.5;22
LKOH;0;20260414;195446;5429;1
LKOH;0;20260414;195456;5428.5;2
LKOH;0;20260414;195456;5428;1
LKOH;0;20260414;195456;5428;11
LKOH;0;20260414;195456;5428;6
LKOH;0;20260414;195456;5428;1
LKOH;0;20260414;195456;5428;1
LKOH;0;20260414;195456;5428;1
LKOH;0;20260414;195511;5428;1
LKOH;0;20260414;195545;5428;1
LKOH;0;20260414;195603;5428;1
LKOH;0;20260414;195606;5428;19
LKOH;0;20260414;195612;5427.5;1
LKOH;0;20260414;195612;5427.5;10
LKOH;0;20260414;195612;5427;1
LKOH;0;20260414;195612;5427;13
LKOH;0;20260414;195612;5427;1
LKOH;0;20260414;195612;5427;1
LKOH;0;20260414;195612;5427;1
LKOH;0;20260414;195612;5427;1
LKOH;0;20260414;195612;5426.5;1
LKOH;0;20260414;195612;5426.5;30
LKOH;0;20260414;195612;5426.5;40
LKOH;0;20260414;195657;5428;1
LKOH;0;20260414;195657;5427;1
LKOH;0;20260414;195704;5428;4
LKOH;0;20260414;195708;5427;1
LKOH;0;20260414;195708;5426.5;1
LKOH;0;20260414;195741;5428;2
LKOH;0;20260414;195748;5428;7
LKOH;0;20260414;195753;5427;1
LKOH;0;20260414;195755;5428;1
LKOH;0;20260414;195756;5427;1
LKOH;0;20260414;195756;5427;1
LKOH;0;20260414;195802;5427;1
LKOH;0;20260414;195802;5426.5;1
LKOH;0;20260414;195802;5426.5;50
LKOH;0;20260414;195802;5426.5;50
LKOH;0;20260414;195802;5426.5;1
LKOH;0;20260414;195802;5426.5;30
LKOH;0;20260414;195802;5426.5;13
LKOH;0;20260414;195802;5426.5;2
LKOH;0;20260414;195802;5426.5;2
LKOH;0;20260414;195848;5427;1
LKOH;0;20260414;195906;5427.5;1
LKOH;0;20260414;195955;5427.5;20
LKOH;0;20260414;200009;5427.5;1
LKOH;0;20260414;200046;5427.5;1
LKOH;0;20260414;200053;5427.5;1
LKOH;0;20260414;200058;5427;50
LKOH;0;20260414;200107;5427;1
LKOH;0;20260414;200119;5427;2
LKOH;0;20260414;200129;5427;9
LKOH;0;20260414;200135;5427;1
LKOH;0;20260414;200138;5427;25
LKOH;0;20260414;200138;5427;12
LKOH;0;20260414;200138;5427;13
LKOH;0;20260414;200150;5427;1
LKOH;0;20260414;200219;5427;1
LKOH;0;20260414;200220;5426.5;9
LKOH;0;20260414;200220;5426.5;5
LKOH;0;20260414;200220;5425.5;8
LKOH;0;20260414;200220;5425.5;1
LKOH;0;20260414;200220;5425;14
LKOH;0;20260414;200220;5425;11
LKOH;0;20260414;200220;5425;1
LKOH;0;20260414;200220;5425;1
LKOH;0;20260414;200220;5425;1
LKOH;0;20260414;200220;5425;10
LKOH;0;20260414;200220;5425;1
LKOH;0;20260414;200220;5425;2
LKOH;0;20260414;200220;5425;2
LKOH;0;20260414;200220;5425;1
LKOH;0;20260414;200220;5425;1
LKOH;0;20260414;200220;5425;1
LKOH;0;20260414;200220;5425;1
LKOH;0;20260414;200220;5425;1
LKOH;0;20260414;200220;5425;3
LKOH;0;20260414;200220;5425.5;1
LKOH;0;20260414;200221;5425;2
LKOH;0;20260414;200221;5425;1
LKOH;0;20260414;200221;5424.5;2
LKOH;0;20260414;200221;5424.5;5
LKOH;0;20260414;200223;5425;3
LKOH;0;20260414;200227;5425;1
LKOH;0;20260414;200232;5424;3
LKOH;0;20260414;200232;5424;7
LKOH;0;20260414;200232;5424;1
LKOH;0;20260414;200232;5424;1
LKOH;0;20260414;200232;5424;2
LKOH;0;20260414;200232;5424;2
LKOH;0;20260414;200232;5424;2
LKOH;0;20260414;200232;5424;1
LKOH;0;20260414;200232;5424;1
LKOH;0;20260414;200232;5424;1
LKOH;0;20260414;200232;5423.5;1
LKOH;0;20260414;200232;5423.5;1
LKOH;0;20260414;200235;5424;1
LKOH;0;20260414;200242;5424;1
LKOH;0;20260414;200243;5424;1
LKOH;0;20260414;200245;5424;1
LKOH;0;20260414;200247;5424;1
LKOH;0;20260414;200248;5424;1
LKOH;0;20260414;200252;5423.5;40
LKOH;0;20260414;200252;5423.5;10
LKOH;0;20260414;200252;5423.5;18
LKOH;0;20260414;200252;5423.5;7
LKOH;0;20260414;200252;5423.5;5
LKOH;0;20260414;200303;5423.5;13
LKOH;0;20260414;200303;5423.5;13
LKOH;0;20260414;200303;5423.5;1
LKOH;0;20260414;200303;5423.5;1
LKOH;0;20260414;200314;5423;1
LKOH;0;20260414;200314;5423.5;7
LKOH;0;20260414;200317;5423.5;7
LKOH;0;20260414;200341;5423;4
LKOH;0;20260414;200341;5423;1
LKOH;0;20260414;200341;5423;115
LKOH;0;20260414;200356;5423.5;2
LKOH;0;20260414;200403;5423.5;1
LKOH;0;20260414;200407;5423.5;1
LKOH;0;20260414;200409;5423.5;1
LKOH;0;20260414;200411;5423.5;10
LKOH;0;20260414;200419;5423.5;1
LKOH;0;20260414;200424;5423.5;1
LKOH;0;20260414;200427;5423;1
LKOH;0;20260414;200427;5423.5;1
LKOH;0;20260414;200431;5423;1
LKOH;0;20260414;200433;5423;1
LKOH;0;20260414;200443;5423.5;3
LKOH;0;20260414;200444;5423.5;1
LKOH;0;20260414;200455;5423.5;1
LKOH;0;20260414;200505;5423.5;1
LKOH;0;20260414;200515;5423;1
LKOH;0;20260414;200529;5423.5;1
LKOH;0;20260414;200542;5423.5;1
LKOH;0;20260414;200555;5423;1
LKOH;0;20260414;200602;5423.5;1
LKOH;0;20260414;200619;5423.5;3
LKOH;0;20260414;200622;5423;3
LKOH;0;20260414;200622;5423.5;1
LKOH;0;20260414;200622;5423.5;16
LKOH;0;20260414;200708;5424;8
LKOH;0;20260414;200708;5424;1
LKOH;0;20260414;200708;5424;6
LKOH;0;20260414;200715;5424.5;1
LKOH;0;20260414;200716;5424.5;3
LKOH;0;20260414;200728;5423.5;3
LKOH;0;20260414;200732;5424;2
LKOH;0;20260414;200745;5423.5;1
LKOH;0;20260414;200751;5424.5;1
LKOH;0;20260414;200809;5424.5;4
LKOH;0;20260414;200810;5424;18
LKOH;0;20260414;200810;5424;1
LKOH;0;20260414;200816;5424.5;2
LKOH;0;20260414;200821;5424.5;11
LKOH;0;20260414;200822;5424.5;1
LKOH;0;20260414;200826;5424.5;1
LKOH;0;20260414;200901;5424;1
LKOH;0;20260414;200907;5424.5;1
LKOH;0;20260414;200918;5423.5;1
LKOH;0;20260414;200918;5423.5;1
LKOH;0;20260414;200918;5423.5;1
LKOH;0;20260414;200918;5423.5;1
LKOH;0;20260414;200918;5423;44
LKOH;0;20260414;200919;5424.5;15
LKOH;0;20260414;200923;5424.5;1
LKOH;0;20260414;200933;5424.5;3
LKOH;0;20260414;200935;5424.5;2
LKOH;0;20260414;200935;5424.5;1
LKOH;0;20260414;200952;5424;1
LKOH;0;20260414;200952;5424;1
LKOH;0;20260414;201004;5424.5;2
LKOH;0;20260414;201018;5424;1
LKOH;0;20260414;201018;5424;1
LKOH;0;20260414;201126;5423.5;1
LKOH;0;20260414;201126;5423.5;1
LKOH;0;20260414;201134;5423.5;1
LKOH;0;20260414;201139;5423.5;1
LKOH;0;20260414;201150;5424;6
LKOH;0;20260414;201150;5424;4
LKOH;0;20260414;201201;5424;1
LKOH;0;20260414;201205;5424;1
LKOH;0;20260414;201209;5424;1
LKOH;0;20260414;201214;5424;1
LKOH;0;20260414;201234;5424.5;45
LKOH;0;20260414;201251;5424.5;1
LKOH;0;20260414;201252;5424;1
LKOH;0;20260414;201255;5424.5;1
LKOH;0;20260414;201316;5424.5;80
LKOH;0;20260414;201320;5424.5;6
LKOH;0;20260414;201331;5424.5;50
LKOH;0;20260414;201331;5424.5;1
LKOH;0;20260414;201349;5424;6
LKOH;0;20260414;201349;5424;1
LKOH;0;20260414;201349;5424;3
LKOH;0;20260414;201412;5424;1
LKOH;0;20260414;201427;5424;1
LKOH;0;20260414;201439;5424;1
LKOH;0;20260414;201451;5424.5;1
LKOH;0;20260414;201457;5424.5;1
LKOH;0;20260414;201457;5424.5;1
LKOH;0;20260414;201505;5424;2
LKOH;0;20260414;201506;5424;2
LKOH;0;20260414;201515;5424.5;2
LKOH;0;20260414;201524;5424.5;31
LKOH;0;20260414;201524;5424.5;53
LKOH;0;20260414;201526;5424;8
LKOH;0;20260414;201526;5424;1
LKOH;0;20260414;201544;5424;2
LKOH;0;20260414;201546;5423.5;1
LKOH;0;20260414;201554;5424;1
LKOH;0;20260414;201556;5424.5;1
LKOH;0;20260414;201601;5424.5;1
LKOH;0;20260414;201609;5424.5;1
LKOH;0;20260414;201623;5424.5;1
LKOH;0;20260414;201652;5424.5;1
LKOH;0;20260414;201653;5424.5;62
LKOH;0;20260414;201653;5424.5;222
LKOH;0;20260414;201653;5425;30
LKOH;0;20260414;201653;5425;1
LKOH;0;20260414;201708;5425.5;1
LKOH;0;20260414;201708;5425.5;1
LKOH;0;20260414;201714;5427;2
LKOH;0;20260414;201726;5426;1
LKOH;0;20260414;201728;5425.5;1
LKOH;0;20260414;201855;5426;95
LKOH;0;20260414;201858;5426;1
LKOH;0;20260414;201914;5426;2
LKOH;0;20260414;201928;5426;1
LKOH;0;20260414;201931;5426;8
LKOH;0;20260414;201939;5426;1
LKOH;0;20260414;201953;5426;1
LKOH;0;20260414;202025;5426;3
LKOH;0;20260414;202032;5425.5;1
LKOH;0;20260414;202032;5425.5;1
LKOH;0;20260414;202032;5425.5;1
LKOH;0;20260414;202032;5425.5;3
LKOH;0;20260414;202032;5426;1
LKOH;0;20260414;202101;5426;1
LKOH;0;20260414;202129;5426;4
LKOH;0;20260414;202139;5426;1
LKOH;0;20260414;202140;5426;1
LKOH;0;20260414;202147;5426;4
LKOH;0;20260414;202153;5426;3
LKOH;0;20260414;202156;5425.5;6
LKOH;0;20260414;202230;5426;1
LKOH;0;20260414;202236;5426;1
LKOH;0;20260414;202243;5425.5;2
LKOH;0;20260414;202249;5425.5;50
LKOH;0;20260414;202301;5425.5;3
LKOH;0;20260414;202301;5425.5;3
LKOH;0;20260414;202301;5425.5;2
LKOH;0;20260414;202301;5425.5;2
LKOH;0;20260414;202301;5425.5;28
LKOH;0;20260414;202301;5425;50
LKOH;0;20260414;202301;5425;2
LKOH;0;20260414;202301;5425.5;1
LKOH;0;20260414;202305;5425.5;3
LKOH;0;20260414;202310;5425;1
LKOH;0;20260414;202346;5425.5;1
LKOH;0;20260414;202420;5425.5;2
LKOH;0;20260414;202425;5425.5;1
LKOH;0;20260414;202436;5425.5;2
LKOH;0;20260414;202440;5425;20
LKOH;0;20260414;202450;5425;7
LKOH;0;20260414;202453;5425.5;1
LKOH;0;20260414;202550;5425;7
LKOH;0;20260414;202630;5425.5;1
LKOH;0;20260414;202703;5426;1
LKOH;0;20260414;202704;5426;1
LKOH;0;20260414;202708;5425.5;1
LKOH;0;20260414;202710;5425.5;1
LKOH;0;20260414;202715;5425.5;8
LKOH;0;20260414;202721;5425.5;30
LKOH;0;20260414;202751;5425;1
LKOH;0;20260414;202803;5426;1
LKOH;0;20260414;202836;5425.5;30
LKOH;0;20260414;202836;5425.5;62
LKOH;0;20260414;202836;5425.5;1
LKOH;0;20260414;202836;5425.5;51
LKOH;0;20260414;202836;5425.5;18
LKOH;0;20260414;202836;5425.5;35
LKOH;0;20260414;202836;5425.5;11
LKOH;0;20260414;202836;5425;11
LKOH;0;20260414;202836;5425;1
LKOH;0;20260414;202836;5425;1
LKOH;0;20260414;202836;5425;1
LKOH;0;20260414;202836;5425;1
LKOH;0;20260414;202836;5425;1
LKOH;0;20260414;202836;5425;1
LKOH;0;20260414;202836;5425;30
LKOH;0;20260414;202836;5425;1
LKOH;0;20260414;202836;5425;1
LKOH;0;20260414;202836;5425;1
LKOH;0;20260414;202836;5425;1
LKOH;0;20260414;202836;5425;1
LKOH;0;20260414;202836;5425;1
LKOH;0;20260414;202851;5424.5;1
LKOH;0;20260414;202851;5424.5;1
LKOH;0;20260414;202851;5424.5;1
LKOH;0;20260414;202851;5424;1
LKOH;0;20260414;202851;5424.5;1
LKOH;0;20260414;202900;5424.5;3
LKOH;0;20260414;202911;5424;118
LKOH;0;20260414;202911;5424;2
LKOH;0;20260414;202911;5424;1
LKOH;0;20260414;202911;5424;14
LKOH;0;20260414;202911;5424;117
LKOH;0;20260414;202911;5424;62
LKOH;0;20260414;202911;5424;28
LKOH;0;20260414;202921;5423.5;1
LKOH;0;20260414;202921;5423.5;47
LKOH;0;20260414;202927;5424.5;9
LKOH;0;20260414;202931;5423.5;1
LKOH;0;20260414;202941;5423.5;1
LKOH;0;20260414;202945;5424.5;1
LKOH;0;20260414;203003;5424.5;18
LKOH;0;20260414;203023;5424.5;30
LKOH;0;20260414;203026;5424.5;1
LKOH;0;20260414;203031;5424;25
LKOH;0;20260414;203031;5424;13
LKOH;0;20260414;203036;5423.5;1
LKOH;0;20260414;203036;5424;3
LKOH;0;20260414;203049;5424;1
LKOH;0;20260414;203102;5424;10
LKOH;0;20260414;203108;5423.5;11
LKOH;0;20260414;203118;5423.5;1
LKOH;0;20260414;203134;5424;32
LKOH;0;20260414;203134;5424;10
LKOH;0;20260414;203134;5424;47
LKOH;0;20260414;203153;5423.5;138
LKOH;0;20260414;203153;5423.5;1
LKOH;0;20260414;203153;5423.5;1
LKOH;0;20260414;203153;5423.5;8
LKOH;0;20260414;203153;5423.5;8
LKOH;0;20260414;203153;5423;133
LKOH;0;20260414;203153;5423;1
LKOH;0;20260414;203153;5423;6
LKOH;0;20260414;203153;5423;1
LKOH;0;20260414;203153;5423;3
LKOH;0;20260414;203154;5423.5;30
LKOH;0;20260414;203154;5423.5;5
LKOH;0;20260414;203203;5423.5;1
LKOH;0;20260414;203204;5423.5;5
LKOH;0;20260414;203209;5423.5;1
LKOH;0;20260414;203238;5423.5;7
LKOH;0;20260414;203247;5423;1
LKOH;0;20260414;203250;5423;6
LKOH;0;20260414;203311;5423;8
LKOH;0;20260414;203316;5423;4
LKOH;0;20260414;203317;5423;1
LKOH;0;20260414;203327;5423.5;1
LKOH;0;20260414;203341;5423;3
LKOH;0;20260414;203419;5423.5;1
LKOH;0;20260414;203424;5423;24
LKOH;0;20260414;203424;5423;9
LKOH;0;20260414;203424;5423;15
LKOH;0;20260414;203431;5423;252
LKOH;0;20260414;203431;5423;252
LKOH;0;20260414;203431;5423;55
LKOH;0;20260414;203431;5423;1
LKOH;0;20260414;203435;5423;6
LKOH;0;20260414;203441;5423;1
LKOH;0;20260414;203443;5422.5;1
LKOH;0;20260414;203454;5423;2
LKOH;0;20260414;203501;5423;1
LKOH;0;20260414;203543;5423;1
LKOH;0;20260414;203554;5423;9
LKOH;0;20260414;203554;5423.5;11
LKOH;0;20260414;203606;5422.5;1
LKOH;0;20260414;203617;5423.5;4
LKOH;0;20260414;203634;5422.5;6
LKOH;0;20260414;203634;5422.5;1
LKOH;0;20260414;203634;5422.5;5
LKOH;0;20260414;203644;5422.5;1
LKOH;0;20260414;203648;5423;2
LKOH;0;20260414;203700;5423;1
LKOH;0;20260414;203711;5423;1
LKOH;0;20260414;203719;5422.5;2
LKOH;0;20260414;203742;5423;6
LKOH;0;20260414;203742;5423;4
LKOH;0;20260414;203801;5422.5;2
LKOH;0;20260414;203804;5423.5;1
LKOH;0;20260414;203808;5423.5;1
LKOH;0;20260414;203811;5423.5;1
LKOH;0;20260414;203836;5423;1
LKOH;0;20260414;203913;5422.5;50
LKOH;0;20260414;203932;5423;2
LKOH;0;20260414;203937;5423;1
LKOH;0;20260414;203956;5423;80
LKOH;0;20260414;204002;5422.5;1
LKOH;0;20260414;204016;5423;1
LKOH;0;20260414;204023;5423;2
LKOH;0;20260414;204025;5423;2
LKOH;0;20260414;204054;5423;9
LKOH;0;20260414;204105;5423.5;1
LKOH;0;20260414;204113;5423.5;50
LKOH;0;20260414;204120;5423.5;1
LKOH;0;20260414;204201;5423;1
LKOH;0;20260414;204209;5423;45
LKOH;0;20260414;204209;5422.5;5
LKOH;0;20260414;204209;5422.5;1
LKOH;0;20260414;204212;5423.5;1
LKOH;0;20260414;204214;5422.5;33
LKOH;0;20260414;204214;5422.5;1
LKOH;0;20260414;204214;5422.5;2
LKOH;0;20260414;204214;5422.5;1
LKOH;0;20260414;204214;5422.5;1
LKOH;0;20260414;204214;5422.5;8
LKOH;0;20260414;204214;5422.5;8
LKOH;0;20260414;204214;5422.5;8
LKOH;0;20260414;204214;5422.5;8
LKOH;0;20260414;204214;5422;1
LKOH;0;20260414;204216;5422;1
LKOH;0;20260414;204216;5422;1
LKOH;0;20260414;204216;5422;1
LKOH;0;20260414;204218;5422;9
LKOH;0;20260414;204226;5422;1
LKOH;0;20260414;204241;5422;137
LKOH;0;20260414;204241;5422;4
LKOH;0;20260414;204241;5422;1
LKOH;0;20260414;204241;5422;7
LKOH;0;20260414;204241;5422;2
LKOH;0;20260414;204241;5422;2
LKOH;0;20260414;204241;5422;8
LKOH;0;20260414;204241;5422;8
LKOH;0;20260414;204241;5422;8
LKOH;0;20260414;204241;5422;8
LKOH;0;20260414;204253;5422;1
LKOH;0;20260414;204329;5422;1
LKOH;0;20260414;204334;5421.5;2
LKOH;0;20260414;204337;5421.5;5
LKOH;0;20260414;204342;5422;1
LKOH;0;20260414;204359;5421.5;1
LKOH;0;20260414;204402;5422;5
LKOH;0;20260414;204405;5422;2
LKOH;0;20260414;204412;5421.5;130
LKOH;0;20260414;204412;5422;1
LKOH;0;20260414;204415;5422;1
LKOH;0;20260414;204417;5422;6
LKOH;0;20260414;204417;5422;6
LKOH;0;20260414;204430;5422;3
LKOH;0;20260414;204442;5422;6
LKOH;0;20260414;204442;5422;3
LKOH;0;20260414;204454;5421.5;10
LKOH;0;20260414;204505;5421.5;3
LKOH;0;20260414;204506;5422;2
LKOH;0;20260414;204511;5421.5;20
LKOH;0;20260414;204545;5422;1
LKOH;0;20260414;204546;5421.5;1
LKOH;0;20260414;204609;5421.5;1
LKOH;0;20260414;204610;5421.5;27
LKOH;0;20260414;204610;5421.5;7
LKOH;0;20260414;204621;5421.5;1
LKOH;0;20260414;204639;5421;1
LKOH;0;20260414;204640;5421.5;1
LKOH;0;20260414;204656;5421.5;1
LKOH;0;20260414;204707;5421;1
LKOH;0;20260414;204721;5421.5;1
LKOH;0;20260414;204735;5421;2
LKOH;0;20260414;204736;5421.5;10
LKOH;0;20260414;204740;5421.5;2
LKOH;0;20260414;204740;5421.5;2
LKOH;0;20260414;204742;5421;3
LKOH;0;20260414;204805;5421.5;4
LKOH;0;20260414;204818;5421.5;3
LKOH;0;20260414;204825;5421.5;100
LKOH;0;20260414;204833;5421.5;9
LKOH;0;20260414;204837;5421.5;3
LKOH;0;20260414;204843;5421;2
LKOH;0;20260414;204851;5421.5;3
LKOH;0;20260414;204919;5421;2
LKOH;0;20260414;204921;5421;1
LKOH;0;20260414;204948;5422;2
LKOH;0;20260414;204956;5421.5;2
LKOH;0;20260414;205017;5422;4
LKOH;0;20260414;205017;5422;2
LKOH;0;20260414;205017;5422;4
LKOH;0;20260414;205027;5421.5;2
LKOH;0;20260414;205027;5421.5;8
LKOH;0;20260414;205027;5421.5;8
LKOH;0;20260414;205027;5421.5;1
LKOH;0;20260414;205027;5421.5;11
LKOH;0;20260414;205027;5421;5
LKOH;0;20260414;205052;5422;1
LKOH;0;20260414;205125;5421.5;10
LKOH;0;20260414;205132;5421.5;1
LKOH;0;20260414;205132;5421.5;3
LKOH;0;20260414;205145;5421.5;5
LKOH;0;20260414;205147;5421.5;1
LKOH;0;20260414;205213;5421.5;8
LKOH;0;20260414;205213;5421.5;12
LKOH;0;20260414;205213;5421.5;8
LKOH;0;20260414;205213;5421.5;8
LKOH;0;20260414;205213;5421.5;8
LKOH;0;20260414;205213;5421;130
LKOH;0;20260414;205213;5421;2
LKOH;0;20260414;205213;5421;100
LKOH;0;20260414;205213;5421;2
LKOH;0;20260414;205213;5421;2
LKOH;0;20260414;205213;5421;5
LKOH;0;20260414;205213;5421;5
LKOH;0;20260414;205213;5421;10
LKOH;0;20260414;205213;5421;32
LKOH;0;20260414;205216;5421;1
LKOH;0;20260414;205332;5422;7
LKOH;0;20260414;205337;5422;1
LKOH;0;20260414;205337;5422;1
LKOH;0;20260414;205344;5422;1
LKOH;0;20260414;205402;5422;2
LKOH;0;20260414;205417;5421.5;1
LKOH;0;20260414;205421;5421.5;4
LKOH;0;20260414;205421;5421.5;9
LKOH;0;20260414;205421;5421.5;1
LKOH;0;20260414;205421;5421.5;5
LKOH;0;20260414;205421;5421.5;8
LKOH;0;20260414;205421;5421.5;3
LKOH;0;20260414;205421;5421.5;1
LKOH;0;20260414;205421;5421.5;1
LKOH;0;20260414;205426;5421;1
LKOH;0;20260414;205440;5421.5;8
LKOH;0;20260414;205445;5421.5;5
LKOH;0;20260414;205504;5421.5;30
LKOH;0;20260414;205516;5421.5;1
LKOH;0;20260414;205523;5422;100
LKOH;0;20260414;205525;5422;1
LKOH;0;20260414;205527;5422;1
LKOH;0;20260414;205532;5421.5;25
LKOH;0;20260414;205532;5421.5;12
LKOH;0;20260414;205532;5421.5;30
LKOH;0;20260414;205532;5421.5;2
LKOH;0;20260414;205534;5421.5;1
LKOH;0;20260414;205538;5421.5;1
LKOH;0;20260414;205601;5421.5;1
LKOH;0;20260414;205602;5421.5;6
LKOH;0;20260414;205620;5421.5;1
LKOH;0;20260414;205635;5421;1
LKOH;0;20260414;205702;5421.5;1
LKOH;0;20260414;205713;5421;4
LKOH;0;20260414;205717;5421.5;2
LKOH;0;20260414;205734;5421;2
LKOH;0;20260414;205744;5421;2
LKOH;0;20260414;205805;5421;10
LKOH;0;20260414;205812;5421;97
LKOH;0;20260414;205812;5421;1
LKOH;0;20260414;205812;5421;1
LKOH;0;20260414;205812;5421;17
LKOH;0;20260414;205812;5421;1
LKOH;0;20260414;205812;5421;2
LKOH;0;20260414;205812;5421;1
LKOH;0;20260414;205812;5421;1
LKOH;0;20260414;205812;5421;35
LKOH;0;20260414;205812;5421;1
LKOH;0;20260414;205812;5421;1
LKOH;0;20260414;205812;5421;9
LKOH;0;20260414;205812;5421;8
LKOH;0;20260414;205812;5421;8
LKOH;0;20260414;205812;5421;8
LKOH;0;20260414;205812;5421;8
LKOH;0;20260414;205812;5421;1
LKOH;0;20260414;205812;5421;1
LKOH;0;20260414;205812;5421;8
LKOH;0;20260414;205812;5421;8
LKOH;0;20260414;205812;5421;8
LKOH;0;20260414;205812;5421;8
LKOH;0;20260414;205812;5421;8
LKOH;0;20260414;205812;5421;8
LKOH;0;20260414;205812;5421;3
LKOH;0;20260414;205812;5421;5
LKOH;0;20260414;205812;5421;8
LKOH;0;20260414;205812;5421;8
LKOH;0;20260414;205812;5421;8
LKOH;0;20260414;205812;5421;22
LKOH;0;20260414;205812;5421;25
LKOH;0;20260414;205812;5421;2
LKOH;0;20260414;205812;5421;1
LKOH;0;20260414;205841;5420.5;1
LKOH;0;20260414;205855;5421;6
LKOH;0;20260414;205905;5421;1
LKOH;0;20260414;205940;5421;1
LKOH;0;20260414;205942;5421;2
LKOH;0;20260414;205945;5421;3
LKOH;0;20260414;205955;5420.5;3
LKOH;0;20260414;210005;5421;1
LKOH;0;20260414;210012;5420.5;6
LKOH;0;20260414;210012;5420.5;246
LKOH;0;20260414;210012;5420.5;252
LKOH;0;20260414;210012;5420.5;178
LKOH;0;20260414;210013;5421;1
LKOH;0;20260414;210018;5421;2
LKOH;0;20260414;210037;5421;80
LKOH;0;20260414;210041;5421;18
LKOH;0;20260414;210052;5421;100
LKOH;0;20260414;210111;5421;4
LKOH;0;20260414;210111;5421;2
LKOH;0;20260414;210124;5421;1
LKOH;0;20260414;210124;5421;10
LKOH;0;20260414;210124;5421;3
LKOH;0;20260414;210135;5421.5;2
LKOH;0;20260414;210150;5421.5;86
LKOH;0;20260414;210159;5421;1
LKOH;0;20260414;210205;5421;1
LKOH;0;20260414;210207;5421;3
LKOH;0;20260414;210208;5421;1
LKOH;0;20260414;210219;5421;1
LKOH;0;20260414;210235;5421;1
LKOH;0;20260414;210235;5421.5;3
LKOH;0;20260414;210246;5421;1
LKOH;0;20260414;210255;5421;2
LKOH;0;20260414;210310;5420.5;1
LKOH;0;20260414;210310;5421;1
LKOH;0;20260414;210311;5421;1
LKOH;0;20260414;210400;5421.5;2
LKOH;0;20260414;210410;5421;1
LKOH;0;20260414;210434;5421;2
LKOH;0;20260414;210439;5421.5;5
LKOH;0;20260414;210447;5421.5;1
LKOH;0;20260414;210449;5421.5;1
LKOH;0;20260414;210502;5421.5;1
LKOH;0;20260414;210504;5421.5;114
LKOH;0;20260414;210520;5421;1
LKOH;0;20260414;210531;5421.5;1
LKOH;0;20260414;210546;5421.5;10
LKOH;0;20260414;210550;5421.5;3
LKOH;0;20260414;210550;5421;46
LKOH;0;20260414;210555;5421;18
LKOH;0;20260414;210559;5421.5;40
LKOH;0;20260414;210602;5421.5;1
LKOH;0;20260414;210607;5421.5;2
LKOH;0;20260414;210610;5421;1
LKOH;0;20260414;210621;5421.5;100
LKOH;0;20260414;210623;5421.5;1
LKOH;0;20260414;210635;5421.5;1
LKOH;0;20260414;210638;5421.5;2
LKOH;0;20260414;210641;5421;5
LKOH;0;20260414;210646;5421.5;2
LKOH;0;20260414;210655;5421;3
LKOH;0;20260414;210708;5421.5;5
LKOH;0;20260414;210735;5421.5;1
LKOH;0;20260414;210737;5421;13
LKOH;0;20260414;210737;5421;13
LKOH;0;20260414;210807;5421;25
LKOH;0;20260414;210807;5421;25
LKOH;0;20260414;210832;5421;13
LKOH;0;20260414;210832;5421;13
LKOH;0;20260414;210835;5421.5;3
LKOH;0;20260414;210842;5421;1
LKOH;0;20260414;210846;5421;21
LKOH;0;20260414;210847;5421;1
LKOH;0;20260414;210851;5421.5;1
LKOH;0;20260414;210900;5421;7
LKOH;0;20260414;210907;5421.5;29
LKOH;0;20260414;210911;5421;2
LKOH;0;20260414;210916;5421;24
LKOH;0;20260414;210916;5421;15
LKOH;0;20260414;210916;5421;3
LKOH;0;20260414;210916;5421;6
LKOH;0;20260414;210916;5421;26
LKOH;0;20260414;210916;5421;26
LKOH;0;20260414;210922;5421;17
LKOH;0;20260414;210922;5421;17
LKOH;0;20260414;210927;5421;8
LKOH;0;20260414;210927;5421;8
LKOH;0;20260414;210932;5421;13
LKOH;0;20260414;210932;5421;13
LKOH;0;20260414;210933;5421;4
LKOH;0;20260414;210933;5421;4
LKOH;0;20260414;210933;5421;8
LKOH;0;20260414;210933;5421;8
LKOH;0;20260414;210933;5421;12
LKOH;0;20260414;210933;5421;12
LKOH;0;20260414;210947;5421.5;1
LKOH;0;20260414;211013;5421.5;18
LKOH;0;20260414;211027;5421.5;25
LKOH;0;20260414;211030;5421;1
LKOH;0;20260414;211045;5421.5;2
LKOH;0;20260414;211106;5421.5;1
LKOH;0;20260414;211108;5421;3
LKOH;0;20260414;211109;5421.5;2
LKOH;0;20260414;211117;5421.5;20
LKOH;0;20260414;211123;5421;1
LKOH;0;20260414;211123;5421;8
LKOH;0;20260414;211126;5421;2
LKOH;0;20260414;211126;5421;1
LKOH;0;20260414;211131;5421.5;1
LKOH;0;20260414;211157;5421.5;1
LKOH;0;20260414;211202;5421.5;2
LKOH;0;20260414;211212;5421.5;30
LKOH;0;20260414;211218;5421.5;1
LKOH;0;20260414;211246;5421.5;1
LKOH;0;20260414;211315;5421;1
LKOH;0;20260414;211319;5421.5;1
LKOH;0;20260414;211327;5421.5;1
LKOH;0;20260414;211331;5421.5;1
LKOH;0;20260414;211355;5421.5;45
LKOH;0;20260414;211402;5421.5;25
LKOH;0;20260414;211404;5421.5;2
LKOH;0;20260414;211410;5421.5;1
LKOH;0;20260414;211412;5422;1
LKOH;0;20260414;211412;5422;13
LKOH;0;20260414;211454;5422;1
LKOH;0;20260414;211459;5422;38
LKOH;0;20260414;211503;5422;1
LKOH;0;20260414;211505;5422;169
LKOH;0;20260414;211505;5423.5;30
LKOH;0;20260414;211505;5423.5;46
LKOH;0;20260414;211505;5423.5;1
LKOH;0;20260414;211505;5423.5;71
LKOH;0;20260414;211505;5423.5;118
LKOH;0;20260414;211505;5424;50
LKOH;0;20260414;211505;5424;1
LKOH;0;20260414;211505;5424;30
LKOH;0;20260414;211505;5424.5;20
LKOH;0;20260414;211505;5424.5;50
LKOH;0;20260414;211505;5424.5;60
LKOH;0;20260414;211505;5424.5;1
LKOH;0;20260414;211505;5424.5;30
LKOH;0;20260414;211505;5424.5;25
LKOH;0;20260414;211514;5425;1
LKOH;0;20260414;211541;5424.5;15
LKOH;0;20260414;211545;5425;1
LKOH;0;20260414;211551;5424.5;2
LKOH;0;20260414;211551;5425;1
LKOH;0;20260414;211611;5425;9
LKOH;0;20260414;211633;5424.5;2
LKOH;0;20260414;211633;5424.5;2
LKOH;0;20260414;211633;5424.5;11
LKOH;0;20260414;211633;5424.5;13
LKOH;0;20260414;211633;5424.5;2
LKOH;0;20260414;211633;5424.5;3
LKOH;0;20260414;211633;5424.5;3
LKOH;0;20260414;211633;5424.5;2
LKOH;0;20260414;211633;5424.5;2
LKOH;0;20260414;211644;5425;1
LKOH;0;20260414;211646;5425;1
LKOH;0;20260414;211737;5425;3
LKOH;0;20260414;211741;5425;3
LKOH;0;20260414;211749;5425;2
LKOH;0;20260414;211753;5424.5;20
LKOH;0;20260414;211813;5425;1
LKOH;0;20260414;211814;5425;37
LKOH;0;20260414;211819;5425;2
LKOH;0;20260414;211820;5424.5;2
LKOH;0;20260414;211836;5425;1
LKOH;0;20260414;211837;5425;1
LKOH;0;20260414;211854;5424.5;1
LKOH;0;20260414;211903;5425;1
LKOH;0;20260414;211904;5425;37
LKOH;0;20260414;211907;5425;17
LKOH;0;20260414;211918;5425;200
LKOH;0;20260414;211942;5425;51
LKOH;0;20260414;211947;5425;3
LKOH;0;20260414;212026;5424.5;9
LKOH;0;20260414;212026;5424.5;9
LKOH;0;20260414;212029;5425;1
LKOH;0;20260414;212039;5424.5;1
LKOH;0;20260414;212048;5425;7
LKOH;0;20260414;212053;5425;10
LKOH;0;20260414;212058;5424.5;100
LKOH;0;20260414;212101;5425;130
LKOH;0;20260414;212102;5425;11
LKOH;0;20260414;212105;5425;1
LKOH;0;20260414;212114;5425;21
LKOH;0;20260414;212114;5425;1
LKOH;0;20260414;212131;5425;1
LKOH;0;20260414;212145;5424.5;4
LKOH;0;20260414;212145;5424.5;4
LKOH;0;20260414;212158;5425;1
LKOH;0;20260414;212223;5425;1
LKOH;0;20260414;212239;5425;1
LKOH;0;20260414;212239;5425;1
LKOH;0;20260414;212248;5425;1
LKOH;0;20260414;212309;5425;1
LKOH;0;20260414;212328;5425;10
LKOH;0;20260414;212447;5425;1
LKOH;0;20260414;212502;5425;2
LKOH;0;20260414;212513;5424.5;14
LKOH;0;20260414;212534;5425;1
LKOH;0;20260414;212558;5425;2
LKOH;0;20260414;212606;5425;25
LKOH;0;20260414;212609;5424.5;2
LKOH;0;20260414;212612;5424.5;300
LKOH;0;20260414;212632;5424.5;1
