<TICKER>;<PER>;<DATE>;<TIME>;<OPEN>;<HIGH>;<LOW>;<CLOSE>;<VOL>
SBER;5;20260105;070000;299.99;300.12;298.96;299.08;361588
SBER;5;20260105;070500;299.06;299.26;298.87;298.98;65932
SBER;5;20260105;071000;298.98;299.22;298.77;299.21;144947
SBER;5;20260105;071500;299.21;299.34;299.04;299.22;41494
SBER;5;20260105;072000;299.22;299.24;298.93;298.96;26382
SBER;5;20260105;072500;298.96;299.28;298.93;299.21;65282
SBER;5;20260105;073000;299.19;299.21;298.99;299.04;26491
SBER;5;20260105;073500;299.04;299.15;298.65;299.11;99429
SBER;5;20260105;074000;299.08;299.11;298.75;298.86;57970
SBER;5;20260105;074500;298.85;299;298.63;299;61962
SBER;5;20260105;075000;299;299.09;298.79;298.79;52114
SBER;5;20260105;075500;298.79;298.8;298.51;298.65;90339
SBER;5;20260105;080000;298.65;298.73;298.56;298.72;35696
SBER;5;20260105;080500;298.69;298.79;298.67;298.79;40739
SBER;5;20260105;081000;298.79;298.9;298.73;298.89;41737
SBER;5;20260105;081500;298.89;299;298.86;298.98;25904
SBER;5;20260105;082000;298.98;299.03;298.92;298.94;25778
SBER;5;20260105;082500;298.94;299.18;298.94;299.18;27083
SBER;5;20260105;083000;299.18;299.18;298.57;298.7;192938
SBER;5;20260105;083500;298.76;299.01;298.7;298.94;41445
SBER;5;20260105;084000;298.94;298.94;298.76;298.9;35742
SBER;5;20260105;084500;298.9;299.09;298.88;299.05;33013
SBER;5;20260105;085000;299.05;299.12;298.81;299;26537
SBER;5;20260105;085500;298.99;299.02;298.89;298.99;19471
SBER;5;20260105;090000;298.98;299;298.1;298.11;512343
SBER;5;20260105;090500;298.12;298.13;297.57;297.8;501266
SBER;5;20260105;091000;297.8;297.88;297.75;297.88;110959
SBER;5;20260105;091500;297.87;298.02;297.78;297.78;114621
SBER;5;20260105;092000;297.8;297.83;297.6;297.68;134887
SBER;5;20260105;092500;297.68;297.72;297.28;297.41;364423
SBER;5;20260105;093000;297.4;297.46;297.21;297.4;215368
SBER;5;20260105;093500;297.4;297.44;297.25;297.44;122108
SBER;5;20260105;094000;297.43;297.71;297.43;297.59;99823
SBER;5;20260105;094500;297.59;297.67;297.41;297.65;106099
SBER;5;20260105;095000;297.64;297.67;297.46;297.47;113598
SBER;5;20260105;095500;297.47;297.7;297.44;297.67;108529
SBER;5;20260105;100000;297.67;297.67;296.64;296.66;673514
SBER;5;20260105;100500;296.66;297.34;296.21;297.25;518131
SBER;5;20260105;101000;297.26;297.3;296.93;297.12;295580
SBER;5;20260105;101500;297.13;297.13;296.8;297.01;115568
SBER;5;20260105;102000;297.01;297.25;296.89;297.25;131471
SBER;5;20260105;102500;297.25;297.28;297.1;297.23;93916
SBER;5;20260105;103000;297.22;297.23;297.11;297.18;65613
SBER;5;20260105;103500;297.18;297.29;297.14;297.24;71970
SBER;5;20260105;104000;297.23;297.37;297.15;297.37;102919
SBER;5;20260105;104500;297.36;297.65;297.28;297.61;146228
SBER;5;20260105;105000;297.62;297.76;297.55;297.67;90312
SBER;5;20260105;105500;297.67;297.89;297.43;297.7;212182
SBER;5;20260105;110000;297.71;297.71;297.45;297.56;102744
SBER;5;20260105;110500;297.57;297.77;297.49;297.74;62527
SBER;5;20260105;111000;297.74;297.75;297.45;297.6;208062
SBER;5;20260105;111500;297.6;297.71;297.46;297.51;282474
SBER;5;20260105;112000;297.51;297.69;297.45;297.6;87454
SBER;5;20260105;112500;297.6;297.61;297.39;297.4;127770
SBER;5;20260105;113000;297.4;297.7;297.37;297.48;303200
SBER;5;20260105;113500;297.47;297.52;297.3;297.37;155218
SBER;5;20260105;114000;297.37;297.4;297.23;297.26;137027
SBER;5;20260105;114500;297.26;297.26;297.07;297.1;216033
SBER;5;20260105;115000;297.1;297.25;297;297.02;309505
SBER;5;20260105;115500;297.02;297.53;297.01;297.53;216848
SBER;5;20260105;120000;297.53;297.69;297.38;297.46;106107
SBER;5;20260105;120500;297.46;297.55;297.4;297.46;61839
SBER;5;20260105;121000;297.46;297.57;297.27;297.28;35979
SBER;5;20260105;121500;297.28;297.42;297.27;297.34;48676
SBER;5;20260105;122000;297.33;297.64;297.31;297.53;50290
SBER;5;20260105;122500;297.53;297.74;297.48;297.68;95226
SBER;5;20260105;123000;297.68;297.82;297.6;297.81;85819
SBER;5;20260105;123500;297.81;297.96;297.63;297.95;113744
SBER;5;20260105;124000;297.95;297.96;297.65;297.87;206066
SBER;5;20260105;124500;297.87;297.9;297.75;297.83;98215
SBER;5;20260105;125000;297.84;297.96;297.8;297.91;53412
SBER;5;20260105;125500;297.91;297.97;297.78;297.9;51185
SBER;5;20260105;130000;297.9;297.9;297.75;297.75;75490
SBER;5;20260105;130500;297.75;297.77;297.6;297.68;55503
SBER;5;20260105;131000;297.69;297.85;297.69;297.83;15459
SBER;5;20260105;131500;297.83;297.87;297.78;297.83;23733
SBER;5;20260105;132000;297.83;297.97;297.82;297.97;24536
SBER;5;20260105;132500;297.97;297.97;297.95;297.96;26242
SBER;5;20260105;133000;297.95;298.27;297.95;298.12;115719
SBER;5;20260105;133500;298.13;298.13;297.84;298.01;68708
SBER;5;20260105;134000;298.02;298.09;297.98;298.06;22962
SBER;5;20260105;134500;298.06;298.1;298;298.1;40834
SBER;5;20260105;135000;298.1;298.3;298.08;298.3;52325
SBER;5;20260105;135500;298.3;298.33;297.99;298.06;68653
SBER;5;20260105;140000;298.06;298.24;298.06;298.23;9807
SBER;5;20260105;140500;298.24;298.26;297.75;298.01;132880
SBER;5;20260105;141000;298.05;298.46;298.02;298.4;99552
SBER;5;20260105;141500;298.4;298.42;298.28;298.4;42585
SBER;5;20260105;142000;298.4;298.42;298.26;298.35;24184
SBER;5;20260105;142500;298.36;298.38;298.15;298.21;29909
SBER;5;20260105;143000;298.26;298.33;298.24;298.25;25108
SBER;5;20260105;143500;298.25;298.37;298.24;298.33;16801
SBER;5;20260105;144000;298.34;298.34;298.15;298.23;30061
SBER;5;20260105;144500;298.24;298.28;298.12;298.19;47408
SBER;5;20260105;145000;298.19;298.42;298.18;298.35;21941
SBER;5;20260105;145500;298.35;298.35;298.3;298.31;15624
SBER;5;20260105;150000;298.3;298.42;297.93;298.06;72060
SBER;5;20260105;150500;298.04;298.18;297.96;298.15;52909
SBER;5;20260105;151000;298.15;298.17;298.14;298.17;13590
SBER;5;20260105;151500;298.17;298.35;298.17;298.35;25475
SBER;5;20260105;152000;298.35;298.38;298.25;298.33;24992
SBER;5;20260105;152500;298.33;298.38;298.31;298.38;38172
SBER;5;20260105;153000;298.38;298.38;298.29;298.35;16724
SBER;5;20260105;153500;298.34;298.36;298.29;298.35;11116
SBER;5;20260105;154000;298.34;298.35;298.3;298.34;11686
SBER;5;20260105;154500;298.35;298.36;298.25;298.31;25455
SBER;5;20260105;155000;298.29;298.35;298.29;298.34;11741
SBER;5;20260105;155500;298.34;298.35;298.25;298.27;50862
SBER;5;20260105;160000;298.27;298.46;298.24;298.4;203418
SBER;5;20260105;160500;298.4;298.5;298.28;298.31;53353
SBER;5;20260105;161000;298.31;298.36;298.28;298.29;16120
SBER;5;20260105;161500;298.29;298.29;298.2;298.23;48172
SBER;5;20260105;162000;298.23;298.23;298.15;298.21;45756
SBER;5;20260105;162500;298.21;298.23;298.12;298.18;22109
SBER;5;20260105;163000;298.18;298.5;298.17;298.39;49712
SBER;5;20260105;163500;298.4;298.43;298.3;298.42;59955
SBER;5;20260105;164000;298.42;298.47;298.36;298.4;29639
SBER;5;20260105;164500;298.4;298.41;298.29;298.4;22844
SBER;5;20260105;165000;298.41;298.41;298.3;298.33;11292
SBER;5;20260105;165500;298.32;298.45;298.31;298.4;25121
SBER;5;20260105;170000;298.4;298.45;298.38;298.38;32595
SBER;5;20260105;170500;298.4;298.69;298.4;298.62;61574
SBER;5;20260105;171000;298.62;298.71;298.56;298.67;42290
SBER;5;20260105;171500;298.67;298.87;298.67;298.73;68737
SBER;5;20260105;172000;298.73;299;298.7;298.84;167318
SBER;5;20260105;172500;298.84;298.95;298.76;298.79;44136
SBER;5;20260105;173000;298.78;298.99;298.78;298.83;38445
SBER;5;20260105;173500;298.83;298.95;298.76;298.84;29185
SBER;5;20260105;174000;298.84;298.96;298.65;298.71;70036
SBER;5;20260105;174500;298.74;299.05;298.71;299.04;93094
SBER;5;20260105;175000;299.04;299.28;299;299.2;86768
SBER;5;20260105;175500;299.2;299.26;299.03;299.05;41391
SBER;5;20260105;180000;299.04;299.2;299.02;299.05;42050
SBER;5;20260105;180500;299.04;299.15;298.95;299.02;44317
SBER;5;20260105;181000;299.03;299.19;299;299.15;29132
SBER;5;20260105;181500;299.16;299.23;299.06;299.2;30540
SBER;5;20260105;182000;299.22;299.3;299.14;299.28;127546
SBER;5;20260105;182500;299.29;299.29;299.26;299.28;83242
SBER;5;20260105;183000;299.28;299.31;299.27;299.27;71215
SBER;5;20260105;183500;299.27;299.29;299.17;299.27;45547
SBER;5;20260105;184500;299;299;299;299;45821
SBER;5;20260105;190000;298.99;299.27;298.79;299.22;50469
SBER;5;20260105;190500;299.2;299.27;299;299.1;65741
SBER;5;20260105;191000;299.08;299.22;299.04;299.15;28232
SBER;5;20260105;191500;299.15;299.16;299.01;299.03;7373
SBER;5;20260105;192000;299.03;299.06;298.8;298.85;144439
SBER;5;20260105;192500;298.85;299.06;298.78;299.05;275111
SBER;5;20260105;193000;299.05;299.07;299;299.01;12914
SBER;5;20260105;193500;299;299.08;299;299.05;13792
SBER;5;20260105;194000;299.05;299.06;299.03;299.06;23581
SBER;5;20260105;194500;299.06;299.06;298.85;299.02;27980
SBER;5;20260105;195000;299.02;299.02;298.91;298.95;13405
SBER;5;20260105;195500;298.96;298.96;298.88;298.9;7992
SBER;5;20260105;200000;298.9;298.96;298.68;298.87;61890
SBER;5;20260105;200500;298.85;298.97;298.8;298.8;17769
SBER;5;20260105;201000;298.81;298.98;298.8;298.82;104463
SBER;5;20260105;201500;298.82;298.83;298.67;298.71;27203
SBER;5;20260105;202000;298.7;298.98;298.7;298.95;24831
SBER;5;20260105;202500;298.95;298.95;298.73;298.77;22055
SBER;5;20260105;203000;298.77;298.93;298.75;298.93;9455
SBER;5;20260105;203500;298.93;298.99;298.89;298.95;7211
SBER;5;20260105;204000;298.95;298.98;298.79;298.91;8174
SBER;5;20260105;204500;298.92;298.98;298.8;298.82;37615
SBER;5;20260105;205000;298.82;298.9;298.8;298.9;8472
SBER;5;20260105;205500;298.89;298.9;298.76;298.77;5936
SBER;5;20260105;210000;298.76;298.82;298.76;298.82;3100
SBER;5;20260105;210500;298.82;298.89;298.8;298.83;40990
SBER;5;20260105;211000;298.84;298.87;298.68;298.74;22544
SBER;5;20260105;211500;298.73;298.84;298.72;298.84;109629
SBER;5;20260105;212000;298.83;298.88;298.83;298.87;4403
SBER;5;20260105;212500;298.86;298.9;298.85;298.9;11005
SBER;5;20260105;213000;298.9;299.03;298.89;299.02;27054
SBER;5;20260105;213500;299.02;299.02;298.95;299;12073
SBER;5;20260105;214000;299;299;298.98;298.99;9378
SBER;5;20260105;214500;298.99;299;298.98;298.99;4635
SBER;5;20260105;215000;298.98;298.99;298.88;298.93;10372
SBER;5;20260105;215500;298.93;298.94;298.88;298.89;7220
SBER;5;20260105;220000;298.89;298.92;298.85;298.92;8019
SBER;5;20260105;220500;298.92;298.92;298.85;298.88;8999
SBER;5;20260105;221000;298.88;298.93;298.87;298.93;4095
SBER;5;20260105;221500;298.93;298.93;298.88;298.91;7450
SBER;5;20260105;222000;298.9;298.91;298.86;298.89;2246
SBER;5;20260105;222500;298.9;298.9;298.85;298.86;6447
SBER;5;20260105;223000;298.86;298.86;298.84;298.85;14999
SBER;5;20260105;223500;298.85;298.85;298.75;298.79;13231
SBER;5;20260105;224000;298.79;298.88;298.63;298.72;200931
SBER;5;20260105;224500;298.73;298.87;298.62;298.8;270730
SBER;5;20260105;225000;298.76;298.8;298.74;298.74;15098
SBER;5;20260105;225500;298.74;298.75;298.68;298.72;30248
SBER;5;20260105;230000;298.71;298.83;298.65;298.74;21756
SBER;5;20260105;230500;298.74;298.82;298.71;298.79;29303
SBER;5;20260105;231000;298.79;298.79;298.57;298.65;75068
SBER;5;20260105;231500;298.65;298.73;298.59;298.73;16432
SBER;5;20260105;232000;298.73;298.74;298.6;298.6;15779
SBER;5;20260105;232500;298.6;298.82;298.59;298.82;46405
SBER;5;20260105;233000;298.82;298.82;298.6;298.74;18636
SBER;5;20260105;233500;298.74;298.89;298.74;298.89;9459
SBER;5;20260105;234000;298.87;298.91;298.6;298.71;37347
SBER;5;20260105;234500;298.62;298.8;298.62;298.78;42415
SBER;5;20260106;070000;298.92;299.23;298.9;299.2;74758
SBER;5;20260106;070500;299.23;299.25;299.05;299.18;20478
SBER;5;20260106;071000;299.17;299.2;299.14;299.19;9189
SBER;5;20260106;071500;299.19;299.38;299.19;299.38;99887
SBER;5;20260106;072000;299.38;299.41;299.14;299.19;22314
SBER;5;20260106;072500;299.17;299.27;299.15;299.2;8083
SBER;5;20260106;073000;299.2;299.37;299.17;299.34;6011
SBER;5;20260106;073500;299.34;299.36;299.3;299.34;3244
SBER;5;20260106;074000;299.34;299.36;299.31;299.36;3144
SBER;5;20260106;074500;299.36;299.67;299.36;299.61;41120
SBER;5;20260106;075000;299.62;299.62;299.12;299.37;63132
SBER;5;20260106;075500;299.36;299.5;299.29;299.48;12717
SBER;5;20260106;080000;299.45;299.53;299.45;299.52;4018
SBER;5;20260106;080500;299.52;299.59;299.39;299.59;16083
SBER;5;20260106;081000;299.57;299.63;299.57;299.62;6387
SBER;5;20260106;081500;299.62;299.65;299.55;299.57;10728
SBER;5;20260106;082000;299.57;299.57;299.22;299.29;70527
SBER;5;20260106;082500;299.29;299.29;299.12;299.19;19831
SBER;5;20260106;083000;299.19;299.24;299.16;299.23;3418
SBER;5;20260106;083500;299.19;299.23;299.19;299.23;4558
SBER;5;20260106;084000;299.22;299.28;299.22;299.28;4018
SBER;5;20260106;084500;299.27;299.28;299.25;299.25;6312
SBER;5;20260106;085000;299.25;299.29;299.25;299.25;1392
SBER;5;20260106;085500;299.26;299.26;299.25;299.25;5047
SBER;5;20260106;090000;299.25;299.29;298.97;299.29;103507
SBER;5;20260106;090500;299.29;299.3;299.15;299.17;14998
SBER;5;20260106;091000;299.16;299.32;299.04;299.2;49775
SBER;5;20260106;091500;299.21;299.39;299.2;299.39;15789
SBER;5;20260106;092000;299.4;299.77;299.39;299.57;68142
SBER;5;20260106;092500;299.57;299.68;299.44;299.57;33065
SBER;5;20260106;093000;299.57;299.65;299.47;299.64;43294
SBER;5;20260106;093500;299.63;299.66;299.56;299.64;44478
SBER;5;20260106;094000;299.64;299.65;299.63;299.64;28124
SBER;5;20260106;094500;299.64;299.64;299.5;299.5;42166
SBER;5;20260106;095000;299.5;299.63;299.49;299.61;20225
SBER;5;20260106;095500;299.61;299.62;299.5;299.62;29853
SBER;5;20260106;100000;299.62;299.62;299.28;299.39;257703
SBER;5;20260106;100500;299.39;299.52;299.24;299.39;84323
SBER;5;20260106;101000;299.38;299.44;299.1;299.44;122108
SBER;5;20260106;101500;299.43;299.43;299.25;299.26;15067
SBER;5;20260106;102000;299.26;299.26;299.05;299.23;90915
SBER;5;20260106;102500;299.23;299.25;299.06;299.07;43745
SBER;5;20260106;103000;299.07;299.24;299.05;299.19;28554
SBER;5;20260106;103500;299.19;299.39;299.18;299.36;33426
SBER;5;20260106;104000;299.36;299.39;299.22;299.32;18892
SBER;5;20260106;104500;299.32;299.38;299.31;299.37;8260
SBER;5;20260106;105000;299.37;299.4;299.27;299.35;18070
SBER;5;20260106;105500;299.36;299.47;299.3;299.31;57697
SBER;5;20260106;110000;299.31;299.32;299.29;299.3;7569
SBER;5;20260106;110500;299.3;299.43;299.12;299.33;78237
SBER;5;20260106;111000;299.35;299.38;299.31;299.37;22571
SBER;5;20260106;111500;299.37;299.52;299.33;299.46;49533
SBER;5;20260106;112000;299.47;299.51;299.4;299.41;15510
SBER;5;20260106;112500;299.4;299.6;299.4;299.53;86378
SBER;5;20260106;113000;299.51;299.62;299.42;299.47;55042
SBER;5;20260106;113500;299.49;299.56;299.42;299.53;14948
SBER;5;20260106;114000;299.48;299.53;299.45;299.51;26621
SBER;5;20260106;114500;299.5;299.68;299.49;299.68;32636
SBER;5;20260106;115000;299.67;299.7;299.64;299.69;22124
SBER;5;20260106;115500;299.7;299.73;299.68;299.72;58202
SBER;5;20260106;120000;299.71;299.94;299.68;299.86;80250
SBER;5;20260106;120500;299.88;299.94;299.73;299.77;61596
SBER;5;20260106;121000;299.75;299.81;299.53;299.54;44839
SBER;5;20260106;121500;299.55;299.67;299.52;299.56;21007
SBER;5;20260106;122000;299.56;299.64;299.52;299.6;21689
SBER;5;20260106;122500;299.64;299.75;299.6;299.75;26661
SBER;5;20260106;123000;299.74;299.75;299.56;299.69;15054
SBER;5;20260106;123500;299.69;299.7;299.66;299.67;3949
SBER;5;20260106;124000;299.67;299.69;299.6;299.62;13259
SBER;5;20260106;124500;299.62;299.65;299.59;299.6;37358
SBER;5;20260106;125000;299.6;299.6;299.54;299.58;17824
SBER;5;20260106;125500;299.59;299.6;299.44;299.46;38458
SBER;5;20260106;130000;299.46;299.46;299.3;299.38;57589
SBER;5;20260106;130500;299.36;299.48;299.34;299.42;29434
SBER;5;20260106;131000;299.42;299.44;299.36;299.42;4253
SBER;5;20260106;131500;299.4;299.44;299.35;299.42;10773
SBER;5;20260106;132000;299.41;299.46;299.41;299.44;7500
SBER;5;20260106;132500;299.44;299.47;299.4;299.46;5838
SBER;5;20260106;133000;299.46;299.58;299.43;299.54;23903
SBER;5;20260106;133500;299.53;299.58;299.5;299.56;11176
SBER;5;20260106;134000;299.58;299.61;299.56;299.59;11630
SBER;5;20260106;134500;299.6;299.63;299.52;299.54;11120
SBER;5;20260106;135000;299.54;299.54;299.47;299.5;14920
SBER;5;20260106;135500;299.5;299.5;299.48;299.5;41120
SBER;5;20260106;140000;299.5;299.56;299.42;299.48;42918
SBER;5;20260106;140500;299.48;299.52;299.34;299.36;20288
SBER;5;20260106;141000;299.36;299.36;299.3;299.33;12186
SBER;5;20260106;141500;299.33;299.35;299.1;299.11;79597
SBER;5;20260106;142000;299.1;299.25;299.05;299.18;70586
SBER;5;20260106;142500;299.2;299.2;299.07;299.17;14835
SBER;5;20260106;143000;299.17;299.18;299.15;299.18;15769
SBER;5;20260106;143500;299.17;299.18;299.17;299.18;12714
SBER;5;20260106;144000;299.18;299.18;299.14;299.18;11626
SBER;5;20260106;144500;299.17;299.18;299.01;299.1;52903
SBER;5;20260106;145000;299.1;299.18;299.1;299.16;15179
SBER;5;20260106;145500;299.17;299.18;299.12;299.14;17400
SBER;5;20260106;150000;299.13;299.14;299;299.02;173806
SBER;5;20260106;150500;299.01;299.02;298.73;298.76;118854
SBER;5;20260106;151000;298.75;298.75;298.63;298.72;148253
SBER;5;20260106;151500;298.73;298.81;298.71;298.79;51168
SBER;5;20260106;152000;298.79;298.88;298.78;298.85;41920
SBER;5;20260106;152500;298.85;299.1;298.85;299.1;30021
SBER;5;20260106;153000;299.09;299.19;298.99;299.16;75550
SBER;5;20260106;153500;299.15;299.28;299.09;299.25;59244
SBER;5;20260106;154000;299.24;299.31;299.2;299.25;22145
SBER;5;20260106;154500;299.24;299.3;299.22;299.26;7491
SBER;5;20260106;155000;299.25;299.26;299.2;299.21;15213
SBER;5;20260106;155500;299.21;299.21;299.2;299.21;5258
SBER;5;20260106;160000;299.21;299.26;299.2;299.26;24239
SBER;5;20260106;160500;299.26;299.26;299.25;299.26;4529
SBER;5;20260106;161000;299.25;299.26;299.22;299.25;9143
SBER;5;20260106;161500;299.25;299.26;299.24;299.26;5465
SBER;5;20260106;162000;299.26;299.26;299.22;299.26;5965
SBER;5;20260106;162500;299.26;299.26;299.22;299.23;3157
SBER;5;20260106;163000;299.23;299.24;299.2;299.22;18355
SBER;5;20260106;163500;299.22;299.23;299.2;299.21;46167
SBER;5;20260106;164000;299.21;299.21;299.04;299.05;32946
SBER;5;20260106;164500;299.05;299.05;298.8;298.91;32714
SBER;5;20260106;165000;298.91;298.91;298.67;298.71;35055
SBER;5;20260106;165500;298.72;298.72;298.5;298.57;124246
SBER;5;20260106;170000;298.57;298.57;298.2;298.5;117757
SBER;5;20260106;170500;298.49;298.5;298.28;298.4;56635
SBER;5;20260106;171000;298.4;298.4;298.29;298.39;69881
SBER;5;20260106;171500;298.37;298.44;298.3;298.35;69873
SBER;5;20260106;172000;298.38;298.62;298.34;298.58;84946
SBER;5;20260106;172500;298.58;298.58;298.37;298.48;82994
SBER;5;20260106;173000;298.48;298.5;298.43;298.5;24871
SBER;5;20260106;173500;298.5;298.6;298.47;298.58;27194
SBER;5;20260106;174000;298.58;298.73;298.46;298.55;90279
SBER;5;20260106;174500;298.54;298.7;298.48;298.65;39292
SBER;5;20260106;175000;298.65;298.7;298.58;298.65;18431
SBER;5;20260106;175500;298.65;298.66;298.58;298.59;6048
SBER;5;20260106;180000;298.58;298.75;298.58;298.72;22364
SBER;5;20260106;180500;298.72;299;298.7;299;20280
SBER;5;20260106;181000;299.01;299.01;298.79;298.8;86748
SBER;5;20260106;181500;298.8;298.95;298.7;298.71;60276
SBER;5;20260106;182000;298.71;298.85;298.71;298.85;25878
SBER;5;20260106;182500;298.85;299.09;298.85;299.09;57725
SBER;5;20260106;183000;299.09;299.1;298.96;299.06;113894
SBER;5;20260106;183500;299.05;299.14;298.99;299.02;38696
SBER;5;20260106;184500;299.13;299.13;299.13;299.13;13228
SBER;5;20260106;190000;299.12;299.13;298.9;299.06;26715
SBER;5;20260106;190500;299.06;299.13;298.8;298.8;41620
SBER;5;20260106;191000;298.81;298.95;298.78;298.95;17035
SBER;5;20260106;191500;298.95;298.97;298.91;298.91;16742
SBER;5;20260106;192000;298.91;298.93;298.78;298.9;116076
SBER;5;20260106;192500;298.91;298.95;298.91;298.94;7265
SBER;5;20260106;193000;298.95;299.02;298.94;299.01;20635
SBER;5;20260106;193500;299.02;299.07;298.92;298.96;22310
SBER;5;20260106;194000;298.97;299.04;298.89;298.89;10493
SBER;5;20260106;194500;298.89;298.89;298.83;298.88;16473
SBER;5;20260106;195000;298.87;299.04;298.87;299;12040
SBER;5;20260106;195500;299.01;299.03;299;299.02;1573
SBER;5;20260106;200000;299.03;299.04;299;299.03;8137
SBER;5;20260106;200500;299.03;299.1;299;299.01;21397
SBER;5;20260106;201000;299.02;299.02;298.94;298.94;20689
SBER;5;20260106;201500;298.94;298.98;298.94;298.95;14226
SBER;5;20260106;202000;298.97;298.97;298.91;298.91;12909
SBER;5;20260106;202500;298.92;298.93;298.75;298.91;107538
SBER;5;20260106;203000;298.91;298.96;298.89;298.95;8831
SBER;5;20260106;203500;298.95;298.95;298.87;298.92;6956
SBER;5;20260106;204000;298.92;298.92;298.91;298.91;2887
SBER;5;20260106;204500;298.92;298.92;298.91;298.92;3473
SBER;5;20260106;205000;298.92;298.92;298.91;298.92;1740
SBER;5;20260106;205500;298.92;298.92;298.88;298.9;3470
SBER;5;20260106;210000;298.9;298.9;298.87;298.89;3066
SBER;5;20260106;210500;298.89;298.9;298.87;298.88;3018
SBER;5;20260106;211000;298.89;298.97;298.81;298.94;37020
SBER;5;20260106;211500;298.94;298.99;298.93;298.98;23976
SBER;5;20260106;212000;298.98;298.99;298.8;298.93;28794
SBER;5;20260106;212500;298.93;298.95;298.88;298.94;21387
SBER;5;20260106;213000;298.94;298.98;298.92;298.95;21378
SBER;5;20260106;213500;298.95;298.96;298.92;298.93;9137
SBER;5;20260106;214000;298.93;298.95;298.7;298.81;42966
SBER;5;20260106;214500;298.81;298.95;298.8;298.95;17305
SBER;5;20260106;215000;298.95;298.99;298.94;298.99;8980
SBER;5;20260106;215500;298.99;299;298.88;298.89;20504
SBER;5;20260106;220000;298.89;298.97;298.88;298.93;5643
SBER;5;20260106;220500;298.94;298.96;298.86;298.86;6987
SBER;5;20260106;221000;298.86;298.87;298.44;298.58;139814
SBER;5;20260106;221500;298.58;298.79;298.5;298.77;67221
SBER;5;20260106;222000;298.71;298.8;298.67;298.76;20739
SBER;5;20260106;222500;298.76;298.76;298.72;298.75;8927
SBER;5;20260106;223000;298.75;298.83;298.68;298.79;25729
SBER;5;20260106;223500;298.79;298.83;298.69;298.81;43157
SBER;5;20260106;224000;298.81;298.99;298.81;298.89;83144
SBER;5;20260106;224500;298.89;298.97;298.86;298.87;25106
SBER;5;20260106;225000;298.87;298.9;298.82;298.85;9259
SBER;5;20260106;225500;298.85;298.86;298.8;298.86;12330
SBER;5;20260106;230000;298.86;298.96;298.86;298.96;29790
SBER;5;20260106;230500;298.95;299.17;298.95;299.07;72400
SBER;5;20260106;231000;299.07;299.15;299.03;299.11;19144
SBER;5;20260106;231500;299.06;299.11;299.02;299.08;19802
SBER;5;20260106;232000;299.08;299.08;298.95;299.03;18588
SBER;5;20260106;232500;299.03;299.06;298.97;298.99;28233
SBER;5;20260106;233000;298.99;298.99;298.81;298.92;39180
SBER;5;20260106;233500;298.91;299.03;298.9;299.03;7058
SBER;5;20260106;234000;299.03;299.11;299;299.06;30884
SBER;5;20260106;234500;299.06;299.16;299.01;299.08;39208
SBER;5;20260108;070000;296.85;297.67;296.35;297;527782
SBER;5;20260108;070500;297.06;297.31;296.5;296.97;262934
SBER;5;20260108;071000;297.02;297.26;297.02;297.24;44277
SBER;5;20260108;071500;297.25;297.51;297.24;297.39;86764
SBER;5;20260108;072000;297.39;297.5;297.37;297.41;29557
SBER;5;20260108;072500;297.42;297.42;296.86;296.96;150018
SBER;5;20260108;073000;296.96;297.09;296.9;297.02;35962
SBER;5;20260108;073500;297.03;297.38;297.02;297.37;54088
SBER;5;20260108;074000;297.37;297.37;297.08;297.2;21583
SBER;5;20260108;074500;297.2;297.44;297.2;297.37;23936
SBER;5;20260108;075000;297.4;297.4;297.2;297.32;26709
SBER;5;20260108;075500;297.32;297.32;297.01;297.17;18899
SBER;5;20260108;080000;297.17;297.48;297.15;297.48;36598
SBER;5;20260108;080500;297.48;297.5;297.39;297.49;32607
SBER;5;20260108;081000;297.49;297.5;297.45;297.48;17633
SBER;5;20260108;081500;297.48;297.75;297.47;297.73;45874
SBER;5;20260108;082000;297.74;297.74;297.52;297.55;18580
SBER;5;20260108;082500;297.55;297.61;297.5;297.56;17904
SBER;5;20260108;083000;297.56;297.56;297.41;297.56;50807
SBER;5;20260108;083500;297.56;297.56;297.51;297.51;13916
SBER;5;20260108;084000;297.52;297.52;297.42;297.48;9256
SBER;5;20260108;084500;297.48;297.7;297.43;297.69;30621
SBER;5;20260108;085000;297.68;297.75;297.62;297.74;16741
SBER;5;20260108;085500;297.74;297.74;297.43;297.44;59312
SBER;5;20260108;090000;297.47;297.92;297.47;297.8;111315
SBER;5;20260108;090500;297.81;298.11;297.44;297.46;207155
SBER;5;20260108;091000;297.46;297.57;297.25;297.57;116273
SBER;5;20260108;091500;297.56;297.56;297.45;297.49;20675
SBER;5;20260108;092000;297.49;297.57;297.4;297.4;15353
SBER;5;20260108;092500;297.4;297.4;297.34;297.37;18302
SBER;5;20260108;093000;297.36;297.4;297.29;297.4;22394
SBER;5;20260108;093500;297.39;297.57;297.35;297.54;41877
SBER;5;20260108;094000;297.54;297.7;297.5;297.7;48518
SBER;5;20260108;094500;297.69;297.7;297.62;297.63;28454
SBER;5;20260108;095000;297.63;297.9;297.62;297.9;33590
SBER;5;20260108;095500;297.85;297.99;297.84;297.95;49768
SBER;5;20260108;100000;297.93;297.94;297.49;297.72;152728
SBER;5;20260108;100500;297.72;297.94;297.62;297.94;89390
SBER;5;20260108;101000;297.95;297.99;297.75;297.99;220247
SBER;5;20260108;101500;297.99;298.06;297.93;297.99;248732
SBER;5;20260108;102000;297.98;298.18;297.92;297.98;213095
SBER;5;20260108;102500;297.99;298.12;297.98;298.02;29533
SBER;5;20260108;103000;298.02;298.19;298.01;298.09;24939
SBER;5;20260108;103500;298.09;298.24;298.09;298.24;25675
SBER;5;20260108;104000;298.24;298.25;297.96;298.03;59795
SBER;5;20260108;104500;298.04;298.04;297.81;297.92;95938
SBER;5;20260108;105000;297.92;298.24;297.92;298.13;58001
SBER;5;20260108;105500;298.13;298.15;297.96;298.02;90140
SBER;5;20260108;110000;298.02;298.19;298.01;298.12;42284
SBER;5;20260108;110500;298.12;298.12;298.07;298.11;12614
SBER;5;20260108;111000;298.11;298.11;297.77;297.79;66907
SBER;5;20260108;111500;297.8;298.1;297.8;297.91;35160
SBER;5;20260108;112000;297.96;298;297.83;297.88;41680
SBER;5;20260108;112500;297.89;298.15;297.82;298.02;39790
SBER;5;20260108;113000;298.02;298.12;297.95;298.02;33669
SBER;5;20260108;113500;298;298.14;297.98;298.14;22981
SBER;5;20260108;114000;298.14;298.14;298.12;298.13;6500
SBER;5;20260108;114500;298.14;298.14;298.12;298.13;17981
SBER;5;20260108;115000;298.13;298.13;298.03;298.05;8326
SBER;5;20260108;115500;298.06;298.11;298.05;298.11;3860
SBER;5;20260108;120000;298.11;298.16;298.05;298.16;24810
SBER;5;20260108;120500;298.16;298.4;298.15;298.38;67024
SBER;5;20260108;121000;298.39;298.4;298.33;298.36;16847
SBER;5;20260108;121500;298.36;298.37;298.3;298.32;8733
SBER;5;20260108;122000;298.34;298.34;298.28;298.34;5899
SBER;5;20260108;122500;298.33;298.5;298.15;298.5;90909
SBER;5;20260108;123000;298.49;298.5;298.2;298.3;87007
SBER;5;20260108;123500;298.3;298.33;298.19;298.22;31507
SBER;5;20260108;124000;298.23;298.33;298.19;298.23;13002
SBER;5;20260108;124500;298.26;298.4;298.24;298.3;41485
SBER;5;20260108;125000;298.3;298.44;298.29;298.44;27274
SBER;5;20260108;125500;298.44;298.44;298.3;298.42;105445
SBER;5;20260108;130000;298.42;298.44;298.27;298.35;173878
SBER;5;20260108;130500;298.35;298.43;298.27;298.32;42838
SBER;5;20260108;131000;298.31;298.32;298.08;298.1;91164
SBER;5;20260108;131500;298.11;298.29;298.05;298.11;141594
SBER;5;20260108;132000;298.11;298.2;298.09;298.15;18377
SBER;5;20260108;132500;298.17;298.2;298.05;298.07;34067
SBER;5;20260108;133000;298.07;298.08;298.01;298.04;37202
SBER;5;20260108;133500;298.02;298.04;297.83;297.97;129735
SBER;5;20260108;134000;297.97;298.04;297.97;298.02;29812
SBER;5;20260108;134500;298.02;298.02;297.2;297.85;423196
SBER;5;20260108;135000;297.87;297.87;297.59;297.67;45301
SBER;5;20260108;135500;297.67;297.93;297.67;297.8;66140
SBER;5;20260108;140000;297.8;297.9;297.76;297.82;24733
SBER;5;20260108;140500;297.82;297.84;297.71;297.74;41537
SBER;5;20260108;141000;297.77;297.87;297.77;297.85;16752
SBER;5;20260108;141500;297.85;297.94;297.78;297.93;16086
SBER;5;20260108;142000;297.93;297.94;297.87;297.94;12396
SBER;5;20260108;142500;297.93;297.96;297.87;297.95;12438
SBER;5;20260108;143000;297.95;297.98;297.93;297.98;7700
SBER;5;20260108;143500;297.98;297.98;297.9;297.9;8972
SBER;5;20260108;144000;297.91;297.94;297.81;297.83;19621
SBER;5;20260108;144500;297.83;297.86;297.8;297.85;9209
SBER;5;20260108;145000;297.86;297.92;297.81;297.89;9177
SBER;5;20260108;145500;297.89;297.92;297.7;297.71;53588
SBER;5;20260108;150000;297.7;297.8;297.7;297.73;21255
SBER;5;20260108;150500;297.74;297.74;297.02;297.34;367422
SBER;5;20260108;151000;297.34;297.34;297;297;270783
SBER;5;20260108;151500;297;297.15;296.94;297.09;163157
SBER;5;20260108;152000;297.09;297.15;297.06;297.11;76365
SBER;5;20260108;152500;297.1;297.21;297.08;297.15;84060
SBER;5;20260108;153000;297.15;297.15;296.92;296.96;95193
SBER;5;20260108;153500;296.96;297.09;296.9;297.03;98493
SBER;5;20260108;154000;297.03;297.08;297;297.06;85328
SBER;5;20260108;154500;297.06;297.06;296.85;296.95;97675
SBER;5;20260108;155000;296.96;297.08;296.9;296.95;114166
SBER;5;20260108;155500;296.95;296.95;296.76;296.85;102705
SBER;5;20260108;160000;296.82;296.85;296.7;296.71;142813
SBER;5;20260108;160500;296.72;296.72;296.64;296.67;103650
SBER;5;20260108;161000;296.67;297.17;296.66;297.14;145465
SBER;5;20260108;161500;297.13;297.4;297.1;297.37;118475
SBER;5;20260108;162000;297.37;297.45;297.31;297.37;69601
SBER;5;20260108;162500;297.37;297.41;297.26;297.32;42931
SBER;5;20260108;163000;297.31;297.33;297.29;297.31;22042
SBER;5;20260108;163500;297.31;297.4;297.3;297.39;7821
SBER;5;20260108;164000;297.4;297.4;297.35;297.39;15770
SBER;5;20260108;164500;297.4;297.41;297.39;297.4;9102
SBER;5;20260108;165000;297.41;297.45;297.4;297.42;57946
SBER;5;20260108;165500;297.42;297.43;297.34;297.4;29222
SBER;5;20260108;170000;297.4;297.43;297.2;297.32;61214
SBER;5;20260108;170500;297.32;297.34;297.28;297.33;18887
SBER;5;20260108;171000;297.33;297.45;297.29;297.45;44432
SBER;5;20260108;171500;297.44;297.45;297.41;297.43;26977
SBER;5;20260108;172000;297.44;297.5;297.4;297.49;58407
SBER;5;20260108;172500;297.49;297.5;297.35;297.36;15504
SBER;5;20260108;173000;297.39;297.5;297.32;297.42;60176
SBER;5;20260108;173500;297.42;297.5;297.4;297.5;40075
SBER;5;20260108;174000;297.5;297.59;297.45;297.47;72180
SBER;5;20260108;174500;297.48;297.59;297.48;297.57;21154
SBER;5;20260108;175000;297.57;297.77;297.56;297.76;76723
SBER;5;20260108;175500;297.76;297.87;297.68;297.73;96452
SBER;5;20260108;180000;297.74;297.87;297.69;297.7;32928
SBER;5;20260108;180500;297.69;297.8;297.69;297.78;31779
SBER;5;20260108;181000;297.77;297.95;297.74;297.91;43960
SBER;5;20260108;181500;297.92;297.92;297.83;297.86;41471
SBER;5;20260108;182000;297.87;298.1;297.87;298.05;89552
SBER;5;20260108;182500;298.06;298.2;298.06;298.16;104893
SBER;5;20260108;183000;298.16;298.29;298.08;298.23;67953
SBER;5;20260108;183500;298.24;298.27;298.14;298.22;41156
SBER;5;20260108;184500;298.22;298.22;298.22;298.22;7912
SBER;5;20260108;190000;298.18;298.23;298.14;298.2;8588
SBER;5;20260108;190500;298.2;298.25;298.15;298.24;45659
SBER;5;20260108;191000;298.25;298.25;298.13;298.16;14394
SBER;5;20260108;191500;298.17;298.17;298.05;298.06;30319
SBER;5;20260108;192000;298.06;298.1;298.05;298.05;37925
SBER;5;20260108;192500;298.06;298.06;297.97;297.98;19177
SBER;5;20260108;193000;297.98;297.98;297.89;297.89;7757
SBER;5;20260108;193500;297.9;297.98;297.9;297.97;10730
SBER;5;20260108;194000;297.97;298;297.94;297.99;13097
SBER;5;20260108;194500;298;298.25;297.99;298.16;44340
SBER;5;20260108;195000;298.14;298.18;298.13;298.16;4508
SBER;5;20260108;195500;298.16;298.18;298.15;298.16;4565
SBER;5;20260108;200000;298.16;298.17;298.09;298.13;24024
SBER;5;20260108;200500;298.1;298.12;297.95;298.03;34245
SBER;5;20260108;201000;298.02;298.1;297.98;298.1;4650
SBER;5;20260108;201500;298.09;298.11;297.97;298.02;19130
SBER;5;20260108;202000;298.02;298.02;298;298.02;3899
SBER;5;20260108;202500;298.02;298.1;298.01;298.03;3019
SBER;5;20260108;203000;298.03;298.03;298;298;6725
SBER;5;20260108;203500;298;298;297.84;297.87;21792
SBER;5;20260108;204000;297.87;297.96;297.86;297.95;3955
SBER;5;20260108;204500;297.98;298.02;297.95;298.02;1132
SBER;5;20260108;205000;298.02;298.02;297.96;297.96;1134
SBER;5;20260108;205500;297.97;297.98;297.92;297.97;5058
SBER;5;20260108;210000;297.98;298;297.96;297.99;4021
SBER;5;20260108;210500;298;298;297.99;298;1246
SBER;5;20260108;211000;298;298.14;297.99;298.08;21737
SBER;5;20260108;211500;298.1;298.13;298;298.07;18836
SBER;5;20260108;212000;298.1;298.19;298.08;298.17;14690
SBER;5;20260108;212500;298.17;298.24;298.17;298.19;15320
SBER;5;20260108;213000;298.19;298.25;298.19;298.24;20906
SBER;5;20260108;213500;298.25;298.25;298.13;298.17;15150
SBER;5;20260108;214000;298.17;298.17;298.11;298.16;16356
SBER;5;20260108;214500;298.16;298.17;298.12;298.17;5151
SBER;5;20260108;215000;298.17;298.25;298.16;298.25;26520
SBER;5;20260108;215500;298.25;298.49;298.24;298.47;55002
SBER;5;20260108;220000;298.47;298.5;298.36;298.39;38406
SBER;5;20260108;220500;298.4;298.46;298.34;298.35;13562
SBER;5;20260108;221000;298.35;298.35;298.29;298.3;6070
SBER;5;20260108;221500;298.31;298.34;298.07;298.09;46137
SBER;5;20260108;222000;298.09;298.11;297.95;298.09;30417
SBER;5;20260108;222500;298.09;298.09;298.04;298.08;2260
SBER;5;20260108;223000;298.09;298.29;298.04;298.28;10383
SBER;5;20260108;223500;298.28;298.3;298.27;298.3;3806
SBER;5;20260108;224000;298.3;298.3;298.28;298.28;5727
SBER;5;20260108;224500;298.28;298.29;298.12;298.12;9730
SBER;5;20260108;225000;298.12;298.17;298.12;298.14;1069
SBER;5;20260108;225500;298.14;298.16;298.13;298.15;1509
SBER;5;20260108;230000;298.15;298.15;298.12;298.14;4041
SBER;5;20260108;230500;298.14;298.18;298.1;298.14;1761
SBER;5;20260108;231000;298.14;298.14;298.12;298.13;887
SBER;5;20260108;231500;298.13;298.13;298.03;298.04;7698
SBER;5;20260108;232000;298.04;298.04;297.89;297.92;30040
SBER;5;20260108;232500;297.92;298;297.92;297.96;2948
SBER;5;20260108;233000;297.95;297.99;297.85;297.98;23744
SBER;5;20260108;233500;297.96;297.97;297.75;297.75;22181
SBER;5;20260108;234000;297.8;297.97;297.8;297.95;20240
SBER;5;20260108;234500;297.95;298;297.95;298;37183
SBER;5;20260109;070000;298.07;298.35;298;298.04;79046
SBER;5;20260109;070500;298.02;298.42;297.98;298.41;9991
SBER;5;20260109;071000;298.41;298.42;298.22;298.27;40236
SBER;5;20260109;071500;298.27;298.27;298.18;298.21;14094
SBER;5;20260109;072000;298.24;298.25;298.1;298.16;8866
SBER;5;20260109;072500;298.16;298.5;298.11;298.4;21660
SBER;5;20260109;073000;298.37;299.2;298.35;299.09;255923
SBER;5;20260109;073500;299.08;299.11;298.92;299.01;62029
SBER;5;20260109;074000;298.99;299.04;298.7;298.83;70951
SBER;5;20260109;074500;298.83;299.11;298.66;299.11;80705
SBER;5;20260109;075000;299.11;299.39;298.91;299.05;165810
SBER;5;20260109;075500;299.05;299.05;298.9;298.9;26895
SBER;5;20260109;080000;298.91;298.95;298.8;298.87;26568
SBER;5;20260109;080500;298.88;298.88;298.51;298.55;57528
SBER;5;20260109;081000;298.52;298.83;298.52;298.83;19053
SBER;5;20260109;081500;298.83;298.87;298.66;298.84;13237
SBER;5;20260109;082000;298.75;298.83;298.75;298.81;9308
SBER;5;20260109;082500;298.8;298.81;298.7;298.7;11189
SBER;5;20260109;083000;298.7;298.88;298.55;298.87;19746
SBER;5;20260109;083500;298.88;299.03;298.88;298.9;18876
SBER;5;20260109;084000;298.97;298.99;298.9;298.99;5248
SBER;5;20260109;084500;298.99;299;298.9;298.94;9140
SBER;5;20260109;085000;298.94;298.94;298.89;298.9;3329
SBER;5;20260109;085500;298.9;298.91;298.66;298.78;18621
SBER;5;20260109;090000;298.7;298.86;298.6;298.71;42738
SBER;5;20260109;090500;298.71;298.78;298.71;298.74;12486
SBER;5;20260109;091000;298.74;298.88;298.68;298.87;13925
SBER;5;20260109;091500;298.87;298.93;298.86;298.91;16504
SBER;5;20260109;092000;298.92;298.92;297.82;298.33;166233
SBER;5;20260109;092500;298.33;298.67;298.04;298.57;117641
SBER;5;20260109;093000;298.56;298.56;298.14;298.45;84724
SBER;5;20260109;093500;298.42;298.48;298.2;298.4;46181
SBER;5;20260109;094000;298.4;298.5;298.3;298.36;23129
SBER;5;20260109;094500;298.35;298.64;298.32;298.63;46318
SBER;5;20260109;095000;298.62;298.65;298.44;298.49;39365
SBER;5;20260109;095500;298.5;298.6;298.5;298.59;15234
SBER;5;20260109;100000;298.58;298.65;298.24;298.25;89172
SBER;5;20260109;100500;298.25;298.75;298.24;298.64;82869
SBER;5;20260109;101000;298.66;298.7;298.36;298.37;52532
SBER;5;20260109;101500;298.38;298.38;298.22;298.32;23833
SBER;5;20260109;102000;298.32;298.5;298.26;298.36;32615
SBER;5;20260109;102500;298.36;298.4;298.29;298.39;23612
SBER;5;20260109;103000;298.39;298.4;298.25;298.27;12945
SBER;5;20260109;103500;298.27;298.29;298.08;298.14;44563
SBER;5;20260109;104000;298.14;298.31;298.12;298.16;65673
SBER;5;20260109;104500;298.17;298.17;298.14;298.15;15850
SBER;5;20260109;105000;298.16;298.18;298.1;298.15;27243
SBER;5;20260109;105500;298.15;298.15;298.1;298.1;41346
SBER;5;20260109;110000;298.1;298.11;297.85;298.01;168330
SBER;5;20260109;110500;298.02;298.02;298;298.01;38899
SBER;5;20260109;111000;298.01;298.13;298;298.11;31890
SBER;5;20260109;111500;298.12;298.13;298.02;298.06;15833
SBER;5;20260109;112000;298.06;298.26;298.05;298.26;45673
SBER;5;20260109;112500;298.25;298.32;298.17;298.18;14181
SBER;5;20260109;113000;298.18;298.31;298.16;298.31;19972
SBER;5;20260109;113500;298.31;298.42;298.3;298.41;60492
SBER;5;20260109;114000;298.42;298.77;298.42;298.68;176729
SBER;5;20260109;114500;298.67;298.68;298.53;298.6;19019
SBER;5;20260109;115000;298.6;298.64;298.55;298.63;20858
SBER;5;20260109;115500;298.64;298.71;298.61;298.7;12984
SBER;5;20260109;120000;298.71;298.73;298.5;298.52;29218
SBER;5;20260109;120500;298.51;298.52;298.38;298.38;46941
SBER;5;20260109;121000;298.39;298.39;298.33;298.37;13122
SBER;5;20260109;121500;298.37;298.38;298.23;298.24;9947
SBER;5;20260109;122000;298.24;298.38;298.23;298.38;10749
SBER;5;20260109;122500;298.38;298.42;298.37;298.42;33602
SBER;5;20260109;123000;298.42;298.5;298.41;298.5;32813
SBER;5;20260109;123500;298.5;298.54;298.49;298.54;21209
SBER;5;20260109;124000;298.54;298.64;298.53;298.63;28546
SBER;5;20260109;124500;298.64;298.68;298.59;298.62;7999
SBER;5;20260109;125000;298.62;298.62;298.5;298.51;15001
SBER;5;20260109;125500;298.51;298.56;298.47;298.55;26217
SBER;5;20260109;130000;298.56;298.56;298.43;298.47;11886
SBER;5;20260109;130500;298.48;298.5;298.38;298.42;43443
SBER;5;20260109;131000;298.42;298.43;298.36;298.38;28315
SBER;5;20260109;131500;298.37;298.46;298.2;298.29;157657
SBER;5;20260109;132000;298.28;298.29;298.24;298.27;23413
SBER;5;20260109;132500;298.26;298.27;298.14;298.21;31087
SBER;5;20260109;133000;298.2;298.32;298.11;298.32;81940
SBER;5;20260109;133500;298.31;298.44;298.3;298.44;27901
SBER;5;20260109;134000;298.44;298.55;298.43;298.54;10888
SBER;5;20260109;134500;298.55;298.55;298.51;298.52;3922
SBER;5;20260109;135000;298.52;298.54;298.45;298.46;4282
SBER;5;20260109;135500;298.46;298.47;298.36;298.37;25163
SBER;5;20260109;140000;298.37;298.47;298.37;298.42;5348
SBER;5;20260109;140500;298.38;298.7;298.37;298.67;119045
SBER;5;20260109;141000;298.67;298.73;298.66;298.73;19730
SBER;5;20260109;141500;298.73;299.04;298.73;298.81;336626
SBER;5;20260109;142000;298.82;298.93;298.79;298.85;78096
SBER;5;20260109;142500;298.83;298.99;298.81;298.88;83395
SBER;5;20260109;143000;298.89;298.95;298.88;298.93;44033
SBER;5;20260109;143500;298.93;299.08;298.92;299.04;110167
SBER;5;20260109;144000;299.03;299.1;299.01;299.01;36480
SBER;5;20260109;144500;299.02;299.1;299.01;299.05;31517
SBER;5;20260109;145000;299.05;299.06;298.85;298.89;43484
SBER;5;20260109;145500;298.89;298.93;298.7;298.93;80129
SBER;5;20260109;150000;298.93;299;298.92;298.97;17302
SBER;5;20260109;150500;298.97;299;298.79;298.91;23794
SBER;5;20260109;151000;298.88;299;298.87;299;14902
SBER;5;20260109;151500;299;299;298.8;298.81;24905
SBER;5;20260109;152000;298.8;298.83;298.76;298.8;8842
SBER;5;20260109;152500;298.8;298.8;298.75;298.79;11563
SBER;5;20260109;153000;298.8;298.92;298.79;298.9;6475
SBER;5;20260109;153500;298.9;298.95;298.86;298.92;13665
SBER;5;20260109;154000;298.93;298.94;298.8;298.83;9100
SBER;5;20260109;154500;298.83;298.89;298.77;298.87;9370
SBER;5;20260109;155000;298.87;298.87;298.75;298.82;7884
SBER;5;20260109;155500;298.82;298.83;298.6;298.68;29267
SBER;5;20260109;160000;298.67;298.73;298.56;298.73;31768
SBER;5;20260109;160500;298.73;298.8;298.68;298.8;11271
SBER;5;20260109;161000;298.8;298.81;298.72;298.76;38158
SBER;5;20260109;161500;298.76;298.76;298.71;298.71;7041
SBER;5;20260109;162000;298.72;298.76;298.66;298.67;30741
SBER;5;20260109;162500;298.68;298.71;298.56;298.66;23549
SBER;5;20260109;163000;298.65;298.7;298.49;298.5;61102
SBER;5;20260109;163500;298.51;298.65;298.51;298.64;9528
SBER;5;20260109;164000;298.65;298.73;298.65;298.71;16350
SBER;5;20260109;164500;298.71;298.76;298.69;298.76;7023
SBER;5;20260109;165000;298.75;298.76;298.72;298.73;4054
SBER;5;20260109;165500;298.72;298.74;298.7;298.72;6918
SBER;5;20260109;170000;298.73;298.81;298.73;298.81;21951
SBER;5;20260109;170500;298.81;298.93;298.81;298.9;9127
SBER;5;20260109;171000;298.89;298.93;298.89;298.91;13518
SBER;5;20260109;171500;298.91;298.95;298.9;298.93;4333
SBER;5;20260109;172000;298.92;298.97;298.9;298.94;18294
SBER;5;20260109;172500;298.97;299.03;298.94;299.02;106696
SBER;5;20260109;173000;299.01;299.24;299.01;299.11;134740
SBER;5;20260109;173500;299.11;299.17;299.1;299.17;25260
SBER;5;20260109;174000;299.17;299.27;299.16;299.24;38858
SBER;5;20260109;174500;299.23;299.28;299.19;299.24;84228
SBER;5;20260109;175000;299.24;299.27;299.2;299.21;45371
SBER;5;20260109;175500;299.22;299.22;299.21;299.22;12194
SBER;5;20260109;180000;299.22;299.29;299.2;299.23;148328
SBER;5;20260109;180500;299.24;299.26;299.11;299.13;148657
SBER;5;20260109;181000;299.13;299.14;299.05;299.09;36679
SBER;5;20260109;181500;299.09;299.14;299.03;299.11;27430
SBER;5;20260109;182000;299.12;299.15;299.04;299.12;56881
SBER;5;20260109;182500;299.13;299.14;298.98;298.98;108660
SBER;5;20260109;183000;298.99;299.17;298.99;299.16;59520
SBER;5;20260109;183500;299.15;299.22;299.13;299.19;39752
SBER;5;20260109;184500;299.19;299.19;299.19;299.19;22530
SBER;5;20260109;190000;299.19;299.3;299.08;299.19;173579
SBER;5;20260109;190500;299.25;299.27;299.08;299.15;47453
SBER;5;20260109;191000;299.17;299.22;299.13;299.22;11125
SBER;5;20260109;191500;299.21;299.26;299.18;299.19;17473
SBER;5;20260109;192000;299.19;299.2;299.14;299.19;17469
SBER;5;20260109;192500;299.18;299.29;299.12;299.24;67208
SBER;5;20260109;193000;299.24;299.3;298.92;298.94;186016
SBER;5;20260109;193500;298.94;299.1;298.94;299;51840
SBER;5;20260109;194000;299;299;298.95;298.99;22102
SBER;5;20260109;194500;298.98;299;298.98;298.99;8128
SBER;5;20260109;195000;298.98;299.11;298.98;299.1;5025
SBER;5;20260109;195500;299.1;299.1;299.01;299.05;7034
SBER;5;20260109;200000;299.06;299.06;298.94;298.96;17558
SBER;5;20260109;200500;298.96;299.01;298.95;299;12847
SBER;5;20260109;201000;299;299;298.95;298.98;12989
SBER;5;20260109;201500;298.99;299;298.97;298.99;4699
SBER;5;20260109;202000;298.99;299;298.97;299;3283
SBER;5;20260109;202500;298.99;299.05;298.99;299.05;4355
SBER;5;20260109;203000;299.04;299.28;299.04;299.26;62301
SBER;5;20260109;203500;299.26;299.29;299.16;299.18;15950
SBER;5;20260109;204000;299.18;299.23;299.07;299.11;14743
SBER;5;20260109;204500;299.11;299.13;299.04;299.08;9852
SBER;5;20260109;205000;299.08;299.14;299.08;299.14;4739
SBER;5;20260109;205500;299.13;299.14;299.1;299.11;5076
SBER;5;20260109;210000;299.1;299.1;299.01;299.03;24396
SBER;5;20260109;210500;299.08;299.12;299.01;299.04;3735
SBER;5;20260109;211000;299.04;299.08;298.99;299;11193
SBER;5;20260109;211500;299;299.05;298.97;299;12535
SBER;5;20260109;212000;298.97;299.06;298.94;299;74221
SBER;5;20260109;212500;298.99;299.02;298.99;299.02;3183
SBER;5;20260109;213000;299.01;299.02;298.99;299.01;4179
SBER;5;20260109;213500;299.01;299.04;299;299.04;15286
SBER;5;20260109;214000;299.04;299.07;298.99;299.03;10126
SBER;5;20260109;214500;299.03;299.04;299.01;299.03;5275
SBER;5;20260109;215000;299.03;299.03;298.99;298.99;4664
SBER;5;20260109;215500;298.99;299.01;298.95;298.96;17749
SBER;5;20260109;220000;298.96;299.02;298.96;299.02;4604
SBER;5;20260109;220500;299.02;299.04;299;299.04;15959
SBER;5;20260109;221000;299.03;299.13;299.03;299.09;17918
SBER;5;20260109;221500;299.07;299.08;299.03;299.04;12069
SBER;5;20260109;222000;299.05;299.06;299;299.06;19193
SBER;5;20260109;222500;299.06;299.08;299.02;299.06;9025
SBER;5;20260109;223000;299.07;299.07;299;299.01;16408
SBER;5;20260109;223500;299.04;299.04;299;299.04;779
SBER;5;20260109;224000;299.03;299.09;299.02;299.02;9309
SBER;5;20260109;224500;299.07;299.07;299.06;299.07;6999
SBER;5;20260109;225000;299.07;299.07;299.01;299.03;3825
SBER;5;20260109;225500;299.03;299.05;299.02;299.04;5985
SBER;5;20260109;230000;299.04;299.05;299.01;299.02;10105
SBER;5;20260109;230500;299.01;299.02;298.99;299;17522
SBER;5;20260109;231000;299;299.03;299;299.02;12380
SBER;5;20260109;231500;299.02;299.09;299.01;299.09;14262
SBER;5;20260109;232000;299.08;299.09;299.02;299.06;12940
SBER;5;20260109;232500;299.06;299.07;298.99;299;41628
SBER;5;20260109;233000;299;299.05;298.99;299.02;49856
SBER;5;20260109;233500;299;299.03;298.95;299.02;30394
SBER;5;20260109;234000;299.02;299.03;298.85;298.94;105293
SBER;5;20260109;234500;298.93;299.04;298.8;299.04;107785
SBER;5;20260112;070000;299.19;299.75;299.08;299.5;99497
SBER;5;20260112;070500;299.5;299.68;299.3;299.3;109313
SBER;5;20260112;071000;299.34;299.48;299.3;299.45;15736
SBER;5;20260112;071500;299.45;299.45;299.2;299.45;18215
SBER;5;20260112;072000;299.45;299.45;299.32;299.34;9349
SBER;5;20260112;072500;299.34;299.4;299.34;299.36;8483
SBER;5;20260112;073000;299.39;299.4;299.24;299.25;13531
SBER;5;20260112;073500;299.25;299.3;299.05;299.18;68573
SBER;5;20260112;074000;299.19;299.21;298.96;298.99;74002
SBER;5;20260112;074500;299;299.05;298.93;299.05;24871
SBER;5;20260112;075000;299.05;299.05;298.8;298.88;64486
SBER;5;20260112;075500;298.93;298.99;298.88;298.99;10675
SBER;5;20260112;080000;298.99;299.23;298.96;299.21;12600
SBER;5;20260112;080500;299.2;299.22;299;299.01;26858
SBER;5;20260112;081000;299.05;299.05;298;298.72;235087
SBER;5;20260112;081500;298.71;298.77;298.71;298.76;16493
SBER;5;20260112;082000;298.76;298.97;298.74;298.93;50875
SBER;5;20260112;082500;298.93;299;298.86;298.87;10630
SBER;5;20260112;083000;298.87;299.02;298.86;299.02;19394
SBER;5;20260112;083500;299.02;299.03;298.85;298.87;34219
SBER;5;20260112;084000;298.87;298.97;298.83;298.88;18930
SBER;5;20260112;084500;298.88;298.91;298.86;298.91;7287
SBER;5;20260112;085000;298.91;298.96;298.9;298.96;3880
SBER;5;20260112;085500;298.96;298.98;298.95;298.97;5520
SBER;5;20260112;090000;298.98;299.35;298.98;299.24;127671
SBER;5;20260112;090500;299.21;299.31;299.13;299.17;26108
SBER;5;20260112;091000;299.15;299.27;299.01;299.15;40600
SBER;5;20260112;091500;299.18;299.18;298.96;298.96;16571
SBER;5;20260112;092000;298.97;299.05;298.91;299.04;104662
SBER;5;20260112;092500;299.05;299.05;298.83;298.86;51054
SBER;5;20260112;093000;298.85;298.97;298.81;298.89;49124
SBER;5;20260112;093500;298.89;298.94;298.76;298.89;59239
SBER;5;20260112;094000;298.89;298.92;298.75;298.77;37555
SBER;5;20260112;094500;298.77;298.82;298.7;298.71;73397
SBER;5;20260112;095000;298.7;298.86;298.7;298.82;97241
SBER;5;20260112;095500;298.82;298.87;298.7;298.83;82699
SBER;5;20260112;100000;298.84;299.22;298.73;299.1;223117
SBER;5;20260112;100500;299.1;299.9;299.1;299.72;305593
SBER;5;20260112;101000;299.72;300.01;299.72;299.98;426063
SBER;5;20260112;101500;299.97;300.1;299.83;299.89;304180
SBER;5;20260112;102000;299.9;300.04;299.81;299.89;295149
SBER;5;20260112;102500;299.89;300.02;299.88;299.96;147971
SBER;5;20260112;103000;299.95;300.01;299.93;300;113416
SBER;5;20260112;103500;299.99;300.44;299.99;300.34;422311
SBER;5;20260112;104000;300.36;300.38;300.15;300.27;67656
SBER;5;20260112;104500;300.27;301;300.26;300.95;525908
SBER;5;20260112;105000;300.95;301.29;300.87;301.11;508090
SBER;5;20260112;105500;301.11;301.26;301.04;301.24;262984
SBER;5;20260112;110000;301.23;301.4;300.66;300.95;451085
SBER;5;20260112;110500;300.94;301.04;300.89;300.96;105426
SBER;5;20260112;111000;300.97;301.12;300.94;301.11;290424
SBER;5;20260112;111500;301.11;301.19;300.82;300.97;189011
SBER;5;20260112;112000;300.97;301;300.75;300.83;165508
SBER;5;20260112;112500;300.83;301;300.83;300.88;145685
SBER;5;20260112;113000;300.88;300.9;300.82;300.88;95277
SBER;5;20260112;113500;300.85;300.9;300.66;300.88;203783
SBER;5;20260112;114000;300.89;300.9;300.62;300.64;55717
SBER;5;20260112;114500;300.64;300.67;300.5;300.65;113802
SBER;5;20260112;115000;300.63;300.72;300.58;300.61;16281
SBER;5;20260112;115500;300.61;300.62;300.46;300.53;87547
SBER;5;20260112;120000;300.53;300.82;300.52;300.7;93752
SBER;5;20260112;120500;300.69;300.8;300.63;300.63;32340
SBER;5;20260112;121000;300.63;300.71;300.52;300.69;31377
SBER;5;20260112;121500;300.69;300.78;300.6;300.75;27136
SBER;5;20260112;122000;300.76;300.76;300.61;300.7;18963
SBER;5;20260112;122500;300.7;300.85;300.69;300.8;73315
SBER;5;20260112;123000;300.78;300.8;300.7;300.74;15587
SBER;5;20260112;123500;300.75;300.9;300.74;300.88;54901
SBER;5;20260112;124000;300.88;300.9;300.73;300.85;82512
SBER;5;20260112;124500;300.84;300.9;300.84;300.88;74011
SBER;5;20260112;125000;300.89;300.89;300.72;300.75;28238
SBER;5;20260112;125500;300.76;300.9;300.75;300.9;41431
SBER;5;20260112;130000;300.9;300.99;300.81;300.94;37465
SBER;5;20260112;130500;300.95;300.95;300.48;300.63;57692
SBER;5;20260112;131000;300.65;300.73;300.54;300.64;52454
SBER;5;20260112;131500;300.64;300.74;300.59;300.71;7385
SBER;5;20260112;132000;300.71;300.77;300.6;300.68;59309
SBER;5;20260112;132500;300.68;300.69;300.54;300.55;62069
SBER;5;20260112;133000;300.56;300.59;300.32;300.52;64024
SBER;5;20260112;133500;300.53;300.53;300.47;300.5;25996
SBER;5;20260112;134000;300.5;300.5;300.37;300.43;74620
SBER;5;20260112;134500;300.42;300.45;300.3;300.32;80553
SBER;5;20260112;135000;300.32;300.33;300.2;300.24;85644
SBER;5;20260112;135500;300.24;300.29;300.17;300.29;45421
SBER;5;20260112;140000;300.29;300.3;300.27;300.28;11363
SBER;5;20260112;140500;300.29;300.29;299.86;299.87;260269
SBER;5;20260112;141000;299.87;299.95;299.5;299.57;193961
SBER;5;20260112;141500;299.57;299.57;298.99;299.32;419109
SBER;5;20260112;142000;299.34;299.36;299.25;299.28;160895
SBER;5;20260112;142500;299.27;299.3;299.21;299.22;121603
SBER;5;20260112;143000;299.21;299.5;299.21;299.39;265309
SBER;5;20260112;143500;299.4;299.4;299.16;299.2;60767
SBER;5;20260112;144000;299.2;299.37;299.12;299.36;48356
SBER;5;20260112;144500;299.37;299.4;299.35;299.38;17618
SBER;5;20260112;145000;299.37;299.4;299.35;299.36;26726
SBER;5;20260112;145500;299.36;299.36;299.29;299.31;12649
SBER;5;20260112;150000;299.31;299.33;299.19;299.2;28394
SBER;5;20260112;150500;299.19;299.2;299.18;299.19;34818
SBER;5;20260112;151000;299.19;299.19;299.15;299.17;35189
SBER;5;20260112;151500;299.17;299.23;299.12;299.16;106347
SBER;5;20260112;152000;299.16;299.61;299.15;299.49;90306
SBER;5;20260112;152500;299.5;299.5;299.39;299.42;41655
SBER;5;20260112;153000;299.42;299.61;299.4;299.53;43055
SBER;5;20260112;153500;299.5;299.55;299.36;299.37;80739
SBER;5;20260112;154000;299.39;299.43;299.28;299.34;33253
SBER;5;20260112;154500;299.34;299.5;299.2;299.47;63976
SBER;5;20260112;155000;299.46;299.54;299.38;299.44;50136
SBER;5;20260112;155500;299.43;299.52;299.43;299.49;14976
SBER;5;20260112;160000;299.49;299.55;299.48;299.53;7622
SBER;5;20260112;160500;299.53;299.56;299.29;299.3;70192
SBER;5;20260112;161000;299.3;299.53;299.3;299.42;96610
SBER;5;20260112;161500;299.42;299.42;299.22;299.23;41096
SBER;5;20260112;162000;299.23;299.23;298.59;298.75;326340
SBER;5;20260112;162500;298.74;299.08;298.72;299.06;117312
SBER;5;20260112;163000;299.04;299.28;298.93;299.18;96377
SBER;5;20260112;163500;299.21;299.29;299.16;299.2;32337
SBER;5;20260112;164000;299.22;299.38;299.17;299.22;78188
SBER;5;20260112;164500;299.22;299.36;299.14;299.31;44488
SBER;5;20260112;165000;299.32;299.38;299.31;299.37;25283
SBER;5;20260112;165500;299.37;299.38;299.17;299.19;33372
SBER;5;20260112;170000;299.19;299.22;299.03;299.06;21269
SBER;5;20260112;170500;299.08;299.19;298.92;299.11;63475
SBER;5;20260112;171000;299.11;299.19;299.07;299.19;59747
SBER;5;20260112;171500;299.18;299.26;299.13;299.24;56547
SBER;5;20260112;172000;299.22;299.26;298.7;298.73;446839
SBER;5;20260112;172500;298.73;298.92;298.72;298.85;132996
SBER;5;20260112;173000;298.86;299.23;298.85;299.19;104217
SBER;5;20260112;173500;299.18;299.34;299.08;299.19;93187
SBER;5;20260112;174000;299.18;299.27;299.01;299.14;37282
SBER;5;20260112;174500;299.14;299.33;299.02;299.18;94391
SBER;5;20260112;175000;299.18;299.25;298.99;299.15;84016
SBER;5;20260112;175500;299.15;299.16;298.97;299;46533
SBER;5;20260112;180000;299.01;299.18;298.88;299.16;53802
SBER;5;20260112;180500;299.16;299.34;299.05;299.2;259180
SBER;5;20260112;181000;299.2;299.2;299;299.05;99201
SBER;5;20260112;181500;299.05;299.29;298.98;299.27;20934
SBER;5;20260112;182000;299.26;299.3;299.2;299.27;47156
SBER;5;20260112;182500;299.28;299.49;299.26;299.42;189107
SBER;5;20260112;183000;299.43;299.55;299.23;299.49;297422
SBER;5;20260112;183500;299.48;299.49;299.29;299.4;64444
SBER;5;20260112;184500;299.43;299.43;299.43;299.43;5158
SBER;5;20260112;190000;299.42;299.48;299.33;299.48;26287
SBER;5;20260112;190500;299.48;299.48;299.3;299.4;19659
SBER;5;20260112;191000;299.42;299.5;299.39;299.48;16108
SBER;5;20260112;191500;299.48;299.49;299.4;299.45;10914
SBER;5;20260112;192000;299.45;299.52;299.33;299.4;38081
SBER;5;20260112;192500;299.4;299.49;299.37;299.48;19425
SBER;5;20260112;193000;299.48;299.56;299.48;299.56;19159
SBER;5;20260112;193500;299.55;299.6;299.55;299.6;26373
SBER;5;20260112;194000;299.6;299.6;299.46;299.52;28887
SBER;5;20260112;194500;299.52;299.68;299.51;299.65;17715
SBER;5;20260112;195000;299.65;299.77;299.6;299.7;26378
SBER;5;20260112;195500;299.68;299.72;299.64;299.68;12582
SBER;5;20260112;200000;299.68;299.7;299.63;299.64;8799
SBER;5;20260112;200500;299.64;299.65;299.61;299.64;11914
SBER;5;20260112;201000;299.64;299.74;299.59;299.59;21765
SBER;5;20260112;201500;299.59;299.6;299.57;299.6;2982
SBER;5;20260112;202000;299.6;299.6;299.5;299.52;9233
SBER;5;20260112;202500;299.53;299.53;299.46;299.46;7668
SBER;5;20260112;203000;299.47;299.47;299.4;299.42;10675
SBER;5;20260112;203500;299.42;299.43;299.2;299.29;32291
SBER;5;20260112;204000;299.29;299.45;299.27;299.45;46053
SBER;5;20260112;204500;299.44;299.52;299.42;299.52;214585
SBER;5;20260112;205000;299.51;299.52;299.47;299.49;5251
SBER;5;20260112;205500;299.49;299.5;299.28;299.4;55793
SBER;5;20260112;210000;299.41;299.41;299.2;299.2;58921
SBER;5;20260112;210500;299.23;299.29;298.99;298.99;132289
SBER;5;20260112;211000;299;299.04;298.97;299.04;62130
SBER;5;20260112;211500;299.04;299.16;299.03;299.08;22137
SBER;5;20260112;212000;299.12;299.16;298.99;298.99;41251
SBER;5;20260112;212500;298.99;299.17;298.99;299.16;4479
SBER;5;20260112;213000;299.15;299.18;299.14;299.16;5696
SBER;5;20260112;213500;299.17;299.23;299.03;299.04;38624
SBER;5;20260112;214000;299.03;299.04;299.01;299.04;21042
SBER;5;20260112;214500;299.03;299.19;299.02;299.16;19870
SBER;5;20260112;215000;299.15;299.15;299.07;299.1;12406
SBER;5;20260112;215500;299.1;299.16;299.09;299.16;3312
SBER;5;20260112;220000;299.16;299.3;298.5;299.06;694385
SBER;5;20260112;220500;299.06;299.07;298.96;299.02;42383
SBER;5;20260112;221000;299.02;299.04;298.89;299.01;42873
SBER;5;20260112;221500;299.01;299.04;298.95;299.02;15867
SBER;5;20260112;222000;299.02;299.13;299;299.07;37641
SBER;5;20260112;222500;299.07;299.12;299.06;299.12;10481
SBER;5;20260112;223000;299.12;299.15;299.08;299.15;6402
SBER;5;20260112;223500;299.15;299.24;299.13;299.19;23078
SBER;5;20260112;224000;299.18;299.19;299.1;299.15;12558
SBER;5;20260112;224500;299.15;299.15;299.06;299.08;4677
SBER;5;20260112;225000;299.08;299.17;299.06;299.13;13707
SBER;5;20260112;225500;299.14;299.14;299.1;299.11;6659
SBER;5;20260112;230000;299.12;299.19;299.11;299.18;6073
SBER;5;20260112;230500;299.18;299.19;299.12;299.14;2143
SBER;5;20260112;231000;299.15;299.2;299.12;299.2;12168
SBER;5;20260112;231500;299.2;299.2;299.17;299.18;2406
SBER;5;20260112;232000;299.18;299.18;298.99;299.03;63498
SBER;5;20260112;232500;299.03;299.15;299.03;299.06;22723
SBER;5;20260112;233000;299.06;299.14;299.04;299.14;12912
SBER;5;20260112;233500;299.14;299.14;299;299.09;18666
SBER;5;20260112;234000;299.09;299.12;299;299.05;33284
SBER;5;20260112;234500;299.04;299.17;299.03;299.16;15116
SBER;5;20260113;070000;299.2;299.61;299.19;299.58;32520
SBER;5;20260113;070500;299.59;299.59;299.28;299.48;21075
SBER;5;20260113;071000;299.48;299.55;299.42;299.49;3398
SBER;5;20260113;071500;299.49;299.49;299.2;299.36;7119
SBER;5;20260113;072000;299.39;299.46;299.29;299.44;46561
SBER;5;20260113;072500;299.42;299.44;299.23;299.31;8174
SBER;5;20260113;073000;299.31;301.04;299.28;299.63;206860
SBER;5;20260113;073500;299.66;299.78;299.63;299.73;8559
SBER;5;20260113;074000;299.73;299.83;299.73;299.83;11459
SBER;5;20260113;074500;299.83;299.85;299.66;299.71;17144
SBER;5;20260113;075000;299.71;299.84;299.69;299.84;4430
SBER;5;20260113;075500;299.84;299.84;299.71;299.75;8806
SBER;5;20260113;080000;299.75;299.83;299.72;299.82;14542
SBER;5;20260113;080500;299.83;299.85;299.75;299.76;14655
SBER;5;20260113;081000;299.76;299.86;299.75;299.84;32528
SBER;5;20260113;081500;299.83;299.83;299.8;299.81;1775
SBER;5;20260113;082000;299.81;299.81;299.63;299.67;22794
SBER;5;20260113;082500;299.67;299.7;299.65;299.7;4546
SBER;5;20260113;083000;299.69;299.8;299.69;299.8;8011
SBER;5;20260113;083500;299.8;299.8;299.7;299.72;15393
SBER;5;20260113;084000;299.71;299.72;299.63;299.66;24250
SBER;5;20260113;084500;299.63;299.7;299.62;299.7;5242
SBER;5;20260113;085000;299.73;299.74;299.62;299.64;8673
SBER;5;20260113;085500;299.64;299.69;299.62;299.64;6936
SBER;5;20260113;090000;299.63;299.68;299.25;299.4;63369
SBER;5;20260113;090500;299.4;299.41;299.16;299.17;52132
SBER;5;20260113;091000;299.17;299.17;299.1;299.12;53323
SBER;5;20260113;091500;299.11;299.35;299.11;299.35;25760
SBER;5;20260113;092000;299.35;299.35;299.24;299.25;16860
SBER;5;20260113;092500;299.27;299.39;299.25;299.33;11662
SBER;5;20260113;093000;299.32;299.54;299.27;299.41;58360
SBER;5;20260113;093500;299.41;299.46;299.4;299.4;28053
SBER;5;20260113;094000;299.4;299.41;299;299.05;125332
SBER;5;20260113;094500;299.09;299.2;298.88;299.12;454592
SBER;5;20260113;095000;299.1;299.12;298.9;298.92;34208
SBER;5;20260113;095500;298.9;299.2;298.87;299.1;84461
SBER;5;20260113;100000;299.1;299.18;298.81;299.06;170443
SBER;5;20260113;100500;299.06;299.15;298.95;299.06;23648
SBER;5;20260113;101000;299.07;299.07;298.75;298.75;97790
SBER;5;20260113;101500;298.76;299;298.51;299;185893
SBER;5;20260113;102000;298.99;299.18;298.99;299.13;138444
SBER;5;20260113;102500;299.16;299.17;299.05;299.06;24569
SBER;5;20260113;103000;299.05;299.12;298.9;298.94;19706
SBER;5;20260113;103500;298.95;298.96;298.85;298.86;27202
SBER;5;20260113;104000;298.86;298.95;298.83;298.93;27014
SBER;5;20260113;104500;298.93;298.93;298.8;298.81;66841
SBER;5;20260113;105000;298.82;298.99;298.7;298.98;85424
SBER;5;20260113;105500;298.98;299.06;298.87;298.88;41031
SBER;5;20260113;110000;298.88;298.96;298.8;298.86;51405
SBER;5;20260113;110500;298.86;299.05;298.83;299.01;46359
SBER;5;20260113;111000;299;299.1;298.88;299.08;94097
SBER;5;20260113;111500;299.09;299.09;298.83;298.84;21888
SBER;5;20260113;112000;298.83;298.84;298.1;298.28;362524
SBER;5;20260113;112500;298.28;298.5;298.26;298.31;210022
SBER;5;20260113;113000;298.31;298.4;298.13;298.17;272856
SBER;5;20260113;113500;298.17;298.27;298.05;298.11;131357
SBER;5;20260113;114000;298.11;298.21;298.06;298.07;142903
SBER;5;20260113;114500;298.07;298.1;298.01;298.07;94995
SBER;5;20260113;115000;298.06;298.06;297.52;298.02;581249
SBER;5;20260113;115500;298.02;298.02;297.64;297.65;340040
SBER;5;20260113;120000;297.65;297.66;297.28;297.57;450618
SBER;5;20260113;120500;297.57;297.57;297.24;297.41;260687
SBER;5;20260113;121000;297.4;297.4;297;297.27;584467
SBER;5;20260113;121500;297.27;297.27;296.9;297.21;466273
SBER;5;20260113;122000;297.22;297.22;296.9;297.06;248041
SBER;5;20260113;122500;297.06;297.06;296.73;296.89;325560
SBER;5;20260113;123000;296.88;298;296.61;297.14;653560
SBER;5;20260113;123500;297.14;297.19;297;297.06;258954
SBER;5;20260113;124000;297.07;297.38;297.06;297.33;218036
SBER;5;20260113;124500;297.33;297.35;297.19;297.35;126765
SBER;5;20260113;125000;297.35;297.47;297.21;297.43;170901
SBER;5;20260113;125500;297.43;297.69;297.42;297.62;189928
SBER;5;20260113;130000;297.62;297.85;297.59;297.82;94264
SBER;5;20260113;130500;297.82;297.82;297.52;297.7;196305
SBER;5;20260113;131000;297.72;297.74;297.58;297.7;66453
SBER;5;20260113;131500;297.7;297.89;297.67;297.78;124526
SBER;5;20260113;132000;297.78;297.83;297.7;297.77;19297
SBER;5;20260113;132500;297.79;297.84;297.59;297.81;102930
SBER;5;20260113;133000;297.81;297.87;297.66;297.8;143162
SBER;5;20260113;133500;297.8;297.96;297.71;297.84;137985
SBER;5;20260113;134000;297.84;297.96;297.8;297.96;41243
SBER;5;20260113;134500;297.96;298.02;297.43;297.5;388354
SBER;5;20260113;135000;297.5;297.52;297.25;297.26;163968
SBER;5;20260113;135500;297.26;297.42;297.12;297.16;760508
SBER;5;20260113;140000;297.16;297.2;297.13;297.19;24103
SBER;5;20260113;140500;297.18;297.19;297;297.09;252640
SBER;5;20260113;141000;297.09;297.12;297;297.12;47651
SBER;5;20260113;141500;297.12;297.2;297.1;297.19;72477
SBER;5;20260113;142000;297.2;297.56;297.17;297.48;463942
SBER;5;20260113;142500;297.49;297.51;297.37;297.51;61689
SBER;5;20260113;143000;297.51;297.68;297.41;297.6;137891
SBER;5;20260113;143500;297.6;297.6;297.37;297.37;107437
SBER;5;20260113;144000;297.37;297.6;297.37;297.57;115380
SBER;5;20260113;144500;297.57;297.57;297.37;297.39;66640
SBER;5;20260113;145000;297.39;297.39;297.25;297.3;65797
SBER;5;20260113;145500;297.29;297.31;297.22;297.26;51779
SBER;5;20260113;150000;297.27;297.29;297.22;297.24;59234
SBER;5;20260113;150500;297.25;297.28;297.2;297.28;83401
SBER;5;20260113;151000;297.28;297.37;297.26;297.33;49011
SBER;5;20260113;151500;297.33;297.49;297.32;297.49;38211
SBER;5;20260113;152000;297.49;297.49;297.31;297.36;76045
SBER;5;20260113;152500;297.36;297.39;297.17;297.37;81442
SBER;5;20260113;153000;297.37;297.37;297.13;297.3;60213
SBER;5;20260113;153500;297.3;297.45;297.28;297.44;23126
SBER;5;20260113;154000;297.45;297.46;297.25;297.29;78026
SBER;5;20260113;154500;297.3;297.3;297.17;297.3;46123
SBER;5;20260113;155000;297.27;297.29;297.07;297.23;70102
SBER;5;20260113;155500;297.23;297.27;297.22;297.27;26260
SBER;5;20260113;160000;297.27;297.43;297.21;297.38;111953
SBER;5;20260113;160500;297.38;297.38;297.16;297.31;51263
SBER;5;20260113;161000;297.3;297.38;297.19;297.38;109475
SBER;5;20260113;161500;297.38;297.55;297.38;297.5;144248
SBER;5;20260113;162000;297.51;297.74;297.32;297.7;112277
SBER;5;20260113;162500;297.7;297.81;297.55;297.66;122896
SBER;5;20260113;163000;297.65;297.84;297.59;297.66;94210
SBER;5;20260113;163500;297.66;297.67;297.6;297.61;23286
SBER;5;20260113;164000;297.61;297.61;297.41;297.54;49581
SBER;5;20260113;164500;297.54;297.64;297.37;297.42;85499
SBER;5;20260113;165000;297.42;297.42;297.07;297.25;117563
SBER;5;20260113;165500;297.26;297.27;297.15;297.25;46074
SBER;5;20260113;170000;297.26;297.33;297.01;297.03;159529
SBER;5;20260113;170500;297.04;297.1;297.01;297.09;94245
SBER;5;20260113;171000;297.09;297.2;297.07;297.15;59187
SBER;5;20260113;171500;297.16;297.35;297.1;297.28;96540
SBER;5;20260113;172000;297.28;297.29;297.14;297.26;49421
SBER;5;20260113;172500;297.26;297.29;297.1;297.15;75544
SBER;5;20260113;173000;297.15;297.23;297.02;297.13;103103
SBER;5;20260113;173500;297.13;297.22;297.06;297.17;32799
SBER;5;20260113;174000;297.17;297.19;297.04;297.18;54235
SBER;5;20260113;174500;297.18;297.63;297.16;297.53;185903
SBER;5;20260113;175000;297.54;297.54;297.35;297.36;84628
SBER;5;20260113;175500;297.38;297.39;297.19;297.19;31169
SBER;5;20260113;180000;297.2;297.55;297.19;297.42;83087
SBER;5;20260113;180500;297.44;297.44;297.23;297.3;74323
SBER;5;20260113;181000;297.3;297.39;297.1;297.19;81107
SBER;5;20260113;181500;297.18;297.19;297;297.01;537970
SBER;5;20260113;182000;297.01;297.11;297;297.06;51339
SBER;5;20260113;182500;297.06;297.08;296.67;296.88;284475
SBER;5;20260113;183000;296.89;296.9;296.78;296.83;101618
SBER;5;20260113;183500;296.82;297.13;296.72;296.98;530928
SBER;5;20260113;184500;297.44;297.44;297.44;297.44;143994
SBER;5;20260113;190000;297.3;297.38;297.2;297.35;27481
SBER;5;20260113;190500;297.33;297.33;297.07;297.08;46625
SBER;5;20260113;191000;297.08;297.31;297.08;297.31;31823
SBER;5;20260113;191500;297.31;297.4;297.08;297.2;42484
SBER;5;20260113;192000;297.23;297.23;297.2;297.23;10676
SBER;5;20260113;192500;297.23;297.3;297.14;297.24;44723
SBER;5;20260113;193000;297.26;297.27;297.17;297.22;7057
SBER;5;20260113;193500;297.22;297.28;297.14;297.23;14901
SBER;5;20260113;194000;297.24;297.3;297.23;297.3;16227
SBER;5;20260113;194500;297.29;297.3;297.27;297.3;8997
SBER;5;20260113;195000;297.3;297.51;297.29;297.46;47521
SBER;5;20260113;195500;297.45;297.45;297.35;297.36;8642
SBER;5;20260113;200000;297.36;297.36;297.29;297.36;7406
SBER;5;20260113;200500;297.36;297.4;297.35;297.37;5568
SBER;5;20260113;201000;297.37;297.42;297.36;297.39;24304
SBER;5;20260113;201500;297.4;297.4;297.34;297.35;25178
SBER;5;20260113;202000;297.35;297.35;297.06;297.07;190383
SBER;5;20260113;202500;297.07;297.07;296.9;297.04;158815
SBER;5;20260113;203000;297.03;297.14;297.03;297.14;6199
SBER;5;20260113;203500;297.14;297.14;297.07;297.08;6902
SBER;5;20260113;204000;297.08;297.17;297.07;297.17;6355
SBER;5;20260113;204500;297.16;297.21;297.16;297.18;11445
SBER;5;20260113;205000;297.17;297.18;297.06;297.07;23192
SBER;5;20260113;205500;297.07;297.07;297.04;297.05;7213
SBER;5;20260113;210000;297.05;297.07;296.99;297.03;52727
SBER;5;20260113;210500;297.03;297.07;296.98;297.06;6143
SBER;5;20260113;211000;297.07;297.19;297.07;297.12;21185
SBER;5;20260113;211500;297.12;297.12;297.01;297.1;15271
SBER;5;20260113;212000;297.1;297.12;297.02;297.05;26443
SBER;5;20260113;212500;297.06;297.13;297.05;297.13;22361
SBER;5;20260113;213000;297.13;297.2;297.12;297.19;13682
SBER;5;20260113;213500;297.18;297.19;297.17;297.18;10624
SBER;5;20260113;214000;297.18;297.22;297.18;297.21;7926
SBER;5;20260113;214500;297.22;297.22;297.17;297.19;6177
SBER;5;20260113;215000;297.19;297.2;297.17;297.18;9462
SBER;5;20260113;215500;297.18;297.18;297.17;297.18;4192
SBER;5;20260113;220000;297.18;297.18;297.17;297.18;2635
SBER;5;20260113;220500;297.18;297.18;297.12;297.18;13487
SBER;5;20260113;221000;297.18;297.19;297.09;297.15;16960
SBER;5;20260113;221500;297.14;297.15;297.08;297.12;8362
SBER;5;20260113;222000;297.12;297.16;297.11;297.15;2355
SBER;5;20260113;222500;297.16;297.16;297.1;297.15;5113
SBER;5;20260113;223000;297.16;297.16;297.13;297.13;6695
SBER;5;20260113;223500;297.14;297.14;297.11;297.14;10060
SBER;5;20260113;224000;297.13;297.21;297.13;297.21;4067
SBER;5;20260113;224500;297.2;297.22;297.2;297.22;8753
SBER;5;20260113;225000;297.21;297.26;297.2;297.26;6583
SBER;5;20260113;225500;297.26;297.27;297.24;297.24;3220
SBER;5;20260113;230000;297.25;297.32;297.24;297.32;12124
SBER;5;20260113;230500;297.32;297.32;297.31;297.32;4457
SBER;5;20260113;231000;297.32;297.39;297.26;297.26;28222
SBER;5;20260113;231500;297.31;297.35;297.26;297.34;17806
SBER;5;20260113;232000;297.32;297.34;297.32;297.32;13020
SBER;5;20260113;232500;297.33;297.33;297.16;297.21;45628
SBER;5;20260113;233000;297.21;297.25;297.21;297.25;11183
SBER;5;20260113;233500;297.24;297.25;297.17;297.19;10886
SBER;5;20260113;234000;297.19;297.2;297.15;297.2;11760
SBER;5;20260113;234500;297.2;297.25;297.19;297.23;19420
SBER;5;20260114;070000;297.34;297.58;297.31;297.48;44877
SBER;5;20260114;070500;297.48;297.59;297.39;297.42;13864
SBER;5;20260114;071000;297.46;297.5;297.4;297.4;26955
SBER;5;20260114;071500;297.45;297.48;297.39;297.45;20817
SBER;5;20260114;072000;297.46;297.46;297.42;297.45;3992
SBER;5;20260114;072500;297.45;297.46;297.37;297.43;12850
SBER;5;20260114;073000;297.43;297.45;297.32;297.43;13864
SBER;5;20260114;073500;297.43;297.46;297.34;297.39;9992
SBER;5;20260114;074000;297.38;297.4;297.3;297.37;6250
SBER;5;20260114;074500;297.36;297.4;297.3;297.39;7983
SBER;5;20260114;075000;297.38;297.42;297.35;297.39;2422
SBER;5;20260114;075500;297.39;297.42;297.24;297.29;21151
SBER;5;20260114;080000;297.29;297.29;296.85;297.17;119570
SBER;5;20260114;080500;297.13;297.18;297.02;297.08;4881
SBER;5;20260114;081000;297.08;297.2;297.07;297.17;4663
SBER;5;20260114;081500;297.2;297.25;297.08;297.19;13683
SBER;5;20260114;082000;297.2;297.27;297.19;297.2;7749
SBER;5;20260114;082500;297.23;297.23;297.02;297.03;13259
SBER;5;20260114;083000;297.08;297.11;296.85;296.9;47913
SBER;5;20260114;083500;296.91;296.98;296.75;296.8;36251
SBER;5;20260114;084000;296.79;296.87;296.75;296.8;27504
SBER;5;20260114;084500;296.8;296.8;296.5;296.68;156374
SBER;5;20260114;085000;296.71;296.79;296.61;296.79;39565
SBER;5;20260114;085500;296.79;296.93;296.63;296.81;25592
SBER;5;20260114;090000;296.8;297.3;296.8;297.13;87479
SBER;5;20260114;090500;297.12;297.14;296.96;296.97;53553
SBER;5;20260114;091000;296.97;296.97;296.55;296.75;87132
SBER;5;20260114;091500;296.75;296.92;296.68;296.91;34764
SBER;5;20260114;092000;296.91;296.96;296.82;296.9;40694
SBER;5;20260114;092500;296.9;296.9;296.83;296.84;17341
SBER;5;20260114;093000;296.83;296.85;296.77;296.79;18336
SBER;5;20260114;093500;296.8;296.86;296.68;296.86;38206
SBER;5;20260114;094000;296.86;296.96;296.75;296.86;72975
SBER;5;20260114;094500;296.86;296.91;296.79;296.87;29401
SBER;5;20260114;095000;296.86;296.86;296.55;296.64;73326
SBER;5;20260114;095500;296.64;296.81;296.52;296.79;74140
SBER;5;20260114;100000;296.79;296.81;296.68;296.8;41963
SBER;5;20260114;100500;296.8;296.84;296.1;296.15;451421
SBER;5;20260114;101000;296.15;296.41;296.1;296.33;295535
SBER;5;20260114;101500;296.34;296.5;296.22;296.5;105191
SBER;5;20260114;102000;296.49;296.7;296.02;296.22;450690
SBER;5;20260114;102500;296.22;296.3;296.1;296.26;124660
SBER;5;20260114;103000;296.26;296.48;296.23;296.39;115694
SBER;5;20260114;103500;296.37;296.4;296.3;296.37;56137
SBER;5;20260114;104000;296.37;296.5;296.29;296.5;338429
SBER;5;20260114;104500;296.49;296.68;296.4;296.59;155898
SBER;5;20260114;105000;296.59;296.76;296.55;296.67;58885
SBER;5;20260114;105500;296.66;296.77;296.66;296.75;65233
SBER;5;20260114;110000;296.75;296.78;296.68;296.77;44400
SBER;5;20260114;110500;296.77;297.04;296.67;296.91;203919
SBER;5;20260114;111000;296.9;297.39;296.88;297.16;336731
SBER;5;20260114;111500;297.16;297.38;297.13;297.28;76179
SBER;5;20260114;112000;297.28;297.33;297.26;297.29;36488
SBER;5;20260114;112500;297.29;297.4;297.26;297.34;101909
SBER;5;20260114;113000;297.34;299.68;297.34;299.37;1997015
SBER;5;20260114;113500;299.34;299.78;298.82;298.98;1140081
SBER;5;20260114;114000;298.99;299.21;298.65;298.66;342183
SBER;5;20260114;114500;298.65;298.75;298.58;298.7;265171
SBER;5;20260114;115000;298.74;299;298.7;298.94;200284
SBER;5;20260114;115500;298.95;299.15;298.89;299.12;208770
SBER;5;20260114;120000;299.12;299.69;299.12;299.2;332558
SBER;5;20260114;120500;299.2;299.3;299.09;299.09;119764
SBER;5;20260114;121000;299.1;299.2;298.9;298.92;201375
SBER;5;20260114;121500;298.92;299.1;298.77;298.84;117693
SBER;5;20260114;122000;298.83;299.19;298.83;299;151244
SBER;5;20260114;122500;298.99;299.5;298.99;299.4;184108
SBER;5;20260114;123000;299.4;299.56;299.2;299.28;183060
SBER;5;20260114;123500;299.28;299.42;299.25;299.42;29305
SBER;5;20260114;124000;299.41;299.47;299.31;299.42;65585
SBER;5;20260114;124500;299.44;299.52;299.43;299.51;43967
SBER;5;20260114;125000;299.51;299.51;299.21;299.27;109651
SBER;5;20260114;125500;299.27;299.3;299.2;299.28;84413
SBER;5;20260114;130000;299.29;299.47;299.15;299.42;75571
SBER;5;20260114;130500;299.42;299.6;299.38;299.59;153739
SBER;5;20260114;131000;299.6;299.7;299.51;299.57;255725
SBER;5;20260114;131500;299.57;299.57;299.21;299.22;107673
SBER;5;20260114;132000;299.22;299.39;298.95;298.98;143092
SBER;5;20260114;132500;298.96;299.11;298.91;298.99;120307
SBER;5;20260114;133000;298.99;299.11;298.86;298.92;147728
SBER;5;20260114;133500;298.92;299.09;298.9;298.91;52996
SBER;5;20260114;134000;298.91;298.97;298.84;298.89;97426
SBER;5;20260114;134500;298.88;298.96;298.85;298.94;33930
SBER;5;20260114;135000;298.94;299;298.5;298.62;142894
SBER;5;20260114;135500;298.61;299;298.61;298.79;131468
SBER;5;20260114;140000;298.8;299;298.78;298.99;56924
SBER;5;20260114;140500;298.98;299.29;298.97;299.1;77376
SBER;5;20260114;141000;299.11;299.23;299.1;299.1;36630
SBER;5;20260114;141500;299.1;299.11;298.81;298.97;75834
SBER;5;20260114;142000;298.96;299.02;298.88;298.96;14596
SBER;5;20260114;142500;298.96;299.06;298.91;299.04;33933
SBER;5;20260114;143000;299.05;299.06;298.9;298.9;18056
SBER;5;20260114;143500;298.89;299.1;298.85;299.04;31353
SBER;5;20260114;144000;299.04;299.05;298.85;299.02;37027
SBER;5;20260114;144500;299.02;299.06;299.01;299.06;9995
SBER;5;20260114;145000;299.06;299.19;299.04;299.18;22001
SBER;5;20260114;145500;299.18;299.19;299.1;299.1;13612
SBER;5;20260114;150000;299.1;299.15;299.07;299.12;22703
SBER;5;20260114;150500;299.13;299.2;299.11;299.2;134579
SBER;5;20260114;151000;299.2;299.24;299.18;299.19;95603
SBER;5;20260114;151500;299.19;299.19;298.9;299;50538
SBER;5;20260114;152000;299;299.1;298.9;298.92;40953
SBER;5;20260114;152500;298.92;298.99;298.86;298.98;11228
SBER;5;20260114;153000;298.98;299.15;298.96;299.12;29475
SBER;5;20260114;153500;299.12;299.12;298.79;298.96;53642
SBER;5;20260114;154000;298.96;299.05;298.95;299.04;20287
SBER;5;20260114;154500;299.03;299.04;298.82;298.87;27049
SBER;5;20260114;155000;298.87;298.92;298.8;298.92;22749
SBER;5;20260114;155500;298.92;299.09;298.92;299.03;14435
SBER;5;20260114;160000;299.03;299.1;298.96;298.99;10976
SBER;5;20260114;160500;299;299.09;298.8;298.81;60798
SBER;5;20260114;161000;298.8;298.97;298.8;298.83;38956
SBER;5;20260114;161500;298.84;298.85;298.5;298.51;86118
SBER;5;20260114;162000;298.5;298.74;298.3;298.7;160315
SBER;5;20260114;162500;298.68;298.76;298.54;298.75;122378
SBER;5;20260114;163000;298.75;298.84;298.75;298.8;28523
SBER;5;20260114;163500;298.81;298.94;298.81;298.91;22169
SBER;5;20260114;164000;298.9;299;298.9;298.97;21680
SBER;5;20260114;164500;298.96;299.05;298.92;298.96;189624
SBER;5;20260114;165000;298.97;299.19;298.94;299.09;85733
SBER;5;20260114;165500;299.08;299.2;299.01;299.02;36155
SBER;5;20260114;170000;299.02;299.31;299.02;299.26;95047
SBER;5;20260114;170500;299.27;299.6;299.27;299.53;580486
SBER;5;20260114;171000;299.53;299.6;299.32;299.47;119095
SBER;5;20260114;171500;299.47;299.5;299.13;299.26;103783
SBER;5;20260114;172000;299.26;299.47;299.24;299.43;61867
SBER;5;20260114;172500;299.4;299.45;299.37;299.45;49045
SBER;5;20260114;173000;299.45;299.59;299.44;299.51;186106
SBER;5;20260114;173500;299.51;299.54;299.41;299.41;130262
SBER;5;20260114;174000;299.45;299.54;299.23;299.44;105740
SBER;5;20260114;174500;299.42;299.49;299.28;299.28;96426
SBER;5;20260114;175000;299.25;299.5;299;299.5;210073
SBER;5;20260114;175500;299.5;299.55;299.23;299.28;110359
SBER;5;20260114;180000;299.29;299.35;299.25;299.29;28247
SBER;5;20260114;180500;299.28;299.31;299.26;299.26;29293
SBER;5;20260114;181000;299.26;299.27;299.12;299.26;28329
SBER;5;20260114;181500;299.24;299.3;299.19;299.27;27063
SBER;5;20260114;182000;299.27;299.53;299.26;299.46;149070
SBER;5;20260114;182500;299.48;299.53;299.42;299.48;177214
SBER;5;20260114;183000;299.47;299.55;299.42;299.45;57784
SBER;5;20260114;183500;299.43;299.54;299.43;299.44;228266
SBER;5;20260114;184500;299.42;299.42;299.42;299.42;43205
SBER;5;20260114;190000;299.41;299.41;298.3;298.5;303799
SBER;5;20260114;190500;298.5;299.05;298.48;298.79;197206
SBER;5;20260114;191000;298.81;298.87;298.72;298.79;35336
SBER;5;20260114;191500;298.8;298.92;298.53;298.62;61887
SBER;5;20260114;192000;298.65;298.77;298.45;298.65;157522
SBER;5;20260114;192500;298.65;298.83;298.63;298.81;48252
SBER;5;20260114;193000;298.81;298.98;298.76;298.94;75488
SBER;5;20260114;193500;298.93;298.94;298.9;298.9;44840
SBER;5;20260114;194000;298.91;298.91;298.67;298.71;19720
SBER;5;20260114;194500;298.72;298.81;298.71;298.78;5272
SBER;5;20260114;195000;298.78;298.94;298.73;298.88;59373
SBER;5;20260114;195500;298.83;298.88;298.75;298.76;7479
SBER;5;20260114;200000;298.76;298.76;298.72;298.74;19616
SBER;5;20260114;200500;298.74;298.87;298.7;298.76;26059
SBER;5;20260114;201000;298.8;298.87;298.67;298.72;19847
SBER;5;20260114;201500;298.72;298.72;298.64;298.65;14245
SBER;5;20260114;202000;298.65;298.73;298.57;298.62;60308
SBER;5;20260114;202500;298.63;298.74;298.41;298.49;64741
SBER;5;20260114;203000;298.48;298.51;298;298.2;298682
SBER;5;20260114;203500;298.2;298.36;298.2;298.36;14207
SBER;5;20260114;204000;298.36;298.41;298.35;298.37;5421
SBER;5;20260114;204500;298.38;298.57;298.26;298.52;36016
SBER;5;20260114;205000;298.54;298.64;298.47;298.63;50582
SBER;5;20260114;205500;298.63;298.63;298.51;298.6;19747
SBER;5;20260114;210000;298.61;298.61;298.58;298.58;2954
SBER;5;20260114;210500;298.59;298.59;298.53;298.56;12410
SBER;5;20260114;211000;298.56;298.68;298.54;298.59;35245
SBER;5;20260114;211500;298.59;298.65;298.53;298.6;15210
SBER;5;20260114;212000;298.58;298.63;298.58;298.62;4144
SBER;5;20260114;212500;298.62;298.64;298.53;298.6;33429
SBER;5;20260114;213000;298.59;298.6;298.52;298.59;42323
SBER;5;20260114;213500;298.59;298.59;298.54;298.54;18732
SBER;5;20260114;214000;298.55;298.57;298.53;298.55;23572
SBER;5;20260114;214500;298.56;298.58;298.55;298.57;3701
SBER;5;20260114;215000;298.57;298.61;298.56;298.61;18305
SBER;5;20260114;215500;298.61;298.95;298.6;298.94;27236
SBER;5;20260114;220000;298.95;298.95;298.74;298.76;9350
SBER;5;20260114;220500;298.77;298.8;298.76;298.8;7615
SBER;5;20260114;221000;298.8;298.81;298.68;298.69;24442
SBER;5;20260114;221500;298.69;298.8;298.67;298.77;3917
SBER;5;20260114;222000;298.79;298.82;298.77;298.78;4555
SBER;5;20260114;222500;298.78;298.8;298.76;298.8;1559
SBER;5;20260114;223000;298.8;298.8;298.79;298.8;1739
SBER;5;20260114;223500;298.8;298.8;298.79;298.8;2760
SBER;5;20260114;224000;298.8;298.87;298.79;298.87;6786
SBER;5;20260114;224500;298.87;298.92;298.85;298.87;35211
SBER;5;20260114;225000;298.87;298.92;298.8;298.89;25512
SBER;5;20260114;225500;298.89;298.93;298.87;298.93;12677
SBER;5;20260114;230000;298.93;298.94;298.82;298.83;24582
SBER;5;20260114;230500;298.83;298.86;298.8;298.81;22398
SBER;5;20260114;231000;298.81;298.81;298.36;298.56;45365
SBER;5;20260114;231500;298.53;298.56;298.43;298.51;5074
SBER;5;20260114;232000;298.54;298.56;298.48;298.56;20033
SBER;5;20260114;232500;298.56;298.56;298.54;298.56;17287
SBER;5;20260114;233000;298.56;298.56;298.41;298.53;46901
SBER;5;20260114;233500;298.53;298.58;298.42;298.44;19197
SBER;5;20260114;234000;298.44;298.51;298.42;298.49;44920
SBER;5;20260114;234500;298.49;298.58;298.45;298.58;30290
SBER;5;20260115;070000;298.4;298.92;298.25;298.69;45867
SBER;5;20260115;070500;298.67;299.16;298.66;299.05;95306
SBER;5;20260115;071000;299.05;299.27;298.97;299.2;27489
SBER;5;20260115;071500;299.2;299.55;299.09;299.44;126173
SBER;5;20260115;072000;299.44;299.53;299.35;299.38;47886
SBER;5;20260115;072500;299.35;299.43;299.3;299.33;28695
SBER;5;20260115;073000;299.33;299.38;299.12;299.21;40512
SBER;5;20260115;073500;299.21;299.27;299.12;299.21;12912
SBER;5;20260115;074000;299.22;299.38;299.21;299.38;7902
SBER;5;20260115;074500;299.38;299.4;299.31;299.4;3222
SBER;5;20260115;075000;299.4;299.42;299.39;299.41;17034
SBER;5;20260115;075500;299.41;299.47;299.4;299.46;21765
SBER;5;20260115;080000;299.47;299.49;299.25;299.29;30286
SBER;5;20260115;080500;299.3;299.39;299.24;299.24;6206
SBER;5;20260115;081000;299.25;299.29;299.16;299.17;11663
SBER;5;20260115;081500;299.17;299.39;299.16;299.39;18076
SBER;5;20260115;082000;299.38;299.45;299.33;299.34;4773
SBER;5;20260115;082500;299.34;299.49;299.33;299.48;20012
SBER;5;20260115;083000;299.46;299.48;299.36;299.36;8886
SBER;5;20260115;083500;299.42;299.44;299.11;299.26;42314
SBER;5;20260115;084000;299.26;299.3;299.24;299.3;13171
SBER;5;20260115;084500;299.3;299.5;299.27;299.47;24230
SBER;5;20260115;085000;299.47;299.8;299.29;299.8;158233
SBER;5;20260115;085500;299.8;299.8;299.58;299.69;27496
SBER;5;20260115;090000;299.61;299.61;299;299.12;101464
SBER;5;20260115;090500;299.12;299.29;298.91;298.99;132649
SBER;5;20260115;091000;299;299.26;298.94;299.21;20423
SBER;5;20260115;091500;299.23;299.5;299.16;299.32;64251
SBER;5;20260115;092000;299.29;299.34;299.17;299.28;17840
SBER;5;20260115;092500;299.28;299.3;299.13;299.15;25845
SBER;5;20260115;093000;299.15;299.2;299.03;299.06;30838
SBER;5;20260115;093500;299.05;299.18;298.99;299.03;24114
SBER;5;20260115;094000;298.99;299.04;298.82;298.96;70511
SBER;5;20260115;094500;298.96;298.96;298.74;298.86;57090
SBER;5;20260115;095000;298.82;299.08;298.82;299.08;28465
SBER;5;20260115;095500;299.08;299.12;298.81;298.89;31516
SBER;5;20260115;100000;298.8;298.88;298.5;298.52;77906
SBER;5;20260115;100500;298.51;298.71;298.41;298.41;69472
SBER;5;20260115;101000;298.43;298.73;298.38;298.73;226703
SBER;5;20260115;101500;298.73;298.76;298.41;298.45;97534
SBER;5;20260115;102000;298.42;298.88;298.35;298.51;161818
SBER;5;20260115;102500;298.54;298.56;298.36;298.48;51443
SBER;5;20260115;103000;298.48;298.5;298.14;298.2;116116
SBER;5;20260115;103500;298.2;298.28;298.05;298.22;102314
SBER;5;20260115;104000;298.22;298.45;298.15;298.44;103664
SBER;5;20260115;104500;298.45;298.45;298.25;298.28;29373
SBER;5;20260115;105000;298.29;298.29;297.72;297.82;160856
SBER;5;20260115;105500;297.85;297.96;297.5;297.53;281132
SBER;5;20260115;110000;297.52;297.7;297.4;297.7;503457
SBER;5;20260115;110500;297.7;298.09;297.69;298.07;150409
SBER;5;20260115;111000;298.07;298.24;297.94;298.05;187814
SBER;5;20260115;111500;298.05;298.21;298.03;298.21;19333
SBER;5;20260115;112000;298.21;298.25;297.98;297.99;76244
SBER;5;20260115;112500;297.99;298.1;297.9;297.91;53823
SBER;5;20260115;113000;297.92;297.92;297.83;297.91;45784
SBER;5;20260115;113500;297.9;298.01;297.8;297.86;77963
SBER;5;20260115;114000;297.86;298.03;297.74;298.02;67049
SBER;5;20260115;114500;298.02;298.09;297.92;298.08;30756
SBER;5;20260115;115000;298.05;298.09;297.91;297.91;33640
SBER;5;20260115;115500;297.91;297.93;297.81;297.86;42173
SBER;5;20260115;120000;297.86;297.86;297.61;297.66;93422
SBER;5;20260115;120500;297.67;297.85;297.55;297.85;130987
SBER;5;20260115;121000;297.84;297.85;297.79;297.84;58637
SBER;5;20260115;121500;297.85;297.85;297.63;297.76;66912
SBER;5;20260115;122000;297.77;297.92;297.69;297.92;34366
SBER;5;20260115;122500;297.92;298.09;297.84;297.9;56800
SBER;5;20260115;123000;297.89;297.89;297.81;297.87;39350
SBER;5;20260115;123500;297.88;297.93;297.81;297.86;80159
SBER;5;20260115;124000;297.86;297.9;297.65;297.66;70567
SBER;5;20260115;124500;297.66;297.77;297.64;297.68;65210
SBER;5;20260115;125000;297.68;297.86;297.66;297.78;54879
SBER;5;20260115;125500;297.79;297.79;297.42;297.44;151856
SBER;5;20260115;130000;297.43;299;297.4;298.45;739667
SBER;5;20260115;130500;298.45;298.55;298.12;298.34;168416
SBER;5;20260115;131000;298.35;298.5;298.07;298.48;91887
SBER;5;20260115;131500;298.47;298.5;297.84;297.97;113901
SBER;5;20260115;132000;297.97;298.14;297.51;297.75;193524
SBER;5;20260115;132500;297.75;298.04;297.74;298.01;85429
SBER;5;20260115;133000;298.01;298.14;297.76;297.87;37348
SBER;5;20260115;133500;297.87;298.01;297.72;298.01;46016
SBER;5;20260115;134000;298.01;298.01;297.85;297.9;27341
SBER;5;20260115;134500;297.9;298.1;297.89;298.06;10659
SBER;5;20260115;135000;298.06;298.29;298.04;298.21;36157
SBER;5;20260115;135500;298.22;298.24;297.78;297.78;60434
SBER;5;20260115;140000;297.78;298;297.77;297.99;21147
SBER;5;20260115;140500;297.98;298.1;297.91;298.03;61589
SBER;5;20260115;141000;298.03;298.39;298.02;298.34;183406
SBER;5;20260115;141500;298.34;298.55;298.34;298.47;119979
SBER;5;20260115;142000;298.47;298.55;298.42;298.43;80222
SBER;5;20260115;142500;298.43;298.55;298.31;298.54;39908
SBER;5;20260115;143000;298.54;298.88;298.54;298.8;190347
SBER;5;20260115;143500;298.79;298.83;298.68;298.72;70997
SBER;5;20260115;144000;298.72;298.79;298.56;298.68;39278
SBER;5;20260115;144500;298.68;298.8;298.67;298.68;33121
SBER;5;20260115;145000;298.67;298.8;298.67;298.76;13430
SBER;5;20260115;145500;298.76;298.76;298.64;298.73;44493
SBER;5;20260115;150000;298.72;298.87;298.72;298.73;44592
SBER;5;20260115;150500;298.72;298.78;298.67;298.78;36580
SBER;5;20260115;151000;298.78;298.86;298.75;298.78;34605
SBER;5;20260115;151500;298.8;298.84;298.7;298.78;24765
SBER;5;20260115;152000;298.78;298.84;298.74;298.82;22093
SBER;5;20260115;152500;298.81;298.82;298.64;298.68;20013
SBER;5;20260115;153000;298.67;298.68;298.44;298.45;42951
SBER;5;20260115;153500;298.45;298.58;298.44;298.5;8384
SBER;5;20260115;154000;298.51;298.67;298.5;298.56;22110
SBER;5;20260115;154500;298.55;298.56;298.27;298.39;63582
SBER;5;20260115;155000;298.39;298.48;298.37;298.42;22954
SBER;5;20260115;155500;298.41;298.55;298.28;298.46;53347
SBER;5;20260115;160000;298.45;298.5;298.41;298.44;7789
SBER;5;20260115;160500;298.44;298.44;298.2;298.26;31188
SBER;5;20260115;161000;298.26;298.26;298.17;298.25;45334
SBER;5;20260115;161500;298.22;298.26;298.22;298.25;20499
SBER;5;20260115;162000;298.24;298.39;298.23;298.36;28479
SBER;5;20260115;162500;298.35;298.45;298.3;298.39;17662
SBER;5;20260115;163000;298.39;298.45;298.26;298.37;30965
SBER;5;20260115;163500;298.36;298.5;298.35;298.5;11978
SBER;5;20260115;164000;298.5;298.56;298.44;298.56;42825
SBER;5;20260115;164500;298.55;298.8;298.05;298.34;184711
SBER;5;20260115;165000;298.34;298.79;298.34;298.69;52876
SBER;5;20260115;165500;298.65;298.71;298.57;298.69;57071
SBER;5;20260115;170000;298.69;299.3;298.69;299.03;270997
SBER;5;20260115;170500;299.03;299.04;298.49;298.54;168842
SBER;5;20260115;171000;298.54;298.57;298.35;298.45;116881
SBER;5;20260115;171500;298.45;298.52;298.2;298.3;123845
SBER;5;20260115;172000;298.29;298.45;298.21;298.28;86046
SBER;5;20260115;172500;298.29;298.39;298.29;298.35;86354
SBER;5;20260115;173000;298.35;298.37;298.07;298.11;49654
SBER;5;20260115;173500;298.09;298.25;298.01;298.23;23947
SBER;5;20260115;174000;298.23;298.3;298.18;298.24;20943
SBER;5;20260115;174500;298.24;298.34;298.06;298.14;30321
SBER;5;20260115;175000;298.14;298.28;298.06;298.23;20275
SBER;5;20260115;175500;298.22;298.22;298;298.15;68792
SBER;5;20260115;180000;298.15;298.42;298.1;298.27;56180
SBER;5;20260115;180500;298.27;298.41;298.25;298.29;54655
SBER;5;20260115;181000;298.29;298.33;298.05;298.11;54831
SBER;5;20260115;181500;298.1;298.1;297.66;297.66;324156
SBER;5;20260115;182000;297.7;297.77;297.5;297.5;270929
SBER;5;20260115;182500;297.52;297.69;297.5;297.63;145785
SBER;5;20260115;183000;297.62;298.33;297.61;298.04;205087
SBER;5;20260115;183500;298.03;298.04;297.7;297.78;43343
SBER;5;20260115;184500;298;298;298;298;39267
SBER;5;20260115;190000;298.01;298.05;297.78;297.8;25085
SBER;5;20260115;190500;297.8;297.8;297.57;297.6;125874
SBER;5;20260115;191000;297.6;297.85;297.59;297.83;39426
SBER;5;20260115;191500;297.82;297.83;297.77;297.83;7826
SBER;5;20260115;192000;297.83;298.01;297.83;298.01;22232
SBER;5;20260115;192500;298;298.25;298;298.15;68932
SBER;5;20260115;193000;298.15;298.19;298.07;298.11;22057
SBER;5;20260115;193500;298.11;298.23;298.07;298.11;11455
SBER;5;20260115;194000;298.11;298.8;298.11;298.47;281540
SBER;5;20260115;194500;298.47;298.52;298.3;298.35;31980
SBER;5;20260115;195000;298.39;298.43;298.27;298.37;20919
SBER;5;20260115;195500;298.37;298.37;298.26;298.3;6240
SBER;5;20260115;200000;298.29;298.49;298.29;298.45;22866
SBER;5;20260115;200500;298.47;298.64;298.43;298.59;45425
SBER;5;20260115;201000;298.59;298.61;298.45;298.56;41571
SBER;5;20260115;201500;298.57;298.62;298.52;298.53;30996
SBER;5;20260115;202000;298.53;298.6;298.49;298.51;19814
SBER;5;20260115;202500;298.5;298.54;298.47;298.49;33347
SBER;5;20260115;203000;298.48;298.5;298.34;298.45;15625
SBER;5;20260115;203500;298.45;298.6;298.45;298.58;15792
SBER;5;20260115;204000;298.58;298.6;298.49;298.53;15099
SBER;5;20260115;204500;298.53;298.57;298.4;298.46;8922
SBER;5;20260115;205000;298.46;298.46;298.45;298.45;7750
SBER;5;20260115;205500;298.45;298.53;298.4;298.41;5658
SBER;5;20260115;210000;298.42;298.48;298.4;298.48;8314
SBER;5;20260115;210500;298.48;298.53;298.45;298.5;12538
SBER;5;20260115;211000;298.5;298.5;298.48;298.49;8532
SBER;5;20260115;211500;298.5;298.5;298.34;298.38;31785
SBER;5;20260115;212000;298.37;298.41;298.28;298.29;15179
SBER;5;20260115;212500;298.3;298.45;298.29;298.45;16893
SBER;5;20260115;213000;298.45;298.5;298.42;298.49;16337
SBER;5;20260115;213500;298.49;298.49;298.48;298.49;7172
SBER;5;20260115;214000;298.49;298.51;298.46;298.5;8066
SBER;5;20260115;214500;298.51;298.51;298.49;298.5;6793
SBER;5;20260115;215000;298.5;298.5;298.4;298.43;11952
SBER;5;20260115;215500;298.43;298.43;298.35;298.39;6072
SBER;5;20260115;220000;298.39;299;298.38;299;110079
SBER;5;20260115;220500;299;299.14;298.7;298.8;150939
SBER;5;20260115;221000;298.8;298.92;298.72;298.78;15247
SBER;5;20260115;221500;298.74;298.79;298.69;298.76;4702
SBER;5;20260115;222000;298.77;298.77;298.7;298.71;19814
SBER;5;20260115;222500;298.72;298.76;298.66;298.69;23733
SBER;5;20260115;223000;298.68;298.79;298.67;298.77;10304
SBER;5;20260115;223500;298.8;299.12;298.75;299.01;163761
SBER;5;20260115;224000;299.01;299.21;299.01;299.19;165714
SBER;5;20260115;224500;299.18;299.2;299.15;299.2;58131
SBER;5;20260115;225000;299.19;299.3;299.17;299.26;90380
SBER;5;20260115;225500;299.26;299.3;299.22;299.25;24686
SBER;5;20260115;230000;299.25;299.37;299.2;299.26;46581
SBER;5;20260115;230500;299.26;299.27;299.18;299.19;34546
SBER;5;20260115;231000;299.2;299.2;299.19;299.2;14890
SBER;5;20260115;231500;299.2;299.2;299.16;299.16;155666
SBER;5;20260115;232000;299.16;299.16;298.92;298.99;50927
SBER;5;20260115;232500;298.98;299.09;298.98;299.05;20174
SBER;5;20260115;233000;299.06;299.11;298.94;299.08;27546
SBER;5;20260115;233500;299.05;299.1;299.02;299.1;36996
SBER;5;20260115;234000;299.06;299.11;298.96;298.99;64782
SBER;5;20260115;234500;298.99;299.19;298.94;299.16;59962
SBER;5;20260116;070000;299.42;299.5;299.17;299.45;84303
SBER;5;20260116;070500;299.45;299.45;299.31;299.39;32039
SBER;5;20260116;071000;299.39;299.47;299.29;299.32;33537
SBER;5;20260116;071500;299.34;299.39;299.12;299.32;77952
SBER;5;20260116;072000;299.31;299.33;299.16;299.25;3803
SBER;5;20260116;072500;299.25;299.25;299.14;299.17;5825
SBER;5;20260116;073000;299.15;299.15;298.9;299.1;48101
SBER;5;20260116;073500;299.09;299.11;299.06;299.09;3260
SBER;5;20260116;074000;299.08;299.18;299.05;299.18;15062
SBER;5;20260116;074500;299.16;299.18;299.09;299.16;11836
SBER;5;20260116;075000;299.14;299.28;299.14;299.28;23813
SBER;5;20260116;075500;299.28;299.28;299.15;299.27;56988
SBER;5;20260116;080000;299.26;299.28;299.17;299.25;23335
SBER;5;20260116;080500;299.2;299.28;299.2;299.27;5681
SBER;5;20260116;081000;299.24;299.29;299.24;299.27;9527
SBER;5;20260116;081500;299.27;299.27;299.17;299.25;12212
SBER;5;20260116;082000;299.24;299.25;299.15;299.23;17395
SBER;5;20260116;082500;299.21;299.29;299.21;299.29;28391
SBER;5;20260116;083000;299.29;299.29;299.26;299.28;3490
SBER;5;20260116;083500;299.28;299.28;299.15;299.18;6020
SBER;5;20260116;084000;299.17;299.28;299.12;299.19;33557
SBER;5;20260116;084500;299.19;299.23;299.11;299.18;10418
SBER;5;20260116;085000;299.14;299.21;299.1;299.15;4024
SBER;5;20260116;085500;299.15;299.16;299.09;299.1;7246
SBER;5;20260116;090000;299.15;299.2;298.91;299;233118
SBER;5;20260116;090500;299;299.09;298.9;299.02;99580
SBER;5;20260116;091000;299.02;299.12;299.02;299.1;10724
SBER;5;20260116;091500;299.09;299.11;298.91;298.92;12886
SBER;5;20260116;092000;298.91;299.01;298.91;298.99;25418
SBER;5;20260116;092500;298.99;298.99;298.95;298.97;9181
SBER;5;20260116;093000;298.98;299;298.97;298.99;12051
SBER;5;20260116;093500;298.99;299;298.93;298.98;21774
SBER;5;20260116;094000;298.98;299.3;298.96;299.26;352327
SBER;5;20260116;094500;299.26;299.28;299;299.17;282426
SBER;5;20260116;095000;299.17;299.25;299.13;299.21;9160
SBER;5;20260116;095500;299.18;299.24;299.07;299.1;27932
SBER;5;20260116;100000;299.1;299.4;299.09;299.36;68928
SBER;5;20260116;100500;299.35;299.47;299.32;299.33;65033
SBER;5;20260116;101000;299.32;299.35;299.15;299.29;77957
SBER;5;20260116;101500;299.29;299.48;299.25;299.4;69335
SBER;5;20260116;102000;299.4;299.47;299.09;299.25;102857
SBER;5;20260116;102500;299.25;299.29;299.07;299.24;79402
SBER;5;20260116;103000;299.25;299.51;299.19;299.32;590940
SBER;5;20260116;103500;299.31;299.53;299.28;299.32;98148
SBER;5;20260116;104000;299.31;299.7;299.29;299.64;199550
SBER;5;20260116;104500;299.63;299.7;299.46;299.53;240139
SBER;5;20260116;105000;299.55;299.64;299.3;299.3;393761
SBER;5;20260116;105500;299.3;299.78;299.29;299.76;144840
SBER;5;20260116;110000;299.74;300;299.73;299.86;549236
SBER;5;20260116;110500;299.86;300.2;299.85;300.02;523940
SBER;5;20260116;111000;300.01;300.05;299.73;299.84;128704
SBER;5;20260116;111500;299.84;299.95;299.66;299.89;239187
SBER;5;20260116;112000;299.9;300.99;299.89;300.7;1400110
SBER;5;20260116;112500;300.7;300.8;300.44;300.48;381865
SBER;5;20260116;113000;300.48;300.75;300.47;300.54;213792
SBER;5;20260116;113500;300.52;300.82;300.24;300.39;288974
SBER;5;20260116;114000;300.39;300.52;300.22;300.29;220410
SBER;5;20260116;114500;300.26;300.42;300.21;300.32;113684
SBER;5;20260116;115000;300.32;300.58;300.14;300.26;308229
SBER;5;20260116;115500;300.27;300.42;300.12;300.39;159598
SBER;5;20260116;120000;300.39;300.65;300.37;300.6;166274
SBER;5;20260116;120500;300.6;300.69;300.5;300.6;153887
SBER;5;20260116;121000;300.6;300.8;300.54;300.56;247474
SBER;5;20260116;121500;300.56;300.8;300.56;300.76;181119
SBER;5;20260116;122000;300.77;300.8;300.74;300.75;97350
SBER;5;20260116;122500;300.76;300.76;300.62;300.63;69297
SBER;5;20260116;123000;300.64;300.7;300.63;300.65;13085
SBER;5;20260116;123500;300.67;300.68;300.64;300.66;18016
SBER;5;20260116;124000;300.66;300.66;300.56;300.61;36641
SBER;5;20260116;124500;300.62;300.8;300.62;300.79;154724
SBER;5;20260116;125000;300.79;300.8;300.72;300.73;79752
SBER;5;20260116;125500;300.73;300.8;300.58;300.77;129645
SBER;5;20260116;130000;300.75;300.8;300.65;300.66;237686
SBER;5;20260116;130500;300.66;300.77;300.65;300.76;77317
SBER;5;20260116;131000;300.77;300.8;300.71;300.8;176122
SBER;5;20260116;131500;300.77;300.8;300.52;300.58;80816
SBER;5;20260116;132000;300.53;300.8;300.53;300.58;90996
SBER;5;20260116;132500;300.6;300.66;300.52;300.62;37448
SBER;5;20260116;133000;300.63;300.7;300.53;300.58;54481
SBER;5;20260116;133500;300.58;300.61;300.42;300.46;56343
SBER;5;20260116;134000;300.46;300.46;300.23;300.35;146309
SBER;5;20260116;134500;300.35;300.4;300.34;300.4;71634
SBER;5;20260116;135000;300.4;300.4;300.16;300.2;187042
SBER;5;20260116;135500;300.2;300.49;300.2;300.37;62614
SBER;5;20260116;140000;300.37;300.37;300.1;300.12;54931
SBER;5;20260116;140500;300.12;300.49;300.12;300.47;65444
SBER;5;20260116;141000;300.48;300.5;300.27;300.29;62189
SBER;5;20260116;141500;300.34;300.55;300.22;300.53;75481
SBER;5;20260116;142000;300.54;300.54;300.36;300.36;11998
SBER;5;20260116;142500;300.36;300.36;300.27;300.27;34768
SBER;5;20260116;143000;300.28;300.38;300.25;300.38;52658
SBER;5;20260116;143500;300.35;300.41;300.1;300.25;174103
SBER;5;20260116;144000;300.24;300.27;300.2;300.21;11579
SBER;5;20260116;144500;300.21;300.21;300.03;300.09;43873
SBER;5;20260116;145000;300.09;300.31;300.05;300.18;48772
SBER;5;20260116;145500;300.19;300.5;300.18;300.5;90240
SBER;5;20260116;150000;300.5;300.5;300.4;300.41;14277
SBER;5;20260116;150500;300.41;300.41;300.24;300.25;38862
SBER;5;20260116;151000;300.25;300.34;300.2;300.34;60284
SBER;5;20260116;151500;300.36;300.36;300.11;300.18;61033
SBER;5;20260116;152000;300.16;300.22;300.11;300.13;24703
SBER;5;20260116;152500;300.13;300.15;300.12;300.14;29795
SBER;5;20260116;153000;300.14;300.14;299.84;299.87;189834
SBER;5;20260116;153500;299.86;300;299.86;299.94;50617
SBER;5;20260116;154000;299.94;299.96;299.85;299.92;35094
SBER;5;20260116;154500;299.88;299.92;299.81;299.85;37869
SBER;5;20260116;155000;299.84;299.85;299.77;299.77;45235
SBER;5;20260116;155500;299.78;300;299.77;299.82;61669
SBER;5;20260116;160000;299.83;300.15;299.8;300.13;74871
SBER;5;20260116;160500;300.12;300.13;300.01;300.03;7714
SBER;5;20260116;161000;300.03;300.22;300.01;300.14;68081
SBER;5;20260116;161500;300.14;300.2;300.06;300.18;16016
SBER;5;20260116;162000;300.19;300.19;300.01;300.04;20656
SBER;5;20260116;162500;300.05;300.07;300;300.01;8708
SBER;5;20260116;163000;300.01;300.07;300;300.07;12634
SBER;5;20260116;163500;300.06;300.09;300;300;13946
SBER;5;20260116;164000;300.01;300.93;300;300.77;792333
SBER;5;20260116;164500;300.78;301.14;300.74;301.08;606916
SBER;5;20260116;165000;301.07;301.75;301.07;301.7;1233179
SBER;5;20260116;165500;301.7;301.7;301.37;301.64;405539
SBER;5;20260116;170000;301.64;301.79;301.64;301.73;290690
SBER;5;20260116;170500;301.73;301.83;301.63;301.83;453450
SBER;5;20260116;171000;301.82;301.95;301.66;301.76;468579
SBER;5;20260116;171500;301.76;301.89;301.55;301.76;282678
SBER;5;20260116;172000;301.77;301.78;301.61;301.7;142278
SBER;5;20260116;172500;301.69;301.7;301.64;301.68;148024
SBER;5;20260116;173000;301.67;301.78;301.67;301.78;102206
SBER;5;20260116;173500;301.77;301.78;301.63;301.69;106504
SBER;5;20260116;174000;301.7;301.76;301.65;301.75;84320
SBER;5;20260116;174500;301.75;301.78;301.58;301.78;276020
SBER;5;20260116;175000;301.77;301.82;301.76;301.8;64287
SBER;5;20260116;175500;301.79;301.88;301.75;301.75;83128
SBER;5;20260116;180000;301.75;301.96;301.75;301.88;193676
SBER;5;20260116;180500;301.87;301.97;301.87;301.96;90840
SBER;5;20260116;181000;301.97;301.97;301.94;301.94;41977
SBER;5;20260116;181500;301.94;301.95;301.86;301.88;78742
SBER;5;20260116;182000;301.88;301.9;301.77;301.78;86489
SBER;5;20260116;182500;301.78;301.8;301.69;301.77;162657
SBER;5;20260116;183000;301.78;301.79;301.51;301.68;72649
SBER;5;20260116;183500;301.72;301.85;301.69;301.76;80480
SBER;5;20260116;184500;301.77;301.77;301.77;301.77;15938
SBER;5;20260116;190000;301.77;301.82;301.74;301.76;27531
SBER;5;20260116;190500;301.76;301.86;301.74;301.75;49406
SBER;5;20260116;191000;301.75;301.86;301.75;301.85;30344
SBER;5;20260116;191500;301.85;301.89;301.8;301.89;40416
SBER;5;20260116;192000;301.88;301.88;301.78;301.79;20912
SBER;5;20260116;192500;301.79;301.84;301.78;301.79;22395
SBER;5;20260116;193000;301.79;301.8;301.78;301.8;10179
SBER;5;20260116;193500;301.8;301.8;301.78;301.78;6349
SBER;5;20260116;194000;301.78;301.8;301.78;301.79;23620
SBER;5;20260116;194500;301.78;301.79;301.71;301.72;24300
SBER;5;20260116;195000;301.72;301.72;301.64;301.65;19475
SBER;5;20260116;195500;301.64;301.71;301.64;301.65;7402
SBER;5;20260116;200000;301.65;301.67;301.56;301.67;33555
SBER;5;20260116;200500;301.66;301.68;301.61;301.64;7373
SBER;5;20260116;201000;301.64;301.68;301.64;301.68;10495
SBER;5;20260116;201500;301.68;301.69;301.63;301.69;17683
SBER;5;20260116;202000;301.68;301.7;301.68;301.7;14618
SBER;5;20260116;202500;301.69;301.7;301.69;301.7;10874
SBER;5;20260116;203000;301.7;301.71;301.6;301.61;31008
SBER;5;20260116;203500;301.61;301.7;301.55;301.62;46422
SBER;5;20260116;204000;301.62;301.64;301.62;301.63;4507
SBER;5;20260116;204500;301.62;301.7;301.62;301.7;9658
SBER;5;20260116;205000;301.7;301.71;301.55;301.6;37407
SBER;5;20260116;205500;301.6;301.64;301.53;301.57;31208
SBER;5;20260116;210000;301.57;301.61;301.5;301.51;88897
SBER;5;20260116;210500;301.5;301.6;301.5;301.59;31626
SBER;5;20260116;211000;301.59;301.82;301.51;301.61;88869
SBER;5;20260116;211500;301.63;301.68;301.59;301.67;41312
SBER;5;20260116;212000;301.66;301.7;301.59;301.66;23928
SBER;5;20260116;212500;301.65;301.73;301.61;301.71;9558
SBER;5;20260116;213000;301.72;301.8;301.7;301.7;41810
SBER;5;20260116;213500;301.71;301.71;301.66;301.67;6490
SBER;5;20260116;214000;301.67;301.67;301.59;301.61;4507
SBER;5;20260116;214500;301.61;301.67;301.59;301.67;7042
SBER;5;20260116;215000;301.67;301.79;301.64;301.78;37075
SBER;5;20260116;215500;301.79;301.79;301.67;301.68;10104
SBER;5;20260116;220000;301.69;301.69;301.59;301.6;34134
SBER;5;20260116;220500;301.59;301.6;301.59;301.6;16146
SBER;5;20260116;221000;301.59;301.6;301.59;301.59;8140
SBER;5;20260116;221500;301.59;301.59;301.52;301.53;10518
SBER;5;20260116;222000;301.53;301.56;301.52;301.56;17641
SBER;5;20260116;222500;301.55;301.58;301.53;301.54;11675
SBER;5;20260116;223000;301.55;301.55;301.51;301.53;25698
SBER;5;20260116;223500;301.53;301.57;301.51;301.56;6017
SBER;5;20260116;224000;301.56;301.64;301.53;301.6;86295
SBER;5;20260116;224500;301.61;301.62;301.59;301.61;14732
SBER;5;20260116;225000;301.6;301.6;301.51;301.54;31921
SBER;5;20260116;225500;301.54;301.85;301.53;301.78;132071
SBER;5;20260116;230000;301.77;301.77;301.3;301.41;130363
SBER;5;20260116;230500;301.41;301.56;301.39;301.55;10093
SBER;5;20260116;231000;301.55;301.55;301.51;301.52;36395
SBER;5;20260116;231500;301.51;301.53;301.51;301.53;6337
SBER;5;20260116;232000;301.53;301.55;301.47;301.55;11696
SBER;5;20260116;232500;301.55;301.79;301.54;301.72;92534
SBER;5;20260116;233000;301.72;301.72;301.54;301.69;35067
SBER;5;20260116;233500;301.69;301.77;301.61;301.76;26916
SBER;5;20260116;234000;301.77;301.79;301.6;301.67;62229
SBER;5;20260116;234500;301.67;301.7;301.4;301.52;73839
SBER;5;20260117;095500;301.67;301.67;301.67;301.67;1518
SBER;5;20260117;100000;301.69;301.89;301.54;301.64;28970
SBER;5;20260117;100500;301.61;301.77;301.59;301.77;20637
SBER;5;20260117;101000;301.77;301.8;301.69;301.73;3376
SBER;5;20260117;101500;301.77;301.83;301.64;301.75;16332
SBER;5;20260117;102000;301.75;301.79;301.7;301.79;3911
SBER;5;20260117;102500;301.79;301.79;301.41;301.45;84846
SBER;5;20260117;103000;301.52;301.52;301.39;301.46;28098
SBER;5;20260117;103500;301.46;301.5;301;301.13;211077
SBER;5;20260117;104000;301.11;301.27;301.07;301.27;11426
SBER;5;20260117;104500;301.26;301.27;301.24;301.27;1570
SBER;5;20260117;105000;301.27;301.27;301.2;301.27;11130
SBER;5;20260117;105500;301.27;301.38;301.22;301.38;10425
SBER;5;20260117;110000;301.36;301.41;301.35;301.37;10731
SBER;5;20260117;110500;301.35;301.38;301.35;301.35;5550
SBER;5;20260117;111000;301.37;301.42;301.22;301.4;10962
SBER;5;20260117;111500;301.4;301.42;301.31;301.38;3891
SBER;5;20260117;112000;301.4;301.42;301.38;301.42;3462
SBER;5;20260117;112500;301.42;301.42;301.33;301.37;4623
SBER;5;20260117;113000;301.37;301.42;301.34;301.4;2499
SBER;5;20260117;113500;301.42;301.42;301.38;301.39;5223
SBER;5;20260117;114000;301.39;301.42;301.35;301.42;7899
SBER;5;20260117;114500;301.42;301.42;301.34;301.34;3456
SBER;5;20260117;115000;301.38;301.42;301.3;301.35;24296
SBER;5;20260117;115500;301.39;301.41;301.27;301.41;3620
SBER;5;20260117;120000;301.4;301.44;301.37;301.44;2703
SBER;5;20260117;120500;301.4;301.44;301.37;301.37;1816
SBER;5;20260117;121000;301.41;301.42;301.37;301.42;1747
SBER;5;20260117;121500;301.38;301.43;301.37;301.42;1900
SBER;5;20260117;122000;301.39;301.44;301.35;301.44;6163
SBER;5;20260117;122500;301.44;301.44;301.34;301.35;3912
SBER;5;20260117;123000;301.35;301.35;301.22;301.32;11245
SBER;5;20260117;123500;301.32;301.37;301.25;301.32;11459
SBER;5;20260117;124000;301.29;301.42;301.29;301.4;9094
SBER;5;20260117;124500;301.38;301.4;301.24;301.28;4027
SBER;5;20260117;125000;301.28;301.34;301.24;301.3;7041
SBER;5;20260117;125500;301.26;301.36;301.26;301.36;9127
SBER;5;20260117;130000;301.35;301.36;301.3;301.35;3636
SBER;5;20260117;130500;301.35;301.35;301.3;301.34;1025
SBER;5;20260117;131000;301.34;301.34;301.3;301.32;954
SBER;5;20260117;131500;301.32;301.34;301.3;301.3;2995
SBER;5;20260117;132000;301.32;301.34;301.3;301.34;4093
SBER;5;20260117;132500;301.34;301.35;301.3;301.35;1659
SBER;5;20260117;133000;301.35;301.35;301.26;301.26;4294
SBER;5;20260117;133500;301.3;301.35;301.26;301.3;6732
SBER;5;20260117;134000;301.29;301.37;301.29;301.37;4097
SBER;5;20260117;134500;301.37;301.37;301.35;301.36;7584
SBER;5;20260117;135000;301.35;301.37;301.35;301.35;6682
SBER;5;20260117;135500;301.37;301.4;301.35;301.39;9055
SBER;5;20260117;140000;301.35;301.39;301.3;301.34;4950
SBER;5;20260117;140500;301.34;301.36;301.3;301.36;4249
SBER;5;20260117;141000;301.36;301.36;301.3;301.31;1474
SBER;5;20260117;141500;301.34;301.35;301.3;301.34;2413
SBER;5;20260117;142000;301.34;301.36;301.31;301.35;2222
SBER;5;20260117;142500;301.35;301.38;301.31;301.32;10133
SBER;5;20260117;143000;301.32;301.36;301.31;301.35;1000
SBER;5;20260117;143500;301.31;301.35;301.12;301.2;66579
SBER;5;20260117;144000;301.23;301.27;301.17;301.27;6937
SBER;5;20260117;144500;301.27;301.28;301.2;301.22;961
SBER;5;20260117;145000;301.23;301.28;301.22;301.28;1058
SBER;5;20260117;145500;301.25;301.28;301.21;301.22;11981
SBER;5;20260117;150000;301.22;301.27;301.01;301.24;57062
SBER;5;20260117;150500;301.24;301.28;301.19;301.26;1898
SBER;5;20260117;151000;301.26;301.28;301.2;301.21;3604
SBER;5;20260117;151500;301.26;301.28;301.21;301.23;3409
SBER;5;20260117;152000;301.23;301.27;301.21;301.25;1528
SBER;5;20260117;152500;301.21;301.26;301.2;301.26;2063
SBER;5;20260117;153000;301.26;301.27;301.2;301.25;2210
SBER;5;20260117;153500;301.25;301.27;301.2;301.23;3158
SBER;5;20260117;154000;301.23;301.26;301.16;301.24;4204
SBER;5;20260117;154500;301.2;301.24;301.16;301.16;1389
SBER;5;20260117;155000;301.2;301.23;301.16;301.22;1466
SBER;5;20260117;155500;301.22;301.24;301;301.11;47736
SBER;5;20260117;160000;301.14;301.2;301.1;301.15;7013
SBER;5;20260117;160500;301.17;301.2;301.1;301.15;11220
SBER;5;20260117;161000;301.2;301.2;301.11;301.12;2346
SBER;5;20260117;161500;301.12;301.19;301.12;301.19;1983
SBER;5;20260117;162000;301.19;301.19;301.14;301.18;2037
SBER;5;20260117;162500;301.14;301.2;301.11;301.18;6372
SBER;5;20260117;163000;301.18;301.19;301.12;301.19;1462
SBER;5;20260117;163500;301.19;301.2;301.13;301.18;2681
SBER;5;20260117;164000;301.18;301.18;301.13;301.15;1821
SBER;5;20260117;164500;301.14;301.17;301.11;301.15;1261
SBER;5;20260117;165000;301.15;301.18;301.06;301.12;3355
SBER;5;20260117;165500;301.12;301.12;301.02;301.08;17955
SBER;5;20260117;170000;301.06;301.11;301.05;301.11;1084
SBER;5;20260117;170500;301.11;301.11;301.08;301.11;3363
SBER;5;20260117;171000;301.08;301.18;301.08;301.15;11771
SBER;5;20260117;171500;301.11;301.15;301.08;301.14;1492
SBER;5;20260117;172000;301.14;301.14;301.07;301.12;2789
SBER;5;20260117;172500;301.1;301.1;301.05;301.06;1903
SBER;5;20260117;173000;301.06;301.12;301.05;301.05;708
SBER;5;20260117;173500;301.11;301.14;301.05;301.14;1215
SBER;5;20260117;174000;301.14;301.15;301.05;301.06;2231
SBER;5;20260117;174500;301.13;301.13;301.06;301.12;426
SBER;5;20260117;175000;301.12;301.12;301;301.06;29596
SBER;5;20260117;175500;301.06;301.07;301;301.01;4389
SBER;5;20260117;180000;301.05;301.1;301;301.06;8144
SBER;5;20260117;180500;301.1;301.16;301.07;301.16;2424
SBER;5;20260117;181000;301.14;301.19;301.09;301.17;2640
SBER;5;20260117;181500;301.18;301.2;301.1;301.18;6663
SBER;5;20260117;182000;301.18;301.2;301.11;301.17;716
SBER;5;20260117;182500;301.17;301.18;301.12;301.12;633
SBER;5;20260117;183000;301.17;301.19;301.12;301.13;726
SBER;5;20260117;183500;301.18;301.2;301.11;301.13;17791
SBER;5;20260117;184000;301.13;301.24;301.11;301.22;3245
SBER;5;20260117;184500;301.13;301.32;301.12;301.31;8256
SBER;5;20260117;185000;301.31;301.31;301.21;301.22;1249
SBER;5;20260117;185500;301.22;301.31;301.22;301.28;2383
SBER;5;20260118;095500;301.28;301.28;301.28;301.28;1562
SBER;5;20260118;100000;301.3;301.76;301.28;301.71;239305
SBER;5;20260118;100500;301.66;301.66;301.42;301.46;19593
SBER;5;20260118;101000;301.43;301.48;301.39;301.44;5811
SBER;5;20260118;101500;301.44;301.45;301.36;301.37;1115
SBER;5;20260118;102000;301.37;301.37;301.22;301.25;16244
SBER;5;20260118;102500;301.25;301.25;301.1;301.21;33175
SBER;5;20260118;103000;301.21;301.23;301.19;301.21;9601
SBER;5;20260118;103500;301.23;301.23;301.19;301.23;15546
SBER;5;20260118;104000;301.23;301.23;301.2;301.21;3160
SBER;5;20260118;104500;301.2;301.25;301.2;301.25;3583
SBER;5;20260118;105000;301.25;301.33;301.21;301.32;9407
SBER;5;20260118;105500;301.32;301.39;301.28;301.36;7182
SBER;5;20260118;110000;301.36;301.38;301.2;301.38;16291
SBER;5;20260118;110500;301.38;301.38;301.29;301.37;1041
SBER;5;20260118;111000;301.32;301.38;301.3;301.38;2814
SBER;5;20260118;111500;301.38;301.38;301.34;301.38;1932
SBER;5;20260118;112000;301.35;301.39;301.34;301.38;6273
SBER;5;20260118;112500;301.38;301.39;301.33;301.39;4122
SBER;5;20260118;113000;301.39;301.39;301.24;301.34;28549
SBER;5;20260118;113500;301.34;301.39;301.26;301.39;16079
SBER;5;20260118;114000;301.39;301.42;301.26;301.28;5509
SBER;5;20260118;114500;301.33;301.35;301.26;301.35;2479
SBER;5;20260118;115000;301.35;301.35;301.3;301.34;492
SBER;5;20260118;115500;301.3;301.34;301.29;301.34;723
SBER;5;20260118;120000;301.34;301.35;301.29;301.35;1363
SBER;5;20260118;120500;301.35;301.35;301.33;301.35;1256
SBER;5;20260118;121000;301.35;301.39;301.33;301.39;3493
SBER;5;20260118;121500;301.35;301.41;301.35;301.35;618
SBER;5;20260118;122000;301.35;301.45;301.35;301.36;10683
SBER;5;20260118;122500;301.37;301.37;301.36;301.36;5064
SBER;5;20260118;123000;301.37;301.37;301.35;301.37;6906
SBER;5;20260118;123500;301.36;301.37;301.33;301.33;7834
SBER;5;20260118;124000;301.33;301.37;301.33;301.36;6471
SBER;5;20260118;124500;301.33;301.39;301.33;301.36;6126
SBER;5;20260118;125000;301.34;301.36;301.34;301.36;4249
SBER;5;20260118;125500;301.36;301.36;301.3;301.34;5744
SBER;5;20260118;130000;301.33;301.35;301.29;301.29;1444
SBER;5;20260118;130500;301.29;301.33;301.27;301.29;2305
SBER;5;20260118;131000;301.33;301.36;301.29;301.32;1885
SBER;5;20260118;131500;301.36;301.36;301.3;301.3;2581
SBER;5;20260118;132000;301.31;301.37;301.3;301.3;2759
SBER;5;20260118;132500;301.32;301.36;301.27;301.31;2781
SBER;5;20260118;133000;301.31;301.37;301.29;301.36;1404
SBER;5;20260118;133500;301.37;301.41;301.3;301.4;2576
SBER;5;20260118;134000;301.4;301.44;301.3;301.37;4273
SBER;5;20260118;134500;301.37;301.37;301.27;301.31;2412
SBER;5;20260118;135000;301.36;301.45;301.27;301.41;5746
SBER;5;20260118;135500;301.41;301.42;301.27;301.31;3309
SBER;5;20260118;140000;301.36;301.38;301.31;301.31;1767
SBER;5;20260118;140500;301.32;301.39;301.31;301.39;2410
SBER;5;20260118;141000;301.39;301.4;301.31;301.38;508
SBER;5;20260118;141500;301.38;301.38;301.29;301.34;2107
SBER;5;20260118;142000;301.34;301.36;301.27;301.32;1088
SBER;5;20260118;142500;301.32;301.36;301.27;301.29;3251
SBER;5;20260118;143000;301.35;301.37;301.3;301.31;1427
SBER;5;20260118;143500;301.35;301.35;301.31;301.31;509
SBER;5;20260118;144000;301.35;301.35;301.3;301.3;646
SBER;5;20260118;144500;301.32;301.35;301.3;301.3;869
SBER;5;20260118;145000;301.34;301.34;301.3;301.34;567
SBER;5;20260118;145500;301.3;301.35;301.3;301.35;2563
SBER;5;20260118;150000;301.35;301.35;301.28;301.32;4111
SBER;5;20260118;150500;301.34;301.35;301.28;301.34;7001
SBER;5;20260118;151000;301.34;301.34;301.28;301.32;1383
SBER;5;20260118;151500;301.33;301.34;301.29;301.3;1337
SBER;5;20260118;152000;301.3;301.35;301.29;301.34;1910
SBER;5;20260118;152500;301.34;301.34;301.3;301.34;1929
SBER;5;20260118;153000;301.34;301.35;301.22;301.26;12640
SBER;5;20260118;153500;301.33;301.34;301.24;301.34;1645
SBER;5;20260118;154000;301.35;301.35;301.3;301.35;3294
SBER;5;20260118;154500;301.35;301.35;301.3;301.34;1213
SBER;5;20260118;155000;301.35;301.35;301.31;301.35;3392
SBER;5;20260118;155500;301.35;301.35;301.3;301.31;1316
SBER;5;20260118;160000;301.34;301.35;301.31;301.31;2737
SBER;5;20260118;160500;301.32;301.35;301.31;301.31;2131
SBER;5;20260118;161000;301.31;301.35;301.31;301.35;951
SBER;5;20260118;161500;301.35;301.48;301.31;301.48;12442
SBER;5;20260118;162000;301.48;301.48;301.41;301.48;2242
SBER;5;20260118;162500;301.48;301.48;301.42;301.46;3269
SBER;5;20260118;163000;301.46;301.46;301.4;301.43;2861
SBER;5;20260118;163500;301.43;301.46;301.41;301.46;2173
SBER;5;20260118;164000;301.45;301.46;301.42;301.45;1267
SBER;5;20260118;164500;301.44;301.46;301.42;301.45;866
SBER;5;20260118;165000;301.45;301.46;301.41;301.46;2506
SBER;5;20260118;165500;301.42;301.48;301.42;301.44;3260
SBER;5;20260118;170000;301.48;301.55;301.44;301.54;12287
SBER;5;20260118;170500;301.55;301.55;301.44;301.54;11244
SBER;5;20260118;171000;301.54;301.56;301.46;301.52;2531
SBER;5;20260118;171500;301.52;301.55;301.47;301.48;1268
SBER;5;20260118;172000;301.48;301.54;301.44;301.53;4382
SBER;5;20260118;172500;301.53;301.54;301.44;301.54;2042
SBER;5;20260118;173000;301.54;301.55;301.49;301.5;851
SBER;5;20260118;173500;301.55;301.55;301.47;301.54;1868
SBER;5;20260118;174000;301.54;301.58;301.5;301.56;6177
SBER;5;20260118;174500;301.52;301.6;301.52;301.57;1563
SBER;5;20260118;175000;301.57;301.75;301.53;301.74;23738
SBER;5;20260118;175500;301.75;301.77;301.58;301.64;7747
SBER;5;20260118;180000;301.69;301.76;301.62;301.76;4097
SBER;5;20260118;180500;301.76;301.76;301.7;301.75;1874
SBER;5;20260118;181000;301.74;301.75;301.7;301.7;1051
SBER;5;20260118;181500;301.74;301.76;301.7;301.74;1149
SBER;5;20260118;182000;301.74;301.75;301.7;301.75;3939
SBER;5;20260118;182500;301.74;301.84;301.74;301.82;43375
SBER;5;20260118;183000;301.82;301.88;301.76;301.8;18219
SBER;5;20260118;183500;301.84;301.84;301.78;301.83;3469
SBER;5;20260118;184000;301.83;301.89;301.78;301.89;13190
SBER;5;20260118;184500;301.86;301.89;301.82;301.85;11752
SBER;5;20260118;185000;301.84;301.87;301.78;301.82;18085
SBER;5;20260118;185500;301.82;301.88;301.77;301.86;24180
SBER;5;20260119;070000;302;302.42;301.51;302.1;163831
SBER;5;20260119;070500;302.13;302.13;301.77;301.87;53924
SBER;5;20260119;071000;301.86;302.14;301.83;302.05;21717
SBER;5;20260119;071500;302.05;302.15;301.55;302.15;83789
SBER;5;20260119;072000;302.15;302.24;302.05;302.09;30541
SBER;5;20260119;072500;302.1;302.1;301.75;301.85;28016
SBER;5;20260119;073000;301.86;301.87;301.73;301.74;16718
SBER;5;20260119;073500;301.74;302;301.73;301.9;45127
SBER;5;20260119;074000;301.9;302.15;301.89;301.89;40629
SBER;5;20260119;074500;301.98;302;301.76;301.98;27799
SBER;5;20260119;075000;302;302.09;301.82;301.88;5780
SBER;5;20260119;075500;301.88;302.05;301.88;301.96;5384
SBER;5;20260119;080000;302.01;302.02;301.7;301.99;29940
SBER;5;20260119;080500;301.99;302.01;301.9;301.93;8159
SBER;5;20260119;081000;301.93;301.98;301.74;301.92;16287
SBER;5;20260119;081500;301.91;301.93;301.8;301.89;3744
SBER;5;20260119;082000;301.9;302;301.68;301.7;38412
SBER;5;20260119;082500;301.7;301.84;301.65;301.7;52939
SBER;5;20260119;083000;301.73;302;301.6;301.95;76349
SBER;5;20260119;083500;301.96;301.96;301.82;301.93;12459
SBER;5;20260119;084000;301.93;301.94;301.83;301.94;3848
SBER;5;20260119;084500;301.94;302;301.93;301.99;9823
SBER;5;20260119;085000;302;302;301.97;301.97;7883
SBER;5;20260119;085500;301.99;302.01;301.62;301.85;50247
SBER;5;20260119;090000;301.85;301.85;301.14;301.38;316693
SBER;5;20260119;090500;301.38;301.5;301.16;301.27;78316
SBER;5;20260119;091000;301.28;301.28;301.02;301.15;201341
SBER;5;20260119;091500;301.14;301.17;301.02;301.13;33646
SBER;5;20260119;092000;301.11;301.53;301.09;301.16;88024
SBER;5;20260119;092500;301.16;301.19;300.82;300.98;159979
SBER;5;20260119;093000;300.97;301;300.86;300.87;76932
SBER;5;20260119;093500;300.87;300.99;300.86;300.97;40431
SBER;5;20260119;094000;300.97;301.26;300.9;301.21;55332
SBER;5;20260119;094500;301.22;301.25;301.13;301.2;7976
SBER;5;20260119;095000;301.19;301.3;301;301.18;174131
SBER;5;20260119;095500;301.18;301.21;300.84;301.06;242346
SBER;5;20260119;100000;301.01;301.04;300.34;300.62;357219
SBER;5;20260119;100500;300.64;300.91;300.43;300.88;124018
SBER;5;20260119;101000;300.88;300.91;300.68;300.72;43429
SBER;5;20260119;101500;300.71;301.25;300.7;301.19;188327
SBER;5;20260119;102000;301.17;301.25;300.91;300.99;184393
SBER;5;20260119;102500;300.99;301;300.98;300.99;29620
SBER;5;20260119;103000;300.99;301.11;300.94;300.96;58100
SBER;5;20260119;103500;300.96;301;300.89;301;110023
SBER;5;20260119;104000;301;301.21;300.99;301.21;58165
SBER;5;20260119;104500;301.21;301.42;301.2;301.28;109637
SBER;5;20260119;105000;301.28;301.34;301.25;301.31;67159
SBER;5;20260119;105500;301.31;301.34;301.3;301.3;83622
SBER;5;20260119;110000;301.3;301.44;301.26;301.44;54392
SBER;5;20260119;110500;301.43;301.51;301.43;301.5;44431
SBER;5;20260119;111000;301.5;301.7;301.48;301.66;219279
SBER;5;20260119;111500;301.66;302.42;301.64;302.42;462768
SBER;5;20260119;112000;302.42;303.1;302.41;302.74;1000545
SBER;5;20260119;112500;302.8;302.8;302.18;302.3;467645
SBER;5;20260119;113000;302.29;303.18;302.29;303.11;553547
SBER;5;20260119;113500;303.14;303.98;303.13;303.8;1025374
SBER;5;20260119;114000;303.79;303.96;303.65;303.76;362332
SBER;5;20260119;114500;303.76;303.89;303.51;303.7;276818
SBER;5;20260119;115000;303.71;303.78;303.4;303.49;288883
SBER;5;20260119;115500;303.48;303.63;303.39;303.62;202593
SBER;5;20260119;120000;303.59;303.82;303.59;303.66;342547
SBER;5;20260119;120500;303.66;303.7;303.58;303.69;177653
SBER;5;20260119;121000;303.7;303.74;303.6;303.63;135121
SBER;5;20260119;121500;303.62;303.8;303.6;303.73;174153
SBER;5;20260119;122000;303.74;303.75;303.56;303.65;102416
SBER;5;20260119;122500;303.65;303.66;303.24;303.29;112710
SBER;5;20260119;123000;303.26;303.37;303.24;303.27;69417
SBER;5;20260119;123500;303.27;303.28;303.24;303.25;29798
SBER;5;20260119;124000;303.24;303.25;303.08;303.16;65791
SBER;5;20260119;124500;303.17;303.26;303.09;303.25;58778
SBER;5;20260119;125000;303.26;303.46;303.24;303.42;86749
SBER;5;20260119;125500;303.42;303.6;303.25;303.44;116934
SBER;5;20260119;130000;303.45;303.47;303.19;303.2;71270
SBER;5;20260119;130500;303.2;303.25;303.17;303.21;51511
SBER;5;20260119;131000;303.2;303.46;303.2;303.38;85462
SBER;5;20260119;131500;303.35;303.36;303.2;303.29;42908
SBER;5;20260119;132000;303.3;303.3;303.21;303.24;41891
SBER;5;20260119;132500;303.25;303.33;303;303.04;437720
SBER;5;20260119;133000;303.04;303.1;302.83;302.93;319810
SBER;5;20260119;133500;302.94;303.05;302.8;302.96;110795
SBER;5;20260119;134000;302.97;302.97;302.88;302.92;38564
SBER;5;20260119;134500;302.93;302.95;302.73;302.73;104657
SBER;5;20260119;135000;302.73;302.77;302.69;302.74;54291
SBER;5;20260119;135500;302.74;302.98;302.67;302.98;65968
SBER;5;20260119;140000;302.98;303.29;302.96;303.29;79640
SBER;5;20260119;140500;303.29;303.35;303.2;303.26;94873
SBER;5;20260119;141000;303.26;303.27;303.16;303.18;56407
SBER;5;20260119;141500;303.18;303.2;303.01;303.03;118070
SBER;5;20260119;142000;303.04;303.12;302.93;302.97;65723
SBER;5;20260119;142500;302.97;303.05;302.9;303.03;115822
SBER;5;20260119;143000;303.04;303.3;302.99;303.29;124360
SBER;5;20260119;143500;303.29;303.52;303.29;303.45;160798
SBER;5;20260119;144000;303.48;303.51;303.34;303.5;126903
SBER;5;20260119;144500;303.5;303.5;303.31;303.42;102083
SBER;5;20260119;145000;303.45;303.49;303.32;303.32;48631
SBER;5;20260119;145500;303.33;303.47;303.31;303.42;84192
SBER;5;20260119;150000;303.43;303.48;303.15;303.43;85541
SBER;5;20260119;150500;303.44;303.58;303.44;303.55;83723
SBER;5;20260119;151000;303.56;303.58;303.49;303.49;55397
SBER;5;20260119;151500;303.52;303.59;303.42;303.57;60425
SBER;5;20260119;152000;303.57;303.62;303.54;303.58;84046
SBER;5;20260119;152500;303.58;303.7;303.58;303.67;182073
SBER;5;20260119;153000;303.68;303.68;303.6;303.6;120551
SBER;5;20260119;153500;303.6;303.67;303.6;303.65;125267
SBER;5;20260119;154000;303.65;303.66;303.52;303.59;56486
SBER;5;20260119;154500;303.58;303.66;303.54;303.54;55889
SBER;5;20260119;155000;303.54;303.59;303.41;303.55;85569
SBER;5;20260119;155500;303.56;303.6;303.52;303.6;45282
SBER;5;20260119;160000;303.6;303.72;303.57;303.7;107812
SBER;5;20260119;160500;303.69;303.8;303.62;303.8;131484
SBER;5;20260119;161000;303.8;303.8;303.73;303.79;67293
SBER;5;20260119;161500;303.76;303.8;303.69;303.8;137975
SBER;5;20260119;162000;303.8;303.8;303.73;303.8;117480
SBER;5;20260119;162500;303.8;303.8;303.73;303.74;155088
SBER;5;20260119;163000;303.74;303.8;303.71;303.8;97471
SBER;5;20260119;163500;303.8;303.96;303.75;303.95;311804
SBER;5;20260119;164000;303.96;303.96;303.68;303.78;142412
SBER;5;20260119;164500;303.77;303.86;302.4;303.16;2672439
SBER;5;20260119;165000;303.17;303.28;303;303.23;157982
SBER;5;20260119;165500;303.23;303.61;303.22;303.59;166144
SBER;5;20260119;170000;303.61;303.62;303.5;303.55;67810
SBER;5;20260119;170500;303.55;303.62;303.35;303.42;125259
SBER;5;20260119;171000;303.39;303.98;303.35;303.96;268057
SBER;5;20260119;171500;303.98;304.25;303.96;304.22;698124
SBER;5;20260119;172000;304.2;304.3;304.08;304.14;265744
SBER;5;20260119;172500;304.14;304.36;304.11;304.36;183630
SBER;5;20260119;173000;304.34;304.4;304.32;304.38;164651
SBER;5;20260119;173500;304.35;304.4;304.34;304.36;122992
SBER;5;20260119;174000;304.36;304.4;304.31;304.34;189255
SBER;5;20260119;174500;304.34;304.44;304.33;304.38;243615
SBER;5;20260119;175000;304.38;304.5;304.33;304.49;325425
SBER;5;20260119;175500;304.49;304.49;304.22;304.44;242495
SBER;5;20260119;180000;304.44;304.5;304.4;304.5;154058
SBER;5;20260119;180500;304.49;304.72;304.49;304.66;431228
SBER;5;20260119;181000;304.65;304.73;304.46;304.48;393645
SBER;5;20260119;181500;304.49;304.72;304.47;304.68;251677
SBER;5;20260119;182000;304.66;304.71;304.26;304.48;235250
SBER;5;20260119;182500;304.42;304.5;304.26;304.27;143190
SBER;5;20260119;183000;304.28;304.28;304.08;304.13;103568
SBER;5;20260119;183500;304.13;304.13;304.02;304.07;71165
SBER;5;20260119;184500;304.01;304.01;304.01;304.01;31382
SBER;5;20260119;190000;304.01;304.14;304;304.08;35527
SBER;5;20260119;190500;304.08;304.08;304;304.02;26664
SBER;5;20260119;191000;304.02;304.1;303.99;304;47803
SBER;5;20260119;191500;304;304;303.84;303.87;40118
SBER;5;20260119;192000;303.87;303.97;303.86;303.96;29691
SBER;5;20260119;192500;303.97;303.97;303.76;303.8;31535
SBER;5;20260119;193000;303.82;303.94;303.82;303.9;16908
SBER;5;20260119;193500;303.9;304.08;303.9;304.06;66575
SBER;5;20260119;194000;304.07;304.07;303.95;304;10436
SBER;5;20260119;194500;304;304;303.97;303.99;12827
SBER;5;20260119;195000;304;304;303.99;304;5757
SBER;5;20260119;195500;303.99;304.15;303.97;304.07;63053
SBER;5;20260119;200000;304.07;304.15;304.06;304.14;18679
SBER;5;20260119;200500;304.15;304.15;303.97;304.02;12329
SBER;5;20260119;201000;304.01;304.05;303.95;303.95;16711
SBER;5;20260119;201500;303.95;304.05;303.9;304.05;47021
SBER;5;20260119;202000;304.06;304.08;303.91;303.97;13952
SBER;5;20260119;202500;303.97;303.98;303.9;303.9;26088
SBER;5;20260119;203000;303.91;303.99;303.9;303.96;18045
SBER;5;20260119;203500;303.96;303.99;303.92;303.97;5584
SBER;5;20260119;204000;303.98;303.98;303.91;303.96;9620
SBER;5;20260119;204500;303.96;304.1;303.93;304.05;66268
SBER;5;20260119;205000;304.03;304.03;303.94;303.97;4904
SBER;5;20260119;205500;303.97;303.97;303.95;303.97;6566
SBER;5;20260119;210000;303.96;304;303.95;303.99;9949
SBER;5;20260119;210500;303.98;303.99;303.93;303.97;28500
SBER;5;20260119;211000;303.97;303.99;303.93;303.96;6101
SBER;5;20260119;211500;303.96;303.97;303.93;303.97;4728
SBER;5;20260119;212000;303.96;304;303.93;303.99;33754
SBER;5;20260119;212500;304;304.01;303.96;303.99;17344
SBER;5;20260119;213000;304;304.01;303.93;303.99;9295
SBER;5;20260119;213500;304;304;303.95;303.96;5313
SBER;5;20260119;214000;303.99;303.99;303.95;303.99;2145
SBER;5;20260119;214500;303.99;304;303.92;303.99;17326
SBER;5;20260119;215000;303.99;303.99;303.94;303.97;7804
SBER;5;20260119;215500;303.97;303.97;303.96;303.97;4164
SBER;5;20260119;220000;303.97;303.97;303.85;303.85;90370
SBER;5;20260119;220500;303.86;303.86;303.71;303.76;40990
SBER;5;20260119;221000;303.75;303.84;303.75;303.77;19398
SBER;5;20260119;221500;303.77;303.8;303.75;303.78;19082
SBER;5;20260119;222000;303.78;303.79;303.72;303.79;10999
SBER;5;20260119;222500;303.79;303.79;303.72;303.76;13582
SBER;5;20260119;223000;303.76;303.77;303.67;303.71;38884
SBER;5;20260119;223500;303.71;303.81;303.69;303.79;27741
SBER;5;20260119;224000;303.79;303.8;303.74;303.75;15332
SBER;5;20260119;224500;303.75;303.78;303.71;303.72;2861
SBER;5;20260119;225000;303.71;303.78;303.71;303.77;19311
SBER;5;20260119;225500;303.78;303.78;303.67;303.68;32115
SBER;5;20260119;230000;303.68;303.68;303.5;303.52;118737
SBER;5;20260119;230500;303.55;303.73;303.48;303.59;53604
SBER;5;20260119;231000;303.6;303.6;303.55;303.6;14142
SBER;5;20260119;231500;303.6;303.6;303.59;303.6;2917
SBER;5;20260119;232000;303.6;303.67;303.59;303.67;24113
SBER;5;20260119;232500;303.67;303.67;303.63;303.64;6081
SBER;5;20260119;233000;303.66;303.69;303.48;303.5;39939
SBER;5;20260119;233500;303.5;303.5;303.45;303.49;23048
SBER;5;20260119;234000;303.5;303.5;303.48;303.48;17913
SBER;5;20260119;234500;303.48;303.62;303.32;303.62;80052
SBER;5;20260120;070000;303.9;304.14;303.62;304.05;137864
SBER;5;20260120;070500;304.05;304.18;303.8;303.9;78862
SBER;5;20260120;071000;303.95;304.1;303.85;304.06;26147
SBER;5;20260120;071500;304.07;304.07;303.89;303.95;9389
SBER;5;20260120;072000;303.95;304.18;303.88;304.13;46170
SBER;5;20260120;072500;304.13;304.15;304.05;304.15;12872
SBER;5;20260120;073000;304.15;304.3;304.15;304.23;13796
SBER;5;20260120;073500;304.26;304.35;304.1;304.15;21798
SBER;5;20260120;074000;304.14;304.33;304.1;304.32;9885
SBER;5;20260120;074500;304.32;304.35;304.25;304.3;29378
SBER;5;20260120;075000;304.28;304.32;304.08;304.25;37421
SBER;5;20260120;075500;304.22;304.27;304.2;304.27;2405
SBER;5;20260120;080000;304.27;304.3;304.25;304.29;7214
SBER;5;20260120;080500;304.3;304.34;304.26;304.29;10770
SBER;5;20260120;081000;304.29;304.29;304.09;304.19;24629
SBER;5;20260120;081500;304.2;304.5;304.18;304.49;31278
SBER;5;20260120;082000;304.48;304.48;304.33;304.34;15552
SBER;5;20260120;082500;304.34;304.44;304.33;304.44;13038
SBER;5;20260120;083000;304.44;304.44;304.38;304.4;6365
SBER;5;20260120;083500;304.41;304.51;304.38;304.45;36902
SBER;5;20260120;084000;304.5;304.51;304.3;304.3;42849
SBER;5;20260120;084500;304.31;304.32;304.26;304.26;11258
SBER;5;20260120;085000;304.28;304.29;304.26;304.27;3817
SBER;5;20260120;085500;304.27;304.4;304.26;304.3;61120
SBER;5;20260120;090000;304.29;304.29;303.96;304.08;112323
SBER;5;20260120;090500;304.08;304.18;303.98;304.16;67573
SBER;5;20260120;091000;304.15;304.15;303.56;303.65;297568
SBER;5;20260120;091500;303.64;304.12;303.64;304.1;108851
SBER;5;20260120;092000;304.1;304.12;303.86;304.01;32312
SBER;5;20260120;092500;304.02;304.1;303.87;303.87;61451
SBER;5;20260120;093000;303.86;304.07;303.8;304;17015
SBER;5;20260120;093500;304;304.09;303.92;304.07;22130
SBER;5;20260120;094000;304.09;304.09;303.98;303.99;11784
SBER;5;20260120;094500;303.99;303.99;303.91;303.94;8046
SBER;5;20260120;095000;303.94;304.05;303.91;303.94;56582
SBER;5;20260120;095500;303.93;303.94;303.71;303.85;87187
SBER;5;20260120;100000;303.85;303.89;303.38;303.43;155383
SBER;5;20260120;100500;303.4;303.42;302.9;303.33;499492
SBER;5;20260120;101000;303.33;303.42;303.21;303.26;131942
SBER;5;20260120;101500;303.22;303.24;303.03;303.07;83332
SBER;5;20260120;102000;303.06;303.49;303;303.46;294021
SBER;5;20260120;102500;303.46;303.46;303.09;303.09;87662
SBER;5;20260120;103000;303.09;303.17;303.04;303.17;105197
SBER;5;20260120;103500;303.17;303.31;303.01;303.26;97913
SBER;5;20260120;104000;303.27;303.3;303.15;303.19;43218
SBER;5;20260120;104500;303.17;303.21;303;303.09;185063
SBER;5;20260120;105000;303.1;303.27;303;303.19;120516
SBER;5;20260120;105500;303.19;303.19;303.04;303.11;143589
SBER;5;20260120;110000;303.11;303.12;303.01;303.04;126334
SBER;5;20260120;110500;303.05;303.19;303;303.19;111208
SBER;5;20260120;111000;303.19;303.28;303.05;303.07;172209
SBER;5;20260120;111500;303.07;303.2;303;303.19;227875
SBER;5;20260120;112000;303.19;303.34;303;303.02;151161
SBER;5;20260120;112500;303.02;303.12;302.9;303.12;115446
SBER;5;20260120;113000;303.12;303.34;302.98;303.13;243163
SBER;5;20260120;113500;303.13;303.13;302.94;302.96;100657
SBER;5;20260120;114000;302.96;303.11;302.94;303.07;76923
SBER;5;20260120;114500;303.1;303.21;302.9;302.97;126009
SBER;5;20260120;115000;302.98;302.98;302.96;302.98;62954
SBER;5;20260120;115500;302.98;303;302.97;302.99;79746
SBER;5;20260120;120000;302.99;302.99;302.47;302.64;296558
SBER;5;20260120;120500;302.62;302.63;302.47;302.5;136536
SBER;5;20260120;121000;302.5;302.71;302.47;302.62;563939
SBER;5;20260120;121500;302.63;303.47;302.47;303.19;1691449
SBER;5;20260120;122000;303.2;303.27;302.96;303.11;174900
SBER;5;20260120;122500;303.1;303.11;302.67;302.78;160745
SBER;5;20260120;123000;302.77;302.79;302.67;302.71;99556
SBER;5;20260120;123500;302.71;302.79;302.64;302.78;127113
SBER;5;20260120;124000;302.78;303;302.77;302.97;79199
SBER;5;20260120;124500;302.97;303.2;302.93;303.11;57327
SBER;5;20260120;125000;303.13;303.14;303.04;303.1;34251
SBER;5;20260120;125500;303.1;303.19;303.09;303.12;97560
SBER;5;20260120;130000;303.12;303.18;303.11;303.17;31074
SBER;5;20260120;130500;303.17;303.17;303.02;303.08;35711
SBER;5;20260120;131000;303.07;303.12;303;303.06;27816
SBER;5;20260120;131500;303.07;303.17;303.03;303.04;31355
SBER;5;20260120;132000;303.05;303.15;303.03;303.15;44364
SBER;5;20260120;132500;303.15;303.3;303.14;303.3;26270
SBER;5;20260120;133000;303.3;303.46;303.25;303.42;112072
SBER;5;20260120;133500;303.42;303.44;303.23;303.24;61274
SBER;5;20260120;134000;303.23;303.28;303;303.2;99433
SBER;5;20260120;134500;303.19;303.27;303.08;303.17;43503
SBER;5;20260120;135000;303.17;303.22;303;303.07;109407
SBER;5;20260120;135500;303.07;303.19;303.02;303.15;43401
SBER;5;20260120;140000;303.15;303.15;303;303.02;36941
SBER;5;20260120;140500;303.02;303.12;303;303.1;77586
SBER;5;20260120;141000;303.1;303.11;302.85;302.87;100851
SBER;5;20260120;141500;302.87;303.11;302.85;303.04;51870
SBER;5;20260120;142000;303.03;303.04;303;303.03;9109
SBER;5;20260120;142500;303.03;303.11;302.98;303.11;55036
SBER;5;20260120;143000;303.11;303.11;302.79;302.8;52312
SBER;5;20260120;143500;302.8;302.8;302.7;302.8;68041
SBER;5;20260120;144000;302.8;302.8;302.79;302.8;21941
SBER;5;20260120;144500;302.8;302.8;302.63;302.7;54077
SBER;5;20260120;145000;302.69;302.89;302.69;302.85;91483
SBER;5;20260120;145500;302.85;302.89;302.79;302.87;42045
SBER;5;20260120;150000;302.87;302.96;302.85;302.94;16417
SBER;5;20260120;150500;302.95;302.99;302.92;302.97;22747
SBER;5;20260120;151000;302.97;302.98;302.88;302.96;23750
SBER;5;20260120;151500;302.96;302.96;302.77;302.78;36373
SBER;5;20260120;152000;302.78;302.78;302.55;302.57;102708
SBER;5;20260120;152500;302.57;302.74;302.52;302.7;76915
SBER;5;20260120;153000;302.7;302.7;302.6;302.61;14959
SBER;5;20260120;153500;302.61;302.85;302.58;302.84;58908
SBER;5;20260120;154000;302.83;303.12;302.83;303.12;192875
SBER;5;20260120;154500;303.12;303.25;303.1;303.25;66276
SBER;5;20260120;155000;303.25;303.35;303.24;303.35;66467
SBER;5;20260120;155500;303.35;303.45;303.34;303.4;89709
SBER;5;20260120;160000;303.4;304.06;303.39;303.63;414895
SBER;5;20260120;160500;303.63;303.76;303.59;303.7;144370
SBER;5;20260120;161000;303.7;303.86;303.69;303.81;76524
SBER;5;20260120;161500;303.82;304;303.77;303.95;41749
SBER;5;20260120;162000;303.95;303.96;303.71;303.8;60641
SBER;5;20260120;162500;303.79;303.87;303.69;303.85;86938
SBER;5;20260120;163000;303.84;303.86;303.72;303.83;96816
SBER;5;20260120;163500;303.83;303.98;303.82;303.97;59543
SBER;5;20260120;164000;303.97;303.98;303.72;303.83;83843
SBER;5;20260120;164500;303.84;303.91;303.77;303.87;38920
SBER;5;20260120;165000;303.87;303.92;303.86;303.9;41023
SBER;5;20260120;165500;303.9;303.95;303.87;303.92;49925
SBER;5;20260120;170000;303.94;303.95;303.5;303.65;150104
SBER;5;20260120;170500;303.68;303.9;303.65;303.9;73755
SBER;5;20260120;171000;303.9;303.94;303.74;303.85;81190
SBER;5;20260120;171500;303.84;304.05;303.84;304;229112
SBER;5;20260120;172000;304;304.65;303.56;304.24;1202810
SBER;5;20260120;172500;304.24;304.38;304.23;304.38;144528
SBER;5;20260120;173000;304.37;304.56;304.34;304.36;168370
SBER;5;20260120;173500;304.35;304.46;304.35;304.38;75786
SBER;5;20260120;174000;304.37;304.48;304.27;304.37;268572
SBER;5;20260120;174500;304.39;304.49;304.23;304.46;319635
SBER;5;20260120;175000;304.46;304.5;304.25;304.3;113981
SBER;5;20260120;175500;304.3;304.3;304.07;304.15;56401
SBER;5;20260120;180000;304.14;304.24;304.13;304.14;37352
SBER;5;20260120;180500;304.14;304.19;304.01;304.05;83890
SBER;5;20260120;181000;304.05;304.15;303.95;304.01;195195
SBER;5;20260120;181500;304;304.12;303.88;303.96;136195
SBER;5;20260120;182000;303.95;303.99;303.77;303.95;153569
SBER;5;20260120;182500;303.95;303.95;303.79;303.84;51717
SBER;5;20260120;183000;303.84;304;303.75;304;93863
SBER;5;20260120;183500;303.99;304.02;303.83;303.86;147542
SBER;5;20260120;184500;303.86;303.86;303.86;303.86;2692
SBER;5;20260120;190000;303.85;304.14;303.85;304;22790
SBER;5;20260120;190500;304.08;304.08;303.86;303.95;67456
SBER;5;20260120;191000;303.95;304;303.91;303.99;13305
SBER;5;20260120;191500;303.98;304.1;303.93;304.07;147145
SBER;5;20260120;192000;304.07;304.07;303.62;303.75;60755
SBER;5;20260120;192500;303.75;303.75;303.71;303.75;24705
SBER;5;20260120;193000;303.75;303.84;303.74;303.78;6834
SBER;5;20260120;193500;303.77;303.8;303.72;303.78;14245
SBER;5;20260120;194000;303.78;303.92;303.76;303.92;27871
SBER;5;20260120;194500;303.92;303.92;303.75;303.8;3820
SBER;5;20260120;195000;303.8;303.84;303.77;303.84;2923
SBER;5;20260120;195500;303.84;303.9;303.81;303.86;14828
SBER;5;20260120;200000;303.86;303.9;303.8;303.9;25265
SBER;5;20260120;200500;303.9;303.92;303.74;303.9;17999
SBER;5;20260120;201000;303.92;303.92;303.81;303.91;12246
SBER;5;20260120;201500;303.92;303.95;303.89;303.95;3008
SBER;5;20260120;202000;303.95;303.95;303.82;303.88;9531
SBER;5;20260120;202500;303.85;303.91;303.81;303.82;10726
SBER;5;20260120;203000;303.82;303.93;303.81;303.86;10027
SBER;5;20260120;203500;303.91;303.93;303.88;303.92;3482
SBER;5;20260120;204000;303.92;303.92;303.9;303.9;13664
SBER;5;20260120;204500;303.91;303.92;303.9;303.92;5651
SBER;5;20260120;205000;303.92;303.92;303.89;303.91;3341
SBER;5;20260120;205500;303.9;303.9;303.81;303.87;17771
SBER;5;20260120;210000;303.87;303.88;303.73;303.86;6510
SBER;5;20260120;210500;303.86;303.95;303.85;303.93;10240
SBER;5;20260120;211000;303.93;304.01;303.92;303.94;38223
SBER;5;20260120;211500;303.96;304.29;303.95;304.25;138408
SBER;5;20260120;212000;304.22;304.3;304.09;304.1;51848
SBER;5;20260120;212500;304.09;304.1;303.91;303.99;18837
SBER;5;20260120;213000;303.98;304;303.98;304;3587
SBER;5;20260120;213500;304;304;303.99;303.99;20855
SBER;5;20260120;214000;304;304.09;304;304.02;12602
SBER;5;20260120;214500;304;304.02;303.99;304;16485
SBER;5;20260120;215000;304;304.05;303.99;304.05;29573
SBER;5;20260120;215500;304.05;304.09;304.04;304.08;5912
SBER;5;20260120;220000;304.07;304.1;304.04;304.07;4221
SBER;5;20260120;220500;304.07;304.1;303.99;304.07;36125
SBER;5;20260120;221000;304.07;304.1;304.03;304.09;18514
SBER;5;20260120;221500;304.1;304.2;304.09;304.2;48101
SBER;5;20260120;222000;304.2;304.35;304.18;304.35;64460
SBER;5;20260120;222500;304.35;304.35;304.27;304.33;35690
SBER;5;20260120;223000;304.33;304.35;304.32;304.34;15467
SBER;5;20260120;223500;304.35;304.35;304.31;304.32;8418
SBER;5;20260120;224000;304.33;304.34;304.3;304.32;5489
SBER;5;20260120;224500;304.3;304.33;304.3;304.31;13636
SBER;5;20260120;225000;304.3;304.32;304.3;304.32;4594
SBER;5;20260120;225500;304.31;304.33;304.3;304.33;32780
SBER;5;20260120;230000;304.33;304.33;304.31;304.32;30520
SBER;5;20260120;230500;304.32;304.33;304.13;304.21;52880
SBER;5;20260120;231000;304.2;304.25;303.98;304.06;56747
SBER;5;20260120;231500;304.06;304.06;303.95;303.97;7612
SBER;5;20260120;232000;303.97;304.06;303.95;304.06;10379
SBER;5;20260120;232500;304.06;304.06;304.01;304.03;2378
SBER;5;20260120;233000;304.03;304.05;304;304;14850
SBER;5;20260120;233500;304.01;304.05;303.93;303.96;22364
SBER;5;20260120;234000;304;304.04;303.89;304.03;26179
SBER;5;20260120;234500;304.03;304.06;304;304.03;17152
SBER;5;20260121;070000;304.03;304.31;304.03;304.28;34898
SBER;5;20260121;070500;304.28;304.3;304.15;304.23;11095
SBER;5;20260121;071000;304.23;304.25;304;304.14;15240
SBER;5;20260121;071500;304.14;304.25;304.12;304.17;23962
SBER;5;20260121;072000;304.17;304.26;304.09;304.16;16138
SBER;5;20260121;072500;304.17;304.17;304.11;304.12;17063
SBER;5;20260121;073000;304.12;304.26;304.12;304.17;44084
SBER;5;20260121;073500;304.16;304.17;304.03;304.13;7454
SBER;5;20260121;074000;304.13;304.22;304.12;304.19;4646
SBER;5;20260121;074500;304.19;304.22;304.17;304.18;2355
SBER;5;20260121;075000;304.18;304.19;304.02;304.1;9294
SBER;5;20260121;075500;304.11;304.16;304.05;304.15;15395
SBER;5;20260121;080000;304.15;304.15;303.69;303.7;65080
SBER;5;20260121;080500;303.7;303.93;303.42;303.8;82299
SBER;5;20260121;081000;303.8;303.95;303.8;303.9;8586
SBER;5;20260121;081500;303.95;303.98;303.9;303.94;3656
SBER;5;20260121;082000;303.95;303.95;303.77;303.82;13907
SBER;5;20260121;082500;303.82;303.83;303.79;303.81;5263
SBER;5;20260121;083000;303.81;303.93;303.75;303.93;34694
SBER;5;20260121;083500;303.93;303.98;303.81;303.93;35118
SBER;5;20260121;084000;303.93;303.96;303.8;303.96;9699
SBER;5;20260121;084500;303.91;304.05;303.85;303.95;13991
SBER;5;20260121;085000;303.9;303.99;303.75;303.9;19832
SBER;5;20260121;085500;303.9;303.91;303.88;303.91;3707
SBER;5;20260121;090000;303.91;303.91;303.15;303.38;182284
SBER;5;20260121;090500;303.39;303.5;303.39;303.49;46745
SBER;5;20260121;091000;303.49;303.9;303.48;303.76;93130
SBER;5;20260121;091500;303.75;303.95;303.74;303.87;34541
SBER;5;20260121;092000;303.9;303.99;303.78;303.97;52458
SBER;5;20260121;092500;303.97;304;303.94;303.99;20632
SBER;5;20260121;093000;303.99;304.2;303.9;304.15;124156
SBER;5;20260121;093500;304.13;304.15;304;304.08;34761
SBER;5;20260121;094000;304.08;304.08;303.89;303.89;52113
SBER;5;20260121;094500;303.9;303.97;303.81;303.88;59292
SBER;5;20260121;095000;303.87;303.98;303.8;303.96;36994
SBER;5;20260121;095500;303.96;304.1;303.89;304.1;79593
SBER;5;20260121;100000;304.08;304.12;303.72;304.01;293018
SBER;5;20260121;100500;304.01;304.05;303.74;303.79;99785
SBER;5;20260121;101000;303.79;304.51;303.43;304.11;999163
SBER;5;20260121;101500;304.16;304.16;303.66;303.69;126171
SBER;5;20260121;102000;303.71;303.71;303.2;303.38;347022
SBER;5;20260121;102500;303.37;303.38;303;303.14;319324
SBER;5;20260121;103000;303.15;303.35;303.1;303.26;110336
SBER;5;20260121;103500;303.25;303.44;303.21;303.43;169673
SBER;5;20260121;104000;303.44;303.63;303.4;303.55;45270
SBER;5;20260121;104500;303.58;303.77;303.55;303.69;59770
SBER;5;20260121;105000;303.69;303.72;303.62;303.62;37529
SBER;5;20260121;105500;303.62;303.62;303.47;303.5;62604
SBER;5;20260121;110000;303.49;303.52;303.29;303.32;79685
SBER;5;20260121;110500;303.32;303.34;303.17;303.25;38891
SBER;5;20260121;111000;303.23;303.27;303.19;303.23;18438
SBER;5;20260121;111500;303.22;303.46;303.19;303.43;104330
SBER;5;20260121;112000;303.42;303.64;303.42;303.6;38225
SBER;5;20260121;112500;303.64;303.68;303.41;303.57;38401
SBER;5;20260121;113000;303.57;303.57;303.55;303.56;17256
SBER;5;20260121;113500;303.56;303.56;303.4;303.52;47624
SBER;5;20260121;114000;303.52;303.59;303.5;303.58;27830
SBER;5;20260121;114500;303.58;303.58;303.5;303.54;21760
SBER;5;20260121;115000;303.53;303.59;303.5;303.59;12389
SBER;5;20260121;115500;303.59;303.75;303.55;303.68;43273
SBER;5;20260121;120000;303.67;303.87;303.56;303.74;50213
SBER;5;20260121;120500;303.74;303.8;303.63;303.8;46373
SBER;5;20260121;121000;303.77;303.9;303.77;303.8;47084
SBER;5;20260121;121500;303.79;304;303.79;303.91;221180
SBER;5;20260121;122000;303.98;304.8;303.93;304.68;775780
SBER;5;20260121;122500;304.7;305;304.69;304.83;1434954
SBER;5;20260121;123000;304.84;305;304.72;304.72;290251
SBER;5;20260121;123500;304.75;304.85;304.68;304.84;190579
SBER;5;20260121;124000;304.82;305.08;304.8;305.08;405686
SBER;5;20260121;124500;305.08;305.11;304.88;305.02;244886
SBER;5;20260121;125000;304.98;305;304.74;304.88;195537
SBER;5;20260121;125500;304.87;304.98;304.69;304.69;284358
SBER;5;20260121;130000;304.68;304.81;304.63;304.79;134733
SBER;5;20260121;130500;304.79;304.8;304.7;304.74;33103
SBER;5;20260121;131000;304.74;304.8;304.65;304.65;44168
SBER;5;20260121;131500;304.68;305.7;304.66;305.56;699810
SBER;5;20260121;132000;305.57;305.98;305.57;305.92;889165
SBER;5;20260121;132500;305.92;305.93;305.61;305.7;369932
SBER;5;20260121;133000;305.71;305.85;305.61;305.67;257871
SBER;5;20260121;133500;305.67;306.23;305.66;306.01;1298395
SBER;5;20260121;134000;306.04;306.25;305.8;305.86;477182
SBER;5;20260121;134500;305.86;305.92;305.83;305.9;132689
SBER;5;20260121;135000;305.9;305.92;305.87;305.91;141533
SBER;5;20260121;135500;305.92;306.08;305.91;305.98;247704
SBER;5;20260121;140000;305.98;306.2;305.83;306.18;328330
SBER;5;20260121;140500;306.16;306.5;306.15;306.5;733561
SBER;5;20260121;141000;306.5;306.51;306.4;306.41;452587
SBER;5;20260121;141500;306.42;306.72;306.42;306.7;406514
SBER;5;20260121;142000;306.71;306.78;306.53;306.73;256237
SBER;5;20260121;142500;306.72;306.94;306.63;306.76;529104
SBER;5;20260121;143000;306.76;306.86;306.61;306.7;318563
SBER;5;20260121;143500;306.7;306.78;306.43;306.5;315674
SBER;5;20260121;144000;306.5;306.54;306.13;306.14;152140
SBER;5;20260121;144500;306.15;306.26;306.04;306.08;204630
SBER;5;20260121;145000;306.1;306.25;305.89;306.03;339977
SBER;5;20260121;145500;306.01;306.14;306;306.01;105259
SBER;5;20260121;150000;306.01;306.22;305.91;306.17;186392
SBER;5;20260121;150500;306.18;306.19;305.9;305.95;77049
SBER;5;20260121;151000;305.95;305.99;305.76;305.8;155437
SBER;5;20260121;151500;305.8;305.84;305.79;305.82;88616
SBER;5;20260121;152000;305.81;305.99;305.8;305.92;128232
SBER;5;20260121;152500;305.92;305.96;305.81;305.83;151675
SBER;5;20260121;153000;305.83;305.92;305.5;305.88;293284
SBER;5;20260121;153500;305.87;306.09;305.82;306.04;176638
SBER;5;20260121;154000;306.05;306.07;306;306.02;41359
SBER;5;20260121;154500;306.03;306.03;305.84;305.9;60895
SBER;5;20260121;155000;305.93;306.02;305.8;305.91;112681
SBER;5;20260121;155500;305.91;306.15;305.89;306.06;35373
SBER;5;20260121;160000;306.06;306.18;306.01;306.18;46930
SBER;5;20260121;160500;306.18;306.18;306;306.01;61890
SBER;5;20260121;161000;306.01;306.01;305.95;305.98;43727
SBER;5;20260121;161500;305.98;306.02;305.95;305.99;26509
SBER;5;20260121;162000;305.99;305.99;305.79;305.89;115016
SBER;5;20260121;162500;305.9;305.9;305.72;305.77;84646
SBER;5;20260121;163000;305.76;305.79;305.7;305.74;47886
SBER;5;20260121;163500;305.74;305.97;305.74;305.96;67848
SBER;5;20260121;164000;305.97;305.97;305.85;305.93;39673
SBER;5;20260121;164500;305.93;306.11;305.81;306.02;131197
SBER;5;20260121;165000;306.02;306.09;305.85;305.9;114260
SBER;5;20260121;165500;305.9;306.05;305.9;305.99;26707
SBER;5;20260121;170000;306;306.09;306;306.03;41908
SBER;5;20260121;170500;306.03;306.03;305.92;305.98;193598
SBER;5;20260121;171000;305.99;306.02;305.98;306.02;43130
SBER;5;20260121;171500;306.02;306.17;305.82;305.96;235462
SBER;5;20260121;172000;305.96;306.15;305.95;306.11;159632
SBER;5;20260121;172500;306.11;306.25;306.01;306.24;110844
SBER;5;20260121;173000;306.25;306.38;306.24;306.36;725123
SBER;5;20260121;173500;306.37;306.41;306.31;306.38;159788
SBER;5;20260121;174000;306.37;306.4;306.3;306.32;42499
SBER;5;20260121;174500;306.32;306.47;306.26;306.32;96444
SBER;5;20260121;175000;306.33;306.35;306.16;306.17;96027
SBER;5;20260121;175500;306.16;306.18;306;306.02;105496
SBER;5;20260121;180000;306.03;306.1;305.99;306.01;178624
SBER;5;20260121;180500;306.04;306.04;305.95;305.99;34542
SBER;5;20260121;181000;305.99;306;305.76;305.85;62411
SBER;5;20260121;181500;305.84;305.91;305.81;305.87;48114
SBER;5;20260121;182000;305.86;305.97;305.82;305.95;89564
SBER;5;20260121;182500;305.95;305.97;305.82;305.87;153316
SBER;5;20260121;183000;305.88;305.9;305.6;305.74;227253
SBER;5;20260121;183500;305.77;305.8;305.58;305.77;218996
SBER;5;20260121;184500;306;306;306;306;27490
SBER;5;20260121;190000;305.96;305.96;305.26;305.4;340712
SBER;5;20260121;190500;305.4;305.76;305.4;305.67;139856
SBER;5;20260121;191000;305.67;305.68;305.6;305.62;23210
SBER;5;20260121;191500;305.62;305.63;305.6;305.6;49930
SBER;5;20260121;192000;305.61;305.74;305.55;305.72;33589
SBER;5;20260121;192500;305.72;305.74;305.5;305.53;31046
SBER;5;20260121;193000;305.54;305.68;305.51;305.67;18141
SBER;5;20260121;193500;305.67;305.68;305.52;305.57;28990
SBER;5;20260121;194000;305.57;305.64;305.54;305.6;11256
SBER;5;20260121;194500;305.59;305.64;305.5;305.51;25425
SBER;5;20260121;195000;305.5;305.53;305.42;305.5;73698
SBER;5;20260121;195500;305.5;305.5;305.46;305.49;12181
SBER;5;20260121;200000;305.5;305.5;305.46;305.49;12342
SBER;5;20260121;200500;305.48;305.5;305.45;305.5;30899
SBER;5;20260121;201000;305.5;305.5;305.45;305.48;18286
SBER;5;20260121;201500;305.48;305.5;305.45;305.48;29433
SBER;5;20260121;202000;305.48;305.5;305.47;305.49;13935
SBER;5;20260121;202500;305.5;305.51;305.4;305.48;56920
SBER;5;20260121;203000;305.49;305.65;305.47;305.63;98070
SBER;5;20260121;203500;305.65;305.8;305.63;305.74;50779
SBER;5;20260121;204000;305.74;305.74;305.56;305.65;51168
SBER;5;20260121;204500;305.65;305.74;305.63;305.73;9951
SBER;5;20260121;205000;305.73;305.74;305.7;305.71;9250
SBER;5;20260121;205500;305.71;305.87;305.7;305.86;18108
SBER;5;20260121;210000;305.85;305.89;305.83;305.86;8890
SBER;5;20260121;210500;305.86;305.94;305.85;305.9;89459
SBER;5;20260121;211000;305.88;305.94;305.86;305.93;60651
SBER;5;20260121;211500;305.94;305.94;305.86;305.94;8524
SBER;5;20260121;212000;305.94;306;305.93;305.99;97786
SBER;5;20260121;212500;305.99;305.99;305.94;305.98;8190
SBER;5;20260121;213000;305.96;305.98;305.88;305.89;20327
SBER;5;20260121;213500;305.89;305.96;305.88;305.93;5781
SBER;5;20260121;214000;305.93;305.93;305.91;305.93;4145
SBER;5;20260121;214500;305.93;306;305.92;305.98;16284
SBER;5;20260121;215000;306;306;305.96;305.98;17122
SBER;5;20260121;215500;305.98;305.99;305.92;305.95;2428
SBER;5;20260121;220000;305.94;305.98;305.94;305.94;7067
SBER;5;20260121;220500;305.95;305.95;305.9;305.92;11993
SBER;5;20260121;221000;305.93;305.97;305.91;305.93;8347
SBER;5;20260121;221500;305.93;306;305.92;305.99;110414
SBER;5;20260121;222000;306;306;305.91;305.91;7038
SBER;5;20260121;222500;305.92;305.92;305.84;305.89;10312
SBER;5;20260121;223000;305.89;306;305.85;306;152609
SBER;5;20260121;223500;306;306.48;306;306.43;267844
SBER;5;20260121;224000;306.41;306.49;305.7;306.06;320231
SBER;5;20260121;224500;306.05;306.34;306.04;306.27;96778
SBER;5;20260121;225000;306.25;306.32;306;306.06;78527
SBER;5;20260121;225500;306.09;306.4;306.08;306.35;32430
SBER;5;20260121;230000;306.33;306.44;306.25;306.36;25062
SBER;5;20260121;230500;306.36;306.4;306.33;306.37;34482
SBER;5;20260121;231000;306.34;306.4;306.32;306.33;11471
SBER;5;20260121;231500;306.33;306.49;306.17;306.46;132774
SBER;5;20260121;232000;306.45;306.5;306.35;306.44;92864
SBER;5;20260121;232500;306.44;306.45;306.36;306.39;28274
SBER;5;20260121;233000;306.39;306.55;306.3;306.47;225602
SBER;5;20260121;233500;306.5;306.55;306.46;306.54;49732
SBER;5;20260121;234000;306.53;306.54;306.43;306.5;81117
SBER;5;20260121;234500;306.5;306.5;306.27;306.49;97954
SBER;5;20260122;070000;306.64;307;306.61;306.78;112501
SBER;5;20260122;070500;306.76;307;306.69;306.98;67301
SBER;5;20260122;071000;306.98;307;306.72;306.77;31473
SBER;5;20260122;071500;306.74;306.75;306.54;306.54;37298
SBER;5;20260122;072000;306.54;306.78;306.49;306.78;43865
SBER;5;20260122;072500;306.76;306.79;306.4;306.57;68624
SBER;5;20260122;073000;306.58;306.63;306.51;306.59;29407
SBER;5;20260122;073500;306.57;306.6;306.36;306.46;24550
SBER;5;20260122;074000;306.41;306.52;306.35;306.52;40794
SBER;5;20260122;074500;306.47;306.7;306.47;306.7;26937
SBER;5;20260122;075000;306.69;306.74;306.57;306.73;17808
SBER;5;20260122;075500;306.73;306.8;306.65;306.77;28114
SBER;5;20260122;080000;306.76;306.81;306.68;306.77;16218
SBER;5;20260122;080500;306.77;306.8;306.7;306.75;44660
SBER;5;20260122;081000;306.76;306.85;306.75;306.81;23295
SBER;5;20260122;081500;306.81;306.85;306.62;306.7;37835
SBER;5;20260122;082000;306.71;306.79;306.7;306.7;24770
SBER;5;20260122;082500;306.79;306.79;306.12;306.42;105815
SBER;5;20260122;083000;306.42;306.55;306.38;306.49;28734
SBER;5;20260122;083500;306.48;306.49;306.3;306.39;34555
SBER;5;20260122;084000;306.34;306.49;306.34;306.46;13513
SBER;5;20260122;084500;306.49;306.6;306.46;306.58;23825
SBER;5;20260122;085000;306.6;306.61;306.39;306.44;16331
SBER;5;20260122;085500;306.44;306.55;306.32;306.39;11833
SBER;5;20260122;090000;306.39;306.4;306;306.05;106269
SBER;5;20260122;090500;306.05;306.14;306;306.12;48939
SBER;5;20260122;091000;306.12;306.12;305.89;305.98;55502
SBER;5;20260122;091500;305.97;306.14;305.92;306.04;37575
SBER;5;20260122;092000;306.08;306.08;305.96;306.01;14372
SBER;5;20260122;092500;306.01;306.13;305.95;306.06;23703
SBER;5;20260122;093000;306.07;306.17;306.06;306.12;28137
SBER;5;20260122;093500;306.12;306.25;306.11;306.18;23016
SBER;5;20260122;094000;306.2;306.3;306.15;306.3;16101
SBER;5;20260122;094500;306.28;306.32;306.23;306.25;23600
SBER;5;20260122;095000;306.23;306.24;306.01;306.07;86962
SBER;5;20260122;095500;306.05;306.1;305.9;306;85212
SBER;5;20260122;100000;305.99;306.01;305.91;306.01;89522
SBER;5;20260122;100500;306.01;306.09;305.88;306.05;102784
SBER;5;20260122;101000;306.03;306.26;305.94;306.17;130529
SBER;5;20260122;101500;306.19;306.31;306.08;306.2;93818
SBER;5;20260122;102000;306.2;306.24;306;306.12;134240
SBER;5;20260122;102500;306.14;306.24;306.12;306.24;76696
SBER;5;20260122;103000;306.21;306.68;306.19;306.62;142282
SBER;5;20260122;103500;306.62;306.71;306.51;306.51;146657
SBER;5;20260122;104000;306.51;306.51;306.33;306.45;102723
SBER;5;20260122;104500;306.45;306.45;306.19;306.28;70835
SBER;5;20260122;105000;306.29;306.3;306.2;306.27;22480
SBER;5;20260122;105500;306.28;306.3;306.14;306.2;42815
SBER;5;20260122;110000;306.2;306.46;306.19;306.45;153785
SBER;5;20260122;110500;306.45;306.74;306.37;306.68;194090
SBER;5;20260122;111000;306.69;306.7;306.47;306.57;55495
SBER;5;20260122;111500;306.53;306.75;306.48;306.74;158728
SBER;5;20260122;112000;306.74;306.9;306.61;306.87;325490
SBER;5;20260122;112500;306.86;306.88;306.75;306.75;54191
SBER;5;20260122;113000;306.75;307;306.69;306.86;487909
SBER;5;20260122;113500;306.86;306.88;306.76;306.79;39248
SBER;5;20260122;114000;306.79;306.86;306.72;306.83;134558
SBER;5;20260122;114500;306.83;306.83;306.65;306.74;68502
SBER;5;20260122;115000;306.74;306.76;306.57;306.65;71910
SBER;5;20260122;115500;306.65;306.71;306.6;306.61;52114
SBER;5;20260122;120000;306.6;306.61;306.38;306.6;137464
SBER;5;20260122;120500;306.59;306.7;306.57;306.63;43858
SBER;5;20260122;121000;306.63;306.64;306.5;306.61;55200
SBER;5;20260122;121500;306.61;306.75;306.52;306.74;294846
SBER;5;20260122;122000;306.75;306.75;306.45;306.57;277500
SBER;5;20260122;122500;306.57;306.63;306.45;306.56;60597
SBER;5;20260122;123000;306.56;306.56;306.38;306.5;78888
SBER;5;20260122;123500;306.5;306.53;306;306.21;369702
SBER;5;20260122;124000;306.25;306.47;306.21;306.34;120585
SBER;5;20260122;124500;306.35;306.74;306.34;306.72;119908
SBER;5;20260122;125000;306.72;306.74;306.6;306.66;52310
SBER;5;20260122;125500;306.66;306.67;306.53;306.61;22423
SBER;5;20260122;130000;306.61;306.7;306.55;306.7;31563
SBER;5;20260122;130500;306.7;306.7;306.56;306.65;62678
SBER;5;20260122;131000;306.65;306.75;306.64;306.73;100656
SBER;5;20260122;131500;306.73;306.76;306.68;306.7;46019
SBER;5;20260122;132000;306.69;306.71;306.35;306.62;96700
SBER;5;20260122;132500;306.63;306.65;306.47;306.56;64437
SBER;5;20260122;133000;306.56;306.59;306.49;306.52;33795
SBER;5;20260122;133500;306.52;306.55;306.5;306.54;45688
SBER;5;20260122;134000;306.54;306.63;306.48;306.59;85472
SBER;5;20260122;134500;306.58;306.64;306.42;306.64;138877
SBER;5;20260122;135000;306.61;306.61;306.49;306.55;37935
SBER;5;20260122;135500;306.54;306.56;306.48;306.49;48230
SBER;5;20260122;140000;306.48;306.53;306.36;306.47;48917
SBER;5;20260122;140500;306.46;306.59;306.36;306.58;71254
SBER;5;20260122;141000;306.58;306.59;306.46;306.5;84585
SBER;5;20260122;141500;306.5;306.54;306.45;306.51;17159
SBER;5;20260122;142000;306.51;306.53;306.32;306.39;65606
SBER;5;20260122;142500;306.4;306.98;306.37;306.54;773693
SBER;5;20260122;143000;306.55;306.59;306.48;306.53;87226
SBER;5;20260122;143500;306.51;306.69;306.51;306.66;74150
SBER;5;20260122;144000;306.67;306.7;306.66;306.7;94477
SBER;5;20260122;144500;306.69;306.75;306.69;306.74;31418
SBER;5;20260122;145000;306.74;306.78;306.71;306.77;34465
SBER;5;20260122;145500;306.77;306.78;306.61;306.61;90651
SBER;5;20260122;150000;306.67;306.78;306.58;306.69;96878
SBER;5;20260122;150500;306.69;306.69;306.54;306.6;69828
SBER;5;20260122;151000;306.6;306.69;306.6;306.68;27123
SBER;5;20260122;151500;306.68;306.7;306.65;306.7;50621
SBER;5;20260122;152000;306.7;306.91;306.69;306.8;80255
SBER;5;20260122;152500;306.8;306.91;306.73;306.84;66615
SBER;5;20260122;153000;306.84;306.84;306.62;306.71;74918
SBER;5;20260122;153500;306.71;306.78;306.65;306.69;57635
SBER;5;20260122;154000;306.69;306.77;306.64;306.68;159233
SBER;5;20260122;154500;306.72;306.77;306.69;306.75;16091
SBER;5;20260122;155000;306.75;306.75;306.7;306.73;45028
SBER;5;20260122;155500;306.73;306.75;306.61;306.71;43499
SBER;5;20260122;160000;306.71;306.75;306.61;306.74;54054
SBER;5;20260122;160500;306.74;306.75;306.57;306.75;163545
SBER;5;20260122;161000;306.74;306.87;306.5;306.5;93727
SBER;5;20260122;161500;306.51;306.51;306.11;306.31;303299
SBER;5;20260122;162000;306.31;306.39;304.48;304.57;2100593
SBER;5;20260122;162500;304.6;305.47;304.29;305.4;706682
SBER;5;20260122;163000;305.39;305.47;305.08;305.41;396736
SBER;5;20260122;163500;305.41;305.47;305.22;305.43;273539
SBER;5;20260122;164000;305.43;305.65;305.42;305.62;243446
SBER;5;20260122;164500;305.59;305.68;305.54;305.66;95915
SBER;5;20260122;165000;305.67;305.8;305.66;305.79;73748
SBER;5;20260122;165500;305.79;305.8;305.65;305.76;69569
SBER;5;20260122;170000;305.76;305.79;305.12;305.42;205398
SBER;5;20260122;170500;305.43;305.45;304.75;305.14;441578
SBER;5;20260122;171000;305.13;305.3;304.93;304.98;230028
SBER;5;20260122;171500;304.98;304.98;304.22;304.43;625388
SBER;5;20260122;172000;304.43;304.81;304.3;304.64;447013
SBER;5;20260122;172500;304.64;305.1;304.64;305.04;149794
SBER;5;20260122;173000;305.04;305.98;304.89;305.81;496933
SBER;5;20260122;173500;305.81;306;305.67;305.9;461500
SBER;5;20260122;174000;305.89;306.21;305.72;305.85;212292
SBER;5;20260122;174500;305.85;306.18;305.67;305.87;187455
SBER;5;20260122;175000;305.9;306.48;305.87;306.37;339864
SBER;5;20260122;175500;306.37;306.71;306.37;306.41;552687
SBER;5;20260122;180000;306.4;306.54;306.38;306.4;415546
SBER;5;20260122;180500;306.39;306.67;306.38;306.5;99374
SBER;5;20260122;181000;306.5;306.69;306.46;306.48;146568
SBER;5;20260122;181500;306.48;306.65;306.39;306.47;313547
SBER;5;20260122;182000;306.47;306.52;306.33;306.49;128036
SBER;5;20260122;182500;306.5;306.59;306.4;306.58;446949
SBER;5;20260122;183000;306.57;306.73;306.47;306.48;209042
SBER;5;20260122;183500;306.48;306.55;306.23;306.35;101054
SBER;5;20260122;184500;305.99;305.99;305.99;305.99;66526
SBER;5;20260122;190000;306.29;306.4;306;306.38;65720
SBER;5;20260122;190500;306.36;306.39;305.95;306.1;282198
SBER;5;20260122;191000;306.1;306.44;306.09;306.44;212537
SBER;5;20260122;191500;306.45;306.45;306.17;306.26;66740
SBER;5;20260122;192000;306.26;306.36;306.16;306.31;104911
SBER;5;20260122;192500;306.31;306.38;306.29;306.35;10529
SBER;5;20260122;193000;306.35;306.43;306.34;306.43;46623
SBER;5;20260122;193500;306.43;306.45;306.4;306.41;46750
SBER;5;20260122;194000;306.41;306.43;306.4;306.42;84221
SBER;5;20260122;194500;306.41;306.6;306.36;306.48;239792
SBER;5;20260122;195000;306.48;306.53;306.3;306.36;101771
SBER;5;20260122;195500;306.36;306.38;306.27;306.34;42388
SBER;5;20260122;200000;306.32;306.34;306.04;306.11;109163
SBER;5;20260122;200500;306.11;306.15;305.94;306.15;52889
SBER;5;20260122;201000;306.15;306.32;306.03;306.13;36676
SBER;5;20260122;201500;306.14;306.29;305.81;305.81;104620
SBER;5;20260122;202000;305.8;306.07;305.76;306.02;64054
SBER;5;20260122;202500;306.03;306.25;306.02;306.09;45840
SBER;5;20260122;203000;306.09;306.23;306.03;306.22;44880
SBER;5;20260122;203500;306.22;306.25;306.21;306.23;17325
SBER;5;20260122;204000;306.23;306.42;306.2;306.42;45353
SBER;5;20260122;204500;306.42;306.45;306.27;306.34;55454
SBER;5;20260122;205000;306.29;306.4;306.27;306.33;17422
SBER;5;20260122;205500;306.33;306.38;306.26;306.31;13103
SBER;5;20260122;210000;306.31;306.36;306.28;306.32;12543
SBER;5;20260122;210500;306.33;306.33;306.3;306.32;9602
SBER;5;20260122;211000;306.3;306.38;306.3;306.34;13813
SBER;5;20260122;211500;306.32;306.35;306.19;306.32;21692
SBER;5;20260122;212000;306.31;306.87;306.26;306.87;300058
SBER;5;20260122;212500;306.87;306.87;306.63;306.75;85126
SBER;5;20260122;213000;306.75;306.84;306.69;306.71;80569
SBER;5;20260122;213500;306.7;306.71;306.66;306.71;25086
SBER;5;20260122;214000;306.7;306.86;306.68;306.69;63792
SBER;5;20260122;214500;306.68;306.72;306.52;306.52;76975
SBER;5;20260122;215000;306.53;306.53;306.47;306.5;35762
SBER;5;20260122;215500;306.5;306.51;306.49;306.51;72562
SBER;5;20260122;220000;306.5;306.51;306.33;306.48;75990
SBER;5;20260122;220500;306.5;306.5;306.44;306.44;4005
SBER;5;20260122;221000;306.45;306.45;306.04;306.19;56114
SBER;5;20260122;221500;306.19;306.32;306.1;306.3;37645
SBER;5;20260122;222000;306.28;306.32;306.11;306.18;26052
SBER;5;20260122;222500;306.18;306.21;306.16;306.19;7037
SBER;5;20260122;223000;306.2;306.2;306.05;306.13;17959
SBER;5;20260122;223500;306.13;306.19;305.82;305.87;121889
SBER;5;20260122;224000;305.87;306.09;305.87;306.08;51365
SBER;5;20260122;224500;306.09;306.09;306.06;306.08;7172
SBER;5;20260122;225000;306.07;306.08;306.06;306.07;14371
SBER;5;20260122;225500;306.08;306.1;306.07;306.1;22049
SBER;5;20260122;230000;306.1;306.38;306.09;306.38;23550
SBER;5;20260122;230500;306.37;306.37;306.19;306.22;13270
SBER;5;20260122;231000;306.22;306.32;306.2;306.32;7677
SBER;5;20260122;231500;306.31;306.34;306.23;306.26;17956
SBER;5;20260122;232000;306.26;306.36;306.25;306.33;19715
SBER;5;20260122;232500;306.34;306.39;306.33;306.35;16877
SBER;5;20260122;233000;306.34;306.37;306.29;306.3;28901
SBER;5;20260122;233500;306.3;306.39;306.26;306.36;23093
SBER;5;20260122;234000;306.36;306.39;306.27;306.3;27686
SBER;5;20260122;234500;306.31;306.36;306.01;306.22;39492
SBER;5;20260123;070000;305.97;306.3;305.3;306.23;159878
SBER;5;20260123;070500;306.23;306.28;305.88;305.91;92869
SBER;5;20260123;071000;305.9;306.09;305.81;305.87;76636
SBER;5;20260123;071500;305.96;306;305.52;305.68;64231
SBER;5;20260123;072000;305.68;305.68;305.54;305.67;42769
SBER;5;20260123;072500;305.67;306.09;305.65;306.01;81963
SBER;5;20260123;073000;306.01;306.01;305.7;305.93;14787
SBER;5;20260123;073500;305.86;306.1;305.86;306.07;30093
SBER;5;20260123;074000;306.07;306.11;305.99;305.99;17481
SBER;5;20260123;074500;306;306.08;305.91;306.02;5482
SBER;5;20260123;075000;306.03;306.03;305.85;305.93;8412
SBER;5;20260123;075500;305.86;305.93;305.75;305.8;10354
SBER;5;20260123;080000;305.8;305.96;305.79;305.96;16779
SBER;5;20260123;080500;305.96;306.01;305.87;306;12489
SBER;5;20260123;081000;306;306.01;305.88;305.99;5122
SBER;5;20260123;081500;305.99;306;305.8;305.89;6996
SBER;5;20260123;082000;305.89;305.99;305.86;305.99;5675
SBER;5;20260123;082500;305.99;306;305.85;306;11857
SBER;5;20260123;083000;305.99;306.05;305.99;306.03;11509
SBER;5;20260123;083500;306.03;306.12;305.75;305.89;60804
SBER;5;20260123;084000;305.89;306;305.83;305.89;7756
SBER;5;20260123;084500;305.89;305.95;305.8;305.93;5863
SBER;5;20260123;085000;305.93;305.93;305.76;305.83;6127
SBER;5;20260123;085500;305.83;306.42;305.83;306.15;146556
SBER;5;20260123;090000;306.15;306.19;305.62;305.85;132672
SBER;5;20260123;090500;305.85;305.98;305.76;305.81;33021
SBER;5;20260123;091000;305.81;305.81;305.67;305.74;26430
SBER;5;20260123;091500;305.74;305.75;305.57;305.71;46822
SBER;5;20260123;092000;305.71;305.74;305.5;305.58;160054
SBER;5;20260123;092500;305.58;305.65;305.5;305.65;74662
SBER;5;20260123;093000;305.65;305.66;305.51;305.62;51851
SBER;5;20260123;093500;305.57;305.61;305.5;305.52;31723
SBER;5;20260123;094000;305.52;305.59;305.5;305.52;48374
SBER;5;20260123;094500;305.52;305.63;305.52;305.63;62897
SBER;5;20260123;095000;305.63;305.7;305.3;305.44;380899
SBER;5;20260123;095500;305.45;305.79;305.44;305.73;93365
SBER;5;20260123;100000;305.76;305.82;305.53;305.78;139666
SBER;5;20260123;100500;305.78;306.16;305.63;306.04;136681
SBER;5;20260123;101000;306.03;306.21;305.94;306.16;98605
SBER;5;20260123;101500;306.16;306.16;306.03;306.07;57672
SBER;5;20260123;102000;306.07;306.19;305.99;306;137283
SBER;5;20260123;102500;305.99;306;305.8;305.8;171090
SBER;5;20260123;103000;305.81;305.9;305.77;305.8;155826
SBER;5;20260123;103500;305.8;305.95;305.79;305.88;55115
SBER;5;20260123;104000;305.89;306.29;305.88;306.23;257647
SBER;5;20260123;104500;306.23;306.23;306.1;306.15;145229
SBER;5;20260123;105000;306.15;306.24;306.12;306.14;82575
SBER;5;20260123;105500;306.17;306.24;306.15;306.2;12600
SBER;5;20260123;110000;306.2;306.39;306.17;306.34;137301
SBER;5;20260123;110500;306.34;306.36;306.25;306.32;88943
SBER;5;20260123;111000;306.33;306.5;306.17;306.5;114604
SBER;5;20260123;111500;306.5;306.8;306.49;306.75;294222
SBER;5;20260123;112000;306.75;306.76;306.54;306.68;179403
SBER;5;20260123;112500;306.68;306.75;306.65;306.66;66961
SBER;5;20260123;113000;306.66;306.8;306.65;306.8;219549
SBER;5;20260123;113500;306.8;306.81;306.51;306.77;250541
SBER;5;20260123;114000;306.75;306.77;306.68;306.76;41190
SBER;5;20260123;114500;306.76;307;306.75;306.98;702039
SBER;5;20260123;115000;306.99;306.99;306.69;306.89;202092
SBER;5;20260123;115500;306.88;307.36;306.85;307.1;983816
SBER;5;20260123;120000;307.11;307.27;306.9;306.99;133054
SBER;5;20260123;120500;306.98;307;306.61;306.76;88437
SBER;5;20260123;121000;306.74;306.78;306.6;306.72;74057
SBER;5;20260123;121500;306.71;306.85;306.49;306.68;191923
SBER;5;20260123;122000;306.67;306.82;306.62;306.78;68558
SBER;5;20260123;122500;306.78;306.87;306.77;306.81;40394
SBER;5;20260123;123000;306.82;306.86;306.81;306.83;42745
SBER;5;20260123;123500;306.83;306.87;306.7;306.81;41472
SBER;5;20260123;124000;306.81;306.83;306.59;306.65;55297
SBER;5;20260123;124500;306.65;306.81;306.62;306.7;65277
SBER;5;20260123;125000;306.72;306.82;306.68;306.77;52891
SBER;5;20260123;125500;306.81;306.88;306.75;306.87;81745
SBER;5;20260123;130000;306.87;306.88;306.75;306.85;78939
SBER;5;20260123;130500;306.84;306.86;306.74;306.74;58242
SBER;5;20260123;131000;306.74;306.85;306.7;306.84;74806
SBER;5;20260123;131500;306.84;306.94;306.83;306.93;77360
SBER;5;20260123;132000;306.93;307.16;306.92;307.15;230749
SBER;5;20260123;132500;307.15;307.17;306.77;306.87;165968
SBER;5;20260123;133000;306.88;306.91;306.82;306.86;44843
SBER;5;20260123;133500;306.86;306.88;306.77;306.8;40123
SBER;5;20260123;134000;306.8;306.82;306.66;306.73;59096
SBER;5;20260123;134500;306.69;306.76;306.61;306.7;46209
SBER;5;20260123;135000;306.71;306.84;306.69;306.83;71677
SBER;5;20260123;135500;306.83;306.91;306.81;306.88;44478
SBER;5;20260123;140000;306.88;306.88;306.78;306.87;35900
SBER;5;20260123;140500;306.87;306.88;306.8;306.8;27370
SBER;5;20260123;141000;306.81;306.88;306.8;306.84;52674
SBER;5;20260123;141500;306.82;306.88;306.81;306.88;80966
SBER;5;20260123;142000;306.87;306.88;306.85;306.85;27235
SBER;5;20260123;142500;306.85;306.86;306.6;306.71;111105
SBER;5;20260123;143000;306.75;306.81;306.55;306.57;82160
SBER;5;20260123;143500;306.57;306.64;306.57;306.58;29983
SBER;5;20260123;144000;306.57;306.66;306.57;306.6;31796
SBER;5;20260123;144500;306.63;306.69;306.57;306.68;36463
SBER;5;20260123;145000;306.66;306.72;306.55;306.72;70543
SBER;5;20260123;145500;306.72;306.72;306.64;306.64;37551
SBER;5;20260123;150000;306.64;306.71;306.56;306.56;43258
SBER;5;20260123;150500;306.6;306.6;306.56;306.57;15646
SBER;5;20260123;151000;306.57;306.57;306.48;306.53;50169
SBER;5;20260123;151500;306.53;306.53;306.33;306.5;80815
SBER;5;20260123;152000;306.5;306.67;306.44;306.63;80163
SBER;5;20260123;152500;306.63;306.66;306.55;306.6;33080
SBER;5;20260123;153000;306.6;306.72;306.59;306.71;54596
SBER;5;20260123;153500;306.72;306.72;306.7;306.71;81429
SBER;5;20260123;154000;306.71;306.88;306.71;306.75;91504
SBER;5;20260123;154500;306.75;306.88;306.75;306.88;69552
SBER;5;20260123;155000;306.88;306.88;306.85;306.88;61917
SBER;5;20260123;155500;306.88;306.88;306.85;306.85;101320
SBER;5;20260123;160000;306.85;306.88;306.6;306.72;187446
SBER;5;20260123;160500;306.71;306.88;306.71;306.87;102993
SBER;5;20260123;161000;306.87;306.91;306.83;306.91;76807
SBER;5;20260123;161500;306.91;306.93;306.81;306.81;26600
SBER;5;20260123;162000;306.82;306.89;306.79;306.8;16467
SBER;5;20260123;162500;306.8;306.8;306.66;306.67;17270
SBER;5;20260123;163000;306.67;306.72;306.65;306.69;41500
SBER;5;20260123;163500;306.68;306.7;306.68;306.68;26909
SBER;5;20260123;164000;306.68;306.69;306.6;306.61;47477
SBER;5;20260123;164500;306.61;306.69;306.34;306.34;203514
SBER;5;20260123;165000;306.35;306.49;306.11;306.16;271006
SBER;5;20260123;165500;306.15;306.2;305.87;305.9;334973
SBER;5;20260123;170000;305.91;306;305.88;306;362300
SBER;5;20260123;170500;306;306.1;305.95;306.1;547798
SBER;5;20260123;171000;306.1;306.19;306.09;306.14;91572
SBER;5;20260123;171500;306.15;306.29;305.99;306.29;86309
SBER;5;20260123;172000;306.27;306.27;306.09;306.27;16095
SBER;5;20260123;172500;306.27;306.4;306.27;306.38;18173
SBER;5;20260123;173000;306.39;306.54;306.37;306.5;46642
SBER;5;20260123;173500;306.5;306.5;306.39;306.45;30958
SBER;5;20260123;174000;306.46;306.6;306.45;306.53;15712
SBER;5;20260123;174500;306.55;306.61;306.53;306.57;22527
SBER;5;20260123;175000;306.57;306.57;306.54;306.55;10851
SBER;5;20260123;175500;306.56;306.57;306.27;306.27;40213
SBER;5;20260123;180000;306.28;306.48;306.26;306.45;19601
SBER;5;20260123;180500;306.47;306.57;306.46;306.55;35171
SBER;5;20260123;181000;306.56;306.65;306.51;306.6;34239
SBER;5;20260123;181500;306.6;306.68;306.55;306.59;61724
SBER;5;20260123;182000;306.59;306.66;306.59;306.64;9325
SBER;5;20260123;182500;306.63;306.66;306.63;306.66;17906
SBER;5;20260123;183000;306.66;306.72;306.6;306.71;76231
SBER;5;20260123;183500;306.72;306.79;306.63;306.65;105455
SBER;5;20260123;184500;307.2;307.2;307.2;307.2;504483
SBER;5;20260123;190000;307;307.19;306.51;306.67;177327
SBER;5;20260123;190500;306.65;306.9;305.76;306.59;349306
SBER;5;20260123;191000;306.59;306.74;306.58;306.65;20914
SBER;5;20260123;191500;306.66;306.72;306.63;306.64;15803
SBER;5;20260123;192000;306.64;306.64;306.53;306.53;8020
SBER;5;20260123;192500;306.54;306.59;306.53;306.56;6463
SBER;5;20260123;193000;306.56;306.57;306.53;306.54;6347
SBER;5;20260123;193500;306.54;306.6;306.5;306.51;31931
SBER;5;20260123;194000;306.51;306.52;306.51;306.52;16137
SBER;5;20260123;194500;306.52;306.52;306.33;306.4;40892
SBER;5;20260123;195000;306.41;306.47;306.38;306.46;10140
SBER;5;20260123;195500;306.45;306.47;306.41;306.45;8650
SBER;5;20260123;200000;306.42;306.45;306.22;306.28;25846
SBER;5;20260123;200500;306.28;306.39;306.28;306.36;6328
SBER;5;20260123;201000;306.35;306.36;306.21;306.25;16174
SBER;5;20260123;201500;306.24;306.25;306.23;306.24;5116
SBER;5;20260123;202000;306.24;306.24;306.2;306.2;9406
SBER;5;20260123;202500;306.2;306.25;306.2;306.25;8660
SBER;5;20260123;203000;306.25;306.29;306.24;306.28;18764
SBER;5;20260123;203500;306.29;306.81;306.28;306.6;169126
SBER;5;20260123;204000;306.59;306.95;306.59;306.88;268914
SBER;5;20260123;204500;306.88;307.04;306.79;306.86;249053
SBER;5;20260123;205000;306.85;306.89;306.69;306.8;33231
SBER;5;20260123;205500;306.84;307.3;306.43;306.8;488606
SBER;5;20260123;210000;306.79;306.96;306.79;306.94;48978
SBER;5;20260123;210500;306.91;306.99;306.8;306.99;15846
SBER;5;20260123;211000;306.99;307.17;306.98;307.16;40467
SBER;5;20260123;211500;307.15;307.24;307.12;307.2;91787
SBER;5;20260123;212000;307.2;307.24;307.02;307.14;65110
SBER;5;20260123;212500;307.13;307.14;306.88;307.01;105955
SBER;5;20260123;213000;307;307.15;307;307.09;37797
SBER;5;20260123;213500;307.11;307.18;307.09;307.15;35900
SBER;5;20260123;214000;307.14;307.14;306.77;306.87;58175
SBER;5;20260123;214500;306.87;306.92;306.8;306.85;37979
SBER;5;20260123;215000;306.89;306.95;306.82;306.94;42163
SBER;5;20260123;215500;306.94;307.1;306.84;306.89;74231
SBER;5;20260123;220000;306.89;307;306.88;306.89;12432
SBER;5;20260123;220500;306.89;306.89;306.67;306.77;28748
SBER;5;20260123;221000;306.77;307.03;306.65;306.79;84139
SBER;5;20260123;221500;306.79;306.84;306.77;306.83;11435
SBER;5;20260123;222000;306.83;306.83;306.8;306.81;17214
SBER;5;20260123;222500;306.82;307;306.82;306.9;46625
SBER;5;20260123;223000;306.91;307.01;306.9;307;65146
SBER;5;20260123;223500;307.01;307.01;306.85;306.88;27503
SBER;5;20260123;224000;306.9;306.97;306.84;306.96;6556
SBER;5;20260123;224500;306.96;307.09;306.95;307.02;84397
SBER;5;20260123;225000;307.02;307.03;307.01;307.02;8854
SBER;5;20260123;225500;307.02;307.02;306.97;306.98;7474
SBER;5;20260123;230000;306.98;307.14;306.97;307;130338
SBER;5;20260123;230500;307;307.01;306.92;306.98;11462
SBER;5;20260123;231000;306.97;307;306.97;307;32859
SBER;5;20260123;231500;307;307.1;306.99;307.02;5365
SBER;5;20260123;232000;307.03;307.04;306.89;306.98;67993
SBER;5;20260123;232500;306.97;307.01;306.9;306.98;31494
SBER;5;20260123;233000;306.98;307.02;306.9;306.9;21889
SBER;5;20260123;233500;306.89;306.95;306.82;306.95;28448
SBER;5;20260123;234000;306.95;307.04;306.89;307;50794
SBER;5;20260123;234500;307;307;306.8;306.88;46481
SBER;5;20260124;095500;306.88;306.88;306.88;306.88;2779
SBER;5;20260124;100000;306.88;307.35;306.88;307.25;58144
SBER;5;20260124;100500;307.25;307.25;306.82;306.82;74547
SBER;5;20260124;101000;306.82;306.94;306.79;306.94;7608
SBER;5;20260124;101500;306.92;307;306.83;306.96;17695
SBER;5;20260124;102000;306.96;306.98;306.84;306.97;10316
SBER;5;20260124;102500;306.93;306.98;306.84;306.93;16555
SBER;5;20260124;103000;306.97;306.99;306.94;306.97;6247
SBER;5;20260124;103500;306.97;307.09;306.93;307.06;17449
SBER;5;20260124;104000;307.08;307.1;307.06;307.09;7872
SBER;5;20260124;104500;307.06;307.1;307.06;307.1;14362
SBER;5;20260124;105000;307.1;307.1;307.03;307.08;7532
SBER;5;20260124;105500;307.08;307.23;307.03;307.11;25853
SBER;5;20260124;110000;307.11;307.19;307.11;307.16;7159
SBER;5;20260124;110500;307.17;307.21;307.08;307.19;5408
SBER;5;20260124;111000;307.19;307.19;307.09;307.14;3703
SBER;5;20260124;111500;307.18;307.18;307.13;307.17;7180
SBER;5;20260124;112000;307.17;307.17;306.98;307.08;17211
SBER;5;20260124;112500;307.08;307.08;306.99;307.05;3519
SBER;5;20260124;113000;307.05;307.07;306.95;307.07;6524
SBER;5;20260124;113500;307.07;307.1;306.93;307.02;20086
SBER;5;20260124;114000;307.01;307.05;306.97;307.03;2879
SBER;5;20260124;114500;307.03;307.08;307.02;307.08;7611
SBER;5;20260124;115000;307.08;307.08;307.03;307.07;10566
SBER;5;20260124;115500;307.07;307.07;307;307.04;6567
SBER;5;20260124;120000;307.04;307.05;306.65;306.65;63831
SBER;5;20260124;120500;306.68;306.86;306.65;306.75;29406
SBER;5;20260124;121000;306.75;306.75;306.55;306.59;49816
SBER;5;20260124;121500;306.59;306.6;306.31;306.4;47880
SBER;5;20260124;122000;306.4;306.49;306.34;306.45;15012
SBER;5;20260124;122500;306.45;306.46;306.3;306.35;23780
SBER;5;20260124;123000;306.35;306.35;306.25;306.35;28831
SBER;5;20260124;123500;306.35;306.47;306.34;306.46;6094
SBER;5;20260124;124000;306.46;306.54;306.45;306.52;15848
SBER;5;20260124;124500;306.52;306.54;306.39;306.52;31798
SBER;5;20260124;125000;306.52;306.53;306.44;306.5;10258
SBER;5;20260124;125500;306.5;306.54;306.5;306.54;8362
SBER;5;20260124;130000;306.54;306.63;306.53;306.62;16219
SBER;5;20260124;130500;306.61;306.62;306.6;306.6;15482
SBER;5;20260124;131000;306.6;306.61;306.27;306.29;83031
SBER;5;20260124;131500;306.29;306.31;306.12;306.18;38824
SBER;5;20260124;132000;306.18;306.36;306.16;306.34;35692
SBER;5;20260124;132500;306.31;306.34;305.92;305.93;148746
SBER;5;20260124;133000;305.93;306.48;305.89;306.14;121050
SBER;5;20260124;133500;306.09;306.25;306;306.2;36034
SBER;5;20260124;134000;306.2;306.38;306.17;306.25;13321
SBER;5;20260124;134500;306.25;306.38;306.12;306.33;38509
SBER;5;20260124;135000;306.36;306.47;306.2;306.29;13831
SBER;5;20260124;135500;306.2;306.32;306;306.29;108536
SBER;5;20260124;140000;306.24;306.57;306.24;306.5;27997
SBER;5;20260124;140500;306.47;306.5;306.4;306.46;5004
SBER;5;20260124;141000;306.46;306.46;306.36;306.39;15272
SBER;5;20260124;141500;306.37;306.4;306.11;306.14;19993
SBER;5;20260124;142000;306.15;306.19;306.04;306.08;17288
SBER;5;20260124;142500;306.07;306.29;306.07;306.29;17671
SBER;5;20260124;143000;306.29;306.32;306.23;306.23;10821
SBER;5;20260124;143500;306.28;306.3;306.2;306.22;2528
SBER;5;20260124;144000;306.28;306.28;306.03;306.18;23882
SBER;5;20260124;144500;306.18;306.28;305.99;306;66286
SBER;5;20260124;145000;306;306.19;305.98;306.08;119287
SBER;5;20260124;145500;306.08;306.17;306.04;306.17;2618
SBER;5;20260124;150000;306.13;306.17;306.04;306.13;13145
SBER;5;20260124;150500;306.12;306.15;306.01;306.04;24962
SBER;5;20260124;151000;306.05;306.11;305.98;305.98;39492
SBER;5;20260124;151500;305.99;305.99;305.92;305.93;26580
SBER;5;20260124;152000;305.93;305.95;305.9;305.95;19144
SBER;5;20260124;152500;305.95;305.98;305.81;305.81;34186
SBER;5;20260124;153000;305.81;305.97;305.78;305.79;43103
SBER;5;20260124;153500;305.79;305.81;305.12;305.28;205571
SBER;5;20260124;154000;305.28;305.39;305.27;305.35;63440
SBER;5;20260124;154500;305.35;305.4;305.31;305.35;63305
SBER;5;20260124;155000;305.34;306.18;305.32;305.91;250271
SBER;5;20260124;155500;305.91;306.06;305.76;306;53106
SBER;5;20260124;160000;306;306.17;305.85;306.03;130259
SBER;5;20260124;160500;306.03;306.03;305.76;306;36223
SBER;5;20260124;161000;305.99;306.13;305.85;306;31193
SBER;5;20260124;161500;306;306.1;305.88;305.98;19050
SBER;5;20260124;162000;305.98;306.03;305.92;306;10214
SBER;5;20260124;162500;306;306.02;305.95;306.01;3472
SBER;5;20260124;163000;305.95;306.02;305.88;305.88;7638
SBER;5;20260124;163500;305.88;306.02;305.71;306.02;63964
SBER;5;20260124;164000;306.02;306.05;305.91;305.98;8478
SBER;5;20260124;164500;306.05;306.05;305.74;305.76;6824
SBER;5;20260124;165000;305.76;306;305.76;305.99;73438
SBER;5;20260124;165500;305.99;306.05;305.88;306.05;16241
SBER;5;20260124;170000;306.02;306.1;305.95;306.02;8718
SBER;5;20260124;170500;306.02;306.11;305.95;306.1;13050
SBER;5;20260124;171000;306.1;306.42;306.04;306.23;82432
SBER;5;20260124;171500;306.36;306.39;306.2;306.32;22634
SBER;5;20260124;172000;306.32;306.37;306.01;306.16;19977
SBER;5;20260124;172500;306.16;306.29;306.11;306.21;31430
SBER;5;20260124;173000;306.21;306.24;306.15;306.21;5059
SBER;5;20260124;173500;306.16;306.21;306.13;306.13;4034
SBER;5;20260124;174000;306.13;306.13;306.02;306.03;4429
SBER;5;20260124;174500;306.08;306.12;306;306.03;12888
SBER;5;20260124;175000;306.03;306.19;306;306.02;47657
SBER;5;20260124;175500;306.02;306.09;306;306.09;12812
SBER;5;20260124;180000;306.09;306.09;305.92;306.07;12525
SBER;5;20260124;180500;306.02;306.09;305.98;306.08;10224
SBER;5;20260124;181000;306.09;306.34;306.09;306.19;21219
SBER;5;20260124;181500;306.2;306.3;306.2;306.25;5519
SBER;5;20260124;182000;306.25;306.29;306.24;306.25;3818
SBER;5;20260124;182500;306.28;306.29;306.24;306.25;2383
SBER;5;20260124;183000;306.27;306.29;306.27;306.29;1275
SBER;5;20260124;183500;306.27;306.29;306.03;306.13;18662
SBER;5;20260124;184000;306.14;306.28;306.03;306.27;17787
SBER;5;20260124;184500;306.27;306.29;306.13;306.24;1826
SBER;5;20260124;185000;306.24;306.34;306.21;306.31;9845
SBER;5;20260124;185500;306.32;306.33;306.13;306.29;13268
SBER;5;20260125;095500;306.36;306.36;306.36;306.36;2122
SBER;5;20260125;100000;306.39;306.7;305.93;306.3;42581
SBER;5;20260125;100500;306.28;306.45;306.28;306.34;26082
SBER;5;20260125;101000;306.34;306.4;306.28;306.39;7497
SBER;5;20260125;101500;306.36;306.46;306.27;306.46;17434
SBER;5;20260125;102000;306.46;306.48;306.43;306.48;21699
SBER;5;20260125;102500;306.48;306.66;306.45;306.6;23478
SBER;5;20260125;103000;306.62;306.63;306.45;306.46;4218
SBER;5;20260125;103500;306.45;306.59;306.43;306.54;7682
SBER;5;20260125;104000;306.48;306.54;306.42;306.45;6368
SBER;5;20260125;104500;306.45;306.54;306.41;306.54;1635
SBER;5;20260125;105000;306.54;306.56;306.36;306.43;19277
SBER;5;20260125;105500;306.46;306.56;306.41;306.56;3806
SBER;5;20260125;110000;306.55;306.56;306.43;306.51;8112
SBER;5;20260125;110500;306.51;306.55;306.4;306.45;15030
SBER;5;20260125;111000;306.44;306.49;306.4;306.46;5772
SBER;5;20260125;111500;306.49;306.5;306.44;306.48;2258
SBER;5;20260125;112000;306.48;306.48;306.42;306.48;4010
SBER;5;20260125;112500;306.48;306.48;306.42;306.44;4587
SBER;5;20260125;113000;306.44;306.47;306.4;306.44;4561
SBER;5;20260125;113500;306.44;306.44;306.4;306.44;1347
SBER;5;20260125;114000;306.44;306.44;306.35;306.37;22637
SBER;5;20260125;114500;306.37;306.37;306.35;306.36;8549
SBER;5;20260125;115000;306.36;306.36;306.27;306.27;12625
SBER;5;20260125;115500;306.3;306.35;306.25;306.34;5806
SBER;5;20260125;120000;306.29;306.36;306.28;306.35;2393
SBER;5;20260125;120500;306.34;306.5;306.34;306.5;14886
SBER;5;20260125;121000;306.5;306.55;306.32;306.35;18254
SBER;5;20260125;121500;306.34;306.47;306.31;306.47;2673
SBER;5;20260125;122000;306.45;306.55;306.4;306.54;7302
SBER;5;20260125;122500;306.54;306.64;306.45;306.52;121501
SBER;5;20260125;123000;306.58;306.86;306.5;306.77;71442
SBER;5;20260125;123500;306.77;307;306.64;306.82;117770
SBER;5;20260125;124000;306.76;306.9;306.75;306.76;47832
SBER;5;20260125;124500;306.78;306.91;306.77;306.88;16105
SBER;5;20260125;125000;306.88;306.93;306.88;306.9;15807
SBER;5;20260125;125500;306.9;306.9;306.74;306.87;24574
SBER;5;20260125;130000;306.82;306.93;306.72;306.87;20685
SBER;5;20260125;130500;306.87;306.92;306.83;306.9;29635
SBER;5;20260125;131000;306.9;306.96;306.84;306.95;30583
SBER;5;20260125;131500;306.95;307.02;306.84;306.98;148590
SBER;5;20260125;132000;306.94;306.98;306.71;306.78;6510
SBER;5;20260125;132500;306.78;306.86;306.74;306.84;3947
SBER;5;20260125;133000;306.78;306.84;306.75;306.79;2787
SBER;5;20260125;133500;306.78;306.79;306.57;306.57;6607
SBER;5;20260125;134000;306.57;306.8;306.57;306.8;11243
SBER;5;20260125;134500;306.79;306.8;306.68;306.73;6784
SBER;5;20260125;135000;306.69;306.74;306.69;306.73;3951
SBER;5;20260125;135500;306.69;306.73;306.6;306.72;5429
SBER;5;20260125;140000;306.68;306.88;306.68;306.84;10970
SBER;5;20260125;140500;306.83;306.9;306.78;306.84;10755
SBER;5;20260125;141000;306.84;306.9;306.73;306.79;12835
SBER;5;20260125;141500;306.79;306.87;306.75;306.79;4528
SBER;5;20260125;142000;306.8;306.9;306.75;306.75;9234
SBER;5;20260125;142500;306.79;306.84;306.7;306.83;10064
SBER;5;20260125;143000;306.84;306.89;306.76;306.89;9097
SBER;5;20260125;143500;306.89;306.89;306.77;306.87;4329
SBER;5;20260125;144000;306.87;306.89;306.8;306.89;6392
SBER;5;20260125;144500;306.85;306.89;306.81;306.85;3169
SBER;5;20260125;145000;306.8;306.9;306.78;306.84;7891
SBER;5;20260125;145500;306.84;306.92;306.8;306.92;7145
SBER;5;20260125;150000;306.92;306.92;306.81;306.9;5970
SBER;5;20260125;150500;306.9;306.91;306.8;306.89;4413
SBER;5;20260125;151000;306.9;306.91;306.76;306.8;4915
SBER;5;20260125;151500;306.81;306.92;306.77;306.87;3806
SBER;5;20260125;152000;306.88;306.94;306.88;306.94;1548
SBER;5;20260125;152500;306.94;306.94;306.85;306.9;3662
SBER;5;20260125;153000;306.9;306.95;306.85;306.86;12612
SBER;5;20260125;153500;306.86;306.91;306.8;306.89;3179
SBER;5;20260125;154000;306.89;306.94;306.83;306.92;4294
SBER;5;20260125;154500;306.87;306.93;306.86;306.92;4507
SBER;5;20260125;155000;306.92;306.93;306.79;306.79;8345
SBER;5;20260125;155500;306.86;306.88;306.75;306.81;4413
SBER;5;20260125;160000;306.76;307;306.63;306.89;52968
SBER;5;20260125;160500;306.83;306.92;306.76;306.89;3280
SBER;5;20260125;161000;306.89;306.93;306.75;306.92;2031
SBER;5;20260125;161500;306.92;306.96;306.91;306.93;6429
SBER;5;20260125;162000;306.92;307;306.91;306.97;17233
SBER;5;20260125;162500;306.96;306.97;306.9;306.92;2422
SBER;5;20260125;163000;306.91;306.95;306.9;306.94;2389
SBER;5;20260125;163500;306.92;306.94;306.86;306.9;3551
SBER;5;20260125;164000;306.93;306.93;306.79;306.89;3930
SBER;5;20260125;164500;306.83;306.9;306.82;306.85;1549
SBER;5;20260125;165000;306.85;306.95;306.85;306.95;6818
SBER;5;20260125;165500;306.95;306.95;306.91;306.93;4486
SBER;5;20260125;170000;306.95;306.98;306.93;306.97;9053
SBER;5;20260125;170500;306.97;306.98;306.92;306.97;9854
SBER;5;20260125;171000;306.93;306.96;306.9;306.95;1212
SBER;5;20260125;171500;306.95;306.95;306.84;306.85;4042
SBER;5;20260125;172000;306.91;306.93;306.84;306.92;3419
SBER;5;20260125;172500;306.92;306.92;306.86;306.88;1284
SBER;5;20260125;173000;306.9;306.91;306.86;306.91;12223
SBER;5;20260125;173500;306.91;306.91;306.8;306.8;11025
SBER;5;20260125;174000;306.81;306.89;306.72;306.77;12919
SBER;5;20260125;174500;306.76;306.77;306.75;306.77;4263
SBER;5;20260125;175000;306.76;306.8;306.74;306.8;36816
SBER;5;20260125;175500;306.79;306.8;306.75;306.76;8890
SBER;5;20260125;180000;306.76;306.79;306.75;306.79;6725
SBER;5;20260125;180500;306.79;306.79;306.76;306.77;8243
SBER;5;20260125;181000;306.79;306.8;306.77;306.79;2472
SBER;5;20260125;181500;306.77;306.8;306.77;306.78;6416
SBER;5;20260125;182000;306.78;306.8;306.7;306.77;25933
SBER;5;20260125;182500;306.77;306.8;306.75;306.8;8515
SBER;5;20260125;183000;306.77;306.8;306.7;306.77;6780
SBER;5;20260125;183500;306.77;306.8;306.7;306.75;14261
SBER;5;20260125;184000;306.75;306.8;306.73;306.74;10644
SBER;5;20260125;184500;306.75;306.78;306.73;306.73;6436
SBER;5;20260125;185000;306.75;306.79;306.73;306.77;3522
SBER;5;20260125;185500;306.79;306.8;306.74;306.75;16696
SBER;5;20260126;070000;306.58;306.65;306.31;306.5;73938
SBER;5;20260126;070500;306.49;306.49;306.12;306.2;60317
SBER;5;20260126;071000;306.24;306.26;306.1;306.1;34577
SBER;5;20260126;071500;306.1;306.1;305.99;306.09;35650
SBER;5;20260126;072000;306.09;306.15;305.98;306.11;32044
SBER;5;20260126;072500;306.11;306.15;305.81;306.03;70054
SBER;5;20260126;073000;306.03;306.07;305.92;306;46127
SBER;5;20260126;073500;306.04;306.08;306;306.07;22443
SBER;5;20260126;074000;306.07;306.15;306.02;306.15;24815
SBER;5;20260126;074500;306.15;306.2;306.11;306.15;43030
SBER;5;20260126;075000;306.2;306.26;306.01;306.1;27647
SBER;5;20260126;075500;306.1;306.16;305.97;306.05;35963
SBER;5;20260126;080000;306.05;306.29;306;306.29;37580
SBER;5;20260126;080500;306.28;306.32;306.18;306.18;15481
SBER;5;20260126;081000;306.21;306.4;306.1;306.33;44974
SBER;5;20260126;081500;306.33;306.42;306.18;306.22;4384
SBER;5;20260126;082000;306.21;306.44;306.2;306.43;5246
SBER;5;20260126;082500;306.42;306.43;306.12;306.15;25612
SBER;5;20260126;083000;306.15;306.15;305.35;305.45;307729
SBER;5;20260126;083500;305.45;305.89;305.45;305.81;95346
SBER;5;20260126;084000;305.81;306.04;305.81;305.88;53783
SBER;5;20260126;084500;305.87;305.94;305.74;305.94;49169
SBER;5;20260126;085000;305.94;306.21;305.92;306.18;30509
SBER;5;20260126;085500;306.14;306.2;306.04;306.14;26122
SBER;5;20260126;090000;306.14;306.19;305.2;305.32;474971
SBER;5;20260126;090500;305.32;305.72;305.21;305.65;181511
SBER;5;20260126;091000;305.68;305.97;305.63;305.85;67002
SBER;5;20260126;091500;305.86;305.9;305.66;305.9;28042
SBER;5;20260126;092000;305.88;305.89;305.31;305.31;256811
SBER;5;20260126;092500;305.31;305.64;305.3;305.48;60791
SBER;5;20260126;093000;305.48;305.54;305.17;305.34;146942
SBER;5;20260126;093500;305.34;305.58;305.3;305.47;77814
SBER;5;20260126;094000;305.47;305.52;305.35;305.52;21045
SBER;5;20260126;094500;305.52;305.67;305.52;305.67;39111
SBER;5;20260126;095000;305.65;305.7;305.48;305.51;116612
SBER;5;20260126;095500;305.52;305.64;305.22;305.35;200445
SBER;5;20260126;100000;305.35;305.47;305.05;305.47;281607
SBER;5;20260126;100500;305.47;305.64;305.3;305.63;85511
SBER;5;20260126;101000;305.64;305.64;305.38;305.39;96948
SBER;5;20260126;101500;305.39;305.41;305.26;305.41;80543
SBER;5;20260126;102000;305.41;305.62;305.35;305.44;59147
SBER;5;20260126;102500;305.43;305.44;305.17;305.21;124923
SBER;5;20260126;103000;305.24;305.31;305.2;305.31;55012
SBER;5;20260126;103500;305.31;305.59;305.15;305.51;152448
SBER;5;20260126;104000;305.51;305.51;305.2;305.25;63097
SBER;5;20260126;104500;305.25;305.25;304.61;304.82;416499
SBER;5;20260126;105000;304.82;305.26;304.72;304.99;416211
SBER;5;20260126;105500;304.99;305.04;304.98;305.01;134625
SBER;5;20260126;110000;305.02;305.02;304.9;305.02;152946
SBER;5;20260126;110500;305.02;305.1;304.95;305.06;92272
SBER;5;20260126;111000;305.06;305.1;304.96;304.99;74717
SBER;5;20260126;111500;304.99;305.03;304.9;304.97;109819
SBER;5;20260126;112000;304.97;305.13;304.9;305.05;82038
SBER;5;20260126;112500;305.05;305.14;304.85;304.85;122568
SBER;5;20260126;113000;304.86;304.88;304.71;304.82;190282
SBER;5;20260126;113500;304.82;304.82;304.63;304.7;95698
SBER;5;20260126;114000;304.7;304.88;304.63;304.7;161531
SBER;5;20260126;114500;304.71;304.72;304.55;304.62;171462
SBER;5;20260126;115000;304.62;304.78;304.6;304.77;134574
SBER;5;20260126;115500;304.77;304.78;304.57;304.58;175957
SBER;5;20260126;120000;304.58;304.58;304.23;304.5;351047
SBER;5;20260126;120500;304.52;304.63;304.33;304.53;165879
SBER;5;20260126;121000;304.52;304.54;304.26;304.4;180507
SBER;5;20260126;121500;304.38;304.47;304.27;304.44;155519
SBER;5;20260126;122000;304.44;304.64;304.35;304.55;289498
SBER;5;20260126;122500;304.56;304.56;304.35;304.36;182236
SBER;5;20260126;123000;304.36;304.36;304.22;304.27;74346
SBER;5;20260126;123500;304.28;304.38;304.24;304.3;78240
SBER;5;20260126;124000;304.3;304.49;304.26;304.45;98265
SBER;5;20260126;124500;304.42;304.65;304.42;304.65;136245
SBER;5;20260126;125000;304.65;304.65;304.5;304.51;127238
SBER;5;20260126;125500;304.5;304.51;304.23;304.23;119469
SBER;5;20260126;130000;304.28;304.66;304.26;304.66;120963
SBER;5;20260126;130500;304.67;304.79;304.55;304.64;130110
SBER;5;20260126;131000;304.63;304.66;304.4;304.5;64578
SBER;5;20260126;131500;304.5;304.75;304.39;304.74;94078
SBER;5;20260126;132000;304.74;304.89;304.66;304.88;58975
SBER;5;20260126;132500;304.89;304.94;304.81;304.91;45256
SBER;5;20260126;133000;304.9;304.91;304.76;304.88;25873
SBER;5;20260126;133500;304.89;304.91;304.79;304.8;27503
SBER;5;20260126;134000;304.8;304.8;304.6;304.65;55043
SBER;5;20260126;134500;304.62;304.68;304.39;304.47;89340
SBER;5;20260126;135000;304.47;304.88;304.47;304.87;95147
SBER;5;20260126;135500;304.86;304.87;304.7;304.76;23321
SBER;5;20260126;140000;304.76;304.98;304.75;304.97;44219
SBER;5;20260126;140500;304.95;304.95;304.78;304.9;36229
SBER;5;20260126;141000;304.91;304.93;304.8;304.88;24722
SBER;5;20260126;141500;304.89;304.9;304.82;304.85;23095
SBER;5;20260126;142000;304.85;304.9;304.78;304.9;33311
SBER;5;20260126;142500;304.9;304.95;304.85;304.93;28916
SBER;5;20260126;143000;304.93;304.93;304.83;304.86;13090
SBER;5;20260126;143500;304.9;304.93;304.81;304.85;28672
SBER;5;20260126;144000;304.84;304.84;304.44;304.55;220100
SBER;5;20260126;144500;304.55;304.55;304.25;304.26;108334
SBER;5;20260126;145000;304.26;304.26;303.72;303.86;764992
SBER;5;20260126;145500;303.86;303.86;303.66;303.76;541305
SBER;5;20260126;150000;303.76;303.89;303.65;303.79;213880
SBER;5;20260126;150500;303.81;303.85;303.32;303.46;472549
SBER;5;20260126;151000;303.46;303.5;303.3;303.48;618847
SBER;5;20260126;151500;303.48;303.5;303.44;303.49;127028
SBER;5;20260126;152000;303.49;303.51;303.47;303.49;120999
SBER;5;20260126;152500;303.48;303.54;303.39;303.42;167821
SBER;5;20260126;153000;303.41;303.41;303.12;303.25;311066
SBER;5;20260126;153500;303.24;303.36;303.24;303.31;107033
SBER;5;20260126;154000;303.33;303.38;303.29;303.38;49560
SBER;5;20260126;154500;303.38;303.49;303.29;303.46;85500
SBER;5;20260126;155000;303.46;303.55;303.44;303.54;62752
SBER;5;20260126;155500;303.54;303.55;303.48;303.48;76185
SBER;5;20260126;160000;303.49;303.49;303.16;303.26;213343
SBER;5;20260126;160500;303.27;303.36;303.18;303.35;105465
SBER;5;20260126;161000;303.36;303.44;303.35;303.44;27790
SBER;5;20260126;161500;303.43;303.71;303.33;303.51;257944
SBER;5;20260126;162000;303.51;303.87;303.47;303.73;269177
SBER;5;20260126;162500;303.74;303.74;303.59;303.71;71981
SBER;5;20260126;163000;303.71;303.74;303.51;303.6;72278
SBER;5;20260126;163500;303.6;303.66;303.51;303.61;50834
SBER;5;20260126;164000;303.62;303.69;303.61;303.69;66639
SBER;5;20260126;164500;303.69;303.69;303.51;303.61;53674
SBER;5;20260126;165000;303.61;303.77;303.5;303.76;55256
SBER;5;20260126;165500;303.76;303.77;303.6;303.65;63723
SBER;5;20260126;170000;303.65;303.65;303.49;303.63;62362
SBER;5;20260126;170500;303.63;303.63;303.25;303.49;151476
SBER;5;20260126;171000;303.49;303.67;303.38;303.6;105794
SBER;5;20260126;171500;303.59;303.63;303.41;303.63;90907
SBER;5;20260126;172000;303.63;303.67;303.47;303.63;71696
SBER;5;20260126;172500;303.63;303.67;303.34;303.41;79304
SBER;5;20260126;173000;303.41;303.64;303.26;303.61;63831
SBER;5;20260126;173500;303.61;303.8;303.43;303.8;204897
SBER;5;20260126;174000;303.8;303.8;303.4;303.52;70218
SBER;5;20260126;174500;303.51;303.52;303.26;303.29;67599
SBER;5;20260126;175000;303.3;303.51;303.27;303.44;55473
SBER;5;20260126;175500;303.45;303.56;303.38;303.4;73470
SBER;5;20260126;180000;303.4;303.4;303;303.05;558667
SBER;5;20260126;180500;303.05;303.05;302.7;302.81;414518
SBER;5;20260126;181000;302.81;302.99;302.77;302.99;63184
SBER;5;20260126;181500;302.99;302.99;302.74;302.82;163474
SBER;5;20260126;182000;302.83;302.99;302.81;302.95;75742
SBER;5;20260126;182500;302.95;302.98;302.9;302.93;130512
SBER;5;20260126;183000;302.93;302.93;302.7;302.74;150360
SBER;5;20260126;183500;302.74;302.84;302.72;302.83;84756
SBER;5;20260126;184500;303.35;303.35;303.35;303.35;196943
SBER;5;20260126;190000;303.35;303.4;303.02;303.33;61317
SBER;5;20260126;190500;303.33;303.33;302.97;303.07;71702
SBER;5;20260126;191000;303.07;303.34;303.06;303.2;31324
SBER;5;20260126;191500;303.22;303.46;303.22;303.36;33188
SBER;5;20260126;192000;303.36;303.4;303.33;303.38;64578
SBER;5;20260126;192500;303.39;303.4;303.37;303.4;48931
SBER;5;20260126;193000;303.4;303.44;303.37;303.42;16515
SBER;5;20260126;193500;303.44;303.49;303.42;303.46;18992
SBER;5;20260126;194000;303.47;303.59;303.46;303.58;73829
SBER;5;20260126;194500;303.58;303.6;303.49;303.51;50243
SBER;5;20260126;195000;303.51;303.6;303.5;303.5;23024
SBER;5;20260126;195500;303.51;303.52;303.47;303.52;13191
SBER;5;20260126;200000;303.52;303.75;303.5;303.74;28043
SBER;5;20260126;200500;303.74;304.19;303.72;303.89;277878
SBER;5;20260126;201000;303.88;304.05;303.88;303.94;50977
SBER;5;20260126;201500;303.94;303.99;303.88;303.99;23927
SBER;5;20260126;202000;303.98;303.99;303.96;303.97;17570
SBER;5;20260126;202500;303.97;303.98;303.9;303.97;13556
SBER;5;20260126;203000;303.98;303.98;303.81;303.92;33331
SBER;5;20260126;203500;303.92;303.94;303.88;303.89;10680
SBER;5;20260126;204000;303.89;303.89;303.8;303.87;32703
SBER;5;20260126;204500;303.87;303.88;303.8;303.84;18079
SBER;5;20260126;205000;303.84;303.85;303.77;303.78;20265
SBER;5;20260126;205500;303.79;303.79;303.76;303.77;5698
SBER;5;20260126;210000;303.77;303.86;303.75;303.83;14683
SBER;5;20260126;210500;303.83;303.84;303.75;303.77;8951
SBER;5;20260126;211000;303.76;303.77;303.6;303.63;22402
SBER;5;20260126;211500;303.63;303.64;303.51;303.61;24031
SBER;5;20260126;212000;303.62;303.62;303.53;303.59;19884
SBER;5;20260126;212500;303.59;303.65;303.54;303.58;10288
SBER;5;20260126;213000;303.61;303.63;303.56;303.63;6145
SBER;5;20260126;213500;303.63;303.63;303.54;303.54;7652
SBER;5;20260126;214000;303.54;303.61;303.35;303.43;48459
SBER;5;20260126;214500;303.42;303.6;303.41;303.59;6948
SBER;5;20260126;215000;303.59;303.59;303.54;303.58;17493
SBER;5;20260126;215500;303.58;303.59;303.42;303.48;35471
SBER;5;20260126;220000;303.45;303.47;303.17;303.18;74234
SBER;5;20260126;220500;303.18;303.26;302.95;303.13;180307
SBER;5;20260126;221000;303.12;303.17;303.09;303.13;23943
SBER;5;20260126;221500;303.12;303.45;303.12;303.35;87709
SBER;5;20260126;222000;303.35;303.35;303.16;303.18;21801
SBER;5;20260126;222500;303.18;303.39;303.13;303.39;37164
SBER;5;20260126;223000;303.37;303.58;303.37;303.52;45171
SBER;5;20260126;223500;303.5;303.56;303.47;303.54;9562
SBER;5;20260126;224000;303.54;303.55;303.42;303.49;24870
SBER;5;20260126;224500;303.48;303.51;303.37;303.38;45795
SBER;5;20260126;225000;303.38;303.41;303.19;303.23;20199
SBER;5;20260126;225500;303.24;303.24;303.15;303.18;5117
SBER;5;20260126;230000;303.19;303.2;303.09;303.19;39809
SBER;5;20260126;230500;303.18;303.2;303.17;303.19;10106
SBER;5;20260126;231000;303.18;303.2;303.11;303.18;35795
SBER;5;20260126;231500;303.18;303.2;303.14;303.19;13730
SBER;5;20260126;232000;303.19;303.2;303.1;303.13;18431
SBER;5;20260126;232500;303.15;303.16;303.05;303.07;27776
SBER;5;20260126;233000;303.07;303.19;303.04;303.17;40475
SBER;5;20260126;233500;303.17;303.22;303.16;303.22;26676
SBER;5;20260126;234000;303.23;303.23;303.05;303.06;20360
SBER;5;20260126;234500;303.11;303.22;302.92;303.17;73285
SBER;5;20260127;070000;303.23;303.47;303.21;303.44;26998
SBER;5;20260127;070500;303.44;303.64;303.41;303.6;43741
SBER;5;20260127;071000;303.6;303.68;303.41;303.47;66054
SBER;5;20260127;071500;303.45;303.46;303.4;303.45;6555
SBER;5;20260127;072000;303.45;303.6;303.41;303.51;10129
SBER;5;20260127;072500;303.58;303.58;303.49;303.51;12195
SBER;5;20260127;073000;303.5;303.51;303.44;303.47;6173
SBER;5;20260127;073500;303.47;303.47;303.29;303.36;34464
SBER;5;20260127;074000;303.36;303.36;303.24;303.34;10861
SBER;5;20260127;074500;303.33;303.42;303.33;303.33;29915
SBER;5;20260127;075000;303.33;303.4;303.24;303.4;10081
SBER;5;20260127;075500;303.4;303.4;303.3;303.31;5095
SBER;5;20260127;080000;303.31;303.39;303.2;303.21;28501
SBER;5;20260127;080500;303.21;303.23;303.2;303.22;7654
SBER;5;20260127;081000;303.23;303.4;303.22;303.4;14483
SBER;5;20260127;081500;303.4;303.42;303.39;303.39;6443
SBER;5;20260127;082000;303.41;303.43;303.4;303.42;14088
SBER;5;20260127;082500;303.42;303.55;303.42;303.55;4774
SBER;5;20260127;083000;303.55;303.56;303.46;303.51;9458
SBER;5;20260127;083500;303.51;303.87;303.5;303.8;37435
SBER;5;20260127;084000;303.79;303.8;303.73;303.75;22146
SBER;5;20260127;084500;303.75;303.8;303.74;303.77;13973
SBER;5;20260127;085000;303.75;303.79;303.59;303.67;41055
SBER;5;20260127;085500;303.67;303.72;303.61;303.71;3625
SBER;5;20260127;090000;303.64;303.68;303.29;303.6;58686
SBER;5;20260127;090500;303.59;303.59;303.53;303.55;10584
SBER;5;20260127;091000;303.55;303.58;303.55;303.58;8941
SBER;5;20260127;091500;303.58;303.72;303.57;303.64;27336
SBER;5;20260127;092000;303.64;303.79;303.62;303.78;41039
SBER;5;20260127;092500;303.78;303.8;303.66;303.72;28710
SBER;5;20260127;093000;303.71;303.76;303.68;303.73;16902
SBER;5;20260127;093500;303.73;303.79;303.7;303.72;20733
SBER;5;20260127;094000;303.71;303.77;303.7;303.76;113063
SBER;5;20260127;094500;303.76;303.78;303.72;303.78;17419
SBER;5;20260127;095000;303.78;303.78;303.7;303.7;25421
SBER;5;20260127;095500;303.71;303.76;303.7;303.72;24972
SBER;5;20260127;100000;303.72;303.98;303.7;303.97;200974
SBER;5;20260127;100500;303.98;304.04;303.55;303.56;100276
SBER;5;20260127;101000;303.56;303.57;303.55;303.55;33814
SBER;5;20260127;101500;303.55;303.7;303.55;303.55;101170
SBER;5;20260127;102000;303.55;303.68;303.55;303.62;33543
SBER;5;20260127;102500;303.62;303.71;303.6;303.62;33718
SBER;5;20260127;103000;303.62;303.62;303.3;303.31;144803
SBER;5;20260127;103500;303.31;303.31;303;303.12;210443
SBER;5;20260127;104000;303.11;303.23;303.1;303.12;90899
SBER;5;20260127;104500;303.12;303.12;303;303.01;143324
SBER;5;20260127;105000;303.02;303.45;303.01;303.21;132804
SBER;5;20260127;105500;303.21;303.41;303.1;303.32;32735
SBER;5;20260127;110000;303.32;303.4;303;303.03;155296
SBER;5;20260127;110500;303.05;303.29;302.9;302.9;276505
SBER;5;20260127;111000;302.91;303.24;302.87;303;203077
SBER;5;20260127;111500;303;303.18;302.86;303.05;100926
SBER;5;20260127;112000;303.05;303.22;302.93;303.12;49052
SBER;5;20260127;112500;303.12;303.28;303.11;303.28;273063
SBER;5;20260127;113000;303.28;303.28;303.09;303.13;364707
SBER;5;20260127;113500;303.13;303.3;303.13;303.29;357881
SBER;5;20260127;114000;303.3;303.3;303.2;303.2;126625
SBER;5;20260127;114500;303.21;303.3;303.18;303.3;85456
SBER;5;20260127;115000;303.29;303.32;303.29;303.32;191045
SBER;5;20260127;115500;303.32;303.32;303.04;303.19;111865
SBER;5;20260127;120000;303.19;303.32;303.16;303.26;92534
SBER;5;20260127;120500;303.27;303.32;303.25;303.32;21887
SBER;5;20260127;121000;303.32;303.32;303.21;303.22;52952
SBER;5;20260127;121500;303.21;303.23;303.13;303.23;72643
SBER;5;20260127;122000;303.23;303.28;303.1;303.25;141070
SBER;5;20260127;122500;303.23;303.32;303.15;303.2;90150
SBER;5;20260127;123000;303.2;303.32;303.19;303.32;30537
SBER;5;20260127;123500;303.31;303.34;303.31;303.34;134288
SBER;5;20260127;124000;303.34;303.34;303.27;303.28;34120
SBER;5;20260127;124500;303.28;303.29;303.14;303.25;67048
SBER;5;20260127;125000;303.25;303.34;303.21;303.34;46734
SBER;5;20260127;125500;303.34;303.34;303.33;303.34;21836
SBER;5;20260127;130000;303.34;303.34;303.33;303.34;78228
SBER;5;20260127;130500;303.34;303.34;303.32;303.33;44362
SBER;5;20260127;131000;303.33;303.34;303.25;303.3;48175
SBER;5;20260127;131500;303.32;303.33;303.27;303.33;12681
SBER;5;20260127;132000;303.33;303.34;303.3;303.3;51787
SBER;5;20260127;132500;303.3;303.34;303.16;303.19;67938
SBER;5;20260127;133000;303.19;303.3;303.19;303.22;12963
SBER;5;20260127;133500;303.22;303.33;303.21;303.3;10407
SBER;5;20260127;134000;303.3;303.32;303.2;303.31;14054
SBER;5;20260127;134500;303.31;303.34;303.31;303.33;25948
SBER;5;20260127;135000;303.34;303.34;303.29;303.34;40151
SBER;5;20260127;135500;303.34;304.42;303.33;304.1;539050
SBER;5;20260127;140000;304.11;304.11;303.7;303.92;167356
SBER;5;20260127;140500;303.94;304.23;303.93;304.08;189588
SBER;5;20260127;141000;304.08;304.1;304.02;304.1;33175
SBER;5;20260127;141500;304.1;304.4;304.09;304.33;515269
SBER;5;20260127;142000;304.33;304.5;304.2;304.3;298820
SBER;5;20260127;142500;304.29;304.33;304.2;304.23;133881
SBER;5;20260127;143000;304.24;304.6;304.24;304.4;234874
SBER;5;20260127;143500;304.39;304.51;304.3;304.41;173686
SBER;5;20260127;144000;304.4;304.52;304.4;304.43;176884
SBER;5;20260127;144500;304.46;304.5;304.35;304.37;77076
SBER;5;20260127;145000;304.39;304.5;304.12;304.18;286451
SBER;5;20260127;145500;304.18;304.26;304.1;304.21;114852
SBER;5;20260127;150000;304.19;304.31;304.14;304.16;22960
SBER;5;20260127;150500;304.16;304.16;304.03;304.04;31524
SBER;5;20260127;151000;304.06;304.11;304.04;304.09;18276
SBER;5;20260127;151500;304.09;304.11;304.01;304.06;32012
SBER;5;20260127;152000;304.06;304.13;304.01;304.13;9863
SBER;5;20260127;152500;304.12;304.13;304.06;304.08;16989
SBER;5;20260127;153000;304.1;304.25;304.06;304.18;51359
SBER;5;20260127;153500;304.18;304.5;304.16;304.38;194180
SBER;5;20260127;154000;304.35;304.5;304.3;304.32;123614
SBER;5;20260127;154500;304.32;304.34;304.09;304.23;90748
SBER;5;20260127;155000;304.25;304.3;304.12;304.25;112026
SBER;5;20260127;155500;304.25;304.25;304.09;304.22;61607
SBER;5;20260127;160000;304.21;304.25;304.03;304.04;42485
SBER;5;20260127;160500;304.04;304.07;303.91;303.96;126461
SBER;5;20260127;161000;303.96;304.07;303.92;304.05;19139
SBER;5;20260127;161500;304.05;304.08;304.05;304.08;30563
SBER;5;20260127;162000;304.08;304.08;304.01;304.03;99767
SBER;5;20260127;162500;304.03;304.08;304.02;304.07;79976
SBER;5;20260127;163000;304.07;304.08;304.02;304.08;94280
SBER;5;20260127;163500;304.08;304.08;304.07;304.08;47453
SBER;5;20260127;164000;304.07;304.1;304.04;304.06;46045
SBER;5;20260127;164500;304.08;304.1;304.05;304.05;49096
SBER;5;20260127;165000;304.05;304.1;304.05;304.06;24688
SBER;5;20260127;165500;304.07;304.1;304.06;304.09;124023
SBER;5;20260127;170000;304.1;304.12;304.09;304.11;287159
SBER;5;20260127;170500;304.12;304.12;304.04;304.04;218493
SBER;5;20260127;171000;304.05;304.07;303.98;304.05;67563
SBER;5;20260127;171500;304.08;304.12;304.03;304.04;67848
SBER;5;20260127;172000;304.08;304.14;304.08;304.1;116661
SBER;5;20260127;172500;304.13;304.19;304.1;304.18;63487
SBER;5;20260127;173000;304.19;304.34;304.18;304.29;73237
SBER;5;20260127;173500;304.29;304.45;304.29;304.44;110638
SBER;5;20260127;174000;304.45;304.69;304.45;304.6;209352
SBER;5;20260127;174500;304.6;305.06;304.59;305.04;455851
SBER;5;20260127;175000;305.06;305.19;305;305;295687
SBER;5;20260127;175500;305.01;305.15;305;305.09;128405
SBER;5;20260127;180000;305.09;305.28;305.07;305.22;399052
SBER;5;20260127;180500;305.27;305.27;305.09;305.09;275616
SBER;5;20260127;181000;305.1;305.28;305.08;305.08;192735
SBER;5;20260127;181500;305.09;305.19;305.01;305.06;225944
SBER;5;20260127;182000;305.06;305.09;304.64;304.65;178827
SBER;5;20260127;182500;304.66;304.9;304.65;304.89;171720
SBER;5;20260127;183000;304.9;305.1;304.89;305.09;130288
SBER;5;20260127;183500;305.09;305.1;304.87;304.97;69496
SBER;5;20260127;184500;305.12;305.12;305.12;305.12;54419
SBER;5;20260127;190000;305.12;305.13;304.98;305.08;24163
SBER;5;20260127;190500;305.1;305.25;305.01;305.22;91524
SBER;5;20260127;191000;305.22;305.25;305.05;305.08;38856
SBER;5;20260127;191500;305.09;305.11;305;305;8364
SBER;5;20260127;192000;305.01;305.1;305;305.08;27739
SBER;5;20260127;192500;305.08;305.08;305;305;9442
SBER;5;20260127;193000;305.01;305.11;304.97;305.06;56319
SBER;5;20260127;193500;305.05;305.1;305.04;305.1;16704
SBER;5;20260127;194000;305.1;305.1;304.97;304.98;22690
SBER;5;20260127;194500;304.98;305.06;304.95;305.04;24057
SBER;5;20260127;195000;305.04;305.09;305.01;305.03;21296
SBER;5;20260127;195500;305.01;305.05;305;305.01;8639
SBER;5;20260127;200000;305;305.03;304.9;304.92;22147
SBER;5;20260127;200500;304.91;304.99;304.91;304.92;14544
SBER;5;20260127;201000;304.92;305.25;304.77;304.96;222789
SBER;5;20260127;201500;304.89;305.17;304.89;305.14;28761
SBER;5;20260127;202000;305.14;305.14;305.02;305.08;11181
SBER;5;20260127;202500;305.08;305.1;305.05;305.1;5577
SBER;5;20260127;203000;305.1;305.1;304.98;304.99;14872
SBER;5;20260127;203500;304.99;305;304.98;305;9238
SBER;5;20260127;204000;305;305;304.92;304.95;14939
SBER;5;20260127;204500;304.93;305.04;304.9;304.98;19361
SBER;5;20260127;205000;304.98;305;304.95;305;10444
SBER;5;20260127;205500;305;305.19;304.99;305.14;43197
SBER;5;20260127;210000;305.13;305.15;304.97;305.07;18331
SBER;5;20260127;210500;305.08;305.14;304.99;305.05;30748
SBER;5;20260127;211000;305.05;305.15;305;305.13;3450
SBER;5;20260127;211500;305.13;305.17;305.11;305.17;22470
SBER;5;20260127;212000;305.17;305.18;305.02;305.14;64881
SBER;5;20260127;212500;305.18;305.19;305.15;305.17;29121
SBER;5;20260127;213000;305.17;305.17;305.04;305.11;43544
SBER;5;20260127;213500;305.1;305.2;305.05;305.12;41133
SBER;5;20260127;214000;305.11;305.19;305.09;305.15;23359
SBER;5;20260127;214500;305.15;305.2;305.03;305.2;25364
SBER;5;20260127;215000;305.2;305.29;305.18;305.26;75487
SBER;5;20260127;215500;305.28;305.3;305.15;305.27;80333
SBER;5;20260127;220000;305.27;305.28;305.19;305.24;10952
SBER;5;20260127;220500;305.23;305.25;305.14;305.22;36726
SBER;5;20260127;221000;305.22;305.29;305.16;305.25;39823
SBER;5;20260127;221500;305.25;305.27;305.13;305.24;30099
SBER;5;20260127;222000;305.24;305.26;305.18;305.2;6374
SBER;5;20260127;222500;305.21;305.29;305.19;305.29;15294
SBER;5;20260127;223000;305.29;305.3;305.14;305.22;27041
SBER;5;20260127;223500;305.21;305.23;305.18;305.18;43175
SBER;5;20260127;224000;305.18;305.22;305.17;305.18;9379
SBER;5;20260127;224500;305.17;305.18;305.1;305.15;14437
SBER;5;20260127;225000;305.15;305.2;305.14;305.2;35269
SBER;5;20260127;225500;305.2;305.25;305.18;305.24;43771
SBER;5;20260127;230000;305.21;305.24;305.15;305.2;9994
SBER;5;20260127;230500;305.2;305.22;305.17;305.21;22300
SBER;5;20260127;231000;305.21;305.21;305.19;305.2;8356
SBER;5;20260127;231500;305.2;305.2;305.08;305.08;43628
SBER;5;20260127;232000;305.1;305.12;304.87;304.98;102075
SBER;5;20260127;232500;304.95;304.99;304.83;304.97;47744
SBER;5;20260127;233000;304.91;305.08;304.89;305.05;37874
SBER;5;20260127;233500;305.01;305.1;304.99;305.01;17365
SBER;5;20260127;234000;305.01;305.07;304.9;304.98;22514
SBER;5;20260127;234500;305;305;304.85;304.92;14296
SBER;5;20260128;070000;305.12;305.54;305.01;305.38;139691
SBER;5;20260128;070500;305.38;305.5;305.26;305.41;24102
SBER;5;20260128;071000;305.41;305.41;305.26;305.32;13886
SBER;5;20260128;071500;305.32;305.41;305.3;305.4;9508
SBER;5;20260128;072000;305.4;305.4;305.2;305.2;17061
SBER;5;20260128;072500;305.2;305.23;305;305.15;8617
SBER;5;20260128;073000;305.14;305.26;305.04;305.26;39874
SBER;5;20260128;073500;305.28;305.32;305.13;305.29;8322
SBER;5;20260128;074000;305.23;305.3;305.19;305.29;6505
SBER;5;20260128;074500;305.29;305.32;305.19;305.24;7841
SBER;5;20260128;075000;305.25;305.4;305.13;305.4;4987
SBER;5;20260128;075500;305.4;305.45;305.37;305.4;39984
SBER;5;20260128;080000;305.4;305.44;305.35;305.43;27033
SBER;5;20260128;080500;305.43;305.46;305.35;305.43;9423
SBER;5;20260128;081000;305.43;305.43;305.35;305.39;5800
SBER;5;20260128;081500;305.39;305.39;305.3;305.35;16841
SBER;5;20260128;082000;305.35;305.36;305.18;305.3;33943
SBER;5;20260128;082500;305.29;305.3;305.16;305.17;26108
SBER;5;20260128;083000;305.26;305.26;305.05;305.14;21344
SBER;5;20260128;083500;305.14;305.19;305.03;305.19;21115
SBER;5;20260128;084000;305.17;305.2;305.17;305.19;8034
SBER;5;20260128;084500;305.19;305.19;305.1;305.15;2727
SBER;5;20260128;085000;305.15;305.16;305.01;305.15;7862
SBER;5;20260128;085500;305.14;305.17;305.07;305.15;11063
SBER;5;20260128;090000;305.16;305.16;304.92;305.09;143696
SBER;5;20260128;090500;305.05;305.2;304.96;305.1;34909
SBER;5;20260128;091000;305.1;305.1;304.84;304.92;49304
SBER;5;20260128;091500;304.93;304.95;304.82;304.93;29962
SBER;5;20260128;092000;304.93;304.99;304.86;304.92;9870
SBER;5;20260128;092500;304.92;305.24;304.89;305.14;46212
SBER;5;20260128;093000;305.13;305.2;305.11;305.17;10156
SBER;5;20260128;093500;305.12;305.2;305.12;305.14;12362
SBER;5;20260128;094000;305.14;305.17;305.1;305.17;8978
SBER;5;20260128;094500;305.17;305.23;305.17;305.21;26579
SBER;5;20260128;095000;305.21;305.58;305.1;305.44;236796
SBER;5;20260128;095500;305.44;305.48;305.33;305.45;143040
SBER;5;20260128;100000;305.45;305.47;305.2;305.21;86617
SBER;5;20260128;100500;305.21;305.24;304.86;305.02;160142
SBER;5;20260128;101000;305.02;305.02;304.64;304.73;120759
SBER;5;20260128;101500;304.72;304.85;304.7;304.84;37814
SBER;5;20260128;102000;304.84;305.26;304.84;305.24;74552
SBER;5;20260128;102500;305.25;305.4;305.1;305.4;129304
SBER;5;20260128;103000;305.4;305.5;305.4;305.49;73612
SBER;5;20260128;103500;305.49;305.58;305.27;305.27;136626
SBER;5;20260128;104000;305.27;305.46;305.2;305.22;47057
SBER;5;20260128;104500;305.22;305.3;305;305.03;42139
SBER;5;20260128;105000;305.03;305.19;304.98;305.06;53645
SBER;5;20260128;105500;305.04;305.1;305;305.1;79841
SBER;5;20260128;110000;305.09;305.5;305.09;305.49;152511
SBER;5;20260128;110500;305.5;305.52;305.3;305.41;136444
SBER;5;20260128;111000;305.4;305.42;305.2;305.28;120549
SBER;5;20260128;111500;305.28;305.31;304.93;304.93;103603
SBER;5;20260128;112000;304.96;304.96;304.8;304.84;47995
SBER;5;20260128;112500;304.84;304.92;304.7;304.92;196331
SBER;5;20260128;113000;304.92;304.93;304.9;304.93;22786
SBER;5;20260128;113500;304.92;305;304.9;304.99;28623
SBER;5;20260128;114000;305;305.12;304.96;305.06;32446
SBER;5;20260128;114500;305.05;305.05;304.9;304.9;90064
SBER;5;20260128;115000;304.91;304.97;304.8;304.95;75031
SBER;5;20260128;115500;304.94;304.97;304.74;304.83;51782
SBER;5;20260128;120000;304.83;304.89;304.73;304.8;68399
SBER;5;20260128;120500;304.8;304.8;304.23;304.49;468668
SBER;5;20260128;121000;304.46;304.55;304.41;304.42;50259
SBER;5;20260128;121500;304.42;304.47;304.4;304.41;77581
SBER;5;20260128;122000;304.41;304.55;304.36;304.37;416296
SBER;5;20260128;122500;304.43;304.58;304.38;304.52;54916
SBER;5;20260128;123000;304.52;304.52;304.41;304.48;48019
SBER;5;20260128;123500;304.47;304.47;304.31;304.41;87489
SBER;5;20260128;124000;304.41;304.48;304.32;304.47;48540
SBER;5;20260128;124500;304.47;304.69;304.46;304.61;45099
SBER;5;20260128;125000;304.61;304.61;304.45;304.5;65560
SBER;5;20260128;125500;304.49;304.5;304.32;304.39;48170
SBER;5;20260128;130000;304.39;304.39;304.25;304.31;33280
SBER;5;20260128;130500;304.3;304.33;304.24;304.33;96565
SBER;5;20260128;131000;304.32;304.33;304.25;304.33;81230
SBER;5;20260128;131500;304.32;304.33;304.3;304.32;77077
SBER;5;20260128;132000;304.33;304.33;304.25;304.25;37606
SBER;5;20260128;132500;304.3;304.33;304.25;304.32;43572
SBER;5;20260128;133000;304.3;304.33;304.25;304.33;49200
SBER;5;20260128;133500;304.33;304.33;304.23;304.33;43180
SBER;5;20260128;134000;304.3;304.33;304.15;304.33;136565
SBER;5;20260128;134500;304.3;304.33;304.26;304.33;39602
SBER;5;20260128;135000;304.32;304.33;304.32;304.32;39849
SBER;5;20260128;135500;304.32;304.33;304.32;304.33;56833
SBER;5;20260128;140000;304.32;304.35;304.32;304.34;122922
SBER;5;20260128;140500;304.34;304.35;304.25;304.35;67451
SBER;5;20260128;141000;304.35;304.35;304.22;304.35;92771
SBER;5;20260128;141500;304.35;304.35;304.31;304.35;43793
SBER;5;20260128;142000;304.35;304.36;304.31;304.36;119069
SBER;5;20260128;142500;304.36;304.36;304.3;304.3;65663
SBER;5;20260128;143000;304.29;304.36;304.25;304.3;99772
SBER;5;20260128;143500;304.3;304.3;304.17;304.17;44969
SBER;5;20260128;144000;304.19;304.35;304.11;304.3;122446
SBER;5;20260128;144500;304.3;304.35;304.1;304.19;108737
SBER;5;20260128;145000;304.19;304.24;304.11;304.13;25394
SBER;5;20260128;145500;304.16;304.25;304.1;304.24;45463
SBER;5;20260128;150000;304.21;304.24;304.1;304.15;44272
SBER;5;20260128;150500;304.15;304.15;303.59;303.88;399753
SBER;5;20260128;151000;303.86;304.07;303.74;304.04;72671
SBER;5;20260128;151500;303.98;304.14;303.97;304.13;37207
SBER;5;20260128;152000;304.13;304.36;304.12;304.3;145694
SBER;5;20260128;152500;304.3;304.36;304.26;304.36;74084
SBER;5;20260128;153000;304.35;304.36;304.29;304.29;37115
SBER;5;20260128;153500;304.29;304.36;304.28;304.31;21862
SBER;5;20260128;154000;304.36;304.36;304.29;304.32;22175
SBER;5;20260128;154500;304.32;304.44;304.28;304.44;34205
SBER;5;20260128;155000;304.43;304.44;304.35;304.42;25278
SBER;5;20260128;155500;304.42;304.43;304.29;304.3;19240
SBER;5;20260128;160000;304.31;304.42;304.25;304.41;22219
SBER;5;20260128;160500;304.39;304.41;304.3;304.35;26776
SBER;5;20260128;161000;304.35;304.4;304.25;304.26;24911
SBER;5;20260128;161500;304.25;304.26;304.12;304.18;60087
SBER;5;20260128;162000;304.18;304.18;304.06;304.09;24054
SBER;5;20260128;162500;304.07;304.26;304.07;304.2;46294
SBER;5;20260128;163000;304.2;304.2;304.1;304.12;29037
SBER;5;20260128;163500;304.12;304.13;303.76;303.84;161129
SBER;5;20260128;164000;303.83;304.52;303.81;304.39;215211
SBER;5;20260128;164500;304.4;304.4;304.25;304.32;57067
SBER;5;20260128;165000;304.33;304.43;304.28;304.36;152734
SBER;5;20260128;165500;304.36;304.36;304.22;304.23;85621
SBER;5;20260128;170000;304.26;304.36;304.21;304.3;30653
SBER;5;20260128;170500;304.29;304.36;304.24;304.3;40168
SBER;5;20260128;171000;304.3;304.36;304.29;304.36;20368
SBER;5;20260128;171500;304.36;304.36;304.31;304.34;23672
SBER;5;20260128;172000;304.34;304.4;304.33;304.4;215534
SBER;5;20260128;172500;304.4;304.43;304.4;304.43;191311
SBER;5;20260128;173000;304.43;304.43;304.38;304.39;116771
SBER;5;20260128;173500;304.41;304.43;304.39;304.42;62464
SBER;5;20260128;174000;304.42;304.43;304.33;304.37;482737
SBER;5;20260128;174500;304.37;304.41;304.32;304.39;15704
SBER;5;20260128;175000;304.39;304.43;304.24;304.42;156011
SBER;5;20260128;175500;304.43;304.43;304.4;304.43;93750
SBER;5;20260128;180000;304.43;304.43;304.42;304.43;96022
SBER;5;20260128;180500;304.43;304.43;304.3;304.36;72615
SBER;5;20260128;181000;304.36;304.36;304.32;304.34;77342
SBER;5;20260128;181500;304.35;304.44;304.35;304.42;91069
SBER;5;20260128;182000;304.42;304.45;304.41;304.44;61739
SBER;5;20260128;182500;304.45;304.45;304.36;304.39;56404
SBER;5;20260128;183000;304.4;304.4;303.98;304.17;256139
SBER;5;20260128;183500;304.16;304.17;303.96;304.06;101012
SBER;5;20260128;184500;304.3;304.3;304.3;304.3;68800
SBER;5;20260128;190000;304.25;304.48;304.16;304.37;76315
SBER;5;20260128;190500;304.36;304.4;304.17;304.33;50166
SBER;5;20260128;191000;304.34;304.43;304.3;304.34;38260
SBER;5;20260128;191500;304.34;304.44;304.29;304.41;50039
SBER;5;20260128;192000;304.4;304.4;304.25;304.27;58791
SBER;5;20260128;192500;304.27;304.3;304.13;304.14;38084
SBER;5;20260128;193000;304.13;304.14;303.8;303.99;132495
SBER;5;20260128;193500;303.97;304.01;303.9;304.01;37448
SBER;5;20260128;194000;304.01;304.11;304.01;304.09;24695
SBER;5;20260128;194500;304.09;304.09;303.95;304.03;35308
SBER;5;20260128;195000;304.03;304.14;304.02;304.13;21273
SBER;5;20260128;195500;304.14;304.3;304.13;304.3;43823
SBER;5;20260128;200000;304.29;304.37;304.29;304.35;49037
SBER;5;20260128;200500;304.35;304.37;304.34;304.34;21569
SBER;5;20260128;201000;304.35;304.35;304.3;304.34;20726
SBER;5;20260128;201500;304.35;304.35;304.34;304.35;13432
SBER;5;20260128;202000;304.35;304.35;304.3;304.33;61840
SBER;5;20260128;202500;304.33;304.34;304.32;304.34;8316
SBER;5;20260128;203000;304.33;304.38;304.33;304.37;91261
SBER;5;20260128;203500;304.35;304.38;304.33;304.35;4661
SBER;5;20260128;204000;304.35;304.41;304.33;304.41;52251
SBER;5;20260128;204500;304.42;304.56;304.41;304.54;65545
SBER;5;20260128;205000;304.54;304.56;304.48;304.56;47197
SBER;5;20260128;205500;304.55;304.58;304.45;304.46;34550
SBER;5;20260128;210000;304.49;304.55;304.46;304.5;16487
SBER;5;20260128;210500;304.5;304.5;304.44;304.45;8567
SBER;5;20260128;211000;304.43;304.5;304.43;304.5;4647
SBER;5;20260128;211500;304.5;304.55;304.46;304.53;15466
SBER;5;20260128;212000;304.54;304.54;304.5;304.5;28876
SBER;5;20260128;212500;304.51;304.51;304.42;304.42;20734
SBER;5;20260128;213000;304.47;304.47;304.16;304.22;50488
SBER;5;20260128;213500;304.22;304.23;304.13;304.13;17562
SBER;5;20260128;214000;304.14;304.14;303.95;304.01;149728
SBER;5;20260128;214500;304.04;304.09;304.03;304.06;10790
SBER;5;20260128;215000;304.07;304.07;304.03;304.07;7279
SBER;5;20260128;215500;304.07;304.07;304.04;304.07;8739
SBER;5;20260128;220000;304.06;304.07;304.06;304.07;7370
SBER;5;20260128;220500;304.07;304.07;304.06;304.07;7871
SBER;5;20260128;221000;304.06;304.15;304.06;304.11;48443
SBER;5;20260128;221500;304.1;304.11;303.98;303.99;25331
SBER;5;20260128;222000;304;304.06;303.98;304.06;8082
SBER;5;20260128;222500;304.06;304.08;304.05;304.07;1879
SBER;5;20260128;223000;304.08;304.08;304.02;304.07;4026
SBER;5;20260128;223500;304.07;304.14;304.06;304.1;24029
SBER;5;20260128;224000;304.1;304.11;304.07;304.11;12936
SBER;5;20260128;224500;304.11;304.11;304.09;304.1;15642
SBER;5;20260128;225000;304.11;304.11;304.09;304.1;11983
SBER;5;20260128;225500;304.1;304.11;304.07;304.09;22700
SBER;5;20260128;230000;304.09;304.09;304.04;304.08;22482
SBER;5;20260128;230500;304.05;304.11;304.03;304.04;12270
SBER;5;20260128;231000;304.04;304.06;304.03;304.03;7590
SBER;5;20260128;231500;304.04;304.09;304.01;304.06;9680
SBER;5;20260128;232000;304.06;304.07;304;304.02;29520
SBER;5;20260128;232500;304.02;304.02;303.75;303.75;72918
SBER;5;20260128;233000;303.76;303.76;303.59;303.64;152829
SBER;5;20260128;233500;303.7;303.77;303.6;303.66;43005
SBER;5;20260128;234000;303.69;303.72;303.6;303.64;27085
SBER;5;20260128;234500;303.64;303.69;303.55;303.58;44754
SBER;5;20260129;070000;303.6;304.39;303.59;304.21;111462
SBER;5;20260129;070500;304.2;304.21;303.98;304.19;22208
SBER;5;20260129;071000;304.2;304.23;304.2;304.23;6399
SBER;5;20260129;071500;304.23;304.24;304.2;304.24;14151
SBER;5;20260129;072000;304.24;304.24;304.09;304.17;22927
SBER;5;20260129;072500;304.17;304.18;304.1;304.15;13813
SBER;5;20260129;073000;304.15;304.15;304.07;304.07;7135
SBER;5;20260129;073500;304.09;304.1;304.06;304.07;4191
SBER;5;20260129;074000;304.07;304.2;304.06;304.2;38711
SBER;5;20260129;074500;304.2;304.4;304.19;304.3;40639
SBER;5;20260129;075000;304.27;304.3;304.2;304.3;22417
SBER;5;20260129;075500;304.27;304.4;304.18;304.4;82959
SBER;5;20260129;080000;304.43;304.49;304.34;304.45;18402
SBER;5;20260129;080500;304.4;304.46;304.17;304.22;29389
SBER;5;20260129;081000;304.23;304.32;304.2;304.32;4258
SBER;5;20260129;081500;304.32;304.32;304.04;304.23;40273
SBER;5;20260129;082000;304.23;304.43;304.17;304.35;53681
SBER;5;20260129;082500;304.35;304.41;304.22;304.3;12931
SBER;5;20260129;083000;304.3;304.32;304.23;304.31;7251
SBER;5;20260129;083500;304.32;304.37;304.31;304.37;5127
SBER;5;20260129;084000;304.37;304.49;304.36;304.49;13047
SBER;5;20260129;084500;304.49;304.59;304.47;304.5;39235
SBER;5;20260129;085000;304.5;304.58;304.4;304.45;20703
SBER;5;20260129;085500;304.42;304.48;304.38;304.39;9551
SBER;5;20260129;090000;304.39;304.52;304.2;304.27;90883
SBER;5;20260129;090500;304.27;304.3;304;304.12;173934
SBER;5;20260129;091000;304.13;304.3;304.12;304.2;27967
SBER;5;20260129;091500;304.13;304.53;304.13;304.51;102533
SBER;5;20260129;092000;304.5;304.57;304.15;304.23;82664
SBER;5;20260129;092500;304.26;304.49;304.26;304.45;61032
SBER;5;20260129;093000;304.46;304.74;304.39;304.72;195700
SBER;5;20260129;093500;304.73;304.8;304.61;304.67;111172
SBER;5;20260129;094000;304.67;305.3;304.67;305.12;361235
SBER;5;20260129;094500;305.12;305.24;305.01;305.08;106246
SBER;5;20260129;095000;305.06;305.26;305.02;305.15;98451
SBER;5;20260129;095500;305.11;305.18;304.93;304.93;227178
SBER;5;20260129;100000;304.95;305.23;304.95;305.22;137991
SBER;5;20260129;100500;305.23;305.25;304.62;304.99;368425
SBER;5;20260129;101000;304.99;305.22;304.88;305.13;217983
SBER;5;20260129;101500;305.12;305.29;305.1;305.29;155695
SBER;5;20260129;102000;305.29;306;305.29;305.95;566900
SBER;5;20260129;102500;305.96;306.21;305.91;306.14;810172
SBER;5;20260129;103000;306.15;306.5;306.12;306.39;896380
SBER;5;20260129;103500;306.39;306.65;306.3;306.4;559103
SBER;5;20260129;104000;306.4;306.65;306.35;306.55;428947
SBER;5;20260129;104500;306.52;306.65;306.35;306.4;390368
SBER;5;20260129;105000;306.4;306.54;306.4;306.41;220686
SBER;5;20260129;105500;306.4;306.69;306.4;306.5;371660
SBER;5;20260129;110000;306.5;306.88;306.49;306.65;658360
SBER;5;20260129;110500;306.65;306.87;306.5;306.54;278033
SBER;5;20260129;111000;306.53;306.71;306.5;306.53;204431
SBER;5;20260129;111500;306.59;306.87;306.51;306.72;192266
SBER;5;20260129;112000;306.72;306.75;306.44;306.44;136764
SBER;5;20260129;112500;306.44;306.45;306.41;306.44;114731
SBER;5;20260129;113000;306.45;306.46;306.17;306.34;320159
SBER;5;20260129;113500;306.34;306.38;306.3;306.32;102831
SBER;5;20260129;114000;306.33;306.36;306.3;306.33;144783
SBER;5;20260129;114500;306.33;306.36;306.3;306.33;123664
SBER;5;20260129;115000;306.34;306.36;306.3;306.31;131087
SBER;5;20260129;115500;306.3;306.31;306.24;306.24;136341
SBER;5;20260129;120000;306.27;306.38;306.18;306.19;320475
SBER;5;20260129;120500;306.18;306.24;306.01;306.15;294443
SBER;5;20260129;121000;306.16;306.28;306.15;306.27;56678
SBER;5;20260129;121500;306.27;306.27;306.14;306.17;46336
SBER;5;20260129;122000;306.16;306.3;306.11;306.27;94106
SBER;5;20260129;122500;306.27;306.38;306.25;306.38;138424
SBER;5;20260129;123000;306.38;306.38;306.36;306.37;120379
SBER;5;20260129;123500;306.38;306.38;306.35;306.38;172169
SBER;5;20260129;124000;306.37;306.38;306.11;306.12;137614
SBER;5;20260129;124500;306.12;306.13;306.02;306.09;100802
SBER;5;20260129;125000;306.08;306.12;306.02;306.06;50236
SBER;5;20260129;125500;306.06;306.16;306.05;306.15;47541
SBER;5;20260129;130000;306.16;306.18;306.05;306.13;59458
SBER;5;20260129;130500;306.13;306.3;306.05;306.29;123297
SBER;5;20260129;131000;306.29;306.38;306.28;306.3;157790
SBER;5;20260129;131500;306.31;306.38;306.3;306.38;64582
SBER;5;20260129;132000;306.38;306.43;306.37;306.43;543475
SBER;5;20260129;132500;306.43;306.46;306.42;306.46;612828
SBER;5;20260129;133000;306.46;306.46;306.25;306.35;112675
SBER;5;20260129;133500;306.34;306.45;306.3;306.45;42677
SBER;5;20260129;134000;306.45;306.46;306.41;306.46;125798
SBER;5;20260129;134500;306.46;306.46;306.36;306.4;170178
SBER;5;20260129;135000;306.4;306.46;306.36;306.46;42852
SBER;5;20260129;135500;306.46;306.46;306.09;306.21;135847
SBER;5;20260129;140000;306.2;306.27;306.07;306.26;72909
SBER;5;20260129;140500;306.26;306.45;306.26;306.45;77355
SBER;5;20260129;141000;306.45;306.46;306.4;306.4;52097
SBER;5;20260129;141500;306.4;306.41;306.33;306.39;34420
SBER;5;20260129;142000;306.4;306.4;306.26;306.27;44641
SBER;5;20260129;142500;306.27;306.27;306.02;306.1;179309
SBER;5;20260129;143000;306.13;306.27;306.02;306.2;223306
SBER;5;20260129;143500;306.2;306.23;306;306.15;332837
SBER;5;20260129;144000;306.15;306.3;306.08;306.14;213013
SBER;5;20260129;144500;306.14;306.33;306.05;306.32;184483
SBER;5;20260129;145000;306.32;306.46;306.3;306.37;69000
SBER;5;20260129;145500;306.37;306.46;306.37;306.45;68050
SBER;5;20260129;150000;306.44;306.45;306.32;306.4;36999
SBER;5;20260129;150500;306.4;306.41;306.33;306.4;33698
SBER;5;20260129;151000;306.4;306.48;306.38;306.48;256023
SBER;5;20260129;151500;306.48;306.53;306.47;306.53;790561
SBER;5;20260129;152000;306.53;306.53;306.44;306.53;238144
SBER;5;20260129;152500;306.53;306.6;306.5;306.54;154864
SBER;5;20260129;153000;306.53;306.6;306.53;306.6;193883
SBER;5;20260129;153500;306.6;306.7;306.59;306.66;276048
SBER;5;20260129;154000;306.65;306.68;306.22;306.27;185900
SBER;5;20260129;154500;306.23;306.4;305.9;305.99;364509
SBER;5;20260129;155000;306;306.2;305.91;306.14;288914
SBER;5;20260129;155500;306.14;306.25;306.1;306.24;32901
SBER;5;20260129;160000;306.25;306.33;306.12;306.25;185771
SBER;5;20260129;160500;306.25;306.29;306.14;306.25;23245
SBER;5;20260129;161000;306.23;306.32;306.23;306.28;49160
SBER;5;20260129;161500;306.28;306.28;306.12;306.23;131583
SBER;5;20260129;162000;306.22;306.24;306.02;306.24;59357
SBER;5;20260129;162500;306.23;306.65;306.22;306.63;206377
SBER;5;20260129;163000;306.63;306.8;306.58;306.8;238275
SBER;5;20260129;163500;306.8;307.1;306.79;307.09;1341799
SBER;5;20260129;164000;307.05;307.2;306.99;307.14;672764
SBER;5;20260129;164500;307.14;307.15;306.61;306.95;640258
SBER;5;20260129;165000;306.97;307.27;306.83;307.26;459264
SBER;5;20260129;165500;307.27;308.89;307.27;308.85;2157399
SBER;5;20260129;170000;308.87;309.5;308.86;309.3;2255754
SBER;5;20260129;170500;309.38;309.39;309.03;309.22;1270206
SBER;5;20260129;171000;309.21;310.91;309.13;310.5;3222497
SBER;5;20260129;171500;310.5;311;309.56;310.89;1667423
SBER;5;20260129;172000;310.88;311.5;310.79;311.19;2362564
SBER;5;20260129;172500;311.19;311.35;310.7;310.7;1078518
SBER;5;20260129;173000;310.71;310.97;310.7;310.95;653917
SBER;5;20260129;173500;310.93;311.03;310.65;310.93;949191
SBER;5;20260129;174000;310.95;311;310.76;310.78;391524
SBER;5;20260129;174500;310.76;311.12;310.76;310.91;422270
SBER;5;20260129;175000;310.92;311.06;310.76;310.96;403188
SBER;5;20260129;175500;310.97;311.09;310.11;310.12;791983
SBER;5;20260129;180000;310.12;310.19;309.58;309.58;587353
SBER;5;20260129;180500;309.59;309.59;308.38;308.64;912214
SBER;5;20260129;181000;308.65;308.96;308.02;308.21;656282
SBER;5;20260129;181500;308.21;308.3;307.05;307.26;1077049
SBER;5;20260129;182000;307.26;308.01;307.07;307.9;724813
SBER;5;20260129;182500;307.9;307.9;306.92;306.92;1274105
SBER;5;20260129;183000;306.92;307.04;306.01;306.8;1705185
SBER;5;20260129;183500;306.79;307.08;306.7;307.08;220353
SBER;5;20260129;184500;307.59;307.59;307.59;307.59;206158
SBER;5;20260129;190000;307.4;307.51;306.56;307.19;208105
SBER;5;20260129;190500;307.19;307.5;307;307.49;202561
SBER;5;20260129;191000;307.49;307.6;307.02;307.06;192255
SBER;5;20260129;191500;307.05;307.06;306.11;306.41;381897
SBER;5;20260129;192000;306.41;306.56;306.13;306.43;195676
SBER;5;20260129;192500;306.46;306.79;306.4;306.79;47194
SBER;5;20260129;193000;306.8;307.25;306.75;307.17;149744
SBER;5;20260129;193500;307.18;307.21;306.95;307.03;71876
SBER;5;20260129;194000;307.02;307.12;306.88;307.06;53538
SBER;5;20260129;194500;307.06;307.27;306.84;307.02;105223
SBER;5;20260129;195000;307.04;307.18;306.99;307;37259
SBER;5;20260129;195500;307;307;306.92;307;26721
SBER;5;20260129;200000;306.97;307;306.79;306.88;60229
SBER;5;20260129;200500;306.81;307.89;306.79;307.8;223834
SBER;5;20260129;201000;307.8;308.33;307.73;308.1;766961
SBER;5;20260129;201500;308.09;308.44;307.84;307.84;196655
SBER;5;20260129;202000;307.84;307.84;307.53;307.61;84588
SBER;5;20260129;202500;307.58;307.75;307.57;307.68;77362
SBER;5;20260129;203000;307.68;307.69;307.05;307.06;305058
SBER;5;20260129;203500;307.07;307.59;306.93;307.49;127923
SBER;5;20260129;204000;307.49;307.49;307;307.05;67502
SBER;5;20260129;204500;307.05;307.09;306.86;306.87;132534
SBER;5;20260129;205000;306.88;306.88;306.46;306.73;299882
SBER;5;20260129;205500;306.74;306.98;306.73;306.96;77974
SBER;5;20260129;210000;306.92;306.96;306.82;306.84;23274
SBER;5;20260129;210500;306.83;306.99;306.82;306.97;31350
SBER;5;20260129;211000;306.99;307;306.82;307;27768
SBER;5;20260129;211500;307;307.46;306.99;307.46;153200
SBER;5;20260129;212000;307.48;307.54;307.4;307.41;52621
SBER;5;20260129;212500;307.41;307.48;307.32;307.35;50706
SBER;5;20260129;213000;307.39;307.53;307.39;307.46;18708
SBER;5;20260129;213500;307.46;307.5;307.26;307.29;32528
SBER;5;20260129;214000;307.33;307.4;307.27;307.37;15604
SBER;5;20260129;214500;307.37;307.46;307.25;307.44;7927
SBER;5;20260129;215000;307.45;307.46;307.36;307.39;8222
SBER;5;20260129;215500;307.37;307.43;307.25;307.26;13965
SBER;5;20260129;220000;307.26;307.54;307.16;307.48;89659
SBER;5;20260129;220500;307.51;307.55;307.37;307.52;37985
SBER;5;20260129;221000;307.53;307.53;307.31;307.35;22825
SBER;5;20260129;221500;307.34;307.47;307.25;307.47;10384
SBER;5;20260129;222000;307.47;307.54;307.41;307.48;32120
SBER;5;20260129;222500;307.48;307.49;307.44;307.46;8197
SBER;5;20260129;223000;307.47;307.78;307.45;307.78;27891
SBER;5;20260129;223500;307.78;307.95;307.73;307.92;38848
SBER;5;20260129;224000;307.95;307.96;307.81;307.96;27276
SBER;5;20260129;224500;307.96;307.98;307.91;307.95;30010
SBER;5;20260129;225000;307.95;308.04;307.92;308.04;91616
SBER;5;20260129;225500;308.04;308.29;308.04;308.26;74077
SBER;5;20260129;230000;308.26;308.44;308.2;308.37;57950
SBER;5;20260129;230500;308.36;308.49;308.19;308.46;211943
SBER;5;20260129;231000;308.49;308.57;308.28;308.57;100918
SBER;5;20260129;231500;308.56;308.87;308.5;308.86;126858
SBER;5;20260129;232000;308.87;308.89;308.53;308.53;140341
SBER;5;20260129;232500;308.53;308.59;308.21;308.23;201913
SBER;5;20260129;233000;308.22;308.97;308.2;308.8;156837
SBER;5;20260129;233500;308.8;308.8;308.6;308.63;49799
SBER;5;20260129;234000;308.63;308.77;308.54;308.7;87395
SBER;5;20260129;234500;308.67;308.77;308.43;308.52;73745
SBER;5;20260130;070000;308;308.65;307.9;308.39;140336
SBER;5;20260130;070500;308.39;308.65;308.19;308.65;43852
SBER;5;20260130;071000;308.65;309.05;308.41;309.04;171482
SBER;5;20260130;071500;309.04;309.08;308.42;308.81;169329
SBER;5;20260130;072000;308.81;308.88;307.85;307.95;262283
SBER;5;20260130;072500;307.92;308.32;307.92;308;56539
SBER;5;20260130;073000;308;308.39;307.96;308.22;33439
SBER;5;20260130;073500;308.12;308.21;308;308.02;13467
SBER;5;20260130;074000;308.04;308.1;307.81;307.86;55310
SBER;5;20260130;074500;307.84;308.23;307.84;307.99;51213
SBER;5;20260130;075000;307.99;308.19;307.8;307.81;34229
SBER;5;20260130;075500;307.81;307.95;307.64;307.64;67802
SBER;5;20260130;080000;307.64;308.22;307.64;308;71429
SBER;5;20260130;080500;307.99;308;307.72;307.85;61747
SBER;5;20260130;081000;307.86;308.45;307.79;308.43;54395
SBER;5;20260130;081500;308.42;308.49;308.18;308.29;22059
SBER;5;20260130;082000;308.19;308.4;308.19;308.31;7948
SBER;5;20260130;082500;308.33;308.4;308.25;308.4;4736
SBER;5;20260130;083000;308.4;308.62;308.4;308.62;55712
SBER;5;20260130;083500;308.6;308.63;308.44;308.52;44812
SBER;5;20260130;084000;308.59;308.6;308.51;308.52;18838
SBER;5;20260130;084500;308.55;308.55;308.48;308.48;20529
SBER;5;20260130;085000;308.5;308.5;308.34;308.47;12910
SBER;5;20260130;085500;308.45;308.47;308.31;308.35;19718
SBER;5;20260130;090000;308.35;308.5;308;308.35;168762
SBER;5;20260130;090500;308.34;308.34;307.78;307.84;139595
SBER;5;20260130;091000;307.84;307.88;307.53;307.66;116366
SBER;5;20260130;091500;307.66;307.92;307.44;307.6;216380
SBER;5;20260130;092000;307.6;307.8;307.58;307.73;44340
SBER;5;20260130;092500;307.73;308.36;307.7;308.28;126385
SBER;5;20260130;093000;308.28;308.44;308.01;308.43;84935
SBER;5;20260130;093500;308.43;308.49;308.3;308.45;52002
SBER;5;20260130;094000;308.43;308.45;308.24;308.38;42534
SBER;5;20260130;094500;308.39;308.48;308.09;308.13;71831
SBER;5;20260130;095000;308.17;308.37;308;308.3;87019
SBER;5;20260130;095500;308.3;308.38;308.11;308.35;94470
SBER;5;20260130;100000;308.35;308.48;307.85;307.93;221763
SBER;5;20260130;100500;307.94;307.94;307.15;307.24;177869
SBER;5;20260130;101000;307.22;307.41;307.15;307.4;125283
SBER;5;20260130;101500;307.4;307.51;307.36;307.44;134314
SBER;5;20260130;102000;307.44;307.67;307.31;307.59;300304
SBER;5;20260130;102500;307.59;307.64;307.41;307.5;84924
SBER;5;20260130;103000;307.5;307.51;307.45;307.46;51505
SBER;5;20260130;103500;307.47;307.47;306.8;306.81;279236
SBER;5;20260130;104000;306.81;306.87;306.54;306.76;310398
SBER;5;20260130;104500;306.77;307;306.71;306.94;297653
SBER;5;20260130;105000;306.94;307.38;306.94;307.32;119729
SBER;5;20260130;105500;307.32;307.62;307.21;307.58;129914
SBER;5;20260130;110000;307.58;307.62;307;307.02;290970
SBER;5;20260130;110500;307.03;307.05;307;307.05;200491
SBER;5;20260130;111000;307.05;307.12;306.99;306.99;105453
SBER;5;20260130;111500;307;307.33;306.9;307.3;126397
SBER;5;20260130;112000;307.3;307.45;307.28;307.37;96232
SBER;5;20260130;112500;307.37;307.37;306;306.19;1412787
SBER;5;20260130;113000;306.15;306.31;306;306.15;536823
SBER;5;20260130;113500;306.15;306.42;306.11;306.41;161224
SBER;5;20260130;114000;306.42;306.43;306.05;306.17;206944
SBER;5;20260130;114500;306.17;306.35;306.11;306.31;120057
SBER;5;20260130;115000;306.31;306.31;306.19;306.19;87402
SBER;5;20260130;115500;306.18;306.18;305;305.09;1414062
SBER;5;20260130;120000;305.16;305.16;304.53;304.83;1234390
SBER;5;20260130;120500;304.83;305;304.65;304.93;383562
SBER;5;20260130;121000;304.97;305.21;304.76;304.92;379829
SBER;5;20260130;121500;304.92;305;304.68;304.99;192588
SBER;5;20260130;122000;304.99;305;304.67;304.84;299712
SBER;5;20260130;122500;304.84;304.84;304.59;304.73;230950
SBER;5;20260130;123000;304.72;304.77;304.51;304.76;245488
SBER;5;20260130;123500;304.76;304.88;304.62;304.88;208123
SBER;5;20260130;124000;304.88;305;304.5;304.51;371834
SBER;5;20260130;124500;304.51;304.7;304.5;304.64;113978
SBER;5;20260130;125000;304.64;304.81;304.5;304.77;251860
SBER;5;20260130;125500;304.77;305.11;304.69;305.04;256492
SBER;5;20260130;130000;305.05;305.1;304.85;304.96;273124
SBER;5;20260130;130500;304.96;305.67;304.93;305.61;186319
SBER;5;20260130;131000;305.64;305.97;305.59;305.88;191924
SBER;5;20260130;131500;305.88;305.9;304.96;305.3;697072
SBER;5;20260130;132000;305.3;305.45;305.26;305.3;81838
SBER;5;20260130;132500;305.29;305.38;305.19;305.3;110350
SBER;5;20260130;133000;305.34;305.73;305.31;305.65;80657
SBER;5;20260130;133500;305.65;306.06;305.53;306.06;285805
SBER;5;20260130;134000;306.06;306.18;305.94;305.94;266811
SBER;5;20260130;134500;305.95;306.26;305.89;306.26;167026
SBER;5;20260130;135000;306.26;306.26;305.92;305.93;75092
SBER;5;20260130;135500;305.91;305.95;305.64;305.86;216697
SBER;5;20260130;140000;305.82;305.97;305.71;305.87;67929
SBER;5;20260130;140500;305.86;306.01;305.75;305.99;52300
SBER;5;20260130;141000;306.01;306.16;305.98;306.1;80627
SBER;5;20260130;141500;306.1;306.11;305.85;305.89;45792
SBER;5;20260130;142000;305.89;305.94;305.84;305.84;54906
SBER;5;20260130;142500;305.85;305.91;305.79;305.85;56497
SBER;5;20260130;143000;305.83;305.86;305.6;305.82;62213
SBER;5;20260130;143500;305.78;305.87;305.77;305.85;18135
SBER;5;20260130;144000;305.85;305.89;305.8;305.8;29233
SBER;5;20260130;144500;305.81;305.81;305.39;305.45;93143
SBER;5;20260130;145000;305.46;305.67;305.34;305.63;58125
SBER;5;20260130;145500;305.63;305.64;305.54;305.63;22450
SBER;5;20260130;150000;305.61;305.8;305.56;305.67;29206
SBER;5;20260130;150500;305.68;305.68;305.5;305.53;43262
SBER;5;20260130;151000;305.53;305.68;305.52;305.65;26506
SBER;5;20260130;151500;305.65;305.89;305.65;305.83;54475
SBER;5;20260130;152000;305.83;305.84;305.68;305.7;9028
SBER;5;20260130;152500;305.74;305.74;305.11;305.17;104283
SBER;5;20260130;153000;305.18;305.49;305.17;305.26;48530
SBER;5;20260130;153500;305.26;305.26;305.17;305.22;33958
SBER;5;20260130;154000;305.22;305.24;305.15;305.15;37894
SBER;5;20260130;154500;305.15;305.2;305.07;305.1;56851
SBER;5;20260130;155000;305.1;305.16;305.07;305.15;34294
SBER;5;20260130;155500;305.16;305.2;305.1;305.11;54776
SBER;5;20260130;160000;305.1;305.11;304.87;304.99;222028
SBER;5;20260130;160500;305;305.28;304.99;305.26;115519
SBER;5;20260130;161000;305.26;305.34;305.18;305.3;104626
SBER;5;20260130;161500;305.27;305.36;305.2;305.23;112947
SBER;5;20260130;162000;305.23;305.44;305.2;305.35;27953
SBER;5;20260130;162500;305.35;305.36;305.26;305.33;29851
SBER;5;20260130;163000;305.34;305.35;305.15;305.21;35270
SBER;5;20260130;163500;305.21;305.4;305.21;305.39;10445
SBER;5;20260130;164000;305.39;305.5;305.22;305.47;139747
SBER;5;20260130;164500;305.47;305.47;305.3;305.35;105741
SBER;5;20260130;165000;305.35;305.38;305.34;305.35;96001
SBER;5;20260130;165500;305.36;305.38;305.34;305.37;30976
SBER;5;20260130;170000;305.38;305.38;305.37;305.38;31731
SBER;5;20260130;170500;305.38;305.38;305.06;305.07;116239
SBER;5;20260130;171000;305.07;305.07;305.06;305.07;56462
SBER;5;20260130;171500;305.07;305.14;305.06;305.12;35314
SBER;5;20260130;172000;305.14;305.42;305.14;305.42;142203
SBER;5;20260130;172500;305.42;305.46;305.41;305.46;248018
SBER;5;20260130;173000;305.46;305.46;305.43;305.46;45354
SBER;5;20260130;173500;305.46;305.48;305.43;305.48;204656
SBER;5;20260130;174000;305.48;305.48;305.29;305.46;63375
SBER;5;20260130;174500;305.46;305.48;305.43;305.48;154080
SBER;5;20260130;175000;305.48;305.48;305.38;305.45;142194
SBER;5;20260130;175500;305.48;305.5;305.41;305.42;217901
SBER;5;20260130;180000;305.43;305.5;305.08;305.13;331143
SBER;5;20260130;180500;305.13;305.25;305.04;305.2;131346
SBER;5;20260130;181000;305.2;305.36;305.19;305.29;49473
SBER;5;20260130;181500;305.29;305.3;305.15;305.15;52779
SBER;5;20260130;182000;305.14;305.33;305.04;305.1;157972
SBER;5;20260130;182500;305.09;305.18;304.68;304.83;213997
SBER;5;20260130;183000;304.83;305.05;304.82;305.01;141675
SBER;5;20260130;183500;305.01;305.16;305;305.11;84573
SBER;5;20260130;184500;305.05;305.05;305.05;305.05;5908
SBER;5;20260130;190000;305.07;305.2;305.06;305.15;29299
SBER;5;20260130;190500;305.15;305.22;305.08;305.22;30138
SBER;5;20260130;191000;305.22;305.48;305.21;305.35;111866
SBER;5;20260130;191500;305.34;305.41;305.2;305.21;22004
SBER;5;20260130;192000;305.21;305.28;305.18;305.26;11773
SBER;5;20260130;192500;305.27;305.31;305.15;305.24;16229
SBER;5;20260130;193000;305.26;305.27;305.12;305.15;9813
SBER;5;20260130;193500;305.16;305.2;304.81;304.91;119088
SBER;5;20260130;194000;304.9;305.17;304.8;305.14;116897
SBER;5;20260130;194500;305.12;305.14;304.97;304.98;6733
SBER;5;20260130;195000;304.99;304.99;304.92;304.94;10424
SBER;5;20260130;195500;304.94;305;304.92;304.99;11869
SBER;5;20260130;200000;305;305.12;304.98;305.01;27062
SBER;5;20260130;200500;305.04;305.1;305;305.02;6712
SBER;5;20260130;201000;305.03;305.14;305.03;305.12;13039
SBER;5;20260130;201500;305.12;305.12;304.99;304.99;48662
SBER;5;20260130;202000;305;305.29;304.85;305.15;72412
SBER;5;20260130;202500;305.13;305.17;305.06;305.1;4124
SBER;5;20260130;203000;305.1;305.13;304.98;304.98;13762
SBER;5;20260130;203500;305;305.04;304.9;304.99;12095
SBER;5;20260130;204000;305;305;304.73;304.75;150031
SBER;5;20260130;204500;304.74;304.75;304.67;304.71;63993
SBER;5;20260130;205000;304.71;304.75;304.64;304.74;38293
SBER;5;20260130;205500;304.74;304.9;304.71;304.83;42273
SBER;5;20260130;210000;304.83;305.59;304.83;305.3;141074
SBER;5;20260130;210500;305.3;305.3;305.03;305.06;20542
SBER;5;20260130;211000;305.09;305.17;305;305.01;40487
SBER;5;20260130;211500;305.01;305.05;304.53;304.54;155591
SBER;5;20260130;212000;304.54;304.74;304.5;304.74;95222
SBER;5;20260130;212500;304.74;304.87;304.7;304.79;37816
SBER;5;20260130;213000;304.79;305.03;304.76;304.98;19226
SBER;5;20260130;213500;304.98;305.01;304.86;304.95;15628
SBER;5;20260130;214000;304.95;305.01;304.75;304.8;42037
SBER;5;20260130;214500;304.85;305;304.75;304.79;32496
SBER;5;20260130;215000;304.79;304.87;304.76;304.79;22421
SBER;5;20260130;215500;304.8;304.96;304.79;304.95;26581
SBER;5;20260130;220000;304.92;304.99;304.86;304.96;5603
SBER;5;20260130;220500;304.95;304.97;304.75;304.79;64087
SBER;5;20260130;221000;304.8;304.8;304.75;304.78;16914
SBER;5;20260130;221500;304.78;304.83;304.77;304.78;16378
SBER;5;20260130;222000;304.82;304.91;304.77;304.78;22355
SBER;5;20260130;222500;304.77;304.86;304.75;304.75;49664
SBER;5;20260130;223000;304.76;304.9;304.75;304.9;18375
SBER;5;20260130;223500;304.88;304.96;304.86;304.92;14637
SBER;5;20260130;224000;304.89;305.02;304.88;305.01;13089
SBER;5;20260130;224500;305.01;305.1;305;305.1;15555
SBER;5;20260130;225000;305.1;305.3;305.07;305.29;22911
SBER;5;20260130;225500;305.3;305.3;305.19;305.21;12906
SBER;5;20260130;230000;305.21;305.22;305.03;305.04;24135
SBER;5;20260130;230500;305.04;305.1;304.99;305.08;14363
SBER;5;20260130;231000;305.08;305.36;305.06;305.33;74334
SBER;5;20260130;231500;305.31;305.41;305.29;305.4;49298
SBER;5;20260130;232000;305.41;305.45;305.4;305.45;24038
SBER;5;20260130;232500;305.45;305.52;305.44;305.51;24023
SBER;5;20260130;233000;305.51;305.72;305.5;305.64;38600
SBER;5;20260130;233500;305.64;305.7;305.5;305.5;21937
SBER;5;20260130;234000;305.51;305.51;305.44;305.47;33719
SBER;5;20260130;234500;305.47;305.64;305.44;305.62;43490
SBER;5;20260131;095500;305.94;305.94;305.94;305.94;4903
SBER;5;20260131;100000;305.95;305.99;305.63;305.7;35673
SBER;5;20260131;100500;305.7;306.14;305.69;306.05;72443
SBER;5;20260131;101000;306.03;306.05;305.92;305.92;13686
SBER;5;20260131;101500;305.94;305.95;305.88;305.92;19321
SBER;5;20260131;102000;305.92;306;305.89;306;29992
SBER;5;20260131;102500;306;306;305.78;305.94;18766
SBER;5;20260131;103000;305.88;305.88;305.72;305.79;9222
SBER;5;20260131;103500;305.79;305.81;305.72;305.79;9016
SBER;5;20260131;104000;305.79;305.79;305.68;305.72;11353
SBER;5;20260131;104500;305.72;305.84;305.71;305.84;6758
SBER;5;20260131;105000;305.81;305.81;305.67;305.77;16962
SBER;5;20260131;105500;305.73;305.83;305.73;305.81;11995
SBER;5;20260131;110000;305.8;305.82;305.74;305.8;5478
SBER;5;20260131;110500;305.76;305.91;305.67;305.8;25963
SBER;5;20260131;111000;305.8;305.8;305.7;305.75;6428
SBER;5;20260131;111500;305.7;305.75;305.63;305.74;3437
SBER;5;20260131;112000;305.74;305.75;305.63;305.7;3609
SBER;5;20260131;112500;305.74;305.76;305.7;305.76;3551
SBER;5;20260131;113000;305.75;305.76;305.62;305.62;11156
SBER;5;20260131;113500;305.68;305.68;305.61;305.62;9402
SBER;5;20260131;114000;305.62;305.62;305.53;305.57;5873
SBER;5;20260131;114500;305.57;305.6;305.51;305.58;4848
SBER;5;20260131;115000;305.54;305.6;305.54;305.59;2668
SBER;5;20260131;115500;305.54;305.6;305.19;305.28;82730
SBER;5;20260131;120000;305.29;305.49;305.28;305.45;17014
SBER;5;20260131;120500;305.43;305.5;305.43;305.49;5799
SBER;5;20260131;121000;305.49;305.53;305.46;305.49;7293
SBER;5;20260131;121500;305.49;305.5;305.46;305.47;3704
SBER;5;20260131;122000;305.47;305.53;305.46;305.5;3860
SBER;5;20260131;122500;305.51;305.54;305.46;305.46;5874
SBER;5;20260131;123000;305.46;305.51;305.46;305.5;2447
SBER;5;20260131;123500;305.47;305.54;305.47;305.54;3350
SBER;5;20260131;124000;305.54;305.54;305.5;305.51;3799
SBER;5;20260131;124500;305.54;305.54;305.5;305.54;2539
SBER;5;20260131;125000;305.54;305.54;305.49;305.53;21490
SBER;5;20260131;125500;305.52;305.54;305.49;305.54;1767
SBER;5;20260131;130000;305.53;305.54;305.48;305.53;5380
SBER;5;20260131;130500;305.53;305.59;305.48;305.59;13389
SBER;5;20260131;131000;305.58;305.6;305.48;305.6;786
SBER;5;20260131;131500;305.6;305.72;305.36;305.69;44281
SBER;5;20260131;132000;305.69;305.73;305.62;305.73;5765
SBER;5;20260131;132500;305.73;305.73;305.64;305.72;2018
SBER;5;20260131;133000;305.72;305.72;305.51;305.52;13015
SBER;5;20260131;133500;305.52;305.73;305.46;305.6;26759
SBER;5;20260131;134000;305.6;305.69;305.5;305.52;4724
SBER;5;20260131;134500;305.58;305.58;305.44;305.47;5401
SBER;5;20260131;135000;305.47;305.58;305.45;305.58;3737
SBER;5;20260131;135500;305.56;305.6;305.42;305.57;8302
SBER;5;20260131;140000;305.57;305.57;305.49;305.54;2160
SBER;5;20260131;140500;305.54;305.55;305.49;305.5;1635
SBER;5;20260131;141000;305.5;305.55;305.49;305.55;5786
SBER;5;20260131;141500;305.55;305.6;305.5;305.6;8706
SBER;5;20260131;142000;305.6;305.6;305.54;305.6;3258
SBER;5;20260131;142500;305.6;305.6;305.51;305.54;2462
SBER;5;20260131;143000;305.54;305.6;305.52;305.52;1991
SBER;5;20260131;143500;305.56;305.58;305.51;305.57;2483
SBER;5;20260131;144000;305.57;305.58;305.51;305.52;1934
SBER;5;20260131;144500;305.52;305.6;305.51;305.59;4682
SBER;5;20260131;145000;305.6;305.6;305.52;305.6;4064
SBER;5;20260131;145500;305.6;305.6;305.53;305.59;2495
SBER;5;20260131;150000;305.59;305.6;305.51;305.51;2415
SBER;5;20260131;150500;305.58;305.58;305.51;305.58;1070
SBER;5;20260131;151000;305.58;305.59;305.56;305.58;2177
SBER;5;20260131;151500;305.58;305.59;305.51;305.58;2770
SBER;5;20260131;152000;305.58;305.58;305.51;305.51;2956
SBER;5;20260131;152500;305.51;305.7;305.51;305.67;12105
SBER;5;20260131;153000;305.69;305.7;305.62;305.7;1551
SBER;5;20260131;153500;305.7;305.7;305.62;305.63;5536
SBER;5;20260131;154000;305.64;305.64;305.62;305.64;2339
SBER;5;20260131;154500;305.62;305.64;305.48;305.58;56228
SBER;5;20260131;155000;305.58;305.64;305.57;305.63;1926
SBER;5;20260131;155500;305.63;305.65;305.6;305.65;1744
SBER;5;20260131;160000;305.66;305.68;305.59;305.64;5078
SBER;5;20260131;160500;305.64;305.64;305.6;305.63;5275
SBER;5;20260131;161000;305.63;305.63;305.49;305.62;7912
SBER;5;20260131;161500;305.63;305.64;305.53;305.61;3448
SBER;5;20260131;162000;305.6;305.6;305.48;305.51;6971
SBER;5;20260131;162500;305.58;305.61;305.49;305.59;3658
SBER;5;20260131;163000;305.59;305.61;305.52;305.54;3779
SBER;5;20260131;163500;305.54;305.54;305.48;305.5;2966
SBER;5;20260131;164000;305.51;305.57;305.48;305.57;3518
SBER;5;20260131;164500;305.57;305.62;305.54;305.59;3849
SBER;5;20260131;165000;305.62;305.63;305.54;305.63;5522
SBER;5;20260131;165500;305.63;305.63;305.57;305.62;3786
SBER;5;20260131;170000;305.62;305.62;305.54;305.56;2623
SBER;5;20260131;170500;305.59;305.59;305.54;305.59;34250
SBER;5;20260131;171000;305.55;305.64;305.55;305.63;11942
SBER;5;20260131;171500;305.61;305.64;305.61;305.64;3318
SBER;5;20260131;172000;305.64;305.64;305.6;305.64;2052
SBER;5;20260131;172500;305.64;305.64;305.6;305.64;438
SBER;5;20260131;173000;305.6;305.64;305.59;305.63;1191
SBER;5;20260131;173500;305.63;305.63;305.59;305.63;1236
SBER;5;20260131;174000;305.63;305.64;305.59;305.63;3244
SBER;5;20260131;174500;305.59;305.64;305.59;305.62;4103
SBER;5;20260131;175000;305.62;305.64;305.58;305.64;1569
SBER;5;20260131;175500;305.62;305.64;305.62;305.64;3105
SBER;5;20260131;180000;305.64;305.64;305.54;305.61;15182
SBER;5;20260131;180500;305.55;305.6;305.5;305.57;2109
SBER;5;20260131;181000;305.57;305.64;305.52;305.55;5535
SBER;5;20260131;181500;305.55;305.64;305.54;305.62;1935
SBER;5;20260131;182000;305.62;305.63;305.56;305.62;4931
SBER;5;20260131;182500;305.62;305.63;305.56;305.58;1511
SBER;5;20260131;183000;305.62;305.64;305.51;305.63;106801
SBER;5;20260131;183500;305.63;305.65;305.53;305.63;17274
SBER;5;20260131;184000;305.62;305.73;305.62;305.72;41298
SBER;5;20260131;184500;305.72;305.73;305.65;305.65;8893
SBER;5;20260131;185000;305.7;305.73;305.57;305.57;5240
SBER;5;20260131;185500;305.7;305.73;305.57;305.7;1018
SBER;5;20260201;095500;305.72;305.72;305.72;305.72;728
SBER;5;20260201;100000;305.72;305.73;305.41;305.57;13087
SBER;5;20260201;100500;305.57;305.81;305.56;305.81;14974
SBER;5;20260201;101000;305.81;305.82;305.78;305.8;3440
SBER;5;20260201;101500;305.8;305.8;305.79;305.79;2528
SBER;5;20260201;102000;305.79;305.86;305.78;305.86;12547
SBER;5;20260201;102500;305.86;305.87;305.7;305.75;26099
SBER;5;20260201;103000;305.83;305.87;305.78;305.87;10887
SBER;5;20260201;103500;305.85;305.87;305.85;305.86;14097
SBER;5;20260201;104000;305.86;305.86;305.71;305.78;37811
SBER;5;20260201;104500;305.78;305.79;305.63;305.71;15248
SBER;5;20260201;105000;305.78;305.82;305.72;305.82;1841
SBER;5;20260201;105500;305.82;305.85;305.81;305.84;4827
SBER;5;20260201;110000;305.84;305.84;305.81;305.84;2418
SBER;5;20260201;110500;305.84;305.84;305.81;305.84;4848
SBER;5;20260201;111000;305.81;305.84;305.62;305.75;12471
SBER;5;20260201;111500;305.7;305.76;305.7;305.74;3662
SBER;5;20260201;112000;305.74;305.87;305.7;305.87;12018
SBER;5;20260201;112500;305.87;305.87;305.72;305.74;8384
SBER;5;20260201;113000;305.8;305.81;305.71;305.76;1891
SBER;5;20260201;113500;305.76;305.84;305.72;305.84;1132
SBER;5;20260201;114000;305.84;305.85;305.82;305.84;2966
SBER;5;20260201;114500;305.84;305.84;305.76;305.84;4126
SBER;5;20260201;115000;305.8;305.84;305.77;305.84;2323
SBER;5;20260201;115500;305.84;305.84;305.79;305.83;2772
SBER;5;20260201;120000;305.83;305.84;305.79;305.84;3775
SBER;5;20260201;120500;305.84;305.84;305.76;305.76;6216
SBER;5;20260201;121000;305.77;305.77;305.71;305.76;4455
SBER;5;20260201;121500;305.71;305.77;305.6;305.77;20061
SBER;5;20260201;122000;305.74;305.77;305.74;305.77;3556
SBER;5;20260201;122500;305.77;305.77;305.75;305.75;2303
SBER;5;20260201;123000;305.77;305.77;305.7;305.77;3706
SBER;5;20260201;123500;305.77;305.77;305.64;305.66;6016
SBER;5;20260201;124000;305.74;305.74;305.65;305.72;4363
SBER;5;20260201;124500;305.72;305.73;305.49;305.5;73080
SBER;5;20260201;125000;305.5;305.64;305.47;305.57;17447
SBER;5;20260201;125500;305.57;305.65;305.57;305.65;2658
SBER;5;20260201;130000;305.65;305.65;305.64;305.64;5760
SBER;5;20260201;130500;305.64;305.74;305.64;305.69;8809
SBER;5;20260201;131000;305.69;305.82;305.63;305.82;26523
SBER;5;20260201;131500;305.82;305.83;305.66;305.8;35306
SBER;5;20260201;132000;305.8;305.84;305.62;305.72;20702
SBER;5;20260201;132500;305.73;305.84;305.71;305.76;12921
SBER;5;20260201;133000;305.76;306;305.76;306;69518
SBER;5;20260201;133500;306;306.68;305.98;306.55;380507
SBER;5;20260201;134000;306.54;306.55;306.4;306.5;56472
SBER;5;20260201;134500;306.5;306.7;306.48;306.66;121946
SBER;5;20260201;135000;306.66;306.69;306.35;306.68;107324
SBER;5;20260201;135500;306.69;306.7;306.57;306.58;36789
SBER;5;20260201;140000;306.62;306.92;306.61;306.88;102623
SBER;5;20260201;140500;306.85;306.97;306.8;306.97;51026
SBER;5;20260201;141000;306.96;306.97;306.7;306.8;59911
SBER;5;20260201;141500;306.8;306.86;306.69;306.78;10950
SBER;5;20260201;142000;306.74;306.76;306.48;306.68;37822
SBER;5;20260201;142500;306.68;306.74;306.64;306.69;9360
SBER;5;20260201;143000;306.7;306.73;306.52;306.54;14275
SBER;5;20260201;143500;306.58;306.64;306.55;306.64;7584
SBER;5;20260201;144000;306.63;306.67;306.49;306.62;17454
SBER;5;20260201;144500;306.62;306.64;306.51;306.51;17845
SBER;5;20260201;145000;306.52;306.64;306.5;306.59;17037
SBER;5;20260201;145500;306.59;306.59;306.5;306.5;6951
SBER;5;20260201;150000;306.52;306.52;306.46;306.5;14314
SBER;5;20260201;150500;306.5;306.63;306.5;306.6;55951
SBER;5;20260201;151000;306.6;306.64;306.59;306.63;38742
SBER;5;20260201;151500;306.63;306.64;306.55;306.6;16321
SBER;5;20260201;152000;306.61;306.61;306.54;306.55;2284
SBER;5;20260201;152500;306.59;306.6;306.54;306.59;1567
SBER;5;20260201;153000;306.59;306.6;306.55;306.6;7766
SBER;5;20260201;153500;306.58;306.6;306.58;306.6;8224
SBER;5;20260201;154000;306.6;306.6;306.44;306.48;17244
SBER;5;20260201;154500;306.48;306.53;306.46;306.52;4420
SBER;5;20260201;155000;306.52;306.52;306.45;306.47;5819
SBER;5;20260201;155500;306.49;306.59;306.47;306.59;14824
SBER;5;20260201;160000;306.55;306.59;306.51;306.52;4827
SBER;5;20260201;160500;306.52;306.57;306.45;306.56;12050
SBER;5;20260201;161000;306.52;306.57;306.45;306.57;2320
SBER;5;20260201;161500;306.56;306.62;306.52;306.59;7155
SBER;5;20260201;162000;306.59;306.61;306.55;306.6;3011
SBER;5;20260201;162500;306.6;306.6;306.55;306.6;2723
SBER;5;20260201;163000;306.59;306.6;306.55;306.6;4834
SBER;5;20260201;163500;306.57;306.59;306.38;306.55;23711
SBER;5;20260201;164000;306.54;306.89;306.54;306.89;114762
SBER;5;20260201;164500;306.87;306.88;306.64;306.73;11375
SBER;5;20260201;165000;306.71;306.73;306.64;306.64;16324
SBER;5;20260201;165500;306.69;306.69;306.4;306.54;37713
SBER;5;20260201;170000;306.51;306.66;306.41;306.61;14856
SBER;5;20260201;170500;306.61;306.67;306.4;306.41;28795
SBER;5;20260201;171000;306.41;306.47;306.18;306.23;41226
SBER;5;20260201;171500;306.22;306.37;306.21;306.37;4549
SBER;5;20260201;172000;306.37;306.38;306;306.2;44990
SBER;5;20260201;172500;306.2;306.2;306.03;306.07;7108
SBER;5;20260201;173000;306.11;306.2;306.06;306.17;7608
SBER;5;20260201;173500;306.16;306.25;306.07;306.24;7167
SBER;5;20260201;174000;306.24;306.24;306.13;306.22;7502
SBER;5;20260201;174500;306.17;306.35;306.16;306.35;4903
SBER;5;20260201;175000;306.34;306.42;306.25;306.26;5537
SBER;5;20260201;175500;306.36;306.4;306.25;306.4;2967
SBER;5;20260201;180000;306.39;306.4;306.3;306.35;8018
SBER;5;20260201;180500;306.4;306.4;306.35;306.4;5795
SBER;5;20260201;181000;306.4;306.43;306.36;306.4;13692
SBER;5;20260201;181500;306.4;306.4;306.38;306.4;961
SBER;5;20260201;182000;306.39;306.4;306.2;306.33;17359
SBER;5;20260201;182500;306.3;306.35;306.2;306.25;10947
SBER;5;20260201;183000;306.25;306.25;306.15;306.24;8474
SBER;5;20260201;183500;306.2;306.28;306.08;306.22;28705
SBER;5;20260201;184000;306.24;306.32;306.22;306.29;16818
SBER;5;20260201;184500;306.23;306.35;306.23;306.34;15455
SBER;5;20260201;185000;306.34;306.35;306.33;306.35;16794
SBER;5;20260201;185500;306.33;306.39;306.3;306.38;11248
SBER;5;20260202;070000;306.48;306.48;306;306.14;69286
SBER;5;20260202;070500;306.13;306.27;306.05;306.06;21275
SBER;5;20260202;071000;306.05;306.06;305.74;305.88;42562
SBER;5;20260202;071500;305.88;305.88;305.62;305.64;25110
SBER;5;20260202;072000;305.63;306.05;305.6;306.05;28671
SBER;5;20260202;072500;306.05;306.13;305.8;306.05;35383
SBER;5;20260202;073000;306.05;306.05;305.8;305.8;28064
SBER;5;20260202;073500;305.84;305.99;305.68;305.93;27402
SBER;5;20260202;074000;305.93;305.93;305.78;305.9;8588
SBER;5;20260202;074500;305.87;305.9;305.65;305.74;13856
SBER;5;20260202;075000;305.74;305.75;305.7;305.7;8884
SBER;5;20260202;075500;305.69;305.73;305.61;305.72;7834
SBER;5;20260202;080000;305.73;305.94;305.61;305.92;27264
SBER;5;20260202;080500;305.92;305.92;305.41;305.49;81338
SBER;5;20260202;081000;305.52;305.59;305;305.35;178025
SBER;5;20260202;081500;305.35;305.35;305.21;305.25;19595
SBER;5;20260202;082000;305.24;305.27;305.19;305.27;23257
SBER;5;20260202;082500;305.27;305.27;305.21;305.27;4803
SBER;5;20260202;083000;305.26;305.46;305.25;305.46;21633
SBER;5;20260202;083500;305.45;305.46;305.19;305.19;11391
SBER;5;20260202;084000;305.19;305.3;305.19;305.21;26206
SBER;5;20260202;084500;305.21;305.21;305.18;305.19;12241
SBER;5;20260202;085000;305.19;305.2;305.03;305.14;19315
SBER;5;20260202;085500;305.14;305.47;305.1;305.39;52636
SBER;5;20260202;090000;305.42;305.47;305.07;305.11;74522
SBER;5;20260202;090500;305.11;305.15;304.94;305.06;220874
SBER;5;20260202;091000;305.05;305.05;304.8;304.8;183311
SBER;5;20260202;091500;304.8;304.9;304.57;304.86;216687
SBER;5;20260202;092000;304.88;304.88;304.58;304.8;125414
SBER;5;20260202;092500;304.79;304.84;304.58;304.7;60275
SBER;5;20260202;093000;304.7;304.75;304.61;304.7;37495
SBER;5;20260202;093500;304.71;304.81;304.6;304.6;158121
SBER;5;20260202;094000;304.63;304.65;304.5;304.52;152081
SBER;5;20260202;094500;304.52;304.53;304.23;304.44;142232
SBER;5;20260202;095000;304.45;304.68;304.23;304.64;98362
SBER;5;20260202;095500;304.64;304.87;304.52;304.81;104912
SBER;5;20260202;100000;304.72;304.76;304.3;304.35;138215
SBER;5;20260202;100500;304.39;304.59;304.1;304.58;285617
SBER;5;20260202;101000;304.59;304.61;304.1;304.33;128383
SBER;5;20260202;101500;304.33;304.45;304.05;304.18;88923
SBER;5;20260202;102000;304.19;304.21;304;304.06;383057
SBER;5;20260202;102500;304.02;304.81;304;304.72;298254
SBER;5;20260202;103000;304.75;304.75;304.31;304.61;243932
SBER;5;20260202;103500;304.6;304.61;304.43;304.57;102321
SBER;5;20260202;104000;304.58;304.82;304.56;304.6;306904
SBER;5;20260202;104500;304.61;304.78;304.28;304.59;403915
SBER;5;20260202;105000;304.59;304.7;304.5;304.62;81563
SBER;5;20260202;105500;304.59;304.74;304.57;304.69;145267
SBER;5;20260202;110000;304.68;304.81;304.5;304.74;101844
SBER;5;20260202;110500;304.67;304.92;304.58;304.66;155404
SBER;5;20260202;111000;304.66;304.7;304.58;304.59;26329
SBER;5;20260202;111500;304.59;304.59;304.35;304.42;77703
SBER;5;20260202;112000;304.42;304.42;304.2;304.4;63246
SBER;5;20260202;112500;304.4;304.51;304.33;304.5;25129
SBER;5;20260202;113000;304.51;304.51;304.18;304.28;57050
SBER;5;20260202;113500;304.28;304.34;304.23;304.32;169310
SBER;5;20260202;114000;304.33;304.34;304.01;304.01;152530
SBER;5;20260202;114500;304.03;304.08;304.01;304.01;235425
SBER;5;20260202;115000;304.04;304.17;304.01;304.17;225953
SBER;5;20260202;115500;304.16;304.21;304.05;304.11;138180
SBER;5;20260202;120000;304.11;304.16;304.01;304.15;197561
SBER;5;20260202;120500;304.16;304.22;304.08;304.22;65971
SBER;5;20260202;121000;304.22;304.22;304.03;304.11;73881
SBER;5;20260202;121500;304.1;304.22;304.1;304.22;127656
SBER;5;20260202;122000;304.22;304.28;304.19;304.28;262720
SBER;5;20260202;122500;304.28;304.28;304.25;304.28;52524
SBER;5;20260202;123000;304.28;304.33;304.25;304.33;334658
SBER;5;20260202;123500;304.33;304.33;304.31;304.33;121673
SBER;5;20260202;124000;304.33;304.35;304.32;304.33;475359
SBER;5;20260202;124500;304.35;304.36;304.3;304.36;227814
SBER;5;20260202;125000;304.36;304.36;304.31;304.35;465187
SBER;5;20260202;125500;304.36;304.37;304.35;304.37;147153
SBER;5;20260202;130000;304.37;304.37;304.36;304.37;113228
SBER;5;20260202;130500;304.37;304.37;304.32;304.37;152684
SBER;5;20260202;131000;304.37;304.37;304.34;304.37;48969
SBER;5;20260202;131500;304.35;304.37;304.35;304.37;94290
SBER;5;20260202;132000;304.37;304.37;304.31;304.37;112361
SBER;5;20260202;132500;304.37;304.38;304.36;304.38;126417
SBER;5;20260202;133000;304.38;304.38;304.37;304.38;124330
SBER;5;20260202;133500;304.38;304.38;304.07;304.08;135993
SBER;5;20260202;134000;304.08;304.09;303.92;304;575962
SBER;5;20260202;134500;304;304.03;303.5;303.67;523690
SBER;5;20260202;135000;303.68;303.68;303.33;303.48;367129
SBER;5;20260202;135500;303.48;303.81;303.45;303.77;153046
SBER;5;20260202;140000;303.77;304.13;303.6;303.97;134276
SBER;5;20260202;140500;303.97;303.97;302;302.48;3117649
SBER;5;20260202;141000;302.49;302.68;302.12;302.68;492905
SBER;5;20260202;141500;302.67;302.68;302.44;302.52;294623
SBER;5;20260202;142000;302.51;302.74;302.5;302.72;173039
SBER;5;20260202;142500;302.74;302.84;302.67;302.84;315423
SBER;5;20260202;143000;302.83;302.96;302.7;302.86;252877
SBER;5;20260202;143500;302.85;303.01;302.81;302.93;187046
SBER;5;20260202;144000;302.93;303.01;302.81;302.86;225254
SBER;5;20260202;144500;302.86;303.1;302.85;303.1;177238
SBER;5;20260202;145000;303.1;303.18;303.07;303.11;135813
SBER;5;20260202;145500;303.11;303.14;302.97;303.01;161028
SBER;5;20260202;150000;303;303.03;302.6;302.71;288649
SBER;5;20260202;150500;302.72;302.8;302.6;302.77;72590
SBER;5;20260202;151000;302.77;303.11;302.75;303.02;82637
SBER;5;20260202;151500;303.03;303.23;302.8;302.91;150265
SBER;5;20260202;152000;302.91;302.91;302.56;302.57;359923
SBER;5;20260202;152500;302.57;302.6;302.5;302.59;257372
SBER;5;20260202;153000;302.59;302.59;302.44;302.5;172407
SBER;5;20260202;153500;302.5;302.67;302.46;302.66;57420
SBER;5;20260202;154000;302.65;302.95;302.63;302.95;47752
SBER;5;20260202;154500;302.9;303.21;302.9;303.15;163683
SBER;5;20260202;155000;303.15;303.35;303.05;303.35;89432
SBER;5;20260202;155500;303.34;303.5;303.03;303.2;163522
SBER;5;20260202;160000;303.2;303.39;303.03;303.16;80539
SBER;5;20260202;160500;303.15;303.16;302.8;302.98;127728
SBER;5;20260202;161000;302.98;303.17;302.97;303.17;34109
SBER;5;20260202;161500;303.17;303.28;303.01;303.14;45152
SBER;5;20260202;162000;303.14;303.14;303;303.03;23722
SBER;5;20260202;162500;303.03;303.15;303;303.13;58131
SBER;5;20260202;163000;303.13;303.14;303.07;303.12;36150
SBER;5;20260202;163500;303.12;303.3;303.12;303.28;64515
SBER;5;20260202;164000;303.28;303.3;303.19;303.27;98430
SBER;5;20260202;164500;303.29;303.3;303.19;303.21;46103
SBER;5;20260202;165000;303.21;303.22;303.06;303.07;64616
SBER;5;20260202;165500;303.07;303.16;303;303.01;126570
SBER;5;20260202;170000;303;303.01;302.83;302.91;168517
SBER;5;20260202;170500;302.9;302.99;302.83;302.96;43743
SBER;5;20260202;171000;302.96;303.17;302.9;303.13;44101
SBER;5;20260202;171500;303.13;303.21;302.82;302.83;169822
SBER;5;20260202;172000;302.83;302.84;302.7;302.82;109192
SBER;5;20260202;172500;302.81;302.82;302.8;302.82;35371
SBER;5;20260202;173000;302.82;302.82;302.76;302.79;122324
SBER;5;20260202;173500;302.78;302.81;302.73;302.77;59222
SBER;5;20260202;174000;302.79;302.84;302.7;302.84;263568
SBER;5;20260202;174500;302.82;302.84;302.75;302.81;122952
SBER;5;20260202;175000;302.82;302.84;302.65;302.7;92834
SBER;5;20260202;175500;302.69;302.72;302.6;302.69;78844
SBER;5;20260202;180000;302.68;302.74;302.63;302.74;145569
SBER;5;20260202;180500;302.74;302.74;302.72;302.73;56615
SBER;5;20260202;181000;302.74;302.74;302.72;302.73;84969
SBER;5;20260202;181500;302.74;302.74;302.68;302.7;124644
SBER;5;20260202;182000;302.7;302.74;302.69;302.74;92876
SBER;5;20260202;182500;302.74;302.74;302.7;302.73;55074
SBER;5;20260202;183000;302.73;302.74;302.7;302.73;34901
SBER;5;20260202;183500;302.73;302.74;302.72;302.74;55969
SBER;5;20260202;184500;302.74;302.74;302.74;302.74;19118
SBER;5;20260202;190000;302.75;302.99;302.75;302.97;34392
SBER;5;20260202;190500;302.97;303.15;302.92;303.11;182771
SBER;5;20260202;191000;303.12;303.3;303;303.3;110355
SBER;5;20260202;191500;303.3;303.48;303.29;303.45;208934
SBER;5;20260202;192000;303.46;303.57;303.45;303.49;164964
SBER;5;20260202;192500;303.49;303.5;303.33;303.37;39349
SBER;5;20260202;193000;303.37;303.47;303.26;303.39;64684
SBER;5;20260202;193500;303.39;303.39;303.31;303.38;49004
SBER;5;20260202;194000;303.37;303.56;303.36;303.56;96887
SBER;5;20260202;194500;303.53;303.58;303.5;303.56;87734
SBER;5;20260202;195000;303.57;303.6;303.5;303.6;199161
SBER;5;20260202;195500;303.6;304;303.59;303.96;245228
SBER;5;20260202;200000;303.96;304.07;303.83;303.85;149781
SBER;5;20260202;200500;303.84;303.92;303.78;303.8;87560
SBER;5;20260202;201000;303.8;303.8;303.75;303.76;16303
SBER;5;20260202;201500;303.76;303.76;303.65;303.73;53287
SBER;5;20260202;202000;303.71;303.73;303.6;303.63;40696
SBER;5;20260202;202500;303.63;303.63;303.5;303.61;87184
SBER;5;20260202;203000;303.61;303.8;303.57;303.73;102645
SBER;5;20260202;203500;303.73;303.76;303.73;303.75;10185
SBER;5;20260202;204000;303.75;303.99;303.75;303.94;76903
SBER;5;20260202;204500;303.95;303.95;303.73;303.74;49403
SBER;5;20260202;205000;303.73;303.73;303.62;303.7;23334
SBER;5;20260202;205500;303.7;303.81;303.64;303.64;24695
SBER;5;20260202;210000;303.65;303.65;303.54;303.62;25056
SBER;5;20260202;210500;303.63;303.74;303.62;303.74;20917
SBER;5;20260202;211000;303.74;303.88;303.73;303.75;35936
SBER;5;20260202;211500;303.75;303.78;303.66;303.66;19856
SBER;5;20260202;212000;303.68;303.8;303.67;303.77;19087
SBER;5;20260202;212500;303.77;303.77;303.75;303.75;18447
SBER;5;20260202;213000;303.76;303.76;303.7;303.75;14181
SBER;5;20260202;213500;303.75;303.89;303.7;303.85;52176
SBER;5;20260202;214000;303.85;303.91;303.83;303.9;16481
SBER;5;20260202;214500;303.91;303.93;303.78;303.82;9372
SBER;5;20260202;215000;303.82;303.94;303.81;303.9;12239
SBER;5;20260202;215500;303.93;303.93;303.74;303.78;21166
SBER;5;20260202;220000;303.78;303.9;303.77;303.89;7824
SBER;5;20260202;220500;303.88;303.9;303.88;303.9;8433
SBER;5;20260202;221000;303.9;303.91;303.86;303.87;11074
SBER;5;20260202;221500;303.86;303.92;303.85;303.92;17524
SBER;5;20260202;222000;303.92;304;303.92;304;55920
SBER;5;20260202;222500;303.99;304.14;303.99;304.1;92814
SBER;5;20260202;223000;304.1;304.21;304.03;304.17;63356
SBER;5;20260202;223500;304.15;304.2;304.14;304.19;8404
SBER;5;20260202;224000;304.18;304.35;304.17;304.32;101678
SBER;5;20260202;224500;304.32;304.5;304.14;304.16;152539
SBER;5;20260202;225000;304.16;304.3;304.16;304.3;17895
SBER;5;20260202;225500;304.3;304.56;304.3;304.45;79387
SBER;5;20260202;230000;304.45;304.49;304.36;304.4;20975
SBER;5;20260202;230500;304.36;304.56;304.36;304.49;118465
SBER;5;20260202;231000;304.52;304.52;304.41;304.46;63453
SBER;5;20260202;231500;304.5;304.51;304.36;304.44;44560
SBER;5;20260202;232000;304.44;304.47;304.37;304.39;10383
SBER;5;20260202;232500;304.4;304.43;304.33;304.39;60895
SBER;5;20260202;233000;304.4;304.4;304.11;304.23;64407
SBER;5;20260202;233500;304.22;304.36;304.13;304.29;64592
SBER;5;20260202;234000;304.23;304.32;304.1;304.15;28557
SBER;5;20260202;234500;304.15;304.19;304.11;304.16;26361
SBER;5;20260203;070000;304.56;305.19;304.31;304.93;412013
SBER;5;20260203;070500;304.99;305.2;304.93;305.02;173056
SBER;5;20260203;071000;305.01;305.12;304.99;305.08;42904
SBER;5;20260203;071500;305.08;305.08;304.8;304.84;53129
SBER;5;20260203;072000;304.84;304.95;304.77;304.85;28173
SBER;5;20260203;072500;304.85;304.94;304.72;304.77;49804
SBER;5;20260203;073000;304.77;304.89;304.71;304.81;34852
SBER;5;20260203;073500;304.81;304.89;304.8;304.84;16551
SBER;5;20260203;074000;304.84;304.88;304.72;304.81;26464
SBER;5;20260203;074500;304.8;304.88;304.75;304.87;25014
SBER;5;20260203;075000;304.87;304.92;304.8;304.89;19349
SBER;5;20260203;075500;304.89;304.9;304.72;304.73;20290
SBER;5;20260203;080000;304.77;304.89;304.72;304.86;17876
SBER;5;20260203;080500;304.87;305;304.86;305;72464
SBER;5;20260203;081000;304.99;305;304.77;304.78;68232
SBER;5;20260203;081500;304.79;305;304.78;304.98;18214
SBER;5;20260203;082000;304.97;304.99;304.77;304.86;37751
SBER;5;20260203;082500;304.86;304.88;304.73;304.87;57320
SBER;5;20260203;083000;304.86;304.87;304.58;304.59;69014
SBER;5;20260203;083500;304.58;304.83;304.58;304.8;85947
SBER;5;20260203;084000;304.8;304.8;304.69;304.7;30053
SBER;5;20260203;084500;304.7;304.7;304.3;304.5;75513
SBER;5;20260203;085000;304.48;304.54;304.45;304.54;26309
SBER;5;20260203;085500;304.54;304.75;304.51;304.75;13129
SBER;5;20260203;090000;304.74;304.74;304.19;304.35;48999
SBER;5;20260203;090500;304.36;304.37;304.17;304.18;54216
SBER;5;20260203;091000;304.18;304.45;304.18;304.45;61725
SBER;5;20260203;091500;304.44;304.66;304.43;304.58;74427
SBER;5;20260203;092000;304.54;304.6;304.51;304.6;37501
SBER;5;20260203;092500;304.6;304.6;304.59;304.6;25940
SBER;5;20260203;093000;304.6;304.6;304.43;304.54;61655
SBER;5;20260203;093500;304.54;304.54;304.5;304.54;9439
SBER;5;20260203;094000;304.54;304.59;304.46;304.54;32433
SBER;5;20260203;094500;304.54;304.59;304.39;304.42;29051
SBER;5;20260203;095000;304.4;304.59;304.4;304.51;37183
SBER;5;20260203;095500;304.51;304.65;304.45;304.55;44715
SBER;5;20260203;100000;304.55;304.94;304.54;304.94;221706
SBER;5;20260203;100500;304.94;304.94;304.56;304.66;120973
SBER;5;20260203;101000;304.66;304.67;304.26;304.47;102719
SBER;5;20260203;101500;304.47;304.55;304.32;304.39;103298
SBER;5;20260203;102000;304.39;304.39;303.76;303.89;345963
SBER;5;20260203;102500;303.91;304.01;303.87;303.98;187496
SBER;5;20260203;103000;303.91;304.11;303.84;303.91;96784
SBER;5;20260203;103500;303.93;304;303.75;303.84;96604
SBER;5;20260203;104000;303.84;304.08;303.84;304.01;119995
SBER;5;20260203;104500;303.98;304.01;303.65;303.66;118151
SBER;5;20260203;105000;303.64;303.73;303.6;303.73;81353
SBER;5;20260203;105500;303.73;303.73;303.69;303.73;45472
SBER;5;20260203;110000;303.73;303.73;303.72;303.73;176258
SBER;5;20260203;110500;303.73;303.73;303.72;303.73;84048
SBER;5;20260203;111000;303.73;303.73;303.5;303.5;171668
SBER;5;20260203;111500;303.51;303.51;303.3;303.5;142866
SBER;5;20260203;112000;303.5;303.59;303.49;303.59;23231
SBER;5;20260203;112500;303.59;303.73;303.57;303.73;44519
SBER;5;20260203;113000;303.73;303.73;303.71;303.72;52518
SBER;5;20260203;113500;303.72;303.73;303.56;303.71;76694
SBER;5;20260203;114000;303.72;303.73;303.55;303.66;56066
SBER;5;20260203;114500;303.66;303.73;303.53;303.62;113602
SBER;5;20260203;115000;303.6;303.68;303.5;303.63;50346
SBER;5;20260203;115500;303.63;303.66;303.55;303.56;29142
SBER;5;20260203;120000;303.55;303.57;303.03;303.17;249190
SBER;5;20260203;120500;303.17;303.46;303.06;303.44;55558
SBER;5;20260203;121000;303.44;303.59;303.43;303.57;35008
SBER;5;20260203;121500;303.56;303.69;303.56;303.69;40168
SBER;5;20260203;122000;303.69;303.73;303.64;303.71;43923
SBER;5;20260203;122500;303.73;303.73;303.6;303.7;34768
SBER;5;20260203;123000;303.7;303.73;303.66;303.72;125746
SBER;5;20260203;123500;303.73;303.73;303.7;303.73;24661
SBER;5;20260203;124000;303.72;303.73;303.71;303.72;74696
SBER;5;20260203;124500;303.71;303.73;303.7;303.73;130152
SBER;5;20260203;125000;303.72;303.75;303.72;303.75;179148
SBER;5;20260203;125500;303.75;303.75;303.61;303.74;185421
SBER;5;20260203;130000;303.74;303.77;303.73;303.77;307971
SBER;5;20260203;130500;303.77;303.77;303.76;303.76;52599
SBER;5;20260203;131000;303.77;303.79;303.74;303.79;240081
SBER;5;20260203;131500;303.79;303.79;303.78;303.79;135322
SBER;5;20260203;132000;303.79;303.79;303.77;303.79;36494
SBER;5;20260203;132500;303.79;303.79;303.78;303.79;61346
SBER;5;20260203;133000;303.79;303.79;303.71;303.74;95405
SBER;5;20260203;133500;303.74;303.81;303.72;303.79;121611
SBER;5;20260203;134000;303.79;303.83;303.77;303.82;26953
SBER;5;20260203;134500;303.82;303.82;303.72;303.76;34589
SBER;5;20260203;135000;303.76;303.76;303.6;303.68;42767
SBER;5;20260203;135500;303.68;303.8;303.62;303.63;17868
SBER;5;20260203;140000;303.63;303.72;303.62;303.69;6409
SBER;5;20260203;140500;303.69;303.69;303.45;303.6;65135
SBER;5;20260203;141000;303.59;303.85;303.59;303.85;34198
SBER;5;20260203;141500;303.85;304.11;303.84;304.11;47848
SBER;5;20260203;142000;304.11;304.11;303.9;303.98;65117
SBER;5;20260203;142500;304;304.12;303.98;304.07;47558
SBER;5;20260203;143000;304.07;304.55;304.05;304.55;512895
SBER;5;20260203;143500;304.55;304.6;303.92;304.2;247609
SBER;5;20260203;144000;304.19;304.23;303.84;304.06;111566
SBER;5;20260203;144500;304.06;304.1;304.01;304.08;17932
SBER;5;20260203;145000;304.08;304.18;304.02;304.13;35809
SBER;5;20260203;145500;304.11;304.5;304.07;304.47;205567
SBER;5;20260203;150000;304.47;304.79;304.34;304.79;342775
SBER;5;20260203;150500;304.78;304.8;304.63;304.72;150523
SBER;5;20260203;151000;304.72;304.81;304.62;304.65;253370
SBER;5;20260203;151500;304.65;304.7;304.52;304.54;81750
SBER;5;20260203;152000;304.54;304.63;304.36;304.43;69939
SBER;5;20260203;152500;304.44;304.52;304.31;304.49;39914
SBER;5;20260203;153000;304.52;304.53;304.31;304.32;21836
SBER;5;20260203;153500;304.32;304.48;304.1;304.17;61018
SBER;5;20260203;154000;304.17;304.36;304.11;304.3;42495
SBER;5;20260203;154500;304.3;304.48;304.26;304.3;100959
SBER;5;20260203;155000;304.35;304.57;304.3;304.42;142900
SBER;5;20260203;155500;304.42;304.43;304.29;304.33;46199
SBER;5;20260203;160000;304.35;304.5;304.23;304.45;77494
SBER;5;20260203;160500;304.45;304.54;304.31;304.53;48521
SBER;5;20260203;161000;304.52;304.59;304.37;304.54;118288
SBER;5;20260203;161500;304.53;304.75;304.5;304.69;71486
SBER;5;20260203;162000;304.69;304.79;304.66;304.73;52916
SBER;5;20260203;162500;304.73;304.81;304.64;304.8;161065
SBER;5;20260203;163000;304.8;304.81;304.77;304.8;91706
SBER;5;20260203;163500;304.81;304.81;304.58;304.67;65102
SBER;5;20260203;164000;304.64;304.75;304.58;304.69;27360
SBER;5;20260203;164500;304.69;304.79;304.65;304.78;35880
SBER;5;20260203;165000;304.77;304.81;304.75;304.77;62222
SBER;5;20260203;165500;304.77;304.81;304.75;304.81;104660
SBER;5;20260203;170000;304.79;304.81;304.65;304.75;179596
SBER;5;20260203;170500;304.8;304.81;304.69;304.79;93845
SBER;5;20260203;171000;304.79;304.8;304.73;304.79;36236
SBER;5;20260203;171500;304.79;304.81;304.7;304.79;54751
SBER;5;20260203;172000;304.79;304.79;304.46;304.63;79501
SBER;5;20260203;172500;304.63;304.76;304.57;304.75;51715
SBER;5;20260203;173000;304.76;304.81;304.71;304.76;68697
SBER;5;20260203;173500;304.76;304.81;304.57;304.71;96296
SBER;5;20260203;174000;304.7;304.8;304.55;304.75;101006
SBER;5;20260203;174500;304.75;304.81;304.73;304.8;183291
SBER;5;20260203;175000;304.8;304.81;304.69;304.81;100309
SBER;5;20260203;175500;304.81;304.81;304.74;304.74;43939
SBER;5;20260203;180000;304.74;304.79;304.57;304.64;61567
SBER;5;20260203;180500;304.64;304.68;304.37;304.37;76015
SBER;5;20260203;181000;304.36;304.42;304.14;304.27;83676
SBER;5;20260203;181500;304.27;304.37;304.2;304.24;114004
SBER;5;20260203;182000;304.24;304.55;304.24;304.33;188948
SBER;5;20260203;182500;304.33;304.4;304.3;304.32;127795
SBER;5;20260203;183000;304.32;304.32;304.21;304.24;68174
SBER;5;20260203;183500;304.24;304.4;304.06;304.22;185645
SBER;5;20260203;184500;304.2;304.2;304.2;304.2;4132
SBER;5;20260203;190000;304.22;304.22;303.6;304;150927
SBER;5;20260203;190500;304;304.12;303.99;304.09;48892
SBER;5;20260203;191000;304.1;304.16;304.05;304.12;27902
SBER;5;20260203;191500;304.12;304.16;304.03;304.07;20913
SBER;5;20260203;192000;304.04;304.04;303.92;304;27934
SBER;5;20260203;192500;304;304.15;303.98;304.14;6686
SBER;5;20260203;193000;304.15;304.16;304.02;304.05;59457
SBER;5;20260203;193500;304.08;304.18;304.04;304.17;10763
SBER;5;20260203;194000;304.17;304.22;304.17;304.22;11786
SBER;5;20260203;194500;304.22;304.24;304.21;304.23;3978
SBER;5;20260203;195000;304.24;304.24;304.17;304.18;11681
SBER;5;20260203;195500;304.18;304.18;304.08;304.09;20905
SBER;5;20260203;200000;304.08;304.08;303.83;303.93;153310
SBER;5;20260203;200500;303.93;303.97;303.85;303.91;35697
SBER;5;20260203;201000;303.85;304.04;303.85;304.04;42903
SBER;5;20260203;201500;304.04;304.09;304.03;304.05;3910
SBER;5;20260203;202000;304.05;304.05;303.84;303.88;30516
SBER;5;20260203;202500;303.88;303.92;303.87;303.91;5174
SBER;5;20260203;203000;303.9;303.91;303.84;303.88;14978
SBER;5;20260203;203500;303.89;303.99;303.86;303.91;14235
SBER;5;20260203;204000;303.91;303.91;303.65;303.65;35592
SBER;5;20260203;204500;303.65;303.8;303.63;303.8;31709
SBER;5;20260203;205000;303.81;303.88;303.75;303.76;16956
SBER;5;20260203;205500;303.76;303.76;303.68;303.7;10260
SBER;5;20260203;210000;303.71;303.74;303.6;303.74;26779
SBER;5;20260203;210500;303.74;303.88;303.73;303.86;25482
SBER;5;20260203;211000;303.87;303.94;303.81;303.93;6005
SBER;5;20260203;211500;303.93;303.94;303.89;303.94;4126
SBER;5;20260203;212000;303.94;303.96;303.93;303.94;6285
SBER;5;20260203;212500;303.94;303.97;303.92;303.96;4396
SBER;5;20260203;213000;303.96;303.96;303.9;303.9;5299
SBER;5;20260203;213500;303.9;303.94;303.87;303.91;7415
SBER;5;20260203;214000;303.91;304.02;303.91;304.01;38620
SBER;5;20260203;214500;304.01;304.02;304;304.01;11180
SBER;5;20260203;215000;304.01;304.1;303.8;304.1;304978
SBER;5;20260203;215500;304.1;304.34;304.09;304.17;66528
SBER;5;20260203;220000;304.18;304.22;304.17;304.19;3647
SBER;5;20260203;220500;304.2;304.2;304.19;304.19;2053
SBER;5;20260203;221000;304.18;304.19;303.99;304;51337
SBER;5;20260203;221500;304;304.09;303.99;304.08;7262
SBER;5;20260203;222000;304.08;304.09;304.06;304.06;3947
SBER;5;20260203;222500;304.08;304.09;304.06;304.09;7548
SBER;5;20260203;223000;304.07;304.07;304;304.03;5889
SBER;5;20260203;223500;304.03;304.09;304.02;304.08;8553
SBER;5;20260203;224000;304.08;304.08;303.96;303.99;45019
SBER;5;20260203;224500;303.99;304.05;303.94;303.96;26403
SBER;5;20260203;225000;304;304.01;303.9;303.91;30611
SBER;5;20260203;225500;303.91;303.94;303.9;303.91;1036
SBER;5;20260203;230000;303.9;303.91;303.9;303.9;1741
SBER;5;20260203;230500;303.91;303.91;303.72;303.81;40239
SBER;5;20260203;231000;303.81;303.88;303.76;303.87;30680
SBER;5;20260203;231500;303.87;303.87;303.74;303.74;13750
SBER;5;20260203;232000;303.78;303.91;303.76;303.83;16391
SBER;5;20260203;232500;303.8;303.81;303.6;303.69;63975
SBER;5;20260203;233000;303.69;303.73;303.55;303.62;26891
SBER;5;20260203;233500;303.6;303.67;303.5;303.67;42837
SBER;5;20260203;234000;303.67;303.8;303.6;303.7;22776
SBER;5;20260203;234500;303.79;303.95;303.66;303.81;34427
SBER;5;20260204;070000;303.97;304.59;303.93;304.4;83142
SBER;5;20260204;070500;304.38;304.45;304.18;304.36;25885
SBER;5;20260204;071000;304.36;304.4;304.14;304.15;19286
SBER;5;20260204;071500;304.15;304.33;303.97;304;27940
SBER;5;20260204;072000;304;304.27;303.99;304.27;11708
SBER;5;20260204;072500;304.27;304.27;304.21;304.26;1595
SBER;5;20260204;073000;304.26;304.32;304.23;304.32;6225
SBER;5;20260204;073500;304.32;304.39;304.31;304.35;4789
SBER;5;20260204;074000;304.35;304.4;304.25;304.28;21184
SBER;5;20260204;074500;304.28;304.3;304.08;304.22;28040
SBER;5;20260204;075000;304.22;304.22;304;304.01;67354
SBER;5;20260204;075500;304.01;304.22;304.01;304.22;7767
SBER;5;20260204;080000;304.22;304.31;304.21;304.29;10876
SBER;5;20260204;080500;304.3;304.3;304.25;304.29;1836
SBER;5;20260204;081000;304.29;304.29;304.08;304.19;11118
SBER;5;20260204;081500;304.19;304.3;304.06;304.3;54660
SBER;5;20260204;082000;304.3;304.3;304.25;304.26;12086
SBER;5;20260204;082500;304.26;304.58;304.25;304.57;108742
SBER;5;20260204;083000;304.57;304.79;304.49;304.68;61988
SBER;5;20260204;083500;304.75;304.79;304.61;304.71;141546
SBER;5;20260204;084000;304.71;304.76;304.6;304.6;29906
SBER;5;20260204;084500;304.68;304.73;304.6;304.64;18488
SBER;5;20260204;085000;304.64;304.68;304.45;304.47;43786
SBER;5;20260204;085500;304.5;304.73;304.45;304.64;40799
SBER;5;20260204;090000;304.59;304.71;304.36;304.7;108408
SBER;5;20260204;090500;304.7;304.7;304.55;304.63;18135
SBER;5;20260204;091000;304.61;304.69;304.51;304.53;24603
SBER;5;20260204;091500;304.57;304.65;304.36;304.54;69400
SBER;5;20260204;092000;304.54;304.58;304.51;304.58;9602
SBER;5;20260204;092500;304.58;304.6;304.54;304.6;20515
SBER;5;20260204;093000;304.6;304.62;304.56;304.62;42324
SBER;5;20260204;093500;304.61;304.71;304.6;304.65;29481
SBER;5;20260204;094000;304.62;304.71;304.62;304.71;35617
SBER;5;20260204;094500;304.71;304.73;304.55;304.57;18938
SBER;5;20260204;095000;304.55;304.6;304.51;304.6;23964
SBER;5;20260204;095500;304.59;305.4;304.57;305.4;1238527
SBER;5;20260204;100000;305.4;305.7;305.26;305.26;575597
SBER;5;20260204;100500;305.26;305.28;304.99;305.1;204381
SBER;5;20260204;101000;305.09;305.1;304.71;304.78;177786
SBER;5;20260204;101500;304.82;304.95;304.73;304.79;235761
SBER;5;20260204;102000;304.81;304.91;304.6;304.91;134122
SBER;5;20260204;102500;304.91;305.18;304.88;305.12;393787
SBER;5;20260204;103000;305.12;305.39;305.12;305.29;309697
SBER;5;20260204;103500;305.3;305.37;305.26;305.29;139702
SBER;5;20260204;104000;305.29;305.5;305.28;305.48;987173
SBER;5;20260204;104500;305.49;305.65;305.47;305.52;209236
SBER;5;20260204;105000;305.52;305.57;305.29;305.4;136509
SBER;5;20260204;105500;305.39;305.64;305.39;305.58;281607
SBER;5;20260204;110000;305.57;305.75;305.39;305.42;334522
SBER;5;20260204;110500;305.42;305.65;305.41;305.63;141126
SBER;5;20260204;111000;305.64;305.75;305.41;305.75;427356
SBER;5;20260204;111500;305.75;305.8;305.3;305.49;339598
SBER;5;20260204;112000;305.49;305.7;305.31;305.67;64674
SBER;5;20260204;112500;305.66;305.8;305.64;305.68;120902
SBER;5;20260204;113000;305.69;305.75;305.57;305.6;128408
SBER;5;20260204;113500;305.59;305.66;305.43;305.45;106560
SBER;5;20260204;114000;305.5;305.51;305.34;305.44;89904
SBER;5;20260204;114500;305.44;305.52;305.35;305.37;157444
SBER;5;20260204;115000;305.37;305.42;305.3;305.32;247983
SBER;5;20260204;115500;305.31;305.35;305.2;305.28;126399
SBER;5;20260204;120000;305.29;305.34;305.11;305.33;107394
SBER;5;20260204;120500;305.34;305.46;305.33;305.45;60106
SBER;5;20260204;121000;305.44;305.53;305.41;305.42;42126
SBER;5;20260204;121500;305.41;305.58;305.41;305.48;48005
SBER;5;20260204;122000;305.48;305.6;305.35;305.42;130370
SBER;5;20260204;122500;305.43;305.6;305.42;305.58;33437
SBER;5;20260204;123000;305.58;305.58;305.52;305.53;19400
SBER;5;20260204;123500;305.53;305.55;304.91;305.18;409759
SBER;5;20260204;124000;305.18;305.5;305.15;305.48;144135
SBER;5;20260204;124500;305.5;305.5;305.19;305.28;77121
SBER;5;20260204;125000;305.28;305.45;305.27;305.41;102532
SBER;5;20260204;125500;305.41;305.52;305.36;305.39;48418
SBER;5;20260204;130000;305.39;305.58;305.32;305.58;146471
SBER;5;20260204;130500;305.58;305.6;305.48;305.6;121594
SBER;5;20260204;131000;305.6;305.62;305.27;305.32;58316
SBER;5;20260204;131500;305.32;305.49;305.3;305.48;66874
SBER;5;20260204;132000;305.49;305.49;305.18;305.4;84257
SBER;5;20260204;132500;305.4;305.46;305.33;305.46;35007
SBER;5;20260204;133000;305.46;305.49;305.4;305.49;91972
SBER;5;20260204;133500;305.49;305.7;305.49;305.68;237627
SBER;5;20260204;134000;305.67;305.79;305.57;305.71;120386
SBER;5;20260204;134500;305.71;305.73;305.55;305.69;72787
SBER;5;20260204;135000;305.69;305.69;305.56;305.58;32532
SBER;5;20260204;135500;305.58;305.75;305.55;305.64;91623
SBER;5;20260204;140000;305.59;305.67;305.52;305.57;12933
SBER;5;20260204;140500;305.57;305.79;305.5;305.67;127272
SBER;5;20260204;141000;305.67;305.67;305.38;305.38;60845
SBER;5;20260204;141500;305.39;305.42;304.6;304.7;195199
SBER;5;20260204;142000;304.72;304.82;304.6;304.61;147464
SBER;5;20260204;142500;304.61;304.7;304.27;304.49;223477
SBER;5;20260204;143000;304.49;304.74;304.37;304.74;96909
SBER;5;20260204;143500;304.74;304.88;304.73;304.84;75456
SBER;5;20260204;144000;304.85;304.85;304.74;304.75;50385
SBER;5;20260204;144500;304.76;304.77;304.65;304.75;49820
SBER;5;20260204;145000;304.75;304.8;304.64;304.79;43425
SBER;5;20260204;145500;304.79;304.8;304.62;304.73;55073
SBER;5;20260204;150000;304.73;305;304.61;304.99;88076
SBER;5;20260204;150500;304.99;305.23;304.99;305.2;140093
SBER;5;20260204;151000;305.19;305.2;305.17;305.18;168901
SBER;5;20260204;151500;305.19;305.2;304.82;304.89;96383
SBER;5;20260204;152000;304.89;305.05;304.71;304.97;47624
SBER;5;20260204;152500;305;305;304.82;304.89;15918
SBER;5;20260204;153000;304.87;304.87;304.74;304.85;64466
SBER;5;20260204;153500;304.83;304.97;304.83;304.93;61117
SBER;5;20260204;154000;304.94;304.96;304.88;304.96;32848
SBER;5;20260204;154500;304.96;304.96;304.8;304.93;59737
SBER;5;20260204;155000;304.94;304.97;304.86;304.88;52876
SBER;5;20260204;155500;304.89;304.9;304.7;304.74;97805
SBER;5;20260204;160000;304.74;304.75;304.6;304.63;47157
SBER;5;20260204;160500;304.62;304.62;304.41;304.53;94091
SBER;5;20260204;161000;304.53;304.64;304.5;304.5;55276
SBER;5;20260204;161500;304.51;304.58;304.44;304.49;47358
SBER;5;20260204;162000;304.49;304.5;304.09;304.29;152236
SBER;5;20260204;162500;304.29;304.52;304.22;304.32;63410
SBER;5;20260204;163000;304.31;304.34;304;304.25;338748
SBER;5;20260204;163500;304.25;304.5;304.21;304.36;72051
SBER;5;20260204;164000;304.36;304.6;304.3;304.6;65059
SBER;5;20260204;164500;304.58;304.65;304.39;304.45;38617
SBER;5;20260204;165000;304.45;304.98;304.44;304.76;197144
SBER;5;20260204;165500;304.77;304.84;304.63;304.7;49003
SBER;5;20260204;170000;304.68;304.76;304.47;304.72;72192
SBER;5;20260204;170500;304.72;304.75;304.61;304.65;14469
SBER;5;20260204;171000;304.65;304.66;304.57;304.66;36017
SBER;5;20260204;171500;304.66;304.72;304.65;304.72;22142
SBER;5;20260204;172000;304.72;304.81;304.67;304.75;45052
SBER;5;20260204;172500;304.74;305;304.72;304.97;507611
SBER;5;20260204;173000;304.99;305;304.86;304.94;82217
SBER;5;20260204;173500;304.94;304.98;304.82;304.95;63271
SBER;5;20260204;174000;304.96;304.96;304.81;304.92;32310
SBER;5;20260204;174500;304.93;304.95;304.81;304.93;64525
SBER;5;20260204;175000;304.93;305;304.92;304.99;441181
SBER;5;20260204;175500;305;305;304.93;304.97;81399
SBER;5;20260204;180000;304.98;304.99;304.83;304.98;83389
SBER;5;20260204;180500;304.98;305;304.96;304.97;134742
SBER;5;20260204;181000;304.98;304.99;304.7;304.89;94728
SBER;5;20260204;181500;304.89;304.92;304.75;304.87;106418
SBER;5;20260204;182000;304.87;304.87;304.8;304.82;114810
SBER;5;20260204;182500;304.82;304.82;304.32;304.4;139304
SBER;5;20260204;183000;304.39;304.55;304.34;304.51;90194
SBER;5;20260204;183500;304.5;304.76;304.49;304.71;124095
SBER;5;20260204;184500;304.84;304.84;304.84;304.84;78467
SBER;5;20260204;190000;304.72;304.74;304.32;304.44;23936
SBER;5;20260204;190500;304.43;304.45;304;304.01;165399
SBER;5;20260204;191000;304.02;304.38;304;304.26;127509
SBER;5;20260204;191500;304.26;304.29;304;304.01;259731
SBER;5;20260204;192000;304.02;304.07;303.9;303.96;146180
SBER;5;20260204;192500;303.96;304;303.92;303.98;34159
SBER;5;20260204;193000;303.98;304.2;303.96;304.2;75189
SBER;5;20260204;193500;304.2;304.2;304.01;304.07;74174
SBER;5;20260204;194000;304.07;304.13;304;304.07;14173
SBER;5;20260204;194500;304.06;304.1;304.05;304.1;20759
SBER;5;20260204;195000;304.1;304.13;303.96;303.96;64993
SBER;5;20260204;195500;303.97;304.2;303.96;303.98;82161
SBER;5;20260204;200000;303.98;304.04;303.95;303.98;53919
SBER;5;20260204;200500;303.99;304.05;303.96;303.97;38977
SBER;5;20260204;201000;303.98;304.05;303.97;304;54013
SBER;5;20260204;201500;304;304;303.98;303.98;9440
SBER;5;20260204;202000;303.98;304.03;303.96;303.99;95521
SBER;5;20260204;202500;303.99;304;303.95;304;52822
SBER;5;20260204;203000;304;304.27;303.9;303.9;142743
SBER;5;20260204;203500;303.91;304.02;303.66;303.69;150068
SBER;5;20260204;204000;303.69;303.7;303.25;303.41;215934
SBER;5;20260204;204500;303.41;303.41;303.2;303.33;186338
SBER;5;20260204;205000;303.34;303.35;303.17;303.18;128715
SBER;5;20260204;205500;303.19;303.5;303.18;303.5;84225
SBER;5;20260204;210000;303.5;303.51;303.49;303.49;57865
SBER;5;20260204;210500;303.49;303.78;303.49;303.74;56006
SBER;5;20260204;211000;303.71;303.74;303.58;303.69;21313
SBER;5;20260204;211500;303.72;303.78;303.66;303.76;18482
SBER;5;20260204;212000;303.76;303.8;303.74;303.8;19691
SBER;5;20260204;212500;303.8;303.86;303.7;303.7;32111
SBER;5;20260204;213000;303.7;303.71;303.53;303.58;33960
SBER;5;20260204;213500;303.57;303.61;303.55;303.61;12177
SBER;5;20260204;214000;303.61;303.7;303.59;303.68;12608
SBER;5;20260204;214500;303.7;303.79;303.68;303.7;27828
SBER;5;20260204;215000;303.71;303.74;303.7;303.71;9374
SBER;5;20260204;215500;303.71;303.71;303.54;303.63;101944
SBER;5;20260204;220000;303.61;303.65;303.59;303.64;11612
SBER;5;20260204;220500;303.63;303.67;303.59;303.65;15749
SBER;5;20260204;221000;303.65;303.65;303.5;303.54;49116
SBER;5;20260204;221500;303.55;303.61;303.5;303.53;54472
SBER;5;20260204;222000;303.53;303.61;303.53;303.59;75078
SBER;5;20260204;222500;303.61;303.66;303.6;303.61;7288
SBER;5;20260204;223000;303.62;303.7;303.61;303.7;26747
SBER;5;20260204;223500;303.7;303.78;303.69;303.78;17251
SBER;5;20260204;224000;303.78;303.94;303.71;303.94;37424
SBER;5;20260204;224500;303.93;303.93;303.86;303.86;5157
SBER;5;20260204;225000;303.87;303.87;303.77;303.78;12189
SBER;5;20260204;225500;303.78;303.82;303.73;303.76;13925
SBER;5;20260204;230000;303.75;303.75;303.64;303.65;38107
SBER;5;20260204;230500;303.66;303.74;303.64;303.73;18722
SBER;5;20260204;231000;303.65;303.74;303.64;303.7;2511
SBER;5;20260204;231500;303.7;303.86;303.66;303.8;15294
SBER;5;20260204;232000;303.8;303.9;303.78;303.89;36028
SBER;5;20260204;232500;303.89;303.89;303.85;303.86;2826
SBER;5;20260204;233000;303.85;303.9;303.85;303.9;13099
SBER;5;20260204;233500;303.89;303.89;303.85;303.86;8455
SBER;5;20260204;234000;303.89;303.9;303.86;303.89;16619
SBER;5;20260204;234500;303.89;303.9;303.85;303.86;31527
SBER;5;20260205;070000;303.86;304.19;303.51;303.51;151952
SBER;5;20260205;070500;303.57;303.7;303.51;303.65;21729
SBER;5;20260205;071000;303.65;303.89;303.55;303.64;37508
SBER;5;20260205;071500;303.66;303.66;303.52;303.56;25922
SBER;5;20260205;072000;303.57;303.72;303.57;303.72;9141
SBER;5;20260205;072500;303.72;303.78;303.55;303.7;37522
SBER;5;20260205;073000;303.7;303.77;303.52;303.58;35733
SBER;5;20260205;073500;303.59;303.67;303.53;303.62;14321
SBER;5;20260205;074000;303.62;303.88;303.54;303.84;41292
SBER;5;20260205;074500;303.84;303.84;303.67;303.82;3675
SBER;5;20260205;075000;303.82;303.83;303.58;303.59;66528
SBER;5;20260205;075500;303.59;303.63;303.58;303.59;18957
SBER;5;20260205;080000;303.58;303.59;303.32;303.35;99190
SBER;5;20260205;080500;303.35;303.65;303.33;303.65;105736
SBER;5;20260205;081000;303.65;303.65;303.37;303.38;18203
SBER;5;20260205;081500;303.38;303.38;303.33;303.36;14550
SBER;5;20260205;082000;303.35;303.41;303.33;303.39;12774
SBER;5;20260205;082500;303.4;303.87;303.39;303.84;91294
SBER;5;20260205;083000;303.85;303.86;303.56;303.56;28966
SBER;5;20260205;083500;303.57;303.61;303.41;303.44;31031
SBER;5;20260205;084000;303.47;303.55;303.31;303.55;62286
SBER;5;20260205;084500;303.54;303.59;303.51;303.57;18432
SBER;5;20260205;085000;303.54;303.62;303.48;303.6;39094
SBER;5;20260205;085500;303.58;303.71;303.48;303.5;21644
SBER;5;20260205;090000;303.5;303.83;303.48;303.77;87758
SBER;5;20260205;090500;303.77;303.78;303.24;303.35;85540
SBER;5;20260205;091000;303.3;303.32;302.86;303.08;485953
SBER;5;20260205;091500;303.05;303.1;302.82;302.82;148048
SBER;5;20260205;092000;302.83;302.83;302.61;302.62;192968
SBER;5;20260205;092500;302.62;302.9;302.62;302.88;146619
SBER;5;20260205;093000;302.88;303;302.8;302.82;185335
SBER;5;20260205;093500;302.83;303;302.82;302.9;122143
SBER;5;20260205;094000;302.9;303.01;302.88;303;101974
SBER;5;20260205;094500;303;303.06;303;303.01;114061
SBER;5;20260205;095000;303.01;303.07;302.95;303.05;88301
SBER;5;20260205;095500;303.06;303.06;302.76;302.77;73430
SBER;5;20260205;100000;302.76;302.77;302.19;302.4;446956
SBER;5;20260205;100500;302.41;302.42;302.07;302.08;389177
SBER;5;20260205;101000;302.08;302.18;302;302.14;525870
SBER;5;20260205;101500;302.13;302.29;301.8;302.05;826064
SBER;5;20260205;102000;302.05;302.17;301.85;301.99;292336
SBER;5;20260205;102500;301.99;301.99;301.93;301.96;250372
SBER;5;20260205;103000;301.96;302.2;301.94;302.18;339127
SBER;5;20260205;103500;302.18;302.19;302.12;302.17;223135
SBER;5;20260205;104000;302.17;302.43;302.15;302.3;385162
SBER;5;20260205;104500;302.31;302.37;302.18;302.2;105938
SBER;5;20260205;105000;302.2;302.31;302.18;302.29;209999
SBER;5;20260205;105500;302.29;302.42;302.28;302.29;103467
SBER;5;20260205;110000;302.3;302.3;302.01;302.02;126670
SBER;5;20260205;110500;302.02;302.02;301.99;302.01;101976
SBER;5;20260205;111000;302.01;302.02;301.94;302.01;194903
SBER;5;20260205;111500;302.01;302.01;301.9;302.01;215652
SBER;5;20260205;112000;302;302.29;301.95;302.29;274090
SBER;5;20260205;112500;302.29;302.57;302.21;302.48;387607
SBER;5;20260205;113000;302.47;302.64;302.4;302.53;238030
SBER;5;20260205;113500;302.52;302.66;302.38;302.38;221407
SBER;5;20260205;114000;302.4;302.8;302.34;302.64;102760
SBER;5;20260205;114500;302.64;302.8;302.47;302.69;109435
SBER;5;20260205;115000;302.7;302.88;302.62;302.79;162711
SBER;5;20260205;115500;302.79;302.79;302.57;302.58;94808
SBER;5;20260205;120000;302.58;302.6;302.38;302.53;108657
SBER;5;20260205;120500;302.53;302.56;302.27;302.4;76615
SBER;5;20260205;121000;302.4;302.45;302.29;302.38;29401
SBER;5;20260205;121500;302.39;302.43;302.2;302.2;68592
SBER;5;20260205;122000;302.2;302.5;302.16;302.5;63755
SBER;5;20260205;122500;302.5;302.62;302.49;302.6;87042
SBER;5;20260205;123000;302.6;302.61;302.54;302.61;10412
SBER;5;20260205;123500;302.61;302.61;302.54;302.59;31668
SBER;5;20260205;124000;302.59;302.68;302.49;302.53;96560
SBER;5;20260205;124500;302.54;302.55;302;302.05;225410
SBER;5;20260205;125000;302.06;302.08;301;301.66;1988928
SBER;5;20260205;125500;301.66;301.66;301.33;301.51;201596
SBER;5;20260205;130000;301.51;301.63;301.2;301.62;165303
SBER;5;20260205;130500;301.62;301.71;301.22;301.27;182964
SBER;5;20260205;131000;301.27;301.65;301.24;301.63;163430
SBER;5;20260205;131500;301.63;301.65;301.11;301.2;187817
SBER;5;20260205;132000;301.19;301.41;301;301.01;373822
SBER;5;20260205;132500;301.01;301.21;301;301.21;166121
SBER;5;20260205;133000;301.21;301.42;301.16;301.16;189813
SBER;5;20260205;133500;301.16;301.17;301;301.15;80030
SBER;5;20260205;134000;301.14;301.25;301.07;301.1;224363
SBER;5;20260205;134500;301.1;301.59;301.02;301.5;183816
SBER;5;20260205;135000;301.5;301.68;301.49;301.58;146778
SBER;5;20260205;135500;301.58;301.64;301.5;301.53;60361
SBER;5;20260205;140000;301.54;301.88;301.51;301.88;154561
SBER;5;20260205;140500;301.86;301.88;301.2;301.45;299648
SBER;5;20260205;141000;301.46;301.47;301;301.01;218738
SBER;5;20260205;141500;301.01;301.4;300.97;301.37;138839
SBER;5;20260205;142000;301.37;301.5;301.25;301.49;92361
SBER;5;20260205;142500;301.5;301.54;301.49;301.5;84520
SBER;5;20260205;143000;301.5;301.52;301.3;301.48;89989
SBER;5;20260205;143500;301.49;301.49;301.21;301.21;108571
SBER;5;20260205;144000;301.21;301.35;300.78;300.78;291035
SBER;5;20260205;144500;300.83;301.07;300.78;300.96;203203
SBER;5;20260205;145000;300.96;301.25;300.91;301.05;67827
SBER;5;20260205;145500;301.02;301.2;300.67;301.13;361505
SBER;5;20260205;150000;301.14;301.23;300.89;300.9;104867
SBER;5;20260205;150500;300.9;300.94;300.52;300.53;279173
SBER;5;20260205;151000;300.53;300.85;300.51;300.77;232431
SBER;5;20260205;151500;300.84;301.23;300.78;301.02;104870
SBER;5;20260205;152000;301.02;301.14;300.84;301.08;108004
SBER;5;20260205;152500;301.08;301.12;300.6;300.73;169896
SBER;5;20260205;153000;300.73;301.26;300.7;301.16;103891
SBER;5;20260205;153500;301.17;301.21;300.73;300.83;274500
SBER;5;20260205;154000;300.82;301.28;300.58;300.83;393591
SBER;5;20260205;154500;300.81;301.48;300.81;301.21;264109
SBER;5;20260205;155000;301.21;301.32;301.11;301.32;80633
SBER;5;20260205;155500;301.34;301.38;300.68;300.7;194236
SBER;5;20260205;160000;300.7;301.5;300.66;301.07;566221
SBER;5;20260205;160500;301.07;301.15;300.6;300.63;128425
SBER;5;20260205;161000;300.6;300.62;300.47;300.53;312635
SBER;5;20260205;161500;300.54;300.95;300.51;300.8;185636
SBER;5;20260205;162000;300.8;301.15;300.47;300.8;329975
SBER;5;20260205;162500;300.8;301.25;300.75;300.79;81428
SBER;5;20260205;163000;300.8;301.21;300.68;300.68;337808
SBER;5;20260205;163500;300.76;301.06;300.5;300.7;372725
SBER;5;20260205;164000;300.7;300.91;300.64;300.72;106724
SBER;5;20260205;164500;300.74;300.85;300.41;300.77;257988
SBER;5;20260205;165000;300.8;301.17;300.74;301.13;121765
SBER;5;20260205;165500;301.13;301.34;301;301.05;141965
SBER;5;20260205;170000;301.03;301.09;300.55;300.89;358450
SBER;5;20260205;170500;300.89;301.1;300.5;300.62;186338
SBER;5;20260205;171000;300.62;301.02;300.5;300.91;234031
SBER;5;20260205;171500;300.89;301.01;300.52;300.82;234196
SBER;5;20260205;172000;300.85;300.89;300.54;300.83;239195
SBER;5;20260205;172500;300.83;301.14;300.82;300.93;173008
SBER;5;20260205;173000;300.93;301.09;300.81;301.05;105356
SBER;5;20260205;173500;301.03;301.23;301;301.2;226752
SBER;5;20260205;174000;301.17;301.47;301.16;301.38;192845
SBER;5;20260205;174500;301.38;301.47;301.22;301.34;188236
SBER;5;20260205;175000;301.34;301.48;301.25;301.26;192197
SBER;5;20260205;175500;301.25;301.49;301.25;301.38;162267
SBER;5;20260205;180000;301.38;301.39;301.13;301.14;180643
SBER;5;20260205;180500;301.13;301.45;301.13;301.39;161831
SBER;5;20260205;181000;301.39;301.5;301.2;301.26;143720
SBER;5;20260205;181500;301.22;301.41;301.2;301.22;104827
SBER;5;20260205;182000;301.21;301.5;301.2;301.32;229545
SBER;5;20260205;182500;301.33;301.47;301.25;301.26;147792
SBER;5;20260205;183000;301.26;301.26;300.84;300.87;204168
SBER;5;20260205;183500;300.86;301.15;300.8;301.07;152194
SBER;5;20260205;184500;301.46;301.46;301.46;301.46;129411
SBER;5;20260205;190000;301.35;301.45;301.3;301.35;30240
SBER;5;20260205;190500;301.41;301.41;301.13;301.22;58221
SBER;5;20260205;191000;301.22;301.31;300.91;300.91;158138
SBER;5;20260205;191500;300.92;301.2;300.91;301.06;72209
SBER;5;20260205;192000;301.06;301.07;300.93;300.94;25093
SBER;5;20260205;192500;300.94;301.2;300.92;301.2;27175
SBER;5;20260205;193000;301.2;301.23;301.15;301.2;22251
SBER;5;20260205;193500;301.2;301.38;301.19;301.37;14925
SBER;5;20260205;194000;301.37;301.37;300.75;301.05;231666
SBER;5;20260205;194500;301.05;301.36;301.05;301.29;31788
SBER;5;20260205;195000;301.29;301.37;301.28;301.33;26751
SBER;5;20260205;195500;301.33;301.33;301.25;301.26;20930
SBER;5;20260205;200000;301.26;301.3;301.25;301.26;13406
SBER;5;20260205;200500;301.26;301.29;301.25;301.26;12383
SBER;5;20260205;201000;301.26;301.28;301.24;301.28;46880
SBER;5;20260205;201500;301.28;301.37;301.26;301.37;22602
SBER;5;20260205;202000;301.37;301.38;301.3;301.31;16580
SBER;5;20260205;202500;301.32;301.32;301.27;301.32;10925
SBER;5;20260205;203000;301.32;301.37;301.31;301.36;25951
SBER;5;20260205;203500;301.36;301.36;301.33;301.34;31456
SBER;5;20260205;204000;301.34;301.36;301.31;301.32;10570
SBER;5;20260205;204500;301.32;301.32;301.3;301.31;16238
SBER;5;20260205;205000;301.31;301.31;301.27;301.3;6011
SBER;5;20260205;205500;301.3;301.52;301.3;301.5;77665
SBER;5;20260205;210000;301.5;301.5;301.48;301.5;61978
SBER;5;20260205;210500;301.5;301.5;301.37;301.37;44365
SBER;5;20260205;211000;301.38;301.5;301.34;301.47;18335
SBER;5;20260205;211500;301.47;301.47;301.36;301.41;20347
SBER;5;20260205;212000;301.41;301.5;301.4;301.47;41794
SBER;5;20260205;212500;301.47;301.5;301.46;301.5;24373
SBER;5;20260205;213000;301.5;301.5;301.45;301.47;18983
SBER;5;20260205;213500;301.47;301.47;301.35;301.42;50020
SBER;5;20260205;214000;301.42;301.45;301.39;301.4;19138
SBER;5;20260205;214500;301.4;301.4;301.14;301.15;26366
SBER;5;20260205;215000;301.15;301.15;301.06;301.14;7628
SBER;5;20260205;215500;301.14;301.14;301.12;301.14;11012
SBER;5;20260205;220000;301.14;301.21;301.13;301.15;23599
SBER;5;20260205;220500;301.18;301.25;301.16;301.19;10914
SBER;5;20260205;221000;301.19;301.32;301.18;301.31;17278
SBER;5;20260205;221500;301.31;301.47;301.3;301.39;32546
SBER;5;20260205;222000;301.39;301.4;301.32;301.36;11106
SBER;5;20260205;222500;301.36;301.36;301.35;301.36;6940
SBER;5;20260205;223000;301.35;301.36;301.34;301.34;6895
SBER;5;20260205;223500;301.35;301.35;301.33;301.35;4625
SBER;5;20260205;224000;301.35;301.35;301.33;301.34;3150
SBER;5;20260205;224500;301.34;301.34;301.31;301.31;11403
SBER;5;20260205;225000;301.32;301.32;301.3;301.31;7078
SBER;5;20260205;225500;301.31;301.32;301.3;301.31;53333
SBER;5;20260205;230000;301.3;301.36;301.3;301.35;24926
SBER;5;20260205;230500;301.34;301.41;301.34;301.41;31500
SBER;5;20260205;231000;301.41;301.48;301.39;301.4;41911
SBER;5;20260205;231500;301.39;301.42;301.35;301.36;35404
SBER;5;20260205;232000;301.37;301.42;301.35;301.35;16551
SBER;5;20260205;232500;301.36;301.44;301.35;301.4;58354
SBER;5;20260205;233000;301.39;301.4;301.39;301.39;38532
SBER;5;20260205;233500;301.39;301.4;301.37;301.4;43644
SBER;5;20260205;234000;301.39;301.44;301.39;301.44;19520
SBER;5;20260205;234500;301.43;301.5;301.41;301.45;87587
SBER;5;20260206;070000;301.49;301.92;301.43;301.9;80513
SBER;5;20260206;070500;301.89;301.89;301.6;301.7;20081
SBER;5;20260206;071000;301.72;301.94;301.7;301.94;58677
SBER;5;20260206;071500;301.94;301.94;301.81;301.94;32365
SBER;5;20260206;072000;301.94;301.94;301.82;301.82;25308
SBER;5;20260206;072500;301.88;301.93;301.82;301.93;12857
SBER;5;20260206;073000;301.92;302.17;301.92;302.17;68416
SBER;5;20260206;073500;302.16;302.19;302.1;302.12;22956
SBER;5;20260206;074000;302.12;302.14;302.07;302.11;17467
SBER;5;20260206;074500;302.1;302.2;302.05;302.2;29487
SBER;5;20260206;075000;302.13;302.21;302.13;302.18;14865
SBER;5;20260206;075500;302.19;302.2;301.82;302.15;113261
SBER;5;20260206;080000;302.15;302.15;302;302.09;13384
SBER;5;20260206;080500;302.08;302.14;302.01;302.01;15811
SBER;5;20260206;081000;302.05;302.09;302;302.09;8958
SBER;5;20260206;081500;302.09;302.1;302.07;302.08;17186
SBER;5;20260206;082000;302.08;302.15;302.06;302.14;57237
SBER;5;20260206;082500;302.14;302.17;302.07;302.15;22672
SBER;5;20260206;083000;302.15;302.16;302.1;302.13;7756
SBER;5;20260206;083500;302.13;302.19;302.06;302.19;53836
SBER;5;20260206;084000;302.19;302.19;302.11;302.18;41287
SBER;5;20260206;084500;302.18;302.19;302.15;302.18;25337
SBER;5;20260206;085000;302.15;302.2;302.14;302.16;44841
SBER;5;20260206;085500;302.15;302.5;302.15;302.48;113826
SBER;5;20260206;090000;302.47;302.47;302.06;302.06;194213
SBER;5;20260206;090500;302.06;302.07;301.87;301.93;138016
SBER;5;20260206;091000;301.94;302.09;301.86;301.99;62889
SBER;5;20260206;091500;301.99;302.27;301.94;302.22;15604
SBER;5;20260206;092000;302.23;302.23;302.11;302.16;7554
SBER;5;20260206;092500;302.16;302.29;302.15;302.26;21042
SBER;5;20260206;093000;302.29;302.3;302.27;302.3;27460
SBER;5;20260206;093500;302.3;302.43;302.29;302.35;26967
SBER;5;20260206;094000;302.35;302.35;302.32;302.33;19102
SBER;5;20260206;094500;302.32;302.34;302.21;302.27;42745
SBER;5;20260206;095000;302.26;302.27;302.11;302.14;45678
SBER;5;20260206;095500;302.14;302.15;302.04;302.13;48639
SBER;5;20260206;100000;302.14;302.47;302.13;302.33;119465
SBER;5;20260206;100500;302.33;302.35;301.12;301.4;318652
SBER;5;20260206;101000;301.39;301.61;301.32;301.55;93060
SBER;5;20260206;101500;301.55;301.55;301.49;301.55;38380
SBER;5;20260206;102000;301.54;301.61;301.2;301.29;130685
SBER;5;20260206;102500;301.29;301.43;301.13;301.13;38929
SBER;5;20260206;103000;301.13;301.13;301;301.01;94491
SBER;5;20260206;103500;301.02;301.34;301;301.31;70220
SBER;5;20260206;104000;301.3;301.38;301.05;301.09;41727
SBER;5;20260206;104500;301.09;301.09;300.87;300.91;135888
SBER;5;20260206;105000;300.91;301;300.65;300.79;219620
SBER;5;20260206;105500;300.78;301.3;300.78;301.29;219277
SBER;5;20260206;110000;301.3;301.34;301;301.28;83605
SBER;5;20260206;110500;301.28;301.44;301.07;301.26;67851
SBER;5;20260206;111000;301.25;301.64;301.25;301.63;35377
SBER;5;20260206;111500;301.62;301.76;301.43;301.49;47431
SBER;5;20260206;112000;301.46;301.56;301.45;301.49;26716
SBER;5;20260206;112500;301.49;301.6;301.47;301.5;167805
SBER;5;20260206;113000;301.5;301.5;301.4;301.41;45217
SBER;5;20260206;113500;301.41;301.45;301.4;301.45;26835
SBER;5;20260206;114000;301.44;301.45;301.44;301.44;108266
SBER;5;20260206;114500;301.45;301.5;301.3;301.46;120802
SBER;5;20260206;115000;301.46;301.65;301.41;301.65;133582
SBER;5;20260206;115500;301.65;301.67;301.64;301.67;412294
SBER;5;20260206;120000;301.67;301.67;301.44;301.46;37505
SBER;5;20260206;120500;301.46;301.5;301.36;301.42;34506
SBER;5;20260206;121000;301.42;301.52;301.4;301.48;20977
SBER;5;20260206;121500;301.48;301.48;301.3;301.31;27206
SBER;5;20260206;122000;301.34;301.45;301.3;301.45;16745
SBER;5;20260206;122500;301.44;301.45;301.22;301.3;47003
SBER;5;20260206;123000;301.32;301.45;301.28;301.41;71657
SBER;5;20260206;123500;301.42;301.64;301.41;301.61;35848
SBER;5;20260206;124000;301.61;301.63;301.49;301.55;17099
SBER;5;20260206;124500;301.55;301.64;301.51;301.64;11598
SBER;5;20260206;125000;301.64;301.65;301.57;301.62;49728
SBER;5;20260206;125500;301.59;301.67;301.57;301.66;69939
SBER;5;20260206;130000;301.66;301.67;301.63;301.67;23061
SBER;5;20260206;130500;301.67;301.67;301.59;301.61;44010
SBER;5;20260206;131000;301.64;301.67;301.51;301.65;42022
SBER;5;20260206;131500;301.65;301.66;301.55;301.62;23483
SBER;5;20260206;132000;301.62;301.67;301.61;301.66;14437
SBER;5;20260206;132500;301.67;301.67;301.63;301.67;55095
SBER;5;20260206;133000;301.66;301.69;301.66;301.68;153827
SBER;5;20260206;133500;301.68;301.69;301.67;301.69;373563
SBER;5;20260206;134000;301.69;301.69;301.67;301.68;76771
SBER;5;20260206;134500;301.67;301.69;301.67;301.69;71544
SBER;5;20260206;135000;301.69;301.69;301.4;301.53;176694
SBER;5;20260206;135500;301.52;301.56;301.4;301.43;74189
SBER;5;20260206;140000;301.43;301.53;301.42;301.51;12458
SBER;5;20260206;140500;301.52;301.59;301.5;301.51;44905
SBER;5;20260206;141000;301.5;301.57;301.5;301.52;47342
SBER;5;20260206;141500;301.52;301.54;301.5;301.54;28220
SBER;5;20260206;142000;301.52;301.53;301.4;301.4;123779
SBER;5;20260206;142500;301.4;301.43;301.01;301.08;158314
SBER;5;20260206;143000;301.09;301.29;301;301.21;66353
SBER;5;20260206;143500;301.22;301.29;301.2;301.24;29833
SBER;5;20260206;144000;301.26;301.39;301.15;301.17;65149
SBER;5;20260206;144500;301.16;301.17;300.7;300.9;282329
SBER;5;20260206;145000;300.9;301.38;300.9;301.36;82972
SBER;5;20260206;145500;301.36;301.38;301;301.19;207347
SBER;5;20260206;150000;301.2;301.3;301.18;301.27;39606
SBER;5;20260206;150500;301.28;301.3;301.21;301.25;37629
SBER;5;20260206;151000;301.25;301.3;301.23;301.28;37833
SBER;5;20260206;151500;301.29;301.3;301.01;301.06;46828
SBER;5;20260206;152000;301.13;301.19;301.07;301.11;40211
SBER;5;20260206;152500;301.11;301.14;301.02;301.11;27834
SBER;5;20260206;153000;301.11;301.47;301.07;301.47;104678
SBER;5;20260206;153500;301.47;301.69;301.46;301.55;120032
SBER;5;20260206;154000;301.56;301.6;301.48;301.48;45668
SBER;5;20260206;154500;301.48;301.51;301.35;301.4;23759
SBER;5;20260206;155000;301.39;301.53;301.39;301.46;38255
SBER;5;20260206;155500;301.46;301.62;301.45;301.6;24851
SBER;5;20260206;160000;301.57;301.69;301.48;301.65;59405
SBER;5;20260206;160500;301.65;301.69;301.64;301.69;126404
SBER;5;20260206;161000;301.68;301.69;301.66;301.66;215117
SBER;5;20260206;161500;301.67;301.69;301.62;301.66;82137
SBER;5;20260206;162000;301.67;301.69;301.57;301.61;75797
SBER;5;20260206;162500;301.62;301.66;301.5;301.59;55029
SBER;5;20260206;163000;301.62;301.69;301.56;301.68;36482
SBER;5;20260206;163500;301.68;301.69;301.55;301.56;47954
SBER;5;20260206;164000;301.57;301.57;301.43;301.46;40182
SBER;5;20260206;164500;301.49;301.49;301.15;301.27;70645
SBER;5;20260206;165000;301.28;301.29;301.04;301.11;49734
SBER;5;20260206;165500;301.12;301.19;301.11;301.18;27330
SBER;5;20260206;170000;301.19;301.21;300.9;300.98;243376
SBER;5;20260206;170500;300.97;301.03;300.78;300.8;134926
SBER;5;20260206;171000;300.8;301;300.79;300.98;52536
SBER;5;20260206;171500;300.98;301.04;300.87;300.95;84917
SBER;5;20260206;172000;300.95;300.96;300.71;300.76;118805
SBER;5;20260206;172500;300.77;300.78;300.75;300.76;54988
SBER;5;20260206;173000;300.76;300.91;300.75;300.9;64704
SBER;5;20260206;173500;300.89;300.97;300.83;300.92;55526
SBER;5;20260206;174000;300.91;300.95;300.79;300.84;61765
SBER;5;20260206;174500;300.83;300.95;300.83;300.91;50353
SBER;5;20260206;175000;300.9;300.92;300.74;300.79;62228
SBER;5;20260206;175500;300.8;300.8;300.71;300.72;64805
SBER;5;20260206;180000;300.71;300.87;300.61;300.84;220569
SBER;5;20260206;180500;300.84;300.85;300.68;300.79;197187
SBER;5;20260206;181000;300.79;300.79;300.66;300.7;57692
SBER;5;20260206;181500;300.7;300.75;300.63;300.71;74692
SBER;5;20260206;182000;300.7;300.85;300.7;300.83;76967
SBER;5;20260206;182500;300.82;300.86;300.77;300.82;54512
SBER;5;20260206;183000;300.82;300.85;300.77;300.82;96065
SBER;5;20260206;183500;300.83;300.85;300.71;300.82;101448
SBER;5;20260206;184500;300.85;300.85;300.85;300.85;13351
SBER;5;20260206;190000;300.84;301;300.82;301;15228
SBER;5;20260206;190500;300.99;301;300.82;300.92;18155
SBER;5;20260206;191000;300.92;300.96;300.62;300.81;125687
SBER;5;20260206;191500;300.81;300.88;300.74;300.88;12924
SBER;5;20260206;192000;300.88;300.93;300.86;300.89;24809
SBER;5;20260206;192500;300.89;300.9;300.88;300.9;9049
SBER;5;20260206;193000;300.9;301.1;300.88;301.07;59375
SBER;5;20260206;193500;301.02;301.02;300.86;300.97;26025
SBER;5;20260206;194000;300.96;301.07;300.92;301.03;19376
SBER;5;20260206;194500;301.03;301.13;301.02;301.13;12901
SBER;5;20260206;195000;301.13;301.19;301.07;301.08;57766
SBER;5;20260206;195500;301.08;301.09;301;301.04;29847
SBER;5;20260206;200000;301.04;301.1;301.03;301.09;8789
SBER;5;20260206;200500;301.08;301.12;301.08;301.12;20516
SBER;5;20260206;201000;301.12;301.13;301.1;301.12;6634
SBER;5;20260206;201500;301.1;301.12;300.9;300.95;15378
SBER;5;20260206;202000;300.95;300.98;300.89;300.97;16407
SBER;5;20260206;202500;300.97;301;300.94;300.95;12205
SBER;5;20260206;203000;300.95;300.98;300.92;300.97;5898
SBER;5;20260206;203500;300.97;300.97;300.75;300.82;32108
SBER;5;20260206;204000;300.81;300.9;300.77;300.88;21082
SBER;5;20260206;204500;300.88;300.95;300.76;300.92;41974
SBER;5;20260206;205000;300.93;300.95;300.92;300.95;10338
SBER;5;20260206;205500;300.95;300.97;300.93;300.95;9145
SBER;5;20260206;210000;300.93;300.95;300.87;300.89;4372
SBER;5;20260206;210500;300.89;300.92;300.79;300.81;21288
SBER;5;20260206;211000;300.8;300.82;300.72;300.82;35619
SBER;5;20260206;211500;300.82;300.82;300.79;300.79;8064
SBER;5;20260206;212000;300.8;300.92;300.79;300.9;13734
SBER;5;20260206;212500;300.9;300.91;300.79;300.86;13227
SBER;5;20260206;213000;300.86;300.88;300.81;300.84;7865
SBER;5;20260206;213500;300.84;300.88;300.83;300.85;17445
SBER;5;20260206;214000;300.87;300.87;300.85;300.87;3767
SBER;5;20260206;214500;300.87;300.88;300.86;300.86;9242
SBER;5;20260206;215000;300.85;300.86;300.8;300.81;22713
SBER;5;20260206;215500;300.8;300.84;300.79;300.8;25993
SBER;5;20260206;220000;300.8;300.8;300.74;300.76;12289
SBER;5;20260206;220500;300.78;300.79;300.71;300.72;21142
SBER;5;20260206;221000;300.72;300.73;300.71;300.72;12923
SBER;5;20260206;221500;300.72;300.72;300.7;300.71;16512
SBER;5;20260206;222000;300.7;300.9;300.7;300.9;63273
SBER;5;20260206;222500;300.89;300.9;300.82;300.83;4473
SBER;5;20260206;223000;300.84;300.87;300.77;300.81;12113
SBER;5;20260206;223500;300.81;300.82;300.77;300.81;5835
SBER;5;20260206;224000;300.81;300.87;300.79;300.87;7799
SBER;5;20260206;224500;300.87;300.9;300.83;300.87;7418
SBER;5;20260206;225000;300.84;300.87;300.81;300.85;14374
SBER;5;20260206;225500;300.85;300.85;300.82;300.83;2686
SBER;5;20260206;230000;300.83;300.84;300.82;300.83;9135
SBER;5;20260206;230500;300.82;300.83;300.78;300.79;19462
SBER;5;20260206;231000;300.79;300.87;300.76;300.78;34833
SBER;5;20260206;231500;300.78;300.82;300.77;300.82;4081
SBER;5;20260206;232000;300.82;300.82;300.68;300.73;64460
SBER;5;20260206;232500;300.71;300.72;300.58;300.6;64730
SBER;5;20260206;233000;300.59;300.65;300.53;300.56;53905
SBER;5;20260206;233500;300.58;300.67;300.52;300.6;24975
SBER;5;20260206;234000;300.6;300.61;300.52;300.59;41938
SBER;5;20260206;234500;300.61;300.61;300.57;300.61;49189
SBER;5;20260207;095500;301.2;301.2;301.2;301.2;5231
SBER;5;20260207;100000;301.15;301.4;301.06;301.38;122528
SBER;5;20260207;100500;301.38;301.57;301.35;301.48;88682
SBER;5;20260207;101000;301.48;301.57;301.4;301.45;55902
SBER;5;20260207;101500;301.45;301.6;301.4;301.6;22047
SBER;5;20260207;102000;301.6;301.6;301.45;301.46;13028
SBER;5;20260207;102500;301.46;301.46;301.4;301.43;21746
SBER;5;20260207;103000;301.43;301.43;301.27;301.32;34141
SBER;5;20260207;103500;301.32;301.52;301.27;301.48;40679
SBER;5;20260207;104000;301.48;301.52;301.4;301.5;8530
SBER;5;20260207;104500;301.5;301.5;301.46;301.5;2833
SBER;5;20260207;105000;301.5;301.59;301.46;301.59;53683
SBER;5;20260207;105500;301.59;301.59;301.47;301.54;6684
SBER;5;20260207;110000;301.54;301.63;301.48;301.59;21777
SBER;5;20260207;110500;301.6;301.65;301.6;301.63;21816
SBER;5;20260207;111000;301.64;301.68;301.63;301.66;18142
SBER;5;20260207;111500;301.66;301.9;301.63;301.87;62976
SBER;5;20260207;112000;301.87;301.88;301.86;301.86;25974
SBER;5;20260207;112500;301.86;301.86;301.79;301.8;10144
SBER;5;20260207;113000;301.8;301.8;301.78;301.8;5031
SBER;5;20260207;113500;301.8;301.8;301.78;301.79;4279
SBER;5;20260207;114000;301.78;301.84;301.78;301.84;8201
SBER;5;20260207;114500;301.84;301.84;301.77;301.77;4297
SBER;5;20260207;115000;301.78;301.78;301.75;301.75;24835
SBER;5;20260207;115500;301.75;301.78;301.75;301.75;21587
SBER;5;20260207;120000;301.78;301.8;301.75;301.78;45615
SBER;5;20260207;120500;301.78;301.81;301.75;301.8;2569
SBER;5;20260207;121000;301.8;301.83;301.78;301.83;10629
SBER;5;20260207;121500;301.82;301.89;301.81;301.85;9200
SBER;5;20260207;122000;301.85;301.97;301.8;301.9;30337
SBER;5;20260207;122500;301.9;301.9;301.75;301.78;37410
SBER;5;20260207;123000;301.78;301.88;301.75;301.87;16363
SBER;5;20260207;123500;301.87;301.9;301.82;301.9;5888
SBER;5;20260207;124000;301.9;301.95;301.83;301.95;10036
SBER;5;20260207;124500;301.95;301.96;301.93;301.95;19624
SBER;5;20260207;125000;301.94;301.96;301.85;301.85;16851
SBER;5;20260207;125500;301.84;301.9;301.84;301.9;4162
SBER;5;20260207;130000;301.89;301.9;301.78;301.8;9673
SBER;5;20260207;130500;301.8;301.89;301.77;301.88;14426
SBER;5;20260207;131000;301.89;301.97;301.86;301.96;20581
SBER;5;20260207;131500;301.97;302.06;301.96;302;75351
SBER;5;20260207;132000;301.99;302.22;301.97;302.19;131954
SBER;5;20260207;132500;302.15;302.34;302.12;302.22;45677
SBER;5;20260207;133000;302.22;302.22;302.1;302.1;17242
SBER;5;20260207;133500;302.1;302.13;301.9;302.03;18156
SBER;5;20260207;134000;302.03;302.03;301.94;301.97;4488
SBER;5;20260207;134500;301.98;301.98;301.9;301.96;16300
SBER;5;20260207;135000;301.96;301.98;301.91;301.98;8074
SBER;5;20260207;135500;301.98;302;301.83;301.89;44328
SBER;5;20260207;140000;301.87;301.97;301.8;301.93;44885
SBER;5;20260207;140500;301.92;301.93;301.6;301.73;45029
SBER;5;20260207;141000;301.73;301.9;301.63;301.84;7755
SBER;5;20260207;141500;301.84;301.84;301.69;301.77;5961
SBER;5;20260207;142000;301.81;301.87;301.75;301.87;3870
SBER;5;20260207;142500;301.87;301.93;301.79;301.88;7014
SBER;5;20260207;143000;301.83;301.92;301.77;301.8;4612
SBER;5;20260207;143500;301.8;302.08;301.77;301.98;24259
SBER;5;20260207;144000;301.9;301.97;301.83;301.88;805
SBER;5;20260207;144500;301.87;301.97;301.83;301.96;1230
SBER;5;20260207;145000;301.96;301.96;301.81;301.89;6454
SBER;5;20260207;145500;301.89;301.89;301.81;301.88;3102
SBER;5;20260207;150000;301.87;301.97;301.82;301.95;10030
SBER;5;20260207;150500;301.95;301.95;301.86;301.88;1452
SBER;5;20260207;151000;301.94;301.95;301.82;301.92;2369
SBER;5;20260207;151500;301.92;301.93;301.69;301.83;14792
SBER;5;20260207;152000;301.79;301.83;301.7;301.81;5994
SBER;5;20260207;152500;301.81;301.84;301.75;301.84;4807
SBER;5;20260207;153000;301.84;301.91;301.8;301.91;1411
SBER;5;20260207;153500;301.87;301.93;301.81;301.81;3123
SBER;5;20260207;154000;301.82;301.9;301.81;301.83;1644
SBER;5;20260207;154500;301.83;301.91;301.81;301.89;2061
SBER;5;20260207;155000;301.89;301.89;301.82;301.86;1295
SBER;5;20260207;155500;301.86;301.86;301.82;301.86;1683
SBER;5;20260207;160000;301.86;301.87;301.82;301.87;6894
SBER;5;20260207;160500;301.87;301.87;301.86;301.87;4633
SBER;5;20260207;161000;301.87;301.97;301.86;301.92;16585
SBER;5;20260207;161500;301.92;301.96;301.88;301.89;3127
SBER;5;20260207;162000;301.95;301.95;301.87;301.88;1333
SBER;5;20260207;162500;301.87;301.88;301.84;301.88;2629
SBER;5;20260207;163000;301.88;301.88;301.62;301.67;35779
SBER;5;20260207;163500;301.76;301.77;301.63;301.73;11438
SBER;5;20260207;164000;301.66;301.75;301.62;301.73;2958
SBER;5;20260207;164500;301.73;301.76;301.63;301.73;2773
SBER;5;20260207;165000;301.73;301.75;301.64;301.65;4729
SBER;5;20260207;165500;301.71;301.73;301.64;301.69;6119
SBER;5;20260207;170000;301.69;301.74;301.65;301.72;7119
SBER;5;20260207;170500;301.72;301.75;301.66;301.74;7438
SBER;5;20260207;171000;301.75;301.75;301.67;301.7;4161
SBER;5;20260207;171500;301.74;301.75;301.66;301.7;7537
SBER;5;20260207;172000;301.66;301.75;301.66;301.74;5089
SBER;5;20260207;172500;301.74;301.75;301.66;301.74;1693
SBER;5;20260207;173000;301.73;301.75;301.7;301.74;3190
SBER;5;20260207;173500;301.74;301.75;301.7;301.74;3737
SBER;5;20260207;174000;301.74;301.75;301.7;301.74;5398
SBER;5;20260207;174500;301.74;301.77;301.7;301.7;10511
SBER;5;20260207;175000;301.74;301.77;301.7;301.75;4136
SBER;5;20260207;175500;301.77;301.77;301.71;301.75;6964
SBER;5;20260207;180000;301.75;301.76;301.71;301.76;974
SBER;5;20260207;180500;301.76;301.77;301.7;301.74;6024
SBER;5;20260207;181000;301.73;301.77;301.7;301.76;10251
SBER;5;20260207;181500;301.75;301.77;301.7;301.76;4066
SBER;5;20260207;182000;301.76;301.76;301.7;301.71;4288
SBER;5;20260207;182500;301.75;301.8;301.71;301.77;13586
SBER;5;20260207;183000;301.79;301.79;301.76;301.78;4130
SBER;5;20260207;183500;301.76;301.79;301.76;301.79;3543
SBER;5;20260207;184000;301.79;301.9;301.76;301.9;37783
SBER;5;20260207;184500;301.9;302;301.76;301.98;23331
SBER;5;20260207;185000;301.97;302;301.79;301.88;4798
SBER;5;20260207;185500;301.85;301.94;301.7;301.75;8423
SBER;5;20260208;095500;302.19;302.19;302.19;302.19;8233
SBER;5;20260208;100000;302.18;302.4;301.76;302.18;55288
SBER;5;20260208;100500;302.18;302.18;301.84;301.88;31840
SBER;5;20260208;101000;301.88;302.2;301.88;302.1;23336
SBER;5;20260208;101500;302.19;302.25;302;302.14;45294
SBER;5;20260208;102000;302.12;302.24;302.01;302.19;29249
SBER;5;20260208;102500;302.2;302.2;302.02;302.02;5906
SBER;5;20260208;103000;302.01;302.15;302.01;302.1;4769
SBER;5;20260208;103500;302.1;302.18;302.08;302.08;5573
SBER;5;20260208;104000;302.09;302.14;301.9;301.94;45558
SBER;5;20260208;104500;301.94;302.14;301.87;301.99;14385
SBER;5;20260208;105000;301.95;302.07;301.95;302.07;8958
SBER;5;20260208;105500;302.1;302.12;302.01;302.01;6223
SBER;5;20260208;110000;302.01;302.06;301.97;302;4024
SBER;5;20260208;110500;302;302;301.97;301.97;18251
SBER;5;20260208;111000;302;302.06;301.95;302;13278
SBER;5;20260208;111500;302;302.14;301.94;302.04;18118
SBER;5;20260208;112000;302.04;302.05;302;302;23904
SBER;5;20260208;112500;302;302.04;301.95;301.96;2698
SBER;5;20260208;113000;301.96;302.05;301.9;302.03;12191
SBER;5;20260208;113500;302.05;302.14;302.01;302.1;5535
SBER;5;20260208;114000;302.13;302.15;302.1;302.1;16076
SBER;5;20260208;114500;302.1;302.13;301.87;301.95;25834
SBER;5;20260208;115000;301.95;302.02;301.87;302.02;19804
SBER;5;20260208;115500;302.02;302.09;301.9;302;14460
SBER;5;20260208;120000;301.94;302.07;301.87;301.94;3912
SBER;5;20260208;120500;301.94;302.04;301.87;301.9;9124
SBER;5;20260208;121000;301.9;301.94;301.87;301.9;2986
SBER;5;20260208;121500;301.9;302.05;301.88;302;27014
SBER;5;20260208;122000;302.03;302.05;302;302.04;5297
SBER;5;20260208;122500;302;302.07;302;302.06;4521
SBER;5;20260208;123000;302.05;302.1;301.92;301.92;23884
SBER;5;20260208;123500;302;302.15;301.91;302.1;42485
SBER;5;20260208;124000;302.11;302.13;302.01;302.12;4621
SBER;5;20260208;124500;302.05;302.12;302;302.06;14085
SBER;5;20260208;125000;302;302.08;302;302.01;2171
SBER;5;20260208;125500;302;302.01;301.87;302.01;21213
SBER;5;20260208;130000;302.01;302.1;302.01;302.07;3260
SBER;5;20260208;130500;302.07;302.08;302;302.04;3050
SBER;5;20260208;131000;302.04;302.05;302;302.01;6699
SBER;5;20260208;131500;302;302.05;301.95;301.99;13517
SBER;5;20260208;132000;301.99;302.05;301.91;302.05;6963
SBER;5;20260208;132500;302.05;302.08;301.98;302.03;18457
SBER;5;20260208;133000;302.03;302.07;301.91;302.05;2757
SBER;5;20260208;133500;302.05;302.09;302.01;302.07;7355
SBER;5;20260208;134000;302.08;302.08;302.07;302.07;14384
SBER;5;20260208;134500;302.08;302.08;302.07;302.07;1981
SBER;5;20260208;135000;302.08;302.08;302;302.04;4845
SBER;5;20260208;135500;302.04;302.05;301.9;301.99;17343
SBER;5;20260208;140000;301.96;302.05;301.93;302;7916
SBER;5;20260208;140500;302.04;302.04;302;302;4918
SBER;5;20260208;141000;302;302.01;301.64;301.77;46742
SBER;5;20260208;141500;301.77;301.79;301.71;301.79;11020
SBER;5;20260208;142000;301.79;301.79;301.65;301.73;7210
SBER;5;20260208;142500;301.73;301.8;301.72;301.8;832
SBER;5;20260208;143000;301.8;301.94;301.68;301.87;13059
SBER;5;20260208;143500;301.87;301.88;301.44;301.7;94575
SBER;5;20260208;144000;301.7;301.7;301.48;301.61;10261
SBER;5;20260208;144500;301.61;301.61;301.49;301.52;5226
SBER;5;20260208;145000;301.52;301.53;301.41;301.53;8611
SBER;5;20260208;145500;301.53;301.55;301.41;301.52;5505
SBER;5;20260208;150000;301.52;301.58;301.51;301.58;2564
SBER;5;20260208;150500;301.58;301.75;301.52;301.75;20692
SBER;5;20260208;151000;301.75;301.84;301.63;301.8;3895
SBER;5;20260208;151500;301.8;301.81;301.61;301.64;4131
SBER;5;20260208;152000;301.64;301.8;301.64;301.78;5693
SBER;5;20260208;152500;301.78;301.79;301.65;301.7;3637
SBER;5;20260208;153000;301.7;301.73;301.67;301.68;1364
SBER;5;20260208;153500;301.71;301.73;301.68;301.72;496
SBER;5;20260208;154000;301.72;301.73;301.67;301.69;2483
SBER;5;20260208;154500;301.69;301.7;301.65;301.68;3066
SBER;5;20260208;155000;301.68;301.69;301.64;301.69;2306
SBER;5;20260208;155500;301.69;301.69;301.65;301.68;1159
SBER;5;20260208;160000;301.68;301.69;301.67;301.69;5017
SBER;5;20260208;160500;301.69;301.7;301.68;301.7;4211
SBER;5;20260208;161000;301.69;301.7;301.68;301.7;1977
SBER;5;20260208;161500;301.7;301.74;301.68;301.73;3564
SBER;5;20260208;162000;301.74;301.74;301.72;301.74;953
SBER;5;20260208;162500;301.74;301.77;301.72;301.77;1190
SBER;5;20260208;163000;301.77;301.79;301.7;301.75;1284
SBER;5;20260208;163500;301.79;301.79;301.66;301.67;22627
SBER;5;20260208;164000;301.7;301.78;301.65;301.74;4848
SBER;5;20260208;164500;301.72;301.72;301.52;301.68;14356
SBER;5;20260208;165000;301.68;301.68;301.51;301.57;14233
SBER;5;20260208;165500;301.51;301.62;301.5;301.51;92447
SBER;5;20260208;170000;301.51;301.65;301.5;301.64;3292
SBER;5;20260208;170500;301.64;301.75;301.59;301.73;5776
SBER;5;20260208;171000;301.71;301.82;301.68;301.82;5704
SBER;5;20260208;171500;301.82;301.84;301.77;301.83;1157
SBER;5;20260208;172000;301.83;301.83;301.74;301.83;1100
SBER;5;20260208;172500;301.82;301.87;301.81;301.87;617
SBER;5;20260208;173000;301.87;301.87;301.81;301.84;7477
SBER;5;20260208;173500;301.84;301.84;301.73;301.8;3667
SBER;5;20260208;174000;301.73;301.86;301.73;301.79;1505
SBER;5;20260208;174500;301.73;301.79;301.67;301.76;3163
SBER;5;20260208;175000;301.68;301.77;301.67;301.69;8754
SBER;5;20260208;175500;301.77;301.78;301.68;301.76;2095
SBER;5;20260208;180000;301.77;301.77;301.63;301.63;5051
SBER;5;20260208;180500;301.73;301.77;301.58;301.68;14843
SBER;5;20260208;181000;301.68;301.71;301.59;301.71;10304
SBER;5;20260208;181500;301.7;301.8;301.66;301.68;7804
SBER;5;20260208;182000;301.68;301.74;301.61;301.69;5918
SBER;5;20260208;182500;301.69;301.69;301.63;301.69;1670
SBER;5;20260208;183000;301.69;301.69;301.62;301.63;2981
SBER;5;20260208;183500;301.63;301.7;301.6;301.68;4182
SBER;5;20260208;184000;301.68;301.84;301.65;301.84;21113
SBER;5;20260208;184500;301.84;301.87;301.67;301.67;12568
SBER;5;20260208;185000;301.81;301.82;301.66;301.79;3886
SBER;5;20260208;185500;301.7;301.85;301.65;301.67;28632
SBER;5;20260209;070000;302.02;302.12;301.51;301.62;60317
SBER;5;20260209;070500;301.62;301.63;301.29;301.43;116320
SBER;5;20260209;071000;301.43;301.54;300.99;301.31;157967
SBER;5;20260209;071500;301.31;301.46;301.21;301.45;64394
SBER;5;20260209;072000;301.46;301.76;301.45;301.75;84354
SBER;5;20260209;072500;301.75;301.87;301.45;301.69;135473
SBER;5;20260209;073000;301.69;301.91;301.46;301.56;53456
SBER;5;20260209;073500;301.56;301.78;301.56;301.73;19294
SBER;5;20260209;074000;301.73;301.79;301.52;301.68;19136
SBER;5;20260209;074500;301.68;301.77;301.57;301.74;15052
SBER;5;20260209;075000;301.75;301.79;301.5;301.55;17917
SBER;5;20260209;075500;301.55;301.73;301.5;301.73;8443
SBER;5;20260209;080000;301.73;301.73;301.55;301.72;15488
SBER;5;20260209;080500;301.72;301.74;301.61;301.73;7359
SBER;5;20260209;081000;301.73;301.73;301.52;301.65;20359
SBER;5;20260209;081500;301.55;301.65;301.48;301.55;26901
SBER;5;20260209;082000;301.55;301.55;301.41;301.41;54942
SBER;5;20260209;082500;301.42;301.55;301.41;301.52;20091
SBER;5;20260209;083000;301.52;301.52;301.42;301.45;6235
SBER;5;20260209;083500;301.45;301.71;301.44;301.61;59445
SBER;5;20260209;084000;301.61;301.68;301.52;301.63;4953
SBER;5;20260209;084500;301.63;301.63;301.5;301.6;3488
SBER;5;20260209;085000;301.6;301.63;301.56;301.57;2927
SBER;5;20260209;085500;301.6;301.62;301.41;301.41;49394
SBER;5;20260209;090000;301.42;301.42;301.11;301.12;134275
SBER;5;20260209;090500;301.12;301.27;301.11;301.21;96154
SBER;5;20260209;091000;301.2;301.26;301.11;301.23;19376
SBER;5;20260209;091500;301.24;301.33;301.24;301.31;33372
SBER;5;20260209;092000;301.31;301.42;301.27;301.4;19477
SBER;5;20260209;092500;301.4;301.4;301.21;301.3;21219
SBER;5;20260209;093000;301.3;301.44;301.2;301.28;46538
SBER;5;20260209;093500;301.26;301.34;301.22;301.31;15503
SBER;5;20260209;094000;301.32;301.32;301.18;301.21;18159
SBER;5;20260209;094500;301.21;301.38;301.18;301.25;19463
SBER;5;20260209;095000;301.25;301.39;301.25;301.32;21252
SBER;5;20260209;095500;301.31;301.31;301.2;301.21;19148
SBER;5;20260209;100000;301.2;301.24;301;301.01;174430
SBER;5;20260209;100500;301;301.27;300.74;301;217741
SBER;5;20260209;101000;301;301.06;300.9;300.94;116413
SBER;5;20260209;101500;300.94;301.08;300.7;300.78;333125
SBER;5;20260209;102000;300.78;301.23;300.68;300.68;303796
SBER;5;20260209;102500;300.68;301.15;300.66;300.97;180135
SBER;5;20260209;103000;300.98;301.3;300.97;301.22;56701
SBER;5;20260209;103500;301.21;301.49;301.21;301.48;78093
SBER;5;20260209;104000;301.49;301.65;301.38;301.41;81518
SBER;5;20260209;104500;301.41;301.42;301.3;301.31;252445
SBER;5;20260209;105000;301.31;301.39;301.26;301.39;88425
SBER;5;20260209;105500;301.39;301.41;301.23;301.24;22527
SBER;5;20260209;110000;301.25;301.42;301.15;301.39;81717
SBER;5;20260209;110500;301.39;302.2;301.36;302.2;240447
SBER;5;20260209;111000;302.19;302.71;302.18;302.2;495657
SBER;5;20260209;111500;302.21;302.41;302.19;302.34;133412
SBER;5;20260209;112000;302.34;302.43;301.91;301.99;185369
SBER;5;20260209;112500;302;302.02;301.81;301.84;92732
SBER;5;20260209;113000;301.84;302.06;301.82;302.06;87577
SBER;5;20260209;113500;302.07;302.29;302;302.16;94146
SBER;5;20260209;114000;302.22;302.22;301.86;301.9;98617
SBER;5;20260209;114500;301.9;302.17;301.87;302.04;91319
SBER;5;20260209;115000;302.02;302.15;301.88;301.89;74889
SBER;5;20260209;115500;301.88;301.91;301.7;301.71;42799
SBER;5;20260209;120000;301.7;301.91;301.65;301.79;52767
SBER;5;20260209;120500;301.79;301.8;301.5;301.61;127269
SBER;5;20260209;121000;301.6;301.72;301.49;301.68;29017
SBER;5;20260209;121500;301.71;301.8;301.68;301.8;77547
SBER;5;20260209;122000;301.8;301.8;301.79;301.8;55372
SBER;5;20260209;122500;301.8;301.99;301.77;301.77;60095
SBER;5;20260209;123000;301.77;301.82;301.67;301.67;25635
SBER;5;20260209;123500;301.69;301.85;301.67;301.82;44601
SBER;5;20260209;124000;301.82;301.83;301.67;301.69;27619
SBER;5;20260209;124500;301.67;301.7;301.55;301.57;31814
SBER;5;20260209;125000;301.57;301.57;301.4;301.5;41865
SBER;5;20260209;125500;301.51;301.51;301.26;301.36;73366
SBER;5;20260209;130000;301.36;301.36;301;301.09;153098
SBER;5;20260209;130500;301.09;301.26;301.08;301.24;44389
SBER;5;20260209;131000;301.24;301.26;301.12;301.18;69081
SBER;5;20260209;131500;301.17;301.23;301.12;301.23;45902
SBER;5;20260209;132000;301.23;301.49;301.22;301.41;52311
SBER;5;20260209;132500;301.43;301.5;301.37;301.48;23346
SBER;5;20260209;133000;301.48;301.49;301.24;301.29;30799
SBER;5;20260209;133500;301.28;301.38;301.22;301.37;33933
SBER;5;20260209;134000;301.37;301.49;301.37;301.42;23944
SBER;5;20260209;134500;301.42;301.57;301.41;301.52;23235
SBER;5;20260209;135000;301.51;301.63;301.35;301.44;128077
SBER;5;20260209;135500;301.4;301.56;301.38;301.46;25110
SBER;5;20260209;140000;301.45;301.46;301.24;301.27;21698
SBER;5;20260209;140500;301.27;301.68;301.27;301.32;100132
SBER;5;20260209;141000;301.36;301.43;301.13;301.14;40509
SBER;5;20260209;141500;301.14;301.14;300.93;301.05;117061
SBER;5;20260209;142000;301.06;301.1;300.91;300.97;39555
SBER;5;20260209;142500;300.98;301.11;300.97;301.05;39968
SBER;5;20260209;143000;301.06;301.19;300.91;301.17;58573
SBER;5;20260209;143500;301.18;301.21;300.85;300.88;80115
SBER;5;20260209;144000;300.89;301.2;300.88;301.16;69964
SBER;5;20260209;144500;301.15;301.16;301;301.03;38770
SBER;5;20260209;145000;301.04;301.17;301;301.1;97217
SBER;5;20260209;145500;301.07;301.1;301.01;301.03;40780
SBER;5;20260209;150000;301.02;301.03;300.8;300.89;106992
SBER;5;20260209;150500;300.9;300.93;300.88;300.9;33540
SBER;5;20260209;151000;300.9;301.16;300.9;301.05;44749
SBER;5;20260209;151500;301.05;301.24;300.99;301.2;36197
SBER;5;20260209;152000;301.2;301.5;301.04;301.38;47790
SBER;5;20260209;152500;301.38;301.58;301.29;301.55;79403
SBER;5;20260209;153000;301.56;302;301.56;301.99;371890
SBER;5;20260209;153500;302;302;301.61;301.69;136466
SBER;5;20260209;154000;301.69;301.7;301.53;301.69;68605
SBER;5;20260209;154500;301.7;301.7;301.63;301.65;43561
SBER;5;20260209;155000;301.65;301.68;301.64;301.66;20601
SBER;5;20260209;155500;301.67;301.68;301.66;301.66;18060
SBER;5;20260209;160000;301.66;301.79;301.6;301.71;65323
SBER;5;20260209;160500;301.71;301.92;301.71;301.79;39886
SBER;5;20260209;161000;301.8;301.97;301.79;301.86;97879
SBER;5;20260209;161500;301.86;302.16;301.86;302.02;141699
SBER;5;20260209;162000;302.02;302.07;301.98;301.99;57672
SBER;5;20260209;162500;301.99;302.19;301.81;301.87;284311
SBER;5;20260209;163000;301.88;301.93;301.73;301.81;91994
SBER;5;20260209;163500;301.8;301.86;301.69;301.7;74490
SBER;5;20260209;164000;301.71;301.74;301.6;301.61;31596
SBER;5;20260209;164500;301.66;301.7;301.56;301.68;40699
SBER;5;20260209;165000;301.68;301.97;301.68;301.72;149644
SBER;5;20260209;165500;301.69;301.7;301.56;301.62;28849
SBER;5;20260209;170000;301.62;301.66;301.62;301.65;23830
SBER;5;20260209;170500;301.64;301.7;301.57;301.59;28184
SBER;5;20260209;171000;301.61;301.64;301.53;301.63;26554
SBER;5;20260209;171500;301.62;301.8;301.62;301.75;66951
SBER;5;20260209;172000;301.75;301.85;301.75;301.77;15704
SBER;5;20260209;172500;301.8;301.81;301.68;301.68;16500
SBER;5;20260209;173000;301.69;301.85;301.69;301.77;29102
SBER;5;20260209;173500;301.82;301.99;301.82;301.87;61796
SBER;5;20260209;174000;301.88;301.95;301.84;301.88;35056
SBER;5;20260209;174500;301.89;301.99;301.73;301.75;161490
SBER;5;20260209;175000;301.74;301.75;301.7;301.7;38446
SBER;5;20260209;175500;301.7;301.8;301.67;301.77;86879
SBER;5;20260209;180000;301.79;301.97;301.7;301.8;103358
SBER;5;20260209;180500;301.78;301.88;301.68;301.85;65690
SBER;5;20260209;181000;301.85;301.91;301.71;301.8;72863
SBER;5;20260209;181500;301.8;301.81;301.66;301.7;68440
SBER;5;20260209;182000;301.7;301.87;301.69;301.8;96870
SBER;5;20260209;182500;301.78;301.79;301.51;301.55;132053
SBER;5;20260209;183000;301.53;301.77;301.53;301.75;54115
SBER;5;20260209;183500;301.75;301.91;301.75;301.88;62996
SBER;5;20260209;184500;301.88;301.88;301.88;301.88;39489
SBER;5;20260209;190000;301.87;301.93;301.84;301.84;16487
SBER;5;20260209;190500;301.88;302;301.74;301.91;230709
SBER;5;20260209;191000;301.91;301.92;301.86;301.92;9137
SBER;5;20260209;191500;301.91;302;301.88;302;59762
SBER;5;20260209;192000;301.99;302;301.95;301.96;17525
SBER;5;20260209;192500;301.96;301.96;301.84;301.85;22865
SBER;5;20260209;193000;301.86;301.95;301.81;301.89;21370
SBER;5;20260209;193500;301.89;301.9;301.82;301.87;3235
SBER;5;20260209;194000;301.87;301.93;301.83;301.93;9555
SBER;5;20260209;194500;301.93;301.99;301.9;301.94;11692
SBER;5;20260209;195000;301.94;301.95;301.9;301.91;13863
SBER;5;20260209;195500;301.91;301.92;301.88;301.88;13787
SBER;5;20260209;200000;301.88;302;301.88;301.98;88924
SBER;5;20260209;200500;301.98;302;301.8;301.83;57659
SBER;5;20260209;201000;301.85;301.87;301.73;301.78;29631
SBER;5;20260209;201500;301.78;301.8;301.76;301.79;6968
SBER;5;20260209;202000;301.8;301.8;301.74;301.77;11505
SBER;5;20260209;202500;301.76;301.78;301.74;301.77;2200
SBER;5;20260209;203000;301.78;301.8;301.71;301.79;95705
SBER;5;20260209;203500;301.78;301.81;301.75;301.81;13210
SBER;5;20260209;204000;301.81;301.84;301.8;301.8;2291
SBER;5;20260209;204500;301.81;301.84;301.77;301.79;8493
SBER;5;20260209;205000;301.79;301.79;301.71;301.72;107740
SBER;5;20260209;205500;301.71;301.74;301.71;301.72;8323
SBER;5;20260209;210000;301.72;301.72;301.61;301.72;8701
SBER;5;20260209;210500;301.72;301.8;301.71;301.8;3200
SBER;5;20260209;211000;301.79;301.8;301.72;301.76;2575
SBER;5;20260209;211500;301.76;301.76;301.72;301.73;2962
SBER;5;20260209;212000;301.73;301.74;301.66;301.71;3806
SBER;5;20260209;212500;301.7;301.76;301.7;301.72;7852
SBER;5;20260209;213000;301.73;301.74;301.57;301.59;8984
SBER;5;20260209;213500;301.58;301.61;301.55;301.57;8579
SBER;5;20260209;214000;301.57;301.57;301.54;301.55;4729
SBER;5;20260209;214500;301.57;301.98;301.55;301.86;89243
SBER;5;20260209;215000;301.84;301.84;301.8;301.82;5869
SBER;5;20260209;215500;301.81;301.82;301.8;301.81;7180
SBER;5;20260209;220000;301.8;301.84;301.79;301.84;13290
SBER;5;20260209;220500;301.84;301.84;301.83;301.84;1222
SBER;5;20260209;221000;301.84;301.86;301.83;301.85;3887
SBER;5;20260209;221500;301.86;301.86;301.28;301.45;111773
SBER;5;20260209;222000;301.44;301.44;301.35;301.36;3781
SBER;5;20260209;222500;301.35;301.42;301.35;301.42;4304
SBER;5;20260209;223000;301.42;302;301.41;301.82;134092
SBER;5;20260209;223500;301.83;301.83;301.74;301.78;11916
SBER;5;20260209;224000;301.78;301.8;301.68;301.73;5778
SBER;5;20260209;224500;301.73;301.73;301.06;301.37;114495
SBER;5;20260209;225000;301.38;301.4;301.37;301.38;1704
SBER;5;20260209;225500;301.38;301.4;301.36;301.4;4002
SBER;5;20260209;230000;301.4;301.64;301.4;301.43;12023
SBER;5;20260209;230500;301.43;301.43;301.42;301.43;4848
SBER;5;20260209;231000;301.42;301.62;301.42;301.55;31814
SBER;5;20260209;231500;301.55;301.8;301.54;301.78;21703
SBER;5;20260209;232000;301.76;301.78;301.73;301.74;36709
SBER;5;20260209;232500;301.75;301.8;301.75;301.8;19338
SBER;5;20260209;233000;301.8;301.87;301.79;301.85;27301
SBER;5;20260209;233500;301.85;301.94;301.72;301.72;30981
SBER;5;20260209;234000;301.72;301.75;301.65;301.66;5670
SBER;5;20260209;234500;301.66;301.9;301.65;301.81;13142
SBER;5;20260210;070000;301.87;301.97;301.82;301.87;39625
SBER;5;20260210;070500;301.87;302.6;301.84;302.15;118627
SBER;5;20260210;071000;302.24;302.27;302.1;302.27;18147
SBER;5;20260210;071500;302.27;302.46;302.24;302.4;84252
SBER;5;20260210;072000;302.39;302.4;302.24;302.3;45376
SBER;5;20260210;072500;302.24;302.31;302.24;302.25;43534
SBER;5;20260210;073000;302.25;302.31;302.19;302.21;58824
SBER;5;20260210;073500;302.21;302.22;302.06;302.16;13156
SBER;5;20260210;074000;302.15;302.16;302.07;302.13;3328
SBER;5;20260210;074500;302.13;302.14;301.99;302.1;25123
SBER;5;20260210;075000;302.1;302.1;302.02;302.06;6735
SBER;5;20260210;075500;302.06;302.3;302;302.3;19829
SBER;5;20260210;080000;302.3;302.3;301.98;302.08;21126
SBER;5;20260210;080500;301.99;302.11;301.95;301.99;13907
SBER;5;20260210;081000;301.99;302.08;301.91;301.97;12814
SBER;5;20260210;081500;301.97;302.18;301.91;302.14;9376
SBER;5;20260210;082000;302.14;302.14;302.04;302.06;1990
SBER;5;20260210;082500;302.06;302.18;302.04;302.18;26743
SBER;5;20260210;083000;302.18;302.18;301.91;302.02;27296
SBER;5;20260210;083500;302.02;302.15;302;302.1;5469
SBER;5;20260210;084000;302.1;302.19;302.03;302.1;29584
SBER;5;20260210;084500;302.05;302.21;302.05;302.17;16653
SBER;5;20260210;085000;302.17;302.23;302.15;302.23;29074
SBER;5;20260210;085500;302.22;302.24;302.04;302.04;14674
SBER;5;20260210;090000;302.05;302.22;302.03;302.09;24124
SBER;5;20260210;090500;302.09;302.1;302;302.01;16778
SBER;5;20260210;091000;302;302.09;301.95;302.09;14930
SBER;5;20260210;091500;302.09;302.21;302.07;302.19;28923
SBER;5;20260210;092000;302.19;302.19;301.99;302.04;9796
SBER;5;20260210;092500;302.04;302.05;302;302.03;20697
SBER;5;20260210;093000;302.03;302.04;301.96;302;22363
SBER;5;20260210;093500;302.03;302.03;302;302;12887
SBER;5;20260210;094000;302;302.03;301.96;301.98;22300
SBER;5;20260210;094500;301.98;302.5;301.96;302.49;641329
SBER;5;20260210;095000;302.49;303;302.42;302.71;1037636
SBER;5;20260210;095500;302.72;302.98;302.55;302.97;388277
SBER;5;20260210;100000;302.97;303.45;302.7;302.76;1308270
SBER;5;20260210;100500;302.76;303.14;302.67;302.79;470689
SBER;5;20260210;101000;302.79;303.2;302.67;303.2;261529
SBER;5;20260210;101500;303.19;304.4;303.19;304.33;1261938
SBER;5;20260210;102000;304.32;304.38;303.82;304.02;603390
SBER;5;20260210;102500;304.02;304.2;303.93;304;268499
SBER;5;20260210;103000;304.03;304.12;303.96;304.01;360346
SBER;5;20260210;103500;304;304.31;303.9;304.3;950751
SBER;5;20260210;104000;304.3;304.38;303.9;303.94;511360
SBER;5;20260210;104500;303.95;304.37;303.95;304.13;449875
SBER;5;20260210;105000;304.12;304.35;304.01;304.2;311993
SBER;5;20260210;105500;304.19;304.71;304.19;304.61;1132451
SBER;5;20260210;110000;304.61;304.8;304.19;304.51;1205067
SBER;5;20260210;110500;304.48;304.51;303.95;304.15;641748
SBER;5;20260210;111000;304.15;304.2;303.95;303.98;592215
SBER;5;20260210;111500;303.98;304.29;303.96;304.18;249097
SBER;5;20260210;112000;304.19;304.32;304.18;304.23;253702
SBER;5;20260210;112500;304.26;304.29;304.22;304.24;78718
SBER;5;20260210;113000;304.23;304.32;303.96;304.06;223804
SBER;5;20260210;113500;304.06;304.11;303.98;304.09;145418
SBER;5;20260210;114000;304.1;304.16;303.99;304.12;144014
SBER;5;20260210;114500;304.12;304.12;303.72;303.8;214036
SBER;5;20260210;115000;303.81;304;303.8;303.94;98472
SBER;5;20260210;115500;303.93;303.99;303.73;303.74;180948
SBER;5;20260210;120000;303.73;303.94;303.69;303.69;320187
SBER;5;20260210;120500;303.7;303.95;303.66;303.82;231631
SBER;5;20260210;121000;303.81;304.29;303.81;304.06;400297
SBER;5;20260210;121500;304.06;304.19;303.88;303.96;136364
SBER;5;20260210;122000;303.97;304.01;303.79;303.84;152846
SBER;5;20260210;122500;303.85;304.05;303.78;303.89;136965
SBER;5;20260210;123000;303.89;303.9;303.67;303.7;72133
SBER;5;20260210;123500;303.7;303.84;303.67;303.8;52714
SBER;5;20260210;124000;303.8;303.86;303.7;303.72;73652
SBER;5;20260210;124500;303.72;303.8;303.29;303.3;530939
SBER;5;20260210;125000;303.29;303.6;303.05;303.59;365612
SBER;5;20260210;125500;303.6;303.73;303.6;303.68;106096
SBER;5;20260210;130000;303.66;303.68;303.53;303.64;104798
SBER;5;20260210;130500;303.6;303.7;303.5;303.5;92836
SBER;5;20260210;131000;303.51;303.51;303.05;303.21;190643
SBER;5;20260210;131500;303.21;303.3;303.21;303.3;140846
SBER;5;20260210;132000;303.3;303.57;302.52;302.59;1008727
SBER;5;20260210;132500;302.58;303.16;302.56;303.13;348880
SBER;5;20260210;133000;303.12;303.14;302.6;302.65;158077
SBER;5;20260210;133500;302.68;302.95;302.53;302.85;82501
SBER;5;20260210;134000;302.85;302.9;302.69;302.85;61927
SBER;5;20260210;134500;302.84;302.86;302.58;302.81;71943
SBER;5;20260210;135000;302.81;302.92;302.73;302.92;28193
SBER;5;20260210;135500;302.92;302.97;302.87;302.9;20751
SBER;5;20260210;140000;302.89;302.99;302.8;302.98;45924
SBER;5;20260210;140500;302.98;302.99;302.75;302.98;204744
SBER;5;20260210;141000;302.98;303.17;302.97;303.08;185848
SBER;5;20260210;141500;303.08;303.09;303.01;303.07;34713
SBER;5;20260210;142000;303.07;303.09;303.01;303.06;82479
SBER;5;20260210;142500;303.06;303.26;303.05;303.26;182594
SBER;5;20260210;143000;303.26;303.26;302.56;302.97;262591
SBER;5;20260210;143500;302.97;302.97;302.82;302.85;44312
SBER;5;20260210;144000;302.86;302.86;302.5;302.85;182613
SBER;5;20260210;144500;302.84;302.96;302.77;302.79;65926
SBER;5;20260210;145000;302.79;302.8;302.56;302.67;56371
SBER;5;20260210;145500;302.67;302.81;302.53;302.63;87534
SBER;5;20260210;150000;302.63;302.68;302.5;302.62;149879
SBER;5;20260210;150500;302.62;302.85;302.53;302.85;293911
SBER;5;20260210;151000;302.85;302.87;302.73;302.85;65159
SBER;5;20260210;151500;302.85;302.85;302.6;302.85;77703
SBER;5;20260210;152000;302.85;303.07;302.84;302.98;179145
SBER;5;20260210;152500;302.98;302.99;302.88;302.88;47927
SBER;5;20260210;153000;302.88;302.93;302.8;302.88;26659
SBER;5;20260210;153500;302.88;302.88;302.74;302.82;42372
SBER;5;20260210;154000;302.82;302.82;302.67;302.69;74954
SBER;5;20260210;154500;302.67;302.78;302.54;302.75;109791
SBER;5;20260210;155000;302.75;302.95;302.72;302.9;63577
SBER;5;20260210;155500;302.9;302.9;302.58;302.59;83548
SBER;5;20260210;160000;302.6;302.69;302.46;302.64;166186
SBER;5;20260210;160500;302.64;303.07;302.59;302.98;217824
SBER;5;20260210;161000;302.98;303;302.84;303;101158
SBER;5;20260210;161500;303;303.17;302.94;303.13;147246
SBER;5;20260210;162000;303.13;303.25;303.01;303.2;52793
SBER;5;20260210;162500;303.2;303.23;303.1;303.18;54378
SBER;5;20260210;163000;303.18;303.29;303.1;303.24;57995
SBER;5;20260210;163500;303.24;303.24;303.06;303.17;71247
SBER;5;20260210;164000;303.19;303.24;302.9;302.9;56344
SBER;5;20260210;164500;302.91;303.13;302.85;303.13;53204
SBER;5;20260210;165000;303.13;303.16;302.99;303.16;133953
SBER;5;20260210;165500;303.15;303.25;303.15;303.24;170672
SBER;5;20260210;170000;303.24;303.47;303.16;303.36;161151
SBER;5;20260210;170500;303.36;303.42;303.2;303.27;115330
SBER;5;20260210;171000;303.27;303.36;303.2;303.26;58099
SBER;5;20260210;171500;303.27;303.3;303.15;303.16;51177
SBER;5;20260210;172000;303.15;303.39;303.06;303.39;52672
SBER;5;20260210;172500;303.38;303.39;303.2;303.21;57605
SBER;5;20260210;173000;303.2;303.21;302.78;303.02;165089
SBER;5;20260210;173500;303.02;303.05;302.78;302.83;95772
SBER;5;20260210;174000;302.84;303.03;302.7;303;82591
SBER;5;20260210;174500;303;303.04;302.85;303.01;120975
SBER;5;20260210;175000;303.01;303.04;302.78;302.98;93678
SBER;5;20260210;175500;302.98;303.05;302.85;302.97;157588
SBER;5;20260210;180000;302.98;303.15;302.79;303.07;164285
SBER;5;20260210;180500;303.07;303.19;303;303;86425
SBER;5;20260210;181000;303.01;303.03;302.84;303.01;122903
SBER;5;20260210;181500;303.01;303.05;302.93;302.99;88486
SBER;5;20260210;182000;302.99;303;302.92;302.99;43316
SBER;5;20260210;182500;302.99;303.01;302.92;302.99;214690
SBER;5;20260210;183000;303;303;302.92;303;48894
SBER;5;20260210;183500;302.97;303.12;302.97;303.07;120949
SBER;5;20260210;184500;303.07;303.07;303.07;303.07;7061
SBER;5;20260210;190000;303.08;303.11;302.99;303;24765
SBER;5;20260210;190500;302.99;302.99;302.74;302.87;51383
SBER;5;20260210;191000;302.87;302.96;302.81;302.83;46080
SBER;5;20260210;191500;302.83;303;302.78;302.89;64842
SBER;5;20260210;192000;302.89;302.9;302.82;302.83;14033
SBER;5;20260210;192500;302.83;303.1;302.66;303.08;151780
SBER;5;20260210;193000;303.07;303.1;302.99;303.09;10308
SBER;5;20260210;193500;303.09;303.1;303.05;303.1;27384
SBER;5;20260210;194000;303.09;303.19;303.08;303.19;19518
SBER;5;20260210;194500;303.18;303.34;303.16;303.29;32837
SBER;5;20260210;195000;303.29;303.29;303.03;303.13;87178
SBER;5;20260210;195500;303.13;303.17;303;303.14;11698
SBER;5;20260210;200000;303.14;303.14;303.03;303.04;7451
SBER;5;20260210;200500;303.04;303.04;302.92;302.98;45855
SBER;5;20260210;201000;302.95;302.99;302.92;302.96;8497
SBER;5;20260210;201500;302.96;303.04;302.91;302.96;15912
SBER;5;20260210;202000;302.96;303.03;302.9;302.97;13766
SBER;5;20260210;202500;302.97;302.99;302.9;302.91;17358
SBER;5;20260210;203000;302.91;302.92;302.66;302.87;98141
SBER;5;20260210;203500;302.87;303.05;302.85;302.92;33300
SBER;5;20260210;204000;302.92;302.92;302.85;302.91;5264
SBER;5;20260210;204500;302.91;302.97;302.8;302.87;9247
SBER;5;20260210;205000;302.88;302.88;302.5;302.51;140813
SBER;5;20260210;205500;302.5;302.79;302.27;302.58;227109
SBER;5;20260210;210000;302.58;302.72;302.43;302.6;49934
SBER;5;20260210;210500;302.62;302.67;302.52;302.61;13962
SBER;5;20260210;211000;302.61;302.72;302.6;302.69;16970
SBER;5;20260210;211500;302.69;302.69;302.6;302.67;13952
SBER;5;20260210;212000;302.67;302.67;302.56;302.63;14183
SBER;5;20260210;212500;302.63;302.73;302.6;302.72;15206
SBER;5;20260210;213000;302.72;302.85;302.66;302.83;10021
SBER;5;20260210;213500;302.85;302.89;302.72;302.87;16283
SBER;5;20260210;214000;302.89;302.92;302.81;302.9;5217
SBER;5;20260210;214500;302.9;302.91;302.82;302.85;5288
SBER;5;20260210;215000;302.85;302.89;302.82;302.83;15302
SBER;5;20260210;215500;302.83;302.83;302.81;302.81;6277
SBER;5;20260210;220000;302.81;302.82;302.71;302.76;11672
SBER;5;20260210;220500;302.78;302.8;302.72;302.72;9317
SBER;5;20260210;221000;302.79;302.81;302.71;302.81;28325
SBER;5;20260210;221500;302.81;303;302.8;302.95;72303
SBER;5;20260210;222000;302.95;302.95;302.86;302.92;13375
SBER;5;20260210;222500;302.87;302.94;302.76;302.9;14162
SBER;5;20260210;223000;302.9;302.9;302.79;302.85;19690
SBER;5;20260210;223500;302.85;302.91;302.84;302.89;5281
SBER;5;20260210;224000;302.89;302.95;302.87;302.92;16058
SBER;5;20260210;224500;302.92;302.92;302.78;302.81;12973
SBER;5;20260210;225000;302.81;302.88;302.78;302.86;8968
SBER;5;20260210;225500;302.86;302.89;302.84;302.87;5341
SBER;5;20260210;230000;302.87;302.94;302.86;302.9;7906
SBER;5;20260210;230500;302.92;302.93;302.88;302.89;2943
SBER;5;20260210;231000;302.9;303;302.89;302.96;43110
SBER;5;20260210;231500;302.99;303;302.9;302.95;30292
SBER;5;20260210;232000;302.94;302.95;302.78;302.83;20944
SBER;5;20260210;232500;302.87;302.87;302.75;302.82;47079
SBER;5;20260210;233000;302.82;302.84;302.72;302.83;21191
SBER;5;20260210;233500;302.83;302.85;302.7;302.83;25046
SBER;5;20260210;234000;302.8;302.9;302.66;302.85;15635
SBER;5;20260210;234500;302.85;302.93;302.63;302.9;33593
SBER;5;20260211;070000;303;303.42;302.94;303.36;64954
SBER;5;20260211;070500;303.24;303.44;303.15;303.4;59601
SBER;5;20260211;071000;303.4;303.56;303.19;303.29;71278
SBER;5;20260211;071500;303.29;303.34;303.04;303.12;30900
SBER;5;20260211;072000;303.12;303.15;303.03;303.15;11826
SBER;5;20260211;072500;303.15;303.16;303.02;303.15;7384
SBER;5;20260211;073000;303.15;303.24;303.13;303.24;25554
SBER;5;20260211;073500;303.24;303.24;303.14;303.16;17322
SBER;5;20260211;074000;303.16;303.16;302.96;302.96;14456
SBER;5;20260211;074500;303.01;303.01;302.91;303.01;14387
SBER;5;20260211;075000;303;303.2;303;303.18;3684
SBER;5;20260211;075500;303.18;303.24;303.17;303.22;6627
SBER;5;20260211;080000;303.22;303.28;303.21;303.28;11170
SBER;5;20260211;080500;303.28;303.55;303.27;303.48;46308
SBER;5;20260211;081000;303.48;303.51;303.34;303.45;29885
SBER;5;20260211;081500;303.46;303.46;303.33;303.42;8148
SBER;5;20260211;082000;303.4;303.47;303.4;303.42;20429
SBER;5;20260211;082500;303.42;303.67;303.41;303.59;39933
SBER;5;20260211;083000;303.57;303.65;303.52;303.6;15688
SBER;5;20260211;083500;303.6;303.97;303.57;303.85;88124
SBER;5;20260211;084000;303.85;304.21;303.73;304.08;158295
SBER;5;20260211;084500;304.08;304.19;303.66;303.75;97409
SBER;5;20260211;085000;303.72;303.96;303.58;303.96;52703
SBER;5;20260211;085500;303.95;303.95;303.74;303.76;47078
SBER;5;20260211;090000;303.78;303.78;303.6;303.61;60736
SBER;5;20260211;090500;303.6;303.75;303.53;303.54;34769
SBER;5;20260211;091000;303.54;303.73;303.5;303.69;39838
SBER;5;20260211;091500;303.69;303.8;303.57;303.78;51470
SBER;5;20260211;092000;303.78;303.79;303.7;303.78;38879
SBER;5;20260211;092500;303.78;303.8;303.7;303.72;30407
SBER;5;20260211;093000;303.72;303.72;303.33;303.5;112267
SBER;5;20260211;093500;303.49;303.66;303.45;303.66;24321
SBER;5;20260211;094000;303.65;303.66;303.45;303.5;14035
SBER;5;20260211;094500;303.5;303.58;303.5;303.58;16952
SBER;5;20260211;095000;303.58;303.7;303.58;303.7;36097
SBER;5;20260211;095500;303.69;303.92;303.65;303.78;91200
SBER;5;20260211;100000;303.77;303.77;303.4;303.47;144424
SBER;5;20260211;100500;303.47;303.54;303.33;303.48;194248
SBER;5;20260211;101000;303.5;303.53;303.35;303.43;77073
SBER;5;20260211;101500;303.43;303.57;303.42;303.57;36009
SBER;5;20260211;102000;303.58;303.58;303.4;303.51;68270
SBER;5;20260211;102500;303.5;303.56;303.48;303.53;57071
SBER;5;20260211;103000;303.53;303.8;303.52;303.72;410465
SBER;5;20260211;103500;303.72;304.1;303.7;303.89;472116
SBER;5;20260211;104000;303.89;304.06;303.84;304;138546
SBER;5;20260211;104500;304;304.01;303.73;303.81;85165
SBER;5;20260211;105000;303.81;303.81;303.52;303.56;81835
SBER;5;20260211;105500;303.61;303.84;303.57;303.84;82340
SBER;5;20260211;110000;303.79;303.85;303.67;303.85;78956
SBER;5;20260211;110500;303.84;303.94;303.83;303.91;128336
SBER;5;20260211;111000;303.91;303.91;303.61;303.8;230049
SBER;5;20260211;111500;303.8;303.89;303.69;303.87;37631
SBER;5;20260211;112000;303.87;303.87;303.75;303.85;28131
SBER;5;20260211;112500;303.85;303.87;303.76;303.87;24869
SBER;5;20260211;113000;303.87;303.87;303.81;303.87;22361
SBER;5;20260211;113500;303.85;303.89;303.72;303.83;32790
SBER;5;20260211;114000;303.83;303.95;303.82;303.95;204610
SBER;5;20260211;114500;303.94;303.95;303.93;303.94;66449
SBER;5;20260211;115000;303.93;303.95;303.78;303.79;42800
SBER;5;20260211;115500;303.8;303.95;303.79;303.91;27541
SBER;5;20260211;120000;303.92;303.95;303.92;303.95;107091
SBER;5;20260211;120500;303.94;304.29;303.92;304.21;326041
SBER;5;20260211;121000;304.24;304.24;304.07;304.07;74615
SBER;5;20260211;121500;304.07;304.08;303.75;303.88;76675
SBER;5;20260211;122000;303.88;303.99;303.86;303.98;46306
SBER;5;20260211;122500;303.97;304;303.78;303.87;74172
SBER;5;20260211;123000;303.87;304;303.84;303.98;80737
SBER;5;20260211;123500;303.98;303.98;303.88;303.98;37718
SBER;5;20260211;124000;303.97;303.98;303.81;303.98;37968
SBER;5;20260211;124500;303.98;304.15;303.89;304.15;288398
SBER;5;20260211;125000;304.14;304.7;304.14;304.66;2182944
SBER;5;20260211;125500;304.67;304.82;304.61;304.79;1608366
SBER;5;20260211;130000;304.78;304.8;304.41;304.64;267815
SBER;5;20260211;130500;304.63;304.74;304.59;304.59;169356
SBER;5;20260211;131000;304.59;304.6;304.38;304.43;105849
SBER;5;20260211;131500;304.45;304.72;304.44;304.49;257689
SBER;5;20260211;132000;304.49;304.61;304.32;304.52;244297
SBER;5;20260211;132500;304.53;304.69;304.49;304.67;72036
SBER;5;20260211;133000;304.69;304.77;304.51;304.52;114750
SBER;5;20260211;133500;304.51;304.59;304.51;304.54;71406
SBER;5;20260211;134000;304.54;304.56;304.41;304.42;76866
SBER;5;20260211;134500;304.43;304.59;304.42;304.48;67299
SBER;5;20260211;135000;304.48;304.48;304.39;304.45;66146
SBER;5;20260211;135500;304.42;304.42;304.15;304.38;174570
SBER;5;20260211;140000;304.37;304.59;304.3;304.52;99039
SBER;5;20260211;140500;304.51;304.64;304.45;304.52;166112
SBER;5;20260211;141000;304.52;304.56;304.5;304.51;28679
SBER;5;20260211;141500;304.51;304.61;304.5;304.61;92512
SBER;5;20260211;142000;304.61;304.77;304.52;304.65;156311
SBER;5;20260211;142500;304.65;304.69;304.61;304.65;89169
SBER;5;20260211;143000;304.65;304.69;304.55;304.57;44730
SBER;5;20260211;143500;304.58;304.59;304.46;304.47;54973
SBER;5;20260211;144000;304.47;304.47;304.27;304.36;171957
SBER;5;20260211;144500;304.36;304.46;304.32;304.34;184034
SBER;5;20260211;145000;304.34;304.34;304.2;304.21;90356
SBER;5;20260211;145500;304.23;304.23;303.78;304.06;403065
SBER;5;20260211;150000;304.07;304.33;304.07;304.3;153418
SBER;5;20260211;150500;304.3;304.3;304.01;304.19;75860
SBER;5;20260211;151000;304.18;304.34;304.17;304.3;73671
SBER;5;20260211;151500;304.31;304.37;304.26;304.29;40267
SBER;5;20260211;152000;304.3;304.47;304.29;304.45;37804
SBER;5;20260211;152500;304.44;304.49;304.43;304.49;135326
SBER;5;20260211;153000;304.49;304.59;304.49;304.55;114315
SBER;5;20260211;153500;304.54;304.59;304.42;304.55;178035
SBER;5;20260211;154000;304.53;304.92;304.44;304.92;2040931
SBER;5;20260211;154500;304.92;305.25;304.77;305.15;1612922
SBER;5;20260211;155000;305.15;305.4;304.9;304.9;1231960
SBER;5;20260211;155500;304.91;305.03;304.7;304.97;398002
SBER;5;20260211;160000;304.96;305.39;304.96;305.25;293369
SBER;5;20260211;160500;305.25;305.64;305.21;305.37;843774
SBER;5;20260211;161000;305.41;305.61;305.21;305.27;325838
SBER;5;20260211;161500;305.3;305.45;305.21;305.3;100766
SBER;5;20260211;162000;305.3;305.48;305.29;305.45;68179
SBER;5;20260211;162500;305.45;305.6;305.44;305.53;232072
SBER;5;20260211;163000;305.53;305.95;305.52;305.94;466665
SBER;5;20260211;163500;305.95;306;305.92;306;663951
SBER;5;20260211;164000;305.99;306;305.86;305.87;444877
SBER;5;20260211;164500;305.87;306.21;305.8;305.99;724938
SBER;5;20260211;165000;305.99;306.19;305.93;305.95;377663
SBER;5;20260211;165500;305.94;306.19;305.73;306.15;522229
SBER;5;20260211;170000;306.15;306.29;305.93;305.96;305178
SBER;5;20260211;170500;305.96;306;305.9;305.96;49844
SBER;5;20260211;171000;305.97;306;305.58;305.71;201571
SBER;5;20260211;171500;305.71;305.79;305.61;305.72;206834
SBER;5;20260211;172000;305.72;305.82;305.71;305.75;75983
SBER;5;20260211;172500;305.76;305.93;305.75;305.84;113643
SBER;5;20260211;173000;305.83;305.88;305.35;305.37;303475
SBER;5;20260211;173500;305.42;305.69;305.37;305.49;87397
SBER;5;20260211;174000;305.49;305.96;305.48;305.8;120858
SBER;5;20260211;174500;305.82;306;305.76;305.78;137897
SBER;5;20260211;175000;305.78;306.1;305.77;306.01;186028
SBER;5;20260211;175500;306.01;306.01;305.76;305.8;147909
SBER;5;20260211;180000;305.79;306.01;305.76;306;163067
SBER;5;20260211;180500;306.01;306.14;305.97;306.03;130990
SBER;5;20260211;181000;306.03;306.12;305.65;305.65;182772
SBER;5;20260211;181500;305.65;305.67;305.39;305.42;175631
SBER;5;20260211;182000;305.43;305.55;305.18;305.42;126430
SBER;5;20260211;182500;305.41;305.42;305.28;305.34;91044
SBER;5;20260211;183000;305.33;305.59;305.33;305.49;80892
SBER;5;20260211;183500;305.48;305.55;305.35;305.41;92236
SBER;5;20260211;184500;305.44;305.44;305.44;305.44;18787
SBER;5;20260211;190000;305.46;306;305.46;306;194576
SBER;5;20260211;190500;305.97;306.02;305.52;305.96;344711
SBER;5;20260211;191000;305.97;306.08;305.72;305.88;202473
SBER;5;20260211;191500;305.87;306.08;305.82;306.01;140267
SBER;5;20260211;192000;306.01;306.08;305.91;306.03;88426
SBER;5;20260211;192500;306.06;306.06;305.69;305.78;78230
SBER;5;20260211;193000;305.79;305.96;305.73;305.85;47529
SBER;5;20260211;193500;305.85;305.85;305.72;305.76;37754
SBER;5;20260211;194000;305.76;305.93;305.7;305.7;50813
SBER;5;20260211;194500;305.7;305.71;305.54;305.68;42690
SBER;5;20260211;195000;305.71;305.83;305.56;305.77;50317
SBER;5;20260211;195500;305.79;305.85;305.71;305.83;32263
SBER;5;20260211;200000;305.83;305.85;305.65;305.67;55619
SBER;5;20260211;200500;305.65;305.81;305.56;305.79;31930
SBER;5;20260211;201000;305.76;305.82;305.7;305.7;19056
SBER;5;20260211;201500;305.7;305.86;305.7;305.8;27244
SBER;5;20260211;202000;305.82;305.85;305.68;305.74;13206
SBER;5;20260211;202500;305.75;305.77;305.5;305.54;100447
SBER;5;20260211;203000;305.54;305.92;305.54;305.89;54143
SBER;5;20260211;203500;305.88;305.95;305.82;305.9;25927
SBER;5;20260211;204000;305.91;305.94;305.87;305.92;28387
SBER;5;20260211;204500;305.92;305.93;305.77;305.87;34853
SBER;5;20260211;205000;305.87;305.94;305.79;305.94;37029
SBER;5;20260211;205500;305.94;305.94;305.51;305.53;47128
SBER;5;20260211;210000;305.53;305.68;305.51;305.6;29346
SBER;5;20260211;210500;305.64;305.65;305.52;305.53;23344
SBER;5;20260211;211000;305.53;305.53;305.3;305.31;136914
SBER;5;20260211;211500;305.31;305.51;305.3;305.46;50949
SBER;5;20260211;212000;305.46;305.47;305.34;305.39;27429
SBER;5;20260211;212500;305.39;305.44;305.27;305.27;34160
SBER;5;20260211;213000;305.27;305.33;305.25;305.29;58973
SBER;5;20260211;213500;305.29;305.42;305.28;305.33;20630
SBER;5;20260211;214000;305.3;305.36;305.24;305.24;33424
SBER;5;20260211;214500;305.24;305.42;305.23;305.38;30126
SBER;5;20260211;215000;305.37;305.49;305.35;305.44;10199
SBER;5;20260211;215500;305.44;305.49;305.4;305.41;10837
SBER;5;20260211;220000;305.41;305.43;305.29;305.31;28150
SBER;5;20260211;220500;305.31;305.36;305.3;305.36;18892
SBER;5;20260211;221000;305.36;305.36;305.35;305.36;9683
SBER;5;20260211;221500;305.36;305.38;305.26;305.38;22871
SBER;5;20260211;222000;305.38;305.4;305.3;305.4;15978
SBER;5;20260211;222500;305.4;305.4;305.39;305.4;13701
SBER;5;20260211;223000;305.4;305.42;305.39;305.42;15862
SBER;5;20260211;223500;305.42;305.42;305.4;305.42;1750
SBER;5;20260211;224000;305.42;305.49;305.41;305.48;35339
SBER;5;20260211;224500;305.48;305.5;305.44;305.5;12976
SBER;5;20260211;225000;305.5;305.5;305.49;305.5;12015
SBER;5;20260211;225500;305.5;305.5;305.41;305.48;49929
SBER;5;20260211;230000;305.48;305.49;305.23;305.25;37972
SBER;5;20260211;230500;305.26;305.36;305.22;305.31;27804
SBER;5;20260211;231000;305.35;305.39;305.25;305.25;15965
SBER;5;20260211;231500;305.26;305.31;305.25;305.3;6756
SBER;5;20260211;232000;305.3;305.33;305.29;305.32;11348
SBER;5;20260211;232500;305.32;305.33;305;305.01;210391
SBER;5;20260211;233000;305.02;305.02;304.8;304.83;134631
SBER;5;20260211;233500;304.82;305.13;304.82;305.11;87472
SBER;5;20260211;234000;305.03;305.2;305.03;305.14;15601
SBER;5;20260211;234500;305.18;305.96;304.81;305.76;138895
SBER;5;20260212;070000;306;306.17;305.3;305.57;133474
SBER;5;20260212;070500;305.67;305.67;305.3;305.53;21621
SBER;5;20260212;071000;305.53;305.57;305.01;305.57;115986
SBER;5;20260212;071500;305.51;305.73;305.5;305.67;31617
SBER;5;20260212;072000;305.67;305.99;305.6;305.98;23798
SBER;5;20260212;072500;305.98;305.98;305.6;305.84;50005
SBER;5;20260212;073000;305.83;305.84;305.53;305.79;19713
SBER;5;20260212;073500;305.79;305.8;305.57;305.69;7700
SBER;5;20260212;074000;305.69;305.69;305.35;305.54;19016
SBER;5;20260212;074500;305.64;305.69;305.37;305.51;22679
SBER;5;20260212;075000;305.5;305.5;305.37;305.44;6646
SBER;5;20260212;075500;305.5;305.69;305.45;305.69;17610
SBER;5;20260212;080000;305.69;305.69;305.45;305.53;8469
SBER;5;20260212;080500;305.53;305.65;305.39;305.65;4348
SBER;5;20260212;081000;305.65;305.69;305.6;305.66;2919
SBER;5;20260212;081500;305.66;305.66;305.43;305.53;7202
SBER;5;20260212;082000;305.53;305.6;305.42;305.44;4837
SBER;5;20260212;082500;305.45;305.6;305.45;305.5;784
SBER;5;20260212;083000;305.5;305.66;305.41;305.59;17818
SBER;5;20260212;083500;305.6;305.97;305.59;305.97;54671
SBER;5;20260212;084000;305.97;305.99;305.88;305.93;58473
SBER;5;20260212;084500;305.91;305.96;305.85;305.93;13992
SBER;5;20260212;085000;305.92;305.93;305.85;305.9;5906
SBER;5;20260212;085500;305.87;305.9;305.75;305.86;14960
SBER;5;20260212;090000;305.81;305.82;305.4;305.5;133859
SBER;5;20260212;090500;305.5;305.67;305.47;305.56;37324
SBER;5;20260212;091000;305.55;305.57;305.43;305.53;19938
SBER;5;20260212;091500;305.53;305.69;305.51;305.69;18404
SBER;5;20260212;092000;305.66;305.7;305.45;305.62;37890
SBER;5;20260212;092500;305.59;305.64;305.51;305.55;13701
SBER;5;20260212;093000;305.55;305.56;305.47;305.5;29544
SBER;5;20260212;093500;305.49;305.56;305.46;305.55;50918
SBER;5;20260212;094000;305.55;305.55;305.48;305.52;9676
SBER;5;20260212;094500;305.51;305.57;305.48;305.57;19839
SBER;5;20260212;095000;305.58;305.59;305.48;305.5;5757
SBER;5;20260212;095500;305.51;305.53;305.46;305.49;15932
SBER;5;20260212;100000;305.49;305.49;305.18;305.28;74919
SBER;5;20260212;100500;305.23;305.46;305.09;305.1;54920
SBER;5;20260212;101000;305.1;305.11;304.75;304.99;183264
SBER;5;20260212;101500;304.99;305.2;304.95;305.04;66292
SBER;5;20260212;102000;305.03;305.21;304.95;305.21;259408
SBER;5;20260212;102500;305.21;305.21;305.18;305.18;80173
SBER;5;20260212;103000;305.19;305.19;305.09;305.1;56645
SBER;5;20260212;103500;305.1;305.11;305.01;305.1;73379
SBER;5;20260212;104000;305.1;305.14;305.03;305.09;31714
SBER;5;20260212;104500;305.08;305.1;304.9;305;257085
SBER;5;20260212;105000;304.98;305.2;304.92;305.19;126253
SBER;5;20260212;105500;305.19;305.2;304.9;304.93;55790
SBER;5;20260212;110000;304.95;305.07;304.93;305.03;115271
SBER;5;20260212;110500;305.03;305.15;305.01;305.15;49119
SBER;5;20260212;111000;305.15;305.52;305.09;305.37;210031
SBER;5;20260212;111500;305.32;305.44;305.21;305.23;39545
SBER;5;20260212;112000;305.27;305.3;305.23;305.27;46920
SBER;5;20260212;112500;305.27;305.28;305.22;305.28;40049
SBER;5;20260212;113000;305.25;305.48;305.23;305.48;85772
SBER;5;20260212;113500;305.47;305.55;305.31;305.48;60839
SBER;5;20260212;114000;305.48;305.55;305.43;305.51;51074
SBER;5;20260212;114500;305.52;305.58;305.39;305.45;86447
SBER;5;20260212;115000;305.45;305.54;305.23;305.34;139856
SBER;5;20260212;115500;305.34;305.37;305.24;305.34;76780
SBER;5;20260212;120000;305.34;305.34;305.2;305.21;38663
SBER;5;20260212;120500;305.22;305.34;305.21;305.34;20968
SBER;5;20260212;121000;305.32;305.45;305.28;305.45;59519
SBER;5;20260212;121500;305.45;305.45;305.33;305.36;31038
SBER;5;20260212;122000;305.39;305.44;305.31;305.35;18284
SBER;5;20260212;122500;305.35;305.4;305.22;305.25;101634
SBER;5;20260212;123000;305.25;305.25;305.22;305.25;46998
SBER;5;20260212;123500;305.25;305.45;305.24;305.33;224037
SBER;5;20260212;124000;305.33;305.72;305.27;305.71;222478
SBER;5;20260212;124500;305.72;305.88;305.68;305.88;258660
SBER;5;20260212;125000;305.87;305.9;305.79;305.9;495737
SBER;5;20260212;125500;305.9;305.9;305.89;305.9;449133
SBER;5;20260212;130000;305.9;305.92;305.86;305.92;297448
SBER;5;20260212;130500;305.91;305.96;305.91;305.95;1014546
SBER;5;20260212;131000;305.96;305.98;305.95;305.97;326362
SBER;5;20260212;131500;305.97;305.98;305.96;305.97;198161
SBER;5;20260212;132000;305.98;305.98;305.97;305.98;114913
SBER;5;20260212;132500;305.97;306.02;305.82;305.96;1103216
SBER;5;20260212;133000;305.96;306.02;305.82;305.89;358677
SBER;5;20260212;133500;305.88;306.02;305.66;305.84;148683
SBER;5;20260212;134000;305.84;306.02;305.79;306.01;192757
SBER;5;20260212;134500;306.01;306.02;305.91;305.99;216384
SBER;5;20260212;135000;305.99;306.02;305.96;306.01;72271
SBER;5;20260212;135500;306.02;306.02;305.95;305.96;98579
SBER;5;20260212;140000;305.96;306.02;305.95;306.02;122752
SBER;5;20260212;140500;306.02;306.04;306.01;306.04;206891
SBER;5;20260212;141000;306.04;306.04;306.02;306.04;99797
SBER;5;20260212;141500;306.03;306.04;305.82;305.96;374959
SBER;5;20260212;142000;305.97;306.04;305.95;306.04;136651
SBER;5;20260212;142500;306.04;306.04;305.93;305.97;92861
SBER;5;20260212;143000;305.97;306.03;305.91;305.95;92194
SBER;5;20260212;143500;305.99;306;305.93;306;69333
SBER;5;20260212;144000;306;306.01;305.9;305.98;57872
SBER;5;20260212;144500;305.98;306.01;305.89;305.98;66788
SBER;5;20260212;145000;305.99;306.04;305.94;306.01;57274
SBER;5;20260212;145500;306;306.01;305.9;305.93;86063
SBER;5;20260212;150000;305.93;306;305.9;305.96;44911
SBER;5;20260212;150500;305.95;306;305.86;306;108312
SBER;5;20260212;151000;305.99;306.04;305.99;306.03;87084
SBER;5;20260212;151500;306.04;306.04;306;306.04;142226
SBER;5;20260212;152000;306.04;306.04;305.98;306.03;73037
SBER;5;20260212;152500;306.04;306.2;306.02;306.19;136067
SBER;5;20260212;153000;306.19;306.7;306.19;306.5;553074
SBER;5;20260212;153500;306.5;306.8;306.49;306.8;189056
SBER;5;20260212;154000;306.76;306.88;306.55;306.56;421201
SBER;5;20260212;154500;306.55;306.78;306.55;306.78;112206
SBER;5;20260212;155000;306.78;306.83;306.7;306.72;118213
SBER;5;20260212;155500;306.73;306.95;306.72;306.94;243727
SBER;5;20260212;160000;306.94;307.2;306.94;307.18;668176
SBER;5;20260212;160500;307.18;307.25;307.07;307.09;277140
SBER;5;20260212;161000;307.08;307.14;306.94;307.03;296191
SBER;5;20260212;161500;307.03;307.15;306.99;307.06;128029
SBER;5;20260212;162000;307.07;307.13;306.9;306.97;121775
SBER;5;20260212;162500;306.97;307;306.75;306.93;279928
SBER;5;20260212;163000;306.94;307.03;306.82;306.95;134149
SBER;5;20260212;163500;306.91;307;306.87;306.99;98388
SBER;5;20260212;164000;306.96;307.02;306.86;307.02;154414
SBER;5;20260212;164500;307.02;307.09;306.88;307.07;176934
SBER;5;20260212;165000;307.07;307.09;306.86;306.99;128970
SBER;5;20260212;165500;307;307.04;306.96;307.03;92102
SBER;5;20260212;170000;307.04;307.05;306.66;306.74;223320
SBER;5;20260212;170500;306.72;306.88;306.62;306.76;88845
SBER;5;20260212;171000;306.77;307;306.77;307;120027
SBER;5;20260212;171500;307;307.1;306.89;306.89;104344
SBER;5;20260212;172000;306.89;307.13;306.89;307.09;157441
SBER;5;20260212;172500;307.1;307.13;306.94;306.98;78508
SBER;5;20260212;173000;306.98;307;306.95;306.98;83172
SBER;5;20260212;173500;306.98;306.98;306.89;306.9;74614
SBER;5;20260212;174000;306.9;306.9;306.8;306.88;147510
SBER;5;20260212;174500;306.88;306.88;306.81;306.88;84480
SBER;5;20260212;175000;306.87;306.88;306.69;306.7;202673
SBER;5;20260212;175500;306.7;306.7;306.4;306.55;250255
SBER;5;20260212;180000;306.55;306.57;306.33;306.4;168817
SBER;5;20260212;180500;306.4;306.4;306.33;306.4;81134
SBER;5;20260212;181000;306.39;306.43;306.1;306.15;185762
SBER;5;20260212;181500;306.14;306.5;306.13;306.5;126598
SBER;5;20260212;182000;306.5;306.54;306.36;306.51;117761
SBER;5;20260212;182500;306.48;306.52;306.3;306.33;75920
SBER;5;20260212;183000;306.33;306.33;305.99;305.99;187614
SBER;5;20260212;183500;306;306.03;305.7;306.02;363158
SBER;5;20260212;184500;306.02;306.02;306.02;306.02;8870
SBER;5;20260212;190000;306.02;306.34;305.89;306.27;104899
SBER;5;20260212;190500;306.23;306.23;305.81;305.85;105024
SBER;5;20260212;191000;305.88;305.91;305.06;305.13;330731
SBER;5;20260212;191500;305.14;305.37;305.04;305.31;153147
SBER;5;20260212;192000;305.31;305.35;305.13;305.32;211165
SBER;5;20260212;192500;305.32;305.38;305.17;305.32;148355
SBER;5;20260212;193000;305.38;305.75;305.36;305.72;163141
SBER;5;20260212;193500;305.73;305.73;305.46;305.47;53373
SBER;5;20260212;194000;305.47;305.52;305.16;305.17;37530
SBER;5;20260212;194500;305.18;305.62;304.82;305.24;414462
SBER;5;20260212;195000;305.24;305.27;304.94;304.99;286340
SBER;5;20260212;195500;305;305.26;305;305.26;49131
SBER;5;20260212;200000;305.23;305.39;305.07;305.18;67725
SBER;5;20260212;200500;305.18;305.27;304.95;305.27;57304
SBER;5;20260212;201000;305.27;305.46;305.23;305.27;33579
SBER;5;20260212;201500;305.28;305.49;305.25;305.3;59969
SBER;5;20260212;202000;305.31;305.53;305.24;305.48;49262
SBER;5;20260212;202500;305.48;305.56;305.36;305.39;49918
SBER;5;20260212;203000;305.4;305.52;305.32;305.5;27256
SBER;5;20260212;203500;305.49;305.57;305.39;305.56;37869
SBER;5;20260212;204000;305.55;305.6;305.5;305.52;21018
SBER;5;20260212;204500;305.53;305.58;305.5;305.5;12996
SBER;5;20260212;205000;305.5;305.5;305.44;305.48;11435
SBER;5;20260212;205500;305.5;305.5;305.47;305.47;6363
SBER;5;20260212;210000;305.46;305.46;305.15;305.2;32936
SBER;5;20260212;210500;305.19;305.27;305.18;305.21;25756
SBER;5;20260212;211000;305.21;305.32;305.18;305.19;69357
SBER;5;20260212;211500;305.19;305.2;305.18;305.2;26881
SBER;5;20260212;212000;305.19;305.2;305.19;305.19;61568
SBER;5;20260212;212500;305.19;305.32;305.18;305.28;26625
SBER;5;20260212;213000;305.3;305.32;305.2;305.29;60006
SBER;5;20260212;213500;305.29;305.51;305.23;305.45;34878
SBER;5;20260212;214000;305.45;305.52;305.43;305.47;9548
SBER;5;20260212;214500;305.47;305.49;305.41;305.48;10613
SBER;5;20260212;215000;305.48;305.64;305.47;305.64;33396
SBER;5;20260212;215500;305.62;305.64;305.44;305.49;13950
SBER;5;20260212;220000;305.49;305.61;305.48;305.6;6311
SBER;5;20260212;220500;305.6;305.61;305.55;305.55;12018
SBER;5;20260212;221000;305.57;305.59;305.55;305.58;6904
SBER;5;20260212;221500;305.58;305.6;305.55;305.55;7459
SBER;5;20260212;222000;305.56;305.59;305.15;305.59;75738
SBER;5;20260212;222500;305.59;305.94;305.56;305.68;237578
SBER;5;20260212;223000;305.67;305.77;305.64;305.71;52144
SBER;5;20260212;223500;305.71;305.74;305.49;305.5;20510
SBER;5;20260212;224000;305.49;305.53;305.18;305.18;44301
SBER;5;20260212;224500;305.18;305.3;305.17;305.22;15629
SBER;5;20260212;225000;305.22;305.23;305.11;305.16;37143
SBER;5;20260212;225500;305.16;305.3;305.16;305.27;47836
SBER;5;20260212;230000;305.27;305.28;305.21;305.25;10300
SBER;5;20260212;230500;305.25;305.25;305.01;305.11;52031
SBER;5;20260212;231000;305.1;305.23;305.01;305.21;18371
SBER;5;20260212;231500;305.21;305.28;305.18;305.28;4814
SBER;5;20260212;232000;305.28;305.29;305.25;305.27;64073
SBER;5;20260212;232500;305.27;305.3;305.25;305.25;15254
SBER;5;20260212;233000;305.25;305.33;305.23;305.29;53511
SBER;5;20260212;233500;305.29;305.31;305.08;305.16;48331
SBER;5;20260212;234000;305.15;305.31;305.02;305.31;26834
SBER;5;20260212;234500;305.29;305.32;305.07;305.2;19008
SBER;5;20260213;070000;305.67;305.9;305.3;305.81;80357
SBER;5;20260213;070500;305.8;305.9;305.59;305.82;92638
SBER;5;20260213;071000;305.89;305.89;305.7;305.73;28828
SBER;5;20260213;071500;305.73;305.78;305.41;305.42;6798
SBER;5;20260213;072000;305.41;305.61;305.25;305.51;51107
SBER;5;20260213;072500;305.57;305.6;305.47;305.56;7553
SBER;5;20260213;073000;305.55;305.57;305.4;305.49;16030
SBER;5;20260213;073500;305.49;305.51;305.32;305.51;26693
SBER;5;20260213;074000;305.51;305.57;305.49;305.57;6212
SBER;5;20260213;074500;305.57;305.57;305.51;305.57;3491
SBER;5;20260213;075000;305.57;305.6;305.51;305.6;8396
SBER;5;20260213;075500;305.6;305.7;305.58;305.69;14178
SBER;5;20260213;080000;305.69;305.78;305.69;305.72;11447
SBER;5;20260213;080500;305.73;305.78;305.72;305.77;3466
SBER;5;20260213;081000;305.78;305.89;305.72;305.78;46971
SBER;5;20260213;081500;305.78;305.83;305.63;305.64;7493
SBER;5;20260213;082000;305.73;305.77;305.64;305.72;14624
SBER;5;20260213;082500;305.72;305.73;305.62;305.66;11301
SBER;5;20260213;083000;305.62;305.67;305.26;305.26;33155
SBER;5;20260213;083500;305.39;305.55;305.28;305.5;12070
SBER;5;20260213;084000;305.55;305.62;305.5;305.61;7804
SBER;5;20260213;084500;305.61;305.62;305.58;305.59;3611
SBER;5;20260213;085000;305.59;305.59;305.5;305.51;15766
SBER;5;20260213;085500;305.51;305.55;305.3;305.41;32551
SBER;5;20260213;090000;305.41;305.6;305.39;305.6;15976
SBER;5;20260213;090500;305.6;305.6;305.58;305.59;5333
SBER;5;20260213;091000;305.58;305.59;305.08;305.22;100884
SBER;5;20260213;091500;305.21;305.32;305.1;305.11;73195
SBER;5;20260213;092000;305.11;305.18;305.05;305.13;43087
SBER;5;20260213;092500;305.15;305.15;305.03;305.09;22928
SBER;5;20260213;093000;305.09;305.09;304.35;304.74;558255
SBER;5;20260213;093500;304.73;304.8;304.73;304.8;58787
SBER;5;20260213;094000;304.79;304.97;304.74;304.97;43943
SBER;5;20260213;094500;304.96;304.98;304.77;304.83;12156
SBER;5;20260213;095000;304.77;304.85;304.62;304.64;27121
SBER;5;20260213;095500;304.64;304.73;304.57;304.6;73200
SBER;5;20260213;100000;304.6;304.61;304.21;304.31;346995
SBER;5;20260213;100500;304.31;304.56;304.05;304.56;263107
SBER;5;20260213;101000;304.54;304.68;304.52;304.6;143551
SBER;5;20260213;101500;304.6;304.7;304.52;304.66;321781
SBER;5;20260213;102000;304.67;304.67;304.49;304.5;62579
SBER;5;20260213;102500;304.5;304.66;304.3;304.49;198994
SBER;5;20260213;103000;304.49;304.53;304.3;304.43;82419
SBER;5;20260213;103500;304.43;304.44;304.28;304.3;67399
SBER;5;20260213;104000;304.3;304.33;304.2;304.25;84865
SBER;5;20260213;104500;304.24;304.48;304.24;304.48;122121
SBER;5;20260213;105000;304.48;304.69;304.47;304.69;181538
SBER;5;20260213;105500;304.68;304.93;304.62;304.62;200796
SBER;5;20260213;110000;304.69;305.2;304.65;305.04;130246
SBER;5;20260213;110500;305.04;305.2;304.95;305;102461
SBER;5;20260213;111000;305;305.03;304.85;304.85;85204
SBER;5;20260213;111500;304.85;305;304.85;304.85;156053
SBER;5;20260213;112000;304.86;304.88;304.85;304.85;24152
SBER;5;20260213;112500;304.85;304.86;304.68;304.84;111195
SBER;5;20260213;113000;304.84;304.85;304.8;304.81;52958
SBER;5;20260213;113500;304.81;304.81;304.5;304.64;156910
SBER;5;20260213;114000;304.65;304.8;304.64;304.8;62864
SBER;5;20260213;114500;304.8;305.17;304.72;305.09;327859
SBER;5;20260213;115000;305.09;305.14;304.93;304.94;97896
SBER;5;20260213;115500;304.93;304.93;304.73;304.84;40137
SBER;5;20260213;120000;304.84;305.2;304.77;305.17;394648
SBER;5;20260213;120500;305.17;305.17;305.06;305.1;18276
SBER;5;20260213;121000;305.09;305.13;305;305.03;49501
SBER;5;20260213;121500;305.07;305.08;305.02;305.06;9808
SBER;5;20260213;122000;305.06;305.2;305.04;305.19;60814
SBER;5;20260213;122500;305.18;305.28;304.86;305;267684
SBER;5;20260213;123000;305;305.22;305;305.14;27255
SBER;5;20260213;123500;305.14;305.16;305.05;305.09;26356
SBER;5;20260213;124000;305.1;305.31;304.55;305.25;466186
SBER;5;20260213;124500;305.24;305.31;305.14;305.17;55973
SBER;5;20260213;125000;305.17;305.21;305;305;58812
SBER;5;20260213;125500;305.01;305.07;304.7;304.77;75772
SBER;5;20260213;130000;304.77;304.9;304.65;304.86;43944
SBER;5;20260213;130500;304.86;304.91;304.74;304.88;38716
SBER;5;20260213;131000;304.88;305.1;304.88;305.09;169655
SBER;5;20260213;131500;305.09;305.17;305;305;121033
SBER;5;20260213;132000;305;305.15;304.88;305.13;136167
SBER;5;20260213;132500;305.1;305.18;304.86;304.86;193527
SBER;5;20260213;133000;304.85;306.59;304.55;306.39;6211646
SBER;5;20260213;133500;306.39;307.34;306.38;306.93;1910619
SBER;5;20260213;134000;306.94;307.1;306.68;306.76;726929
SBER;5;20260213;134500;306.76;307.13;306.75;306.95;567144
SBER;5;20260213;135000;306.95;307.39;306.95;307.33;689155
SBER;5;20260213;135500;307.33;307.78;307.2;307.76;935143
SBER;5;20260213;140000;307.74;307.8;307.01;307.22;660634
SBER;5;20260213;140500;307.21;307.85;307.2;307.68;613429
SBER;5;20260213;141000;307.68;307.69;307.26;307.32;406212
SBER;5;20260213;141500;307.33;307.4;307.13;307.15;276306
SBER;5;20260213;142000;307.17;307.18;306.77;306.91;553362
SBER;5;20260213;142500;306.93;307;306.72;306.98;355527
SBER;5;20260213;143000;306.99;307.12;306.8;306.92;170038
SBER;5;20260213;143500;306.92;307;306.74;306.99;139613
SBER;5;20260213;144000;306.99;307;306.94;307;176563
SBER;5;20260213;144500;307;307.23;306.99;307.17;245679
SBER;5;20260213;145000;307.15;307.29;306.84;306.91;125754
SBER;5;20260213;145500;306.93;307.08;306.77;306.8;111413
SBER;5;20260213;150000;306.79;307.12;306.77;306.91;207858
SBER;5;20260213;150500;306.91;307.21;306.9;307.07;234340
SBER;5;20260213;151000;307.07;307.17;306.73;306.84;173675
SBER;5;20260213;151500;306.83;307.48;306.76;307.44;384877
SBER;5;20260213;152000;307.43;307.6;307.34;307.35;483047
SBER;5;20260213;152500;307.35;307.4;306.95;307;217830
SBER;5;20260213;153000;306.99;307.4;306.98;307.39;163927
SBER;5;20260213;153500;307.36;307.41;307.05;307.06;124436
SBER;5;20260213;154000;307.06;307.1;306.86;307;297520
SBER;5;20260213;154500;307;307.04;306.93;306.98;104731
SBER;5;20260213;155000;306.98;307.04;306.72;306.75;202794
SBER;5;20260213;155500;306.75;306.92;306.65;306.81;213833
SBER;5;20260213;160000;306.81;307.1;306.76;307.09;128402
SBER;5;20260213;160500;307.08;307.09;306.88;307.04;79895
SBER;5;20260213;161000;307.05;307.23;307.04;307.1;172550
SBER;5;20260213;161500;307.1;307.24;307;307.21;193309
SBER;5;20260213;162000;307.2;307.31;307.04;307.11;175441
SBER;5;20260213;162500;307.12;307.21;307.03;307.21;57319
SBER;5;20260213;163000;307.2;307.38;307.17;307.18;134817
SBER;5;20260213;163500;307.19;307.36;307.17;307.3;109933
SBER;5;20260213;164000;307.3;307.66;307.23;307.65;356946
SBER;5;20260213;164500;307.65;307.87;307.52;307.85;351632
SBER;5;20260213;165000;307.85;308.2;307.81;308.14;903764
SBER;5;20260213;165500;308.16;308.23;308.09;308.09;380169
SBER;5;20260213;170000;308.1;308.4;308.1;308.17;327074
SBER;5;20260213;170500;308.17;308.21;307.84;308.12;356982
SBER;5;20260213;171000;308.15;308.56;308.1;308.13;1254064
SBER;5;20260213;171500;308.13;308.22;308;308;252536
SBER;5;20260213;172000;308.03;308.18;308;308.1;162804
SBER;5;20260213;172500;308.09;308.11;307.85;307.92;242122
SBER;5;20260213;173000;307.92;308.02;307.9;308;119780
SBER;5;20260213;173500;308;308;307.64;307.88;202725
SBER;5;20260213;174000;307.88;308.09;307.87;308.08;147355
SBER;5;20260213;174500;308.08;308.4;308.07;308.19;276027
SBER;5;20260213;175000;308.21;308.21;308.04;308.13;115225
SBER;5;20260213;175500;308.13;308.21;308.09;308.2;96496
SBER;5;20260213;180000;308.21;308.49;308.2;308.42;417922
SBER;5;20260213;180500;308.42;308.47;308.25;308.4;391853
SBER;5;20260213;181000;308.4;308.45;308.23;308.32;140911
SBER;5;20260213;181500;308.32;308.35;308;308.05;415837
SBER;5;20260213;182000;308.06;308.07;308.01;308.05;73376
SBER;5;20260213;182500;308.05;308.06;308;308;106006
SBER;5;20260213;183000;308.01;308.03;307.94;307.99;148879
SBER;5;20260213;183500;307.99;308.07;307.98;308.04;102443
SBER;5;20260213;184500;308.04;308.04;308.04;308.04;14939
SBER;5;20260213;190000;308.03;308.08;308.03;308.05;33466
SBER;5;20260213;190500;308.05;308.09;308;308.04;58906
SBER;5;20260213;191000;308.03;308.03;307.9;307.91;49206
SBER;5;20260213;191500;307.91;308.09;307.86;308.08;60325
SBER;5;20260213;192000;308.08;308.16;308.05;308.12;87760
SBER;5;20260213;192500;308.16;308.21;308.05;308.1;69862
SBER;5;20260213;193000;308.1;308.11;308.03;308.04;33849
SBER;5;20260213;193500;308.04;308.05;307.98;308.04;60988
SBER;5;20260213;194000;308.04;308.17;308.01;308.14;39991
SBER;5;20260213;194500;308.17;308.17;308.05;308.12;29005
SBER;5;20260213;195000;308.12;308.12;308.05;308.12;32228
SBER;5;20260213;195500;308.11;308.2;308.09;308.16;50853
SBER;5;20260213;200000;308.16;308.25;308.1;308.23;72057
SBER;5;20260213;200500;308.23;308.23;308.16;308.2;13027
SBER;5;20260213;201000;308.2;308.24;308.13;308.24;42004
SBER;5;20260213;201500;308.24;308.27;308.23;308.24;23930
SBER;5;20260213;202000;308.25;308.4;308.22;308.38;109364
SBER;5;20260213;202500;308.38;308.4;308.24;308.39;94366
SBER;5;20260213;203000;308.39;308.4;308.26;308.31;109804
SBER;5;20260213;203500;308.31;308.31;308.19;308.22;57037
SBER;5;20260213;204000;308.22;308.22;308.06;308.17;79992
SBER;5;20260213;204500;308.17;308.2;308.1;308.11;25006
SBER;5;20260213;205000;308.11;308.18;308.07;308.16;66622
SBER;5;20260213;205500;308.16;308.19;308.13;308.18;19915
SBER;5;20260213;210000;308.18;308.2;308.16;308.19;38568
SBER;5;20260213;210500;308.2;308.28;308.19;308.28;52979
SBER;5;20260213;211000;308.28;308.39;308.25;308.39;67163
SBER;5;20260213;211500;308.39;308.42;308.38;308.4;53130
SBER;5;20260213;212000;308.41;308.41;308.34;308.39;70806
SBER;5;20260213;212500;308.38;308.43;308.31;308.43;84009
SBER;5;20260213;213000;308.43;308.48;308.42;308.48;74356
SBER;5;20260213;213500;308.47;308.48;308.46;308.46;33424
SBER;5;20260213;214000;308.47;308.48;308.4;308.42;46722
SBER;5;20260213;214500;308.42;308.49;308.41;308.45;49485
SBER;5;20260213;215000;308.47;308.49;308.43;308.49;53794
SBER;5;20260213;215500;308.49;308.5;308.47;308.49;117427
SBER;5;20260213;220000;308.5;308.5;308.49;308.49;25148
SBER;5;20260213;220500;308.5;308.54;308.49;308.53;87427
SBER;5;20260213;221000;308.53;308.54;308.44;308.5;55775
SBER;5;20260213;221500;308.5;308.54;308.48;308.52;21390
SBER;5;20260213;222000;308.52;308.52;308.42;308.47;49717
SBER;5;20260213;222500;308.46;308.47;308.38;308.42;37991
SBER;5;20260213;223000;308.42;308.46;308.38;308.43;22730
SBER;5;20260213;223500;308.45;308.48;308.38;308.46;18502
SBER;5;20260213;224000;308.47;308.5;308.46;308.5;38774
SBER;5;20260213;224500;308.49;308.52;308.48;308.49;42840
SBER;5;20260213;225000;308.48;308.5;308.43;308.43;33896
SBER;5;20260213;225500;308.45;308.47;308.43;308.45;10600
SBER;5;20260213;230000;308.45;308.45;308.42;308.43;32785
SBER;5;20260213;230500;308.43;308.45;308.39;308.39;43678
SBER;5;20260213;231000;308.4;308.4;308.33;308.35;33616
SBER;5;20260213;231500;308.34;308.42;308.34;308.4;14847
SBER;5;20260213;232000;308.4;308.41;308.4;308.4;26850
SBER;5;20260213;232500;308.4;308.5;308.4;308.47;104443
SBER;5;20260213;233000;308.46;308.59;308.46;308.57;241300
SBER;5;20260213;233500;308.58;308.59;308.47;308.54;48858
SBER;5;20260213;234000;308.54;308.59;308.43;308.57;329229
SBER;5;20260213;234500;308.58;308.59;308.3;308.55;123426
SBER;5;20260216;070000;308.85;309.97;308.84;309.9;643059
SBER;5;20260216;070500;309.9;310.21;309.85;310.21;575050
SBER;5;20260216;071000;310.21;310.25;310;310.18;119436
SBER;5;20260216;071500;310.18;310.18;310;310.05;77714
SBER;5;20260216;072000;310.05;310.05;309.43;309.79;467179
SBER;5;20260216;072500;309.78;309.92;309.63;309.85;171606
SBER;5;20260216;073000;309.85;309.91;309.57;309.71;72281
SBER;5;20260216;073500;309.71;309.71;309.4;309.61;102609
SBER;5;20260216;074000;309.62;310;309.61;309.98;153691
SBER;5;20260216;074500;310;310.1;309.77;309.94;181061
SBER;5;20260216;075000;309.95;309.95;309.76;309.79;62009
SBER;5;20260216;075500;309.8;309.9;309.74;309.75;39691
SBER;5;20260216;080000;309.75;309.75;309.58;309.61;71035
SBER;5;20260216;080500;309.61;309.7;309.44;309.5;73722
SBER;5;20260216;081000;309.5;309.57;309.4;309.57;55035
SBER;5;20260216;081500;309.57;309.72;309.55;309.72;43673
SBER;5;20260216;082000;309.72;309.75;309.7;309.75;79661
SBER;5;20260216;082500;309.72;309.9;309.72;309.89;49473
SBER;5;20260216;083000;309.89;309.94;309.87;309.94;53211
SBER;5;20260216;083500;309.94;310.07;309.82;310.06;126198
SBER;5;20260216;084000;310.06;310.5;310.06;310.26;279178
SBER;5;20260216;084500;310.25;310.26;310.2;310.25;96425
SBER;5;20260216;085000;310.25;310.47;310.22;310.45;58635
SBER;5;20260216;085500;310.45;310.5;310.21;310.29;295303
SBER;5;20260216;090000;310.29;310.29;309.74;309.96;481251
SBER;5;20260216;090500;309.96;310.11;309.84;310.11;109815
SBER;5;20260216;091000;310.1;310.25;310.06;310.21;174819
SBER;5;20260216;091500;310.2;310.39;310.2;310.33;309486
SBER;5;20260216;092000;310.33;310.33;310.25;310.26;128280
SBER;5;20260216;092500;310.26;310.31;310.21;310.3;79374
SBER;5;20260216;093000;310.3;310.4;310.22;310.3;245532
SBER;5;20260216;093500;310.3;310.33;310.3;310.32;95019
SBER;5;20260216;094000;310.32;310.39;310.3;310.37;68189
SBER;5;20260216;094500;310.37;310.48;310.31;310.41;353768
SBER;5;20260216;095000;310.41;310.74;310.27;310.74;462677
SBER;5;20260216;095500;310.74;311.17;310.74;311.02;705265
SBER;5;20260216;100000;311.03;312;311.02;311.65;1900831
SBER;5;20260216;100500;311.65;312.4;311.54;312.18;1330387
SBER;5;20260216;101000;312.19;312.33;311.05;311.19;788028
SBER;5;20260216;101500;311.19;311.57;311.05;311.32;348149
SBER;5;20260216;102000;311.32;311.43;310.69;310.8;565566
SBER;5;20260216;102500;310.85;311.4;310.8;310.92;576088
SBER;5;20260216;103000;310.91;311.11;310.85;311;459734
SBER;5;20260216;103500;311;311.05;310.49;310.7;473541
SBER;5;20260216;104000;310.7;310.79;310.58;310.72;355839
SBER;5;20260216;104500;310.72;310.75;310.52;310.75;416469
SBER;5;20260216;105000;310.75;310.76;310.56;310.62;96961
SBER;5;20260216;105500;310.65;311.38;310.61;311.17;782288
SBER;5;20260216;110000;311.17;311.17;310.67;310.85;163442
SBER;5;20260216;110500;310.85;310.85;310.51;310.8;356585
SBER;5;20260216;111000;310.79;311.1;310.79;311.09;248173
SBER;5;20260216;111500;311.09;311.09;310.67;310.84;223519
SBER;5;20260216;112000;310.84;310.88;310.66;310.86;150376
SBER;5;20260216;112500;310.86;311.01;310.71;310.74;94858
SBER;5;20260216;113000;310.74;310.75;310.66;310.7;152113
SBER;5;20260216;113500;310.7;310.92;310.67;310.89;81867
SBER;5;20260216;114000;310.89;310.99;310.7;310.97;136465
SBER;5;20260216;114500;310.98;311.09;310.84;311.02;201935
SBER;5;20260216;115000;311.02;311.1;311;311.09;156999
SBER;5;20260216;115500;311.09;311.3;311.06;311.24;205079
SBER;5;20260216;120000;311.23;311.32;311.11;311.32;560484
SBER;5;20260216;120500;311.32;311.38;311.31;311.38;1511382
SBER;5;20260216;121000;311.38;311.4;311.3;311.4;338166
SBER;5;20260216;121500;311.39;311.42;311.34;311.42;252540
SBER;5;20260216;122000;311.42;311.44;311.36;311.4;709835
SBER;5;20260216;122500;311.4;311.44;311;311.15;271646
SBER;5;20260216;123000;311.15;311.22;311;311.05;151622
SBER;5;20260216;123500;311.04;311.09;311;311.08;119665
SBER;5;20260216;124000;311.08;311.08;310.83;310.89;104066
SBER;5;20260216;124500;310.87;311.07;310.85;310.96;124644
SBER;5;20260216;125000;310.96;311.2;310.91;311.17;128639
SBER;5;20260216;125500;311.16;311.2;311.03;311.16;119203
SBER;5;20260216;130000;311.16;311.4;311.15;311.4;470891
SBER;5;20260216;130500;311.39;311.46;311.39;311.46;614330
SBER;5;20260216;131000;311.46;311.48;311.25;311.48;1050667
SBER;5;20260216;131500;311.48;311.89;311.47;311.78;573548
SBER;5;20260216;132000;311.78;311.8;311.52;311.8;164394
SBER;5;20260216;132500;311.78;311.91;311.77;311.84;220537
SBER;5;20260216;133000;311.83;311.88;311.8;311.86;86925
SBER;5;20260216;133500;311.85;311.89;311.56;311.75;180505
SBER;5;20260216;134000;311.75;311.8;311.5;311.55;268841
SBER;5;20260216;134500;311.55;311.64;311.55;311.56;131925
SBER;5;20260216;135000;311.57;311.69;311.5;311.53;226025
SBER;5;20260216;135500;311.53;312;311.52;311.9;360374
SBER;5;20260216;140000;311.9;312.03;311.8;312.03;877500
SBER;5;20260216;140500;312.01;312.05;311.82;311.93;261397
SBER;5;20260216;141000;311.92;311.93;311.33;311.34;338852
SBER;5;20260216;141500;311.33;311.34;310.7;310.92;687632
SBER;5;20260216;142000;310.92;310.97;310.63;310.63;206085
SBER;5;20260216;142500;310.68;310.69;310.29;310.58;456978
SBER;5;20260216;143000;310.58;310.72;310.52;310.59;212322
SBER;5;20260216;143500;310.6;310.86;310.59;310.72;239194
SBER;5;20260216;144000;310.72;310.8;310.66;310.8;83031
SBER;5;20260216;144500;310.8;310.8;310.59;310.62;103665
SBER;5;20260216;145000;310.66;310.86;310.59;310.79;125883
SBER;5;20260216;145500;310.79;310.83;310.57;310.6;104376
SBER;5;20260216;150000;310.61;310.69;310.58;310.63;117631
SBER;5;20260216;150500;310.63;310.69;310.59;310.61;75118
SBER;5;20260216;151000;310.61;310.78;310.59;310.71;69357
SBER;5;20260216;151500;310.71;310.78;310.7;310.76;50936
SBER;5;20260216;152000;310.76;311.01;310.7;311.01;167841
SBER;5;20260216;152500;311.01;311.11;310.96;311.07;191010
SBER;5;20260216;153000;311.07;311.25;311.06;311.07;233630
SBER;5;20260216;153500;311.09;311.1;311.06;311.09;121537
SBER;5;20260216;154000;311.09;311.1;310.85;310.86;215135
SBER;5;20260216;154500;310.86;311.16;310.86;311.13;140555
SBER;5;20260216;155000;311.15;311.41;311;311.4;154288
SBER;5;20260216;155500;311.39;311.49;311.27;311.41;217828
SBER;5;20260216;160000;311.41;311.55;311.36;311.43;134101
SBER;5;20260216;160500;311.43;311.45;311.3;311.34;111994
SBER;5;20260216;161000;311.32;311.37;311.04;311.2;295197
SBER;5;20260216;161500;311.2;311.3;311.2;311.26;61934
SBER;5;20260216;162000;311.23;311.29;311.19;311.19;79441
SBER;5;20260216;162500;311.19;311.2;311.05;311.07;78518
SBER;5;20260216;163000;311.06;311.32;310.93;311.26;82745
SBER;5;20260216;163500;311.24;311.43;311.16;311.35;172100
SBER;5;20260216;164000;311.35;311.52;311.1;311.1;228433
SBER;5;20260216;164500;311.12;311.5;311.11;311.2;140832
SBER;5;20260216;165000;311.2;311.3;311.11;311.26;55812
SBER;5;20260216;165500;311.23;311.38;311.04;311.1;93248
SBER;5;20260216;170000;311.08;311.2;311;311.11;67909
SBER;5;20260216;170500;311.1;311.1;310.85;310.88;110614
SBER;5;20260216;171000;310.85;311.06;310.83;310.93;134707
SBER;5;20260216;171500;310.89;310.96;310.75;310.84;172879
SBER;5;20260216;172000;310.84;310.88;310.78;310.78;52847
SBER;5;20260216;172500;310.8;310.85;310.76;310.78;91531
SBER;5;20260216;173000;310.78;310.85;310.7;310.71;104538
SBER;5;20260216;173500;310.74;310.77;310.21;310.28;377409
SBER;5;20260216;174000;310.28;310.47;310.2;310.4;231539
SBER;5;20260216;174500;310.4;310.48;310.3;310.37;122091
SBER;5;20260216;175000;310.37;310.44;310.3;310.34;103552
SBER;5;20260216;175500;310.37;310.63;310.33;310.57;103423
SBER;5;20260216;180000;310.57;310.57;310.4;310.42;74664
SBER;5;20260216;180500;310.4;310.75;310.4;310.75;187639
SBER;5;20260216;181000;310.74;311;310.74;310.96;180186
SBER;5;20260216;181500;310.98;311.1;310.89;311.01;335123
SBER;5;20260216;182000;311.02;311.04;310.9;310.99;145721
SBER;5;20260216;182500;310.99;311;310.8;310.86;174777
SBER;5;20260216;183000;310.88;310.95;310.78;310.93;140896
SBER;5;20260216;183500;310.93;310.96;310.76;310.95;139131
SBER;5;20260216;184500;310.94;310.94;310.94;310.94;25289
SBER;5;20260216;190000;310.93;310.99;310.8;310.99;23179
SBER;5;20260216;190500;310.96;310.99;310.61;310.63;76565
SBER;5;20260216;191000;310.63;310.99;310.6;310.95;48792
SBER;5;20260216;191500;310.95;311;310.85;310.87;49857
SBER;5;20260216;192000;310.86;311;310.86;310.98;72581
SBER;5;20260216;192500;310.98;311.02;310.95;311.02;66677
SBER;5;20260216;193000;311.02;311.22;311.01;311.07;79259
SBER;5;20260216;193500;311.08;311.13;310.99;311.08;40694
SBER;5;20260216;194000;311.08;311.27;311.07;311.21;104753
SBER;5;20260216;194500;311.21;311.27;311.18;311.23;19509
SBER;5;20260216;195000;311.23;311.27;311.08;311.13;58312
SBER;5;20260216;195500;311.13;311.13;310.91;311.03;103555
SBER;5;20260216;200000;311.03;311.03;310.75;310.88;84489
SBER;5;20260216;200500;310.89;310.9;310.83;310.87;14985
SBER;5;20260216;201000;310.88;310.89;310.85;310.88;7237
SBER;5;20260216;201500;310.88;310.91;310.85;310.91;19644
SBER;5;20260216;202000;310.91;310.95;310.82;310.93;33025
SBER;5;20260216;202500;310.92;311.07;310.9;310.92;53378
SBER;5;20260216;203000;310.92;310.96;310.89;310.92;17032
SBER;5;20260216;203500;310.96;311.04;310.9;311.01;35534
SBER;5;20260216;204000;311.01;311.12;310.97;311.12;36972
SBER;5;20260216;204500;311.09;311.17;311.07;311.13;43678
SBER;5;20260216;205000;311.13;311.16;311.04;311.12;15040
SBER;5;20260216;205500;311.12;311.15;311.09;311.14;15146
SBER;5;20260216;210000;311.11;311.14;310.91;310.95;32219
SBER;5;20260216;210500;310.94;310.94;310.63;310.65;111704
SBER;5;20260216;211000;310.65;310.83;310.64;310.8;10845
SBER;5;20260216;211500;310.81;310.87;310.75;310.8;8417
SBER;5;20260216;212000;310.79;310.8;310.66;310.69;13632
SBER;5;20260216;212500;310.7;310.84;310.68;310.84;13160
SBER;5;20260216;213000;310.83;310.87;310.46;310.54;106030
SBER;5;20260216;213500;310.54;310.58;310.35;310.5;206449
SBER;5;20260216;214000;310.48;310.62;310.48;310.6;20877
SBER;5;20260216;214500;310.6;310.62;310.49;310.5;41679
SBER;5;20260216;215000;310.51;310.55;310.49;310.54;9406
SBER;5;20260216;215500;310.54;310.71;310.53;310.69;48170
SBER;5;20260216;220000;310.71;310.71;310.59;310.59;31809
SBER;5;20260216;220500;310.6;310.63;310.54;310.6;42223
SBER;5;20260216;221000;310.6;310.63;310.58;310.6;25462
SBER;5;20260216;221500;310.6;310.79;310.57;310.76;83636
SBER;5;20260216;222000;310.76;310.79;310.68;310.75;15062
SBER;5;20260216;222500;310.74;310.8;310.69;310.8;24678
SBER;5;20260216;223000;310.79;310.8;310.73;310.8;14095
SBER;5;20260216;223500;310.8;310.88;310.8;310.85;30870
SBER;5;20260216;224000;310.86;310.88;310.8;310.85;30688
SBER;5;20260216;224500;310.85;310.98;310.83;310.95;36380
SBER;5;20260216;225000;310.95;311;310.86;310.93;33345
SBER;5;20260216;225500;310.94;310.97;310.89;310.96;6924
SBER;5;20260216;230000;310.96;311.02;310.95;311.01;9857
SBER;5;20260216;230500;311.01;311.07;310.95;311.03;14702
SBER;5;20260216;231000;311.02;311.06;311.02;311.06;11437
SBER;5;20260216;231500;311.06;311.14;310.98;311;67045
SBER;5;20260216;232000;311;311.06;310.86;310.91;35628
SBER;5;20260216;232500;310.89;310.94;310.68;310.78;99015
SBER;5;20260216;233000;310.81;310.81;310.62;310.72;34886
SBER;5;20260216;233500;310.74;310.86;310.61;310.86;35566
SBER;5;20260216;234000;310.81;311;310.75;310.75;32939
SBER;5;20260216;234500;310.74;311;310.59;311;86344
SBER;5;20260217;070000;311.41;312;311.4;311.77;310974
SBER;5;20260217;070500;311.74;311.75;311.61;311.68;63827
SBER;5;20260217;071000;311.68;311.7;311.56;311.57;33988
SBER;5;20260217;071500;311.57;311.65;311.32;311.64;41499
SBER;5;20260217;072000;311.65;311.78;311.63;311.77;67834
SBER;5;20260217;072500;311.77;311.77;311.55;311.61;30874
SBER;5;20260217;073000;311.61;311.65;311.09;311.19;54183
SBER;5;20260217;073500;311.19;311.2;311.01;311.04;37763
SBER;5;20260217;074000;311.04;311.25;311.02;311.04;59077
SBER;5;20260217;074500;311.03;311.32;311.02;311.32;7707
SBER;5;20260217;075000;311.32;311.57;311.3;311.54;31882
SBER;5;20260217;075500;311.54;311.54;311.36;311.45;13866
SBER;5;20260217;080000;311.45;311.55;311.36;311.5;34249
SBER;5;20260217;080500;311.46;311.5;311.4;311.49;10323
SBER;5;20260217;081000;311.49;311.5;311.18;311.31;67144
SBER;5;20260217;081500;311.36;311.36;311.28;311.31;17288
SBER;5;20260217;082000;311.3;311.4;311.13;311.13;50339
SBER;5;20260217;082500;311.19;311.19;311.03;311.19;49643
SBER;5;20260217;083000;311.25;311.4;311.23;311.38;21628
SBER;5;20260217;083500;311.3;311.37;311.29;311.3;15790
SBER;5;20260217;084000;311.3;311.33;311.16;311.26;23791
SBER;5;20260217;084500;311.26;311.39;311.25;311.38;33079
SBER;5;20260217;085000;311.32;311.48;311.09;311.44;127697
SBER;5;20260217;085500;311.42;311.64;311.42;311.54;134725
SBER;5;20260217;090000;311.54;311.54;311;311;182648
SBER;5;20260217;090500;311.01;311.28;311;311.28;52847
SBER;5;20260217;091000;311.28;311.3;311.14;311.3;46186
SBER;5;20260217;091500;311.29;311.32;311.18;311.25;40547
SBER;5;20260217;092000;311.24;311.3;311.15;311.23;26424
SBER;5;20260217;092500;311.21;311.3;311.2;311.2;33751
SBER;5;20260217;093000;311.21;311.26;311.18;311.19;22261
SBER;5;20260217;093500;311.22;311.24;311.2;311.21;19930
SBER;5;20260217;094000;311.24;311.27;311.12;311.21;34291
SBER;5;20260217;094500;311.21;311.29;311.19;311.29;23202
SBER;5;20260217;095000;311.29;311.4;311.28;311.38;49008
SBER;5;20260217;095500;311.39;311.47;311.3;311.31;75748
SBER;5;20260217;100000;311.3;311.5;311.25;311.49;259981
SBER;5;20260217;100500;311.5;311.63;311.42;311.43;61292
SBER;5;20260217;101000;311.43;311.6;311.41;311.55;71468
SBER;5;20260217;101500;311.5;311.55;311.36;311.44;75814
SBER;5;20260217;102000;311.42;311.64;311.42;311.63;129260
SBER;5;20260217;102500;311.64;311.79;311.46;311.48;328278
SBER;5;20260217;103000;311.51;311.57;311.04;311.11;268189
SBER;5;20260217;103500;311.11;311.25;311.11;311.21;142520
SBER;5;20260217;104000;311.21;311.37;311.19;311.2;150737
SBER;5;20260217;104500;311.21;311.22;311.15;311.21;64745
SBER;5;20260217;105000;311.21;311.23;311.11;311.19;57289
SBER;5;20260217;105500;311.19;311.19;310.62;311.06;377096
SBER;5;20260217;110000;311.07;311.07;310.69;310.77;160524
SBER;5;20260217;110500;310.75;310.8;310.62;310.63;220794
SBER;5;20260217;111000;310.63;310.65;310.21;310.28;404912
SBER;5;20260217;111500;310.28;310.28;310;310.21;832032
SBER;5;20260217;112000;310.22;310.48;310.06;310.47;204702
SBER;5;20260217;112500;310.48;310.55;310.3;310.48;108718
SBER;5;20260217;113000;310.43;310.59;310.43;310.51;68557
SBER;5;20260217;113500;310.51;310.53;310.42;310.47;64458
SBER;5;20260217;114000;310.47;310.5;310.09;310.22;215863
SBER;5;20260217;114500;310.23;310.28;310;310.06;361284
SBER;5;20260217;115000;310.06;310.33;310.03;310.28;87920
SBER;5;20260217;115500;310.27;310.4;310.11;310.18;72447
SBER;5;20260217;120000;310.19;310.28;310.12;310.28;118890
SBER;5;20260217;120500;310.28;310.34;310.14;310.28;232600
SBER;5;20260217;121000;310.27;310.5;310.27;310.5;55189
SBER;5;20260217;121500;310.49;310.63;310.42;310.58;108390
SBER;5;20260217;122000;310.57;310.69;310.51;310.61;102611
SBER;5;20260217;122500;310.61;310.85;310.59;310.82;149386
SBER;5;20260217;123000;310.78;310.87;310.55;310.62;322902
SBER;5;20260217;123500;310.62;310.77;310.62;310.72;58652
SBER;5;20260217;124000;310.73;310.75;310.65;310.65;40877
SBER;5;20260217;124500;310.66;310.71;310.6;310.62;75486
SBER;5;20260217;125000;310.62;310.68;310.6;310.67;25377
SBER;5;20260217;125500;310.67;310.71;310.55;310.57;204785
SBER;5;20260217;130000;310.57;310.66;310.55;310.59;46057
SBER;5;20260217;130500;310.59;310.74;310.58;310.69;61504
SBER;5;20260217;131000;310.66;310.72;310.61;310.7;32247
SBER;5;20260217;131500;310.7;310.75;310.67;310.69;43660
SBER;5;20260217;132000;310.68;310.84;310.67;310.8;111923
SBER;5;20260217;132500;310.82;310.84;310.76;310.84;70722
SBER;5;20260217;133000;310.83;310.83;310.7;310.71;93200
SBER;5;20260217;133500;310.7;310.71;310.67;310.68;108628
SBER;5;20260217;134000;310.69;311.06;310.65;310.96;262794
SBER;5;20260217;134500;310.96;310.99;310.82;310.98;85921
SBER;5;20260217;135000;310.98;311;310.72;310.85;84390
SBER;5;20260217;135500;310.86;310.98;310.79;310.9;28284
SBER;5;20260217;140000;310.93;310.98;310.88;310.94;16770
SBER;5;20260217;140500;310.94;310.99;310.88;310.95;27732
SBER;5;20260217;141000;310.95;310.95;310.68;310.76;75550
SBER;5;20260217;141500;310.75;310.84;310.64;310.79;21274
SBER;5;20260217;142000;310.79;310.8;310.71;310.76;24211
SBER;5;20260217;142500;310.77;310.79;310.61;310.74;56000
SBER;5;20260217;143000;310.74;310.78;310.6;310.64;35091
SBER;5;20260217;143500;310.65;310.79;310.64;310.78;31102
SBER;5;20260217;144000;310.78;310.78;310.68;310.77;17129
SBER;5;20260217;144500;310.77;310.97;310.76;310.95;94943
SBER;5;20260217;145000;310.95;310.97;310.76;310.77;88328
SBER;5;20260217;145500;310.76;310.78;310.66;310.67;73513
SBER;5;20260217;150000;310.66;310.67;310.6;310.62;88422
SBER;5;20260217;150500;310.63;310.66;310.6;310.65;40268
SBER;5;20260217;151000;310.66;310.66;310.63;310.64;31982
SBER;5;20260217;151500;310.64;310.66;310.6;310.6;133611
SBER;5;20260217;152000;310.6;310.66;310.18;310.18;402835
SBER;5;20260217;152500;310.19;310.35;310.04;310.34;70358
SBER;5;20260217;153000;310.34;310.35;310;310.16;215749
SBER;5;20260217;153500;310.16;310.16;310.09;310.11;61587
SBER;5;20260217;154000;310.11;310.16;310.1;310.16;93411
SBER;5;20260217;154500;310.15;310.33;310.15;310.31;52661
SBER;5;20260217;155000;310.31;310.34;310.16;310.3;60320
SBER;5;20260217;155500;310.3;310.32;309;309.44;1419191
SBER;5;20260217;160000;309.44;309.77;309.27;309.77;446924
SBER;5;20260217;160500;309.76;309.89;309.63;309.88;168316
SBER;5;20260217;161000;309.89;309.9;309.57;309.62;122200
SBER;5;20260217;161500;309.62;309.62;309.33;309.45;127902
SBER;5;20260217;162000;309.46;309.79;309.45;309.61;82456
SBER;5;20260217;162500;309.6;309.64;308.86;309.34;533729
SBER;5;20260217;163000;309.35;309.57;309.3;309.54;67921
SBER;5;20260217;163500;309.54;309.66;309.44;309.64;108448
SBER;5;20260217;164000;309.65;309.67;309.25;309.39;140887
SBER;5;20260217;164500;309.4;309.59;309.21;309.55;236080
SBER;5;20260217;165000;309.55;309.83;309.51;309.75;199802
SBER;5;20260217;165500;309.73;309.92;309.72;309.78;75483
SBER;5;20260217;170000;309.82;310.11;309.78;310.04;155198
SBER;5;20260217;170500;310.02;310.06;309.85;309.91;123547
SBER;5;20260217;171000;309.91;310.06;309.91;310.05;78225
SBER;5;20260217;171500;310.04;310.15;309.91;310.14;95136
SBER;5;20260217;172000;310.15;310.19;309.8;309.84;160491
SBER;5;20260217;172500;309.84;310.13;309.84;310;60363
SBER;5;20260217;173000;310;310.26;310;310.14;95820
SBER;5;20260217;173500;310.15;310.27;310.08;310.16;32028
SBER;5;20260217;174000;310.16;310.2;310.15;310.16;26181
SBER;5;20260217;174500;310.15;310.2;310.14;310.18;78586
SBER;5;20260217;175000;310.18;310.2;309.95;310.02;496506
SBER;5;20260217;175500;310.01;310.02;309.81;309.94;107490
SBER;5;20260217;180000;309.98;310.09;309.65;309.74;865952
SBER;5;20260217;180500;309.73;310.06;309.66;310.05;176930
SBER;5;20260217;181000;310.06;310.26;310.04;310.15;192834
SBER;5;20260217;181500;310.14;310.2;310.01;310.06;159946
SBER;5;20260217;182000;310.08;310.35;310.05;310.31;410791
SBER;5;20260217;182500;310.31;310.31;310.14;310.15;143095
SBER;5;20260217;183000;310.15;310.24;309.96;309.97;113193
SBER;5;20260217;183500;309.97;309.97;309.46;309.56;198346
SBER;5;20260217;184500;309.57;309.57;309.57;309.57;22330
SBER;5;20260217;190000;309.58;310;309.57;309.89;42824
SBER;5;20260217;190500;309.89;309.89;309.59;309.65;35090
SBER;5;20260217;191000;309.63;309.76;309.58;309.69;28264
SBER;5;20260217;191500;309.69;309.78;309.66;309.77;12662
SBER;5;20260217;192000;309.78;309.96;309.77;309.96;37208
SBER;5;20260217;192500;309.96;310.02;309.95;309.99;20230
SBER;5;20260217;193000;310;310;309.84;309.93;91569
SBER;5;20260217;193500;309.94;309.98;309.87;309.96;9135
SBER;5;20260217;194000;309.96;310.05;309.95;310.05;19215
SBER;5;20260217;194500;310.04;310.06;310.04;310.05;14712
SBER;5;20260217;195000;310.04;310.05;310.04;310.04;6831
SBER;5;20260217;195500;310.05;310.05;309.98;310;18185
SBER;5;20260217;200000;309.99;310;309.92;309.95;27421
SBER;5;20260217;200500;309.95;310.05;309.93;310.02;14539
SBER;5;20260217;201000;310.04;310.5;310.02;310.36;108989
SBER;5;20260217;201500;310.38;310.44;310.27;310.28;32811
SBER;5;20260217;202000;310.27;310.92;310.27;310.74;376754
SBER;5;20260217;202500;310.77;310.8;310.6;310.68;222597
SBER;5;20260217;203000;310.68;310.79;310.65;310.66;26019
SBER;5;20260217;203500;310.67;310.77;310.6;310.67;164213
SBER;5;20260217;204000;310.66;310.67;310.61;310.62;20311
SBER;5;20260217;204500;310.61;310.67;310.6;310.67;24025
SBER;5;20260217;205000;310.65;310.67;310.26;310.28;193682
SBER;5;20260217;205500;310.27;310.43;310.26;310.41;17951
SBER;5;20260217;210000;310.43;310.47;310.42;310.44;11717
SBER;5;20260217;210500;310.44;310.77;310.43;310.76;64410
SBER;5;20260217;211000;310.75;310.75;310.69;310.72;59027
SBER;5;20260217;211500;310.72;310.8;310.5;310.5;27040
SBER;5;20260217;212000;310.51;310.88;310.5;310.75;38997
SBER;5;20260217;212500;310.76;310.82;310.75;310.81;11448
SBER;5;20260217;213000;310.8;310.87;310.8;310.87;27780
SBER;5;20260217;213500;310.87;310.89;310.81;310.83;35870
SBER;5;20260217;214000;310.84;310.85;310.31;310.32;103046
SBER;5;20260217;214500;310.33;310.77;310.27;310.75;40174
SBER;5;20260217;215000;310.74;310.84;310.68;310.79;23329
SBER;5;20260217;215500;310.79;310.88;310.79;310.81;21058
SBER;5;20260217;220000;310.8;310.81;310.7;310.7;24888
SBER;5;20260217;220500;310.71;310.74;310.6;310.63;14906
SBER;5;20260217;221000;310.63;310.8;310.58;310.79;38225
SBER;5;20260217;221500;310.79;310.81;310.64;310.65;19804
SBER;5;20260217;222000;310.66;310.68;310.51;310.6;17831
SBER;5;20260217;222500;310.61;310.62;310.51;310.56;8877
SBER;5;20260217;223000;310.54;310.56;310.52;310.54;3240
SBER;5;20260217;223500;310.55;310.55;310.49;310.53;18671
SBER;5;20260217;224000;310.53;310.6;310.51;310.55;22937
SBER;5;20260217;224500;310.6;310.61;310.52;310.54;10257
SBER;5;20260217;225000;310.57;310.58;310.45;310.51;26268
SBER;5;20260217;225500;310.5;310.52;310.44;310.48;30976
SBER;5;20260217;230000;310.47;310.55;310.46;310.47;11018
SBER;5;20260217;230500;310.47;310.54;310.46;310.52;6365
SBER;5;20260217;231000;310.52;310.58;310.5;310.57;13495
SBER;5;20260217;231500;310.57;310.57;310.54;310.55;2672
SBER;5;20260217;232000;310.55;310.63;310.45;310.6;23850
SBER;5;20260217;232500;310.6;310.72;310.6;310.68;27371
SBER;5;20260217;233000;310.68;310.68;310.44;310.45;31050
SBER;5;20260217;233500;310.45;310.45;310.2;310.33;99844
SBER;5;20260217;234000;310.33;310.48;310.2;310.36;67315
SBER;5;20260217;234500;310.4;310.77;310.22;310.77;50864
SBER;5;20260218;070000;310.5;310.94;310.23;310.66;60354
SBER;5;20260218;070500;310.66;310.66;309.76;309.91;135261
SBER;5;20260218;071000;309.91;310.03;309.68;310;78897
SBER;5;20260218;071500;310.03;310.03;309.93;310;37296
SBER;5;20260218;072000;310;310;309.71;309.71;32373
SBER;5;20260218;072500;309.72;309.82;309.54;309.78;62009
SBER;5;20260218;073000;309.78;310.1;309.78;310.1;95360
SBER;5;20260218;073500;310.07;310.22;310.07;310.17;17092
SBER;5;20260218;074000;310.17;310.18;310.15;310.16;33233
SBER;5;20260218;074500;310.15;310.17;310.03;310.16;59127
SBER;5;20260218;075000;310.17;310.31;310.16;310.31;28883
SBER;5;20260218;075500;310.3;310.51;310.25;310.25;65850
SBER;5;20260218;080000;310.25;310.25;309.8;310;105674
SBER;5;20260218;080500;310;310.03;309.76;309.85;9510
SBER;5;20260218;081000;309.84;309.98;309.7;309.95;33794
SBER;5;20260218;081500;309.95;310.08;309.85;310.03;12009
SBER;5;20260218;082000;310.04;310.1;309.85;309.87;15257
SBER;5;20260218;082500;309.87;310;309.87;309.88;63397
SBER;5;20260218;083000;309.89;309.9;309.88;309.9;6887
SBER;5;20260218;083500;309.9;309.9;309.88;309.88;35859
SBER;5;20260218;084000;309.9;310.15;309.88;310.06;27965
SBER;5;20260218;084500;310.05;310.09;309.9;309.95;5343
SBER;5;20260218;085000;309.91;309.91;309.88;309.88;15919
SBER;5;20260218;085500;309.9;309.92;309.88;309.9;30079
SBER;5;20260218;090000;309.92;310.05;309.92;310.03;25006
SBER;5;20260218;090500;310.03;310.26;310;310.25;15819
SBER;5;20260218;091000;310.26;310.26;310.01;310.19;76032
SBER;5;20260218;091500;310.19;310.22;310.01;310.01;17767
SBER;5;20260218;092000;310.01;310.02;309.85;309.86;52765
SBER;5;20260218;092500;309.87;310;309.85;310;20310
SBER;5;20260218;093000;309.99;310;309.88;309.95;11611
SBER;5;20260218;093500;309.94;309.96;309.88;309.88;13382
SBER;5;20260218;094000;309.89;309.93;309.85;309.92;93081
SBER;5;20260218;094500;309.93;309.98;309.85;309.98;19354
SBER;5;20260218;095000;309.97;310.11;309.97;310.01;25453
SBER;5;20260218;095500;310.04;310.05;309.81;309.91;75193
SBER;5;20260218;100000;309.9;310.05;309.81;309.83;115516
SBER;5;20260218;100500;309.82;310.52;309.82;310.34;185532
SBER;5;20260218;101000;310.34;310.37;310.12;310.14;47383
SBER;5;20260218;101500;310.14;310.14;309.93;309.93;56342
SBER;5;20260218;102000;309.93;310.14;309.93;309.99;85521
SBER;5;20260218;102500;309.99;310.3;309.98;310.24;96412
SBER;5;20260218;103000;310.25;310.39;310.23;310.39;67874
SBER;5;20260218;103500;310.38;310.6;310.29;310.56;193901
SBER;5;20260218;104000;310.56;310.6;310.36;310.46;95219
SBER;5;20260218;104500;310.46;310.65;310.46;310.62;40992
SBER;5;20260218;105000;310.62;311.69;310.57;311.62;1070449
SBER;5;20260218;105500;311.62;313;311.55;312.74;2850354
SBER;5;20260218;110000;312.75;313.12;312.27;312.49;1514375
SBER;5;20260218;110500;312.49;312.69;312.14;312.69;1025326
SBER;5;20260218;111000;312.69;313.33;312.43;313.06;1225945
SBER;5;20260218;111500;313.05;313.34;313;313.13;564280
SBER;5;20260218;112000;313.12;313.5;313.06;313.19;616261
SBER;5;20260218;112500;313.17;313.21;313;313.16;660884
SBER;5;20260218;113000;313.15;313.18;312.8;312.88;456350
SBER;5;20260218;113500;312.88;313;312.8;312.82;249382
SBER;5;20260218;114000;312.82;312.99;312.8;312.82;257373
SBER;5;20260218;114500;312.82;313;312.65;312.71;322893
SBER;5;20260218;115000;312.71;312.74;312.29;312.4;280738
SBER;5;20260218;115500;312.41;312.56;312.29;312.5;169083
SBER;5;20260218;120000;312.5;312.52;312.45;312.47;48245
SBER;5;20260218;120500;312.47;312.47;312.34;312.34;74048
SBER;5;20260218;121000;312.35;312.61;312.27;312.59;233931
SBER;5;20260218;121500;312.6;312.65;312.59;312.64;213261
SBER;5;20260218;122000;312.64;312.65;312.25;312.26;139501
SBER;5;20260218;122500;312.27;312.27;312.01;312.16;357689
SBER;5;20260218;123000;312.16;312.3;312.06;312.29;116959
SBER;5;20260218;123500;312.3;312.45;312.07;312.24;228913
SBER;5;20260218;124000;312.24;312.74;312.16;312.74;224547
SBER;5;20260218;124500;312.74;312.74;312.37;312.65;444157
SBER;5;20260218;125000;312.65;312.85;311.52;312.07;944161
SBER;5;20260218;125500;312.04;312.24;311.68;311.73;484797
SBER;5;20260218;130000;311.75;312;311.65;311.75;255329
SBER;5;20260218;130500;311.76;311.83;311.42;311.79;282238
SBER;5;20260218;131000;311.79;312;311.78;311.9;208362
SBER;5;20260218;131500;311.9;312;311.89;311.95;221249
SBER;5;20260218;132000;311.95;312;311.89;311.98;198196
SBER;5;20260218;132500;311.97;311.97;311.66;311.84;130726
SBER;5;20260218;133000;311.84;312.29;311.72;312.23;337644
SBER;5;20260218;133500;312.23;312.26;311.51;311.52;631242
SBER;5;20260218;134000;311.5;311.52;311.11;311.28;368916
SBER;5;20260218;134500;311.29;312.13;311.28;312.05;226440
SBER;5;20260218;135000;312.05;312.38;312.04;312.33;187229
SBER;5;20260218;135500;312.33;312.75;312.24;312.51;258363
SBER;5;20260218;140000;312.51;312.54;312;312.12;105400
SBER;5;20260218;140500;312.12;312.53;312.1;312.53;98416
SBER;5;20260218;141000;312.53;312.53;312.41;312.48;75597
SBER;5;20260218;141500;312.44;312.5;312.33;312.39;98076
SBER;5;20260218;142000;312.4;312.5;312.35;312.5;131771
SBER;5;20260218;142500;312.5;312.7;312.22;312.31;310433
SBER;5;20260218;143000;312.32;312.52;312.01;312.52;184122
SBER;5;20260218;143500;312.51;312.64;312.51;312.56;95677
SBER;5;20260218;144000;312.56;312.56;312.14;312.2;87511
SBER;5;20260218;144500;312.19;312.27;312.07;312.13;129486
SBER;5;20260218;145000;312.12;312.13;311.98;312;150852
SBER;5;20260218;145500;312;312;311.99;312;126904
SBER;5;20260218;150000;311.99;312.57;311.93;312.57;198550
SBER;5;20260218;150500;312.55;312.9;312.41;312.85;349829
SBER;5;20260218;151000;312.84;312.9;312.75;312.86;550780
SBER;5;20260218;151500;312.85;312.94;312.85;312.92;597712
SBER;5;20260218;152000;312.94;312.94;312.9;312.91;207542
SBER;5;20260218;152500;312.9;312.91;312.37;312.68;203280
SBER;5;20260218;153000;312.68;312.88;312.62;312.88;60118
SBER;5;20260218;153500;312.88;312.89;312.62;312.84;79406
SBER;5;20260218;154000;312.83;312.9;312.65;312.66;86369
SBER;5;20260218;154500;312.65;312.82;312.57;312.79;47095
SBER;5;20260218;155000;312.79;312.86;312.72;312.79;85203
SBER;5;20260218;155500;312.79;312.79;312.57;312.78;81178
SBER;5;20260218;160000;312.79;312.88;312.72;312.75;71744
SBER;5;20260218;160500;312.75;312.77;312.6;312.72;74313
SBER;5;20260218;161000;312.72;312.85;312.72;312.81;47225
SBER;5;20260218;161500;312.76;312.9;312.76;312.88;84661
SBER;5;20260218;162000;312.87;312.88;312.73;312.74;70010
SBER;5;20260218;162500;312.74;312.74;312.44;312.67;145448
SBER;5;20260218;163000;312.67;312.94;312.67;312.9;277975
SBER;5;20260218;163500;312.92;312.94;312.87;312.94;89086
SBER;5;20260218;164000;312.94;312.94;312.92;312.94;48086
SBER;5;20260218;164500;312.93;312.94;312.91;312.94;69263
SBER;5;20260218;165000;312.94;312.95;312.85;312.86;80181
SBER;5;20260218;165500;312.85;312.96;312.85;312.96;86366
SBER;5;20260218;170000;312.95;313;312.85;312.99;264647
SBER;5;20260218;170500;312.99;312.99;312.93;312.98;94955
SBER;5;20260218;171000;312.95;313.26;312.95;313.25;543968
SBER;5;20260218;171500;313.26;313.29;313.15;313.23;134401
SBER;5;20260218;172000;313.24;313.25;313.15;313.17;87708
SBER;5;20260218;172500;313.18;313.2;312.83;312.98;442135
SBER;5;20260218;173000;312.98;313.15;312.95;313.02;213264
SBER;5;20260218;173500;313.01;313.04;312.86;312.86;110601
SBER;5;20260218;174000;312.85;313.06;312.8;312.98;162833
SBER;5;20260218;174500;312.99;313.16;312.95;313.14;88564
SBER;5;20260218;175000;313.14;313.25;313.11;313.2;162150
SBER;5;20260218;175500;313.19;313.28;313.14;313.21;126419
SBER;5;20260218;180000;313.21;313.38;313.21;313.38;480521
SBER;5;20260218;180500;313.38;313.7;313.38;313.69;628608
SBER;5;20260218;181000;313.69;313.84;313.61;313.8;333613
SBER;5;20260218;181500;313.81;313.85;313.57;313.8;275257
SBER;5;20260218;182000;313.8;313.96;313.78;313.95;699777
SBER;5;20260218;182500;313.95;313.96;313.8;313.9;448702
SBER;5;20260218;183000;313.9;313.93;313.72;313.75;202741
SBER;5;20260218;183500;313.75;313.8;313.68;313.8;124104
SBER;5;20260218;184500;313.94;313.94;313.94;313.94;44361
SBER;5;20260218;190000;313.8;313.83;313.52;313.77;73210
SBER;5;20260218;190500;313.77;313.9;313.76;313.83;168801
SBER;5;20260218;191000;313.82;313.85;313.72;313.76;81149
SBER;5;20260218;191500;313.76;313.78;313.67;313.69;79215
SBER;5;20260218;192000;313.69;313.73;313.68;313.72;18055
SBER;5;20260218;192500;313.72;313.75;313.69;313.73;52512
SBER;5;20260218;193000;313.74;313.74;313.67;313.68;30600
SBER;5;20260218;193500;313.69;313.69;313.58;313.61;65892
SBER;5;20260218;194000;313.59;313.67;313.53;313.55;53119
SBER;5;20260218;194500;313.53;313.62;313.53;313.59;39275
SBER;5;20260218;195000;313.6;313.69;313.58;313.67;45131
SBER;5;20260218;195500;313.68;313.69;313.61;313.61;11650
SBER;5;20260218;200000;313.62;313.69;313.6;313.65;11440
SBER;5;20260218;200500;313.65;313.7;313.63;313.69;15032
SBER;5;20260218;201000;313.69;313.72;313.69;313.71;41025
SBER;5;20260218;201500;313.71;313.73;313.65;313.67;22234
SBER;5;20260218;202000;313.67;313.69;313.62;313.66;47387
SBER;5;20260218;202500;313.67;313.68;313.6;313.63;45728
SBER;5;20260218;203000;313.62;313.66;313.61;313.63;52701
SBER;5;20260218;203500;313.63;313.64;313.56;313.58;68440
SBER;5;20260218;204000;313.58;313.59;313.32;313.36;148145
SBER;5;20260218;204500;313.34;313.48;313.28;313.48;80647
SBER;5;20260218;205000;313.48;313.6;313.47;313.6;138165
SBER;5;20260218;205500;313.59;313.63;313.54;313.54;33954
SBER;5;20260218;210000;313.54;313.61;313.54;313.59;11776
SBER;5;20260218;210500;313.6;313.63;313.53;313.58;83815
SBER;5;20260218;211000;313.58;313.59;313.57;313.58;34693
SBER;5;20260218;211500;313.59;313.59;313.54;313.56;26986
SBER;5;20260218;212000;313.55;313.59;313.54;313.58;33511
SBER;5;20260218;212500;313.59;313.59;313.5;313.5;18494
SBER;5;20260218;213000;313.51;313.53;313.48;313.49;33092
SBER;5;20260218;213500;313.49;313.49;313.46;313.47;11674
SBER;5;20260218;214000;313.47;313.49;313.46;313.48;24132
SBER;5;20260218;214500;313.49;313.5;313.47;313.5;22252
SBER;5;20260218;215000;313.5;313.55;313.48;313.49;28950
SBER;5;20260218;215500;313.5;313.54;313.49;313.54;26811
SBER;5;20260218;220000;313.55;313.55;313.53;313.55;39066
SBER;5;20260218;220500;313.55;313.55;313.48;313.49;20203
SBER;5;20260218;221000;313.5;313.5;313.41;313.41;8659
SBER;5;20260218;221500;313.4;313.5;313.34;313.37;50950
SBER;5;20260218;222000;313.35;313.39;313.32;313.32;28906
SBER;5;20260218;222500;313.34;313.4;313.32;313.4;46641
SBER;5;20260218;223000;313.39;313.4;313.33;313.38;34671
SBER;5;20260218;223500;313.38;313.5;313.37;313.48;41724
SBER;5;20260218;224000;313.49;313.55;313.42;313.5;71252
SBER;5;20260218;224500;313.5;313.66;313.4;313.62;96390
SBER;5;20260218;225000;313.62;313.65;313.56;313.6;44530
SBER;5;20260218;225500;313.6;313.6;313.46;313.59;35583
SBER;5;20260218;230000;313.6;313.6;313.59;313.6;12621
SBER;5;20260218;230500;313.6;313.66;313.59;313.64;93818
SBER;5;20260218;231000;313.65;313.66;313.59;313.61;8967
SBER;5;20260218;231500;313.61;313.62;313.48;313.51;47349
SBER;5;20260218;232000;313.5;313.51;313.43;313.5;17941
SBER;5;20260218;232500;313.5;313.53;313.47;313.5;201036
SBER;5;20260218;233000;313.5;313.54;313.5;313.5;83537
SBER;5;20260218;233500;313.51;313.53;313.5;313.5;31282
SBER;5;20260218;234000;313.5;313.51;313.32;313.35;240027
SBER;5;20260218;234500;313.35;313.42;313.34;313.4;39793
SBER;5;20260219;070000;313.84;314;313.41;313.5;93202
SBER;5;20260219;070500;313.5;313.6;313.46;313.6;30229
SBER;5;20260219;071000;313.6;313.82;313.58;313.82;22854
SBER;5;20260219;071500;313.82;313.82;313.61;313.74;9171
SBER;5;20260219;072000;313.74;313.79;313.64;313.68;17898
SBER;5;20260219;072500;313.7;313.98;313.67;313.9;104227
SBER;5;20260219;073000;313.9;313.93;313.82;313.88;16575
SBER;5;20260219;073500;313.88;313.88;313.67;313.67;8999
SBER;5;20260219;074000;313.69;313.88;313.66;313.88;13396
SBER;5;20260219;074500;313.88;313.92;313.86;313.9;9890
SBER;5;20260219;075000;313.92;313.95;313.9;313.95;10735
SBER;5;20260219;075500;313.95;314;313.91;313.92;105977
SBER;5;20260219;080000;313.92;314;313.91;314;53684
SBER;5;20260219;080500;314;314;313.95;313.97;29690
SBER;5;20260219;081000;313.97;314.29;313.96;314.13;111616
SBER;5;20260219;081500;314.14;314.44;314.13;314.39;83606
SBER;5;20260219;082000;314.37;314.39;314.25;314.36;99281
SBER;5;20260219;082500;314.36;314.37;314.35;314.35;27173
SBER;5;20260219;083000;314.35;314.39;314.35;314.35;93524
SBER;5;20260219;083500;314.36;314.36;314.2;314.27;101004
SBER;5;20260219;084000;314.27;314.3;314.21;314.3;21806
SBER;5;20260219;084500;314.3;314.3;314.2;314.21;17128
SBER;5;20260219;085000;314.21;314.26;314.09;314.16;41834
SBER;5;20260219;085500;314.17;314.18;314.05;314.05;59792
SBER;5;20260219;090000;314.05;314.06;313.84;313.86;106893
SBER;5;20260219;090500;313.86;313.95;313.83;313.88;38272
SBER;5;20260219;091000;313.92;314.01;313.87;314;102939
SBER;5;20260219;091500;314.01;314.1;314;314.05;51145
SBER;5;20260219;092000;314.05;314.09;314;314.06;31644
SBER;5;20260219;092500;314.02;314.06;314;314.01;44133
SBER;5;20260219;093000;314.01;314.02;314;314.01;59130
SBER;5;20260219;093500;314.01;314.02;314;314.01;53820
SBER;5;20260219;094000;314.01;314.07;314;314.06;48832
SBER;5;20260219;094500;314.06;314.09;314;314.02;50187
SBER;5;20260219;095000;314.05;314.19;314;314.19;129351
SBER;5;20260219;095500;314.18;314.23;314.08;314.11;104690
SBER;5;20260219;100000;314.1;314.57;314.1;314.49;609542
SBER;5;20260219;100500;314.54;314.77;314.45;314.6;287737
SBER;5;20260219;101000;314.6;314.64;314.42;314.47;152708
SBER;5;20260219;101500;314.47;314.51;314.35;314.4;232225
SBER;5;20260219;102000;314.37;314.39;314.3;314.31;203318
SBER;5;20260219;102500;314.31;314.31;314.06;314.21;223642
SBER;5;20260219;103000;314.21;314.28;313.91;313.94;636695
SBER;5;20260219;103500;313.95;313.95;313.5;313.76;314268
SBER;5;20260219;104000;313.8;313.8;313.07;313.48;1210362
SBER;5;20260219;104500;313.47;313.79;313.36;313.4;207604
SBER;5;20260219;105000;313.4;313.92;313.39;313.67;261621
SBER;5;20260219;105500;313.68;313.86;313.54;313.8;89237
SBER;5;20260219;110000;313.8;313.91;313.66;313.78;175593
SBER;5;20260219;110500;313.78;313.79;313.63;313.71;128497
SBER;5;20260219;111000;313.7;313.92;313.66;313.87;109094
SBER;5;20260219;111500;313.86;313.93;313.72;313.91;64215
SBER;5;20260219;112000;313.92;313.96;313.8;313.96;84440
SBER;5;20260219;112500;313.96;314.11;313.94;314.03;185653
SBER;5;20260219;113000;314.03;314.08;314.02;314.03;43119
SBER;5;20260219;113500;314.02;314.03;313.57;313.65;147487
SBER;5;20260219;114000;313.66;313.94;313.65;313.9;94331
SBER;5;20260219;114500;313.9;313.91;313.75;313.91;40525
SBER;5;20260219;115000;313.91;313.92;313.82;313.91;117523
SBER;5;20260219;115500;313.91;314.1;313.89;314.06;90519
SBER;5;20260219;120000;314.06;314.28;314.03;314.26;208459
SBER;5;20260219;120500;314.26;314.27;314.17;314.19;51880
SBER;5;20260219;121000;314.19;314.2;314.12;314.18;87620
SBER;5;20260219;121500;314.17;314.25;314.17;314.25;63996
SBER;5;20260219;122000;314.25;314.28;314.2;314.28;100319
SBER;5;20260219;122500;314.28;314.28;314.2;314.21;97155
SBER;5;20260219;123000;314.21;314.21;314.1;314.11;106023
SBER;5;20260219;123500;314.11;314.12;314.04;314.05;47213
SBER;5;20260219;124000;314.05;314.05;313.59;313.62;292962
SBER;5;20260219;124500;313.62;313.79;313.46;313.47;166326
SBER;5;20260219;125000;313.47;313.5;313.3;313.45;181451
SBER;5;20260219;125500;313.46;313.49;313.44;313.46;84555
SBER;5;20260219;130000;313.47;313.5;313.45;313.5;117571
SBER;5;20260219;130500;313.5;313.83;313.47;313.73;237710
SBER;5;20260219;131000;313.73;313.83;313.6;313.62;65577
SBER;5;20260219;131500;313.6;313.8;313.52;313.67;191393
SBER;5;20260219;132000;313.68;313.84;313.62;313.63;143610
SBER;5;20260219;132500;313.63;313.63;313.5;313.5;71306
SBER;5;20260219;133000;313.52;313.55;313.27;313.35;172789
SBER;5;20260219;133500;313.37;313.39;312.62;312.77;709407
SBER;5;20260219;134000;312.77;313.03;312.61;313.03;231247
SBER;5;20260219;134500;313.03;313.12;312.85;313.1;111092
SBER;5;20260219;135000;313.11;313.38;313.1;313.38;169217
SBER;5;20260219;135500;313.38;313.41;313.22;313.22;143286
SBER;5;20260219;140000;313.21;313.38;313.14;313.33;49946
SBER;5;20260219;140500;313.36;313.4;313.27;313.37;18460
SBER;5;20260219;141000;313.37;313.41;313.34;313.38;30508
SBER;5;20260219;141500;313.38;313.59;313.37;313.44;151298
SBER;5;20260219;142000;313.45;313.56;313.36;313.38;48098
SBER;5;20260219;142500;313.37;313.38;312.83;312.98;397921
SBER;5;20260219;143000;312.97;313.17;312.94;313.15;79701
SBER;5;20260219;143500;313.15;313.34;312.98;313.34;129250
SBER;5;20260219;144000;313.34;313.34;313.14;313.17;81467
SBER;5;20260219;144500;313.17;313.26;313.13;313.16;83532
SBER;5;20260219;145000;313.16;313.17;313.01;313.13;76691
SBER;5;20260219;145500;313.13;313.19;312.94;312.95;120496
SBER;5;20260219;150000;312.94;312.95;312.62;312.67;145447
SBER;5;20260219;150500;312.68;312.68;312.4;312.5;354822
SBER;5;20260219;151000;312.5;312.68;312.49;312.68;161154
SBER;5;20260219;151500;312.68;312.68;312.66;312.68;106180
SBER;5;20260219;152000;312.68;312.7;312.54;312.6;137697
SBER;5;20260219;152500;312.6;312.75;312.5;312.75;72973
SBER;5;20260219;153000;312.75;312.95;312.72;312.92;101305
SBER;5;20260219;153500;312.92;312.95;312.84;312.91;61310
SBER;5;20260219;154000;312.9;312.94;312.62;312.7;139941
SBER;5;20260219;154500;312.69;312.81;312.5;312.66;46997
SBER;5;20260219;155000;312.66;312.95;312.33;312.89;244874
SBER;5;20260219;155500;312.89;312.95;312.89;312.92;211895
SBER;5;20260219;160000;312.92;312.95;312.73;312.95;123872
SBER;5;20260219;160500;312.95;312.95;312.88;312.9;58458
SBER;5;20260219;161000;312.89;312.9;312.39;312.65;183099
SBER;5;20260219;161500;312.64;312.8;312.63;312.69;34344
SBER;5;20260219;162000;312.69;312.69;312.52;312.55;126914
SBER;5;20260219;162500;312.55;312.55;312.5;312.5;41617
SBER;5;20260219;163000;312.52;312.52;312.41;312.46;151340
SBER;5;20260219;163500;312.46;312.46;312.43;312.43;96242
SBER;5;20260219;164000;312.44;312.5;312.43;312.5;154310
SBER;5;20260219;164500;312.5;312.8;312.49;312.76;100166
SBER;5;20260219;165000;312.77;312.8;312.7;312.79;32802
SBER;5;20260219;165500;312.78;312.97;312.78;312.97;307505
SBER;5;20260219;170000;312.97;312.97;312.8;312.88;70553
SBER;5;20260219;170500;312.88;312.9;312.67;312.73;45406
SBER;5;20260219;171000;312.74;312.97;312.73;312.97;46559
SBER;5;20260219;171500;312.96;312.97;312.94;312.97;23572
SBER;5;20260219;172000;312.97;312.97;312.83;312.93;30171
SBER;5;20260219;172500;312.93;312.94;312.68;312.76;39291
SBER;5;20260219;173000;312.76;312.78;312.51;312.62;65301
SBER;5;20260219;173500;312.63;312.7;312.59;312.68;13737
SBER;5;20260219;174000;312.7;312.83;312.61;312.69;59008
SBER;5;20260219;174500;312.7;312.97;312.67;312.96;87627
SBER;5;20260219;175000;312.95;312.97;312.94;312.96;25534
SBER;5;20260219;175500;312.97;312.97;312.9;312.91;63464
SBER;5;20260219;180000;312.91;312.97;312.9;312.91;76955
SBER;5;20260219;180500;312.91;312.97;312.81;312.94;96042
SBER;5;20260219;181000;312.94;312.97;312.92;312.95;20741
SBER;5;20260219;181500;312.95;312.96;312.92;312.94;15553
SBER;5;20260219;182000;312.94;312.94;312.8;312.92;54432
SBER;5;20260219;182500;312.93;312.95;312.92;312.95;50159
SBER;5;20260219;183000;312.94;312.99;312.94;312.99;234750
SBER;5;20260219;183500;312.98;312.99;312.9;312.96;80312
SBER;5;20260219;184500;312.96;312.96;312.96;312.96;5420
SBER;5;20260219;190000;312.96;313;312.9;312.99;15792
SBER;5;20260219;190500;312.99;313;312.85;312.88;49698
SBER;5;20260219;191000;312.88;312.96;312.87;312.92;9217
SBER;5;20260219;191500;312.9;312.95;312.89;312.93;8674
SBER;5;20260219;192000;312.93;312.99;312.9;312.95;22961
SBER;5;20260219;192500;312.97;312.97;312.7;312.72;49473
SBER;5;20260219;193000;312.72;312.8;312.7;312.77;17646
SBER;5;20260219;193500;312.77;312.85;312.77;312.81;18856
SBER;5;20260219;194000;312.81;313.09;312.8;313.06;59584
SBER;5;20260219;194500;313.07;313.19;313.06;313.09;80094
SBER;5;20260219;195000;313.1;313.27;313.06;313.26;108968
SBER;5;20260219;195500;313.27;313.39;313.26;313.38;59942
SBER;5;20260219;200000;313.38;313.46;313.27;313.43;77255
SBER;5;20260219;200500;313.42;313.58;313.42;313.58;251416
SBER;5;20260219;201000;313.58;313.63;313.43;313.57;32538
SBER;5;20260219;201500;313.56;313.56;313.43;313.44;26353
SBER;5;20260219;202000;313.43;313.44;313.16;313.31;55611
SBER;5;20260219;202500;313.31;313.39;313.21;313.24;17147
SBER;5;20260219;203000;313.25;313.31;313.24;313.29;14161
SBER;5;20260219;203500;313.29;313.29;313.19;313.2;6303
SBER;5;20260219;204000;313.2;313.2;313.08;313.11;11459
SBER;5;20260219;204500;313.1;313.26;313.09;313.24;15596
SBER;5;20260219;205000;313.25;313.28;313.04;313.17;24382
SBER;5;20260219;205500;313.18;313.19;312.98;313;42622
SBER;5;20260219;210000;312.99;313.13;312.99;313.13;25101
SBER;5;20260219;210500;313.13;313.36;313.12;313.36;95383
SBER;5;20260219;211000;313.36;313.36;313.32;313.32;12472
SBER;5;20260219;211500;313.33;313.35;313.32;313.35;4682
SBER;5;20260219;212000;313.35;313.38;313.34;313.35;7528
SBER;5;20260219;212500;313.35;313.35;313.22;313.28;8764
SBER;5;20260219;213000;313.28;313.35;313.24;313.35;13522
SBER;5;20260219;213500;313.35;313.42;313.29;313.42;15417
SBER;5;20260219;214000;313.42;313.42;313.35;313.35;2302
SBER;5;20260219;214500;313.35;313.37;313.35;313.37;17765
SBER;5;20260219;215000;313.37;313.37;313.36;313.37;4435
SBER;5;20260219;215500;313.37;313.37;313.23;313.32;7850
SBER;5;20260219;220000;313.31;313.33;313.24;313.29;11140
SBER;5;20260219;220500;313.29;313.32;313.26;313.29;29135
SBER;5;20260219;221000;313.32;313.32;313.28;313.31;8060
SBER;5;20260219;221500;313.31;313.32;313.31;313.31;3865
SBER;5;20260219;222000;313.32;313.32;313.24;313.26;8135
SBER;5;20260219;222500;313.26;313.27;313.22;313.27;4229
SBER;5;20260219;223000;313.27;313.27;313.17;313.2;13138
SBER;5;20260219;223500;313.2;313.31;313.19;313.28;30805
SBER;5;20260219;224000;313.28;313.3;313.23;313.27;11974
SBER;5;20260219;224500;313.29;313.32;313.23;313.26;23252
SBER;5;20260219;225000;313.27;313.32;313.26;313.3;7572
SBER;5;20260219;225500;313.29;313.3;313.23;313.23;7732
SBER;5;20260219;230000;313.23;313.25;313.17;313.21;7786
SBER;5;20260219;230500;313.23;313.23;313.17;313.22;3066
SBER;5;20260219;231000;313.23;313.23;313.11;313.12;34738
SBER;5;20260219;231500;313.11;313.12;313.01;313.09;45824
SBER;5;20260219;232000;313.1;313.11;313.02;313.04;13707
SBER;5;20260219;232500;313.04;313.05;313;313;38951
SBER;5;20260219;233000;313.05;313.1;312.91;313.09;46671
SBER;5;20260219;233500;313.06;313.15;312.95;313.15;11577
SBER;5;20260219;234000;313.14;313.15;312.96;313.08;45288
SBER;5;20260219;234500;313.07;313.16;312.94;313.14;61499
SBER;5;20260220;070000;313.25;313.61;313.14;313.22;36791
SBER;5;20260220;070500;313.23;313.23;312.94;313;34791
SBER;5;20260220;071000;313;313.06;312.96;312.99;8278
SBER;5;20260220;071500;312.99;313;312.94;312.94;37531
SBER;5;20260220;072000;312.94;313.2;312.94;313.1;30457
SBER;5;20260220;072500;313.1;313.27;313;313.25;21068
SBER;5;20260220;073000;313.24;313.3;313;313.13;37837
SBER;5;20260220;073500;313.13;313.23;312.94;313.2;53140
SBER;5;20260220;074000;313.19;313.19;313.04;313.15;2310
SBER;5;20260220;074500;313.14;313.22;313.14;313.2;11807
SBER;5;20260220;075000;313.15;313.21;313.14;313.2;9937
SBER;5;20260220;075500;313.2;313.21;313.14;313.2;3312
SBER;5;20260220;080000;313.2;313.22;313.08;313.22;24279
SBER;5;20260220;080500;313.22;313.23;313.16;313.21;9853
SBER;5;20260220;081000;313.21;313.21;313.16;313.21;1587
SBER;5;20260220;081500;313.21;313.21;313.18;313.18;4570
SBER;5;20260220;082000;313.21;313.23;313.18;313.19;22627
SBER;5;20260220;082500;313.23;313.23;313.15;313.17;17584
SBER;5;20260220;083000;313.16;313.17;313.15;313.17;2395
SBER;5;20260220;083500;313.17;313.17;313.05;313.11;31045
SBER;5;20260220;084000;313.11;313.11;312.94;312.94;25032
SBER;5;20260220;084500;312.94;313.04;312.94;312.98;6526
SBER;5;20260220;085000;312.98;313.07;312.95;313.06;5644
SBER;5;20260220;085500;313.06;313.06;312.98;313.05;7839
SBER;5;20260220;090000;313.05;313.25;313.01;313.24;83974
SBER;5;20260220;090500;313.25;313.26;313.24;313.25;29182
SBER;5;20260220;091000;313.25;313.4;313.24;313.27;79790
SBER;5;20260220;091500;313.27;313.42;313.26;313.35;71543
SBER;5;20260220;092000;313.35;313.42;313.33;313.34;49508
SBER;5;20260220;092500;313.34;313.34;313.03;313.12;82536
SBER;5;20260220;093000;313.13;313.28;313.13;313.24;22438
SBER;5;20260220;093500;313.24;313.3;313.21;313.28;29641
SBER;5;20260220;094000;313.27;313.42;313.23;313.42;73178
SBER;5;20260220;094500;313.42;313.45;313.37;313.41;53426
SBER;5;20260220;095000;313.41;313.49;313.4;313.49;33081
SBER;5;20260220;095500;313.49;313.8;313.45;313.63;166664
SBER;5;20260220;100000;313.61;313.78;313.54;313.76;231382
SBER;5;20260220;100500;313.75;313.76;313.51;313.54;82564
SBER;5;20260220;101000;313.54;313.58;313.45;313.46;131013
SBER;5;20260220;101500;313.45;313.72;313.37;313.51;231084
SBER;5;20260220;102000;313.51;313.59;313.43;313.59;58016
SBER;5;20260220;102500;313.58;313.79;313.57;313.79;87864
SBER;5;20260220;103000;313.79;313.91;313.79;313.85;135221
SBER;5;20260220;103500;313.85;313.85;313.8;313.81;30556
SBER;5;20260220;104000;313.8;313.85;313.8;313.81;49150
SBER;5;20260220;104500;313.8;313.85;313.8;313.81;110642
SBER;5;20260220;105000;313.82;313.82;313.44;313.5;83457
SBER;5;20260220;105500;313.5;313.53;313.37;313.4;65788
SBER;5;20260220;110000;313.4;313.65;313.4;313.59;46421
SBER;5;20260220;110500;313.59;313.69;313.57;313.58;69924
SBER;5;20260220;111000;313.64;313.72;313.58;313.69;13040
SBER;5;20260220;111500;313.69;313.77;313.69;313.72;49641
SBER;5;20260220;112000;313.72;313.81;313.66;313.71;71265
SBER;5;20260220;112500;313.71;313.89;313.7;313.79;199094
SBER;5;20260220;113000;313.79;313.9;313.78;313.8;40568
SBER;5;20260220;113500;313.8;313.82;313.79;313.8;33211
SBER;5;20260220;114000;313.82;313.83;313.8;313.82;23906
SBER;5;20260220;114500;313.82;313.87;313.81;313.85;100348
SBER;5;20260220;115000;313.85;313.87;313.71;313.72;118530
SBER;5;20260220;115500;313.71;313.72;313.4;313.4;119863
SBER;5;20260220;120000;313.41;313.61;313.23;313.26;198823
SBER;5;20260220;120500;313.27;313.45;313.12;313.37;95404
SBER;5;20260220;121000;313.36;313.37;313.08;313.14;55680
SBER;5;20260220;121500;313.13;313.45;313.12;313.18;51886
SBER;5;20260220;122000;313.2;313.35;313.18;313.34;38592
SBER;5;20260220;122500;313.34;313.51;313.29;313.45;78225
SBER;5;20260220;123000;313.41;313.48;313.4;313.45;11365
SBER;5;20260220;123500;313.45;313.54;313.44;313.54;6983
SBER;5;20260220;124000;313.54;313.68;313.48;313.48;33536
SBER;5;20260220;124500;313.49;313.66;313.17;313.26;114874
SBER;5;20260220;125000;313.26;313.31;312.52;312.68;559595
SBER;5;20260220;125500;312.68;313.03;312.6;312.83;151288
SBER;5;20260220;130000;312.83;312.86;312.12;312.37;764265
SBER;5;20260220;130500;312.38;312.71;312.31;312.7;244129
SBER;5;20260220;131000;312.72;312.97;312.55;312.87;184015
SBER;5;20260220;131500;312.88;312.88;312.6;312.63;213028
SBER;5;20260220;132000;312.63;312.85;312.62;312.76;86757
SBER;5;20260220;132500;312.77;312.91;312.74;312.87;99080
SBER;5;20260220;133000;312.85;313.37;312.79;313.09;216378
SBER;5;20260220;133500;313.06;313.09;312.8;312.9;66916
SBER;5;20260220;134000;312.9;313.5;312.85;313.45;355452
SBER;5;20260220;134500;313.45;313.63;313.38;313.44;95849
SBER;5;20260220;135000;313.43;313.5;313.3;313.3;57081
SBER;5;20260220;135500;313.31;313.39;313.1;313.15;55121
SBER;5;20260220;140000;313.15;313.24;313.07;313.19;48271
SBER;5;20260220;140500;313.14;313.33;313.01;313.33;50718
SBER;5;20260220;141000;313.33;313.33;313.23;313.26;49439
SBER;5;20260220;141500;313.25;313.26;313.18;313.23;46164
SBER;5;20260220;142000;313.23;313.26;313.18;313.26;24402
SBER;5;20260220;142500;313.25;313.6;313.22;313.5;107630
SBER;5;20260220;143000;313.53;313.7;313.51;313.62;53017
SBER;5;20260220;143500;313.62;313.7;313.55;313.64;26794
SBER;5;20260220;144000;313.64;313.64;313.49;313.59;40097
SBER;5;20260220;144500;313.59;313.61;313.49;313.56;25380
SBER;5;20260220;145000;313.55;313.72;313.55;313.7;32177
SBER;5;20260220;145500;313.7;313.75;313.61;313.67;38496
SBER;5;20260220;150000;313.67;313.99;313.66;313.99;227762
SBER;5;20260220;150500;313.99;314;313.95;314;441539
SBER;5;20260220;151000;314;314;313.99;314;602718
SBER;5;20260220;151500;313.99;314;313.85;313.85;118992
SBER;5;20260220;152000;313.86;313.88;313.74;313.75;77847
SBER;5;20260220;152500;313.74;313.96;313.73;313.9;38901
SBER;5;20260220;153000;313.9;313.99;313.88;313.92;90703
SBER;5;20260220;153500;313.92;313.98;313.86;313.97;40272
SBER;5;20260220;154000;313.98;313.99;313.97;313.97;48116
SBER;5;20260220;154500;313.96;313.99;313.95;313.99;22691
SBER;5;20260220;155000;313.99;314;313.98;314;652789
SBER;5;20260220;155500;313.99;314.29;313.99;314.26;373522
SBER;5;20260220;160000;314.26;314.44;314.25;314.35;170908
SBER;5;20260220;160500;314.35;314.49;314.17;314.45;200964
SBER;5;20260220;161000;314.47;314.56;314.45;314.56;249039
SBER;5;20260220;161500;314.56;314.59;314.38;314.45;273346
SBER;5;20260220;162000;314.45;314.55;314.43;314.52;59747
SBER;5;20260220;162500;314.52;314.52;314.41;314.47;20279
SBER;5;20260220;163000;314.47;314.48;314.14;314.2;134312
SBER;5;20260220;163500;314.2;314.25;314.2;314.24;231249
SBER;5;20260220;164000;314.24;314.24;314;314.23;151579
SBER;5;20260220;164500;314.22;314.25;314.17;314.24;48164
SBER;5;20260220;165000;314.24;314.25;314.02;314.02;78791
SBER;5;20260220;165500;314.04;314.07;314;314.07;135407
SBER;5;20260220;170000;314.06;314.07;313.99;313.99;182526
SBER;5;20260220;170500;314;314;313.95;313.99;76449
SBER;5;20260220;171000;313.98;313.99;313.98;313.98;40642
SBER;5;20260220;171500;313.98;313.99;313.97;313.99;87064
SBER;5;20260220;172000;313.98;313.99;313.95;313.99;254755
SBER;5;20260220;172500;313.99;313.99;313.96;313.99;69551
SBER;5;20260220;173000;313.99;313.99;313.94;313.98;92306
SBER;5;20260220;173500;313.98;313.99;313.95;313.97;58887
SBER;5;20260220;174000;313.96;313.99;313.95;313.99;44652
SBER;5;20260220;174500;313.99;313.99;313.98;313.99;29693
SBER;5;20260220;175000;313.98;313.99;313.74;313.82;110583
SBER;5;20260220;175500;313.83;313.85;313.82;313.85;45532
SBER;5;20260220;180000;313.85;313.85;313.67;313.73;93721
SBER;5;20260220;180500;313.73;313.75;313.6;313.65;160242
SBER;5;20260220;181000;313.65;313.65;313.55;313.62;50597
SBER;5;20260220;181500;313.63;313.65;313.58;313.61;23289
SBER;5;20260220;182000;313.61;313.66;313.56;313.61;213179
SBER;5;20260220;182500;313.57;313.7;313.49;313.5;109634
SBER;5;20260220;183000;313.5;313.57;313.45;313.51;66808
SBER;5;20260220;183500;313.51;313.57;313.5;313.51;77230
SBER;5;20260220;184500;313.52;313.52;313.52;313.52;151591
SBER;5;20260220;190000;313.53;313.84;313.51;313.78;65200
SBER;5;20260220;190500;313.78;313.9;313.6;313.77;89019
SBER;5;20260220;191000;313.77;313.8;313.71;313.73;7054
SBER;5;20260220;191500;313.73;313.83;313.7;313.71;47908
SBER;5;20260220;192000;313.71;313.72;313.63;313.65;13546
SBER;5;20260220;192500;313.7;313.7;313.5;313.51;55146
SBER;5;20260220;193000;313.51;313.6;313.5;313.59;11130
SBER;5;20260220;193500;313.6;313.62;313.54;313.62;26030
SBER;5;20260220;194000;313.61;313.68;313.61;313.65;6055
SBER;5;20260220;194500;313.65;313.69;313.63;313.69;5724
SBER;5;20260220;195000;313.69;313.7;313.68;313.7;12585
SBER;5;20260220;195500;313.7;313.7;313.69;313.7;19539
SBER;5;20260220;200000;313.7;313.8;313.69;313.78;40237
SBER;5;20260220;200500;313.79;313.8;313.73;313.8;9376
SBER;5;20260220;201000;313.8;313.8;313.77;313.8;21538
SBER;5;20260220;201500;313.8;313.8;313.69;313.7;19009
SBER;5;20260220;202000;313.7;313.7;313.45;313.53;91379
SBER;5;20260220;202500;313.5;313.53;313.49;313.51;7959
SBER;5;20260220;203000;313.51;313.51;313.49;313.51;7822
SBER;5;20260220;203500;313.51;313.6;313.47;313.59;17224
SBER;5;20260220;204000;313.6;313.61;313.53;313.57;7108
SBER;5;20260220;204500;313.57;313.6;313.57;313.57;7310
SBER;5;20260220;205000;313.58;313.58;313.55;313.55;4315
SBER;5;20260220;205500;313.55;313.57;313.53;313.56;4686
SBER;5;20260220;210000;313.55;313.58;313.47;313.48;12052
SBER;5;20260220;210500;313.53;313.55;313.47;313.5;7511
SBER;5;20260220;211000;313.5;313.5;313.47;313.47;8003
SBER;5;20260220;211500;313.47;313.48;313.44;313.48;10312
SBER;5;20260220;212000;313.46;313.48;313.46;313.47;4823
SBER;5;20260220;212500;313.47;313.47;313.44;313.45;5204
SBER;5;20260220;213000;313.45;313.48;313.44;313.46;13507
SBER;5;20260220;213500;313.46;313.48;313.45;313.48;12379
SBER;5;20260220;214000;313.47;313.49;313.45;313.48;15210
SBER;5;20260220;214500;313.49;313.78;313.46;313.65;71748
SBER;5;20260220;215000;313.65;313.72;313.64;313.69;2865
SBER;5;20260220;215500;313.7;313.7;313.69;313.69;24789
SBER;5;20260220;220000;313.7;313.73;313.65;313.7;23936
SBER;5;20260220;220500;313.7;313.8;313.67;313.76;50694
SBER;5;20260220;221000;313.77;313.79;313.75;313.77;13976
SBER;5;20260220;221500;313.78;313.8;313.77;313.8;28692
SBER;5;20260220;222000;313.8;313.81;313.76;313.81;4943
SBER;5;20260220;222500;313.81;313.84;313.76;313.78;10643
SBER;5;20260220;223000;313.81;313.97;313.78;313.9;60484
SBER;5;20260220;223500;313.89;313.9;313.82;313.85;9915
SBER;5;20260220;224000;313.84;313.97;313.84;313.9;11664
SBER;5;20260220;224500;313.89;314.02;313.89;313.99;179243
SBER;5;20260220;225000;314.01;314.01;313.96;313.97;17126
SBER;5;20260220;225500;313.99;314.02;313.97;314.02;20499
SBER;5;20260220;230000;314.02;314.04;314.01;314.03;18350
SBER;5;20260220;230500;314.03;314.04;314.01;314.02;11285
SBER;5;20260220;231000;314.02;314.03;314;314.01;9624
SBER;5;20260220;231500;314.01;314.02;314;314.02;20502
SBER;5;20260220;232000;314.01;314.04;314.01;314.04;35585
SBER;5;20260220;232500;314.04;314.05;313.99;314.03;47369
SBER;5;20260220;233000;314.03;314.04;313.82;313.93;45244
SBER;5;20260220;233500;313.93;313.99;313.82;313.9;12582
SBER;5;20260220;234000;313.89;313.95;313.81;313.93;27595
SBER;5;20260220;234500;313.93;314;313.9;314;71883
SBER;5;20260221;095500;314.29;314.29;314.29;314.29;6891
SBER;5;20260221;100000;314.19;314.29;313.05;313.9;120509
SBER;5;20260221;100500;313.9;314.02;313.89;314.02;18571
SBER;5;20260221;101000;314.04;314.09;313.66;313.8;69310
SBER;5;20260221;101500;313.79;314;313.78;313.99;9035
SBER;5;20260221;102000;314;314.01;313.62;313.64;65956
SBER;5;20260221;102500;313.63;313.81;313.45;313.79;34537
SBER;5;20260221;103000;313.8;313.8;313.4;313.57;72865
SBER;5;20260221;103500;313.57;313.66;313.56;313.66;21505
SBER;5;20260221;104000;313.66;313.74;313.62;313.66;3533
SBER;5;20260221;104500;313.66;313.7;313.65;313.69;2479
SBER;5;20260221;105000;313.69;313.83;313.65;313.69;16405
SBER;5;20260221;105500;313.69;313.71;313.65;313.71;7463
SBER;5;20260221;110000;313.71;313.83;313.41;313.41;61618
SBER;5;20260221;110500;313.42;313.55;313.37;313.47;6104
SBER;5;20260221;111000;313.53;313.62;313.46;313.55;4611
SBER;5;20260221;111500;313.66;313.66;313.5;313.62;2871
SBER;5;20260221;112000;313.6;313.67;313.6;313.66;6649
SBER;5;20260221;112500;313.66;313.66;313.63;313.66;1431
SBER;5;20260221;113000;313.65;313.67;313.47;313.48;10282
SBER;5;20260221;113500;313.48;313.62;313.47;313.62;1780
SBER;5;20260221;114000;313.62;313.64;313.5;313.64;2235
SBER;5;20260221;114500;313.64;313.64;313.63;313.64;1270
SBER;5;20260221;115000;313.64;313.64;313.52;313.57;3130
SBER;5;20260221;115500;313.57;313.57;313.55;313.57;1076
SBER;5;20260221;120000;313.57;313.65;313.56;313.64;3533
SBER;5;20260221;120500;313.64;313.65;313.57;313.6;5550
SBER;5;20260221;121000;313.6;313.6;313.57;313.6;1509
SBER;5;20260221;121500;313.6;313.6;313.57;313.57;551
SBER;5;20260221;122000;313.57;313.59;313.55;313.59;6250
SBER;5;20260221;122500;313.59;313.59;313.54;313.59;5398
SBER;5;20260221;123000;313.55;313.59;313.4;313.52;41696
SBER;5;20260221;123500;313.44;313.53;313.43;313.49;2566
SBER;5;20260221;124000;313.49;313.55;313.19;313.3;94017
SBER;5;20260221;124500;313.3;313.37;313.17;313.37;20673
SBER;5;20260221;125000;313.37;313.37;313.05;313.27;102889
SBER;5;20260221;125500;313.26;313.41;313.2;313.39;24403
SBER;5;20260221;130000;313.39;313.59;313.38;313.43;45171
SBER;5;20260221;130500;313.43;313.44;313.42;313.43;5601
SBER;5;20260221;131000;313.44;313.44;313.38;313.43;8599
SBER;5;20260221;131500;313.43;313.45;313.39;313.45;1211
SBER;5;20260221;132000;313.45;313.54;313.41;313.48;7768
SBER;5;20260221;132500;313.48;313.53;313.3;313.41;23645
SBER;5;20260221;133000;313.41;313.48;313.41;313.47;2094
SBER;5;20260221;133500;313.46;313.48;313.4;313.42;2343
SBER;5;20260221;134000;313.44;313.54;313.42;313.53;4807
SBER;5;20260221;134500;313.5;313.55;313.5;313.53;14282
SBER;5;20260221;135000;313.53;313.56;313.48;313.54;13907
SBER;5;20260221;135500;313.54;313.56;313.5;313.55;4315
SBER;5;20260221;140000;313.55;313.55;313.51;313.55;1755
SBER;5;20260221;140500;313.55;313.55;313.51;313.52;2278
SBER;5;20260221;141000;313.52;313.56;313.5;313.55;1201
SBER;5;20260221;141500;313.56;313.56;313.51;313.51;1693
SBER;5;20260221;142000;313.54;313.59;313.51;313.57;1273
SBER;5;20260221;142500;313.56;313.59;313.56;313.59;4874
SBER;5;20260221;143000;313.59;313.62;313.58;313.62;20509
SBER;5;20260221;143500;313.62;313.62;313.58;313.59;2162
SBER;5;20260221;144000;313.59;313.6;313.56;313.58;5735
SBER;5;20260221;144500;313.56;313.58;313.52;313.56;2033
SBER;5;20260221;145000;313.56;313.58;313.51;313.58;1748
SBER;5;20260221;145500;313.55;313.58;313.52;313.57;4793
SBER;5;20260221;150000;313.57;313.65;313.52;313.62;25830
SBER;5;20260221;150500;313.61;313.67;313.57;313.57;21164
SBER;5;20260221;151000;313.65;313.65;313.58;313.64;1011
SBER;5;20260221;151500;313.64;313.65;313.62;313.65;12422
SBER;5;20260221;152000;313.65;313.65;313.63;313.65;2063
SBER;5;20260221;152500;313.64;313.7;313.64;313.68;7240
SBER;5;20260221;153000;313.7;313.72;313.62;313.72;2715
SBER;5;20260221;153500;313.72;313.73;313.68;313.73;1300
SBER;5;20260221;154000;313.73;313.73;313.69;313.73;4700
SBER;5;20260221;154500;313.73;313.8;313.68;313.8;1825
SBER;5;20260221;155000;313.8;313.83;313.79;313.83;3259
SBER;5;20260221;155500;313.83;313.85;313.79;313.81;14704
SBER;5;20260221;160000;313.81;313.83;313.72;313.73;2036
SBER;5;20260221;160500;313.78;313.84;313.74;313.83;2533
SBER;5;20260221;161000;313.8;313.8;313.79;313.79;2990
SBER;5;20260221;161500;313.8;313.83;313.78;313.83;2932
SBER;5;20260221;162000;313.82;313.83;313.78;313.78;3518
SBER;5;20260221;162500;313.78;313.81;313.73;313.78;3954
SBER;5;20260221;163000;313.78;313.78;313.7;313.77;1191
SBER;5;20260221;163500;313.78;313.78;313.77;313.77;857
SBER;5;20260221;164000;313.77;313.79;313.73;313.79;1920
SBER;5;20260221;164500;313.78;313.79;313.71;313.79;1670
SBER;5;20260221;165000;313.79;313.79;313.78;313.79;1146
SBER;5;20260221;165500;313.79;313.79;313.78;313.79;1471
SBER;5;20260221;170000;313.79;313.86;313.79;313.86;11054
SBER;5;20260221;170500;313.86;313.86;313.79;313.84;1784
SBER;5;20260221;171000;313.84;313.85;313.78;313.84;1115
SBER;5;20260221;171500;313.84;313.84;313.73;313.82;2757
SBER;5;20260221;172000;313.83;313.84;313.74;313.74;2696
SBER;5;20260221;172500;313.82;313.82;313.74;313.82;424
SBER;5;20260221;173000;313.82;313.82;313.71;313.79;2064
SBER;5;20260221;173500;313.79;313.79;313.71;313.71;3974
SBER;5;20260221;174000;313.73;313.73;313.6;313.6;8467
SBER;5;20260221;174500;313.61;313.76;313.57;313.72;18441
SBER;5;20260221;175000;313.72;313.72;313.67;313.67;1621
SBER;5;20260221;175500;313.67;313.71;313.51;313.55;8761
SBER;5;20260221;180000;313.55;313.73;313.54;313.73;5927
SBER;5;20260221;180500;313.73;313.8;313.72;313.77;11985
SBER;5;20260221;181000;313.77;313.82;313.73;313.82;12192
SBER;5;20260221;181500;313.82;313.83;313.72;313.8;2449
SBER;5;20260221;182000;313.75;313.82;313.75;313.81;4613
SBER;5;20260221;182500;313.75;313.81;313.72;313.8;10368
SBER;5;20260221;183000;313.8;313.81;313.75;313.81;1883
SBER;5;20260221;183500;313.8;313.81;313.62;313.8;11447
SBER;5;20260221;184000;313.75;313.82;313.74;313.8;7274
SBER;5;20260221;184500;313.8;313.82;313.75;313.75;4307
SBER;5;20260221;185000;313.79;313.79;313.73;313.79;4505
SBER;5;20260221;185500;313.79;313.79;313.73;313.79;5509
SBER;5;20260222;095500;313.99;313.99;313.99;313.99;15881
SBER;5;20260222;100000;314;314.18;313.95;314.01;28670
SBER;5;20260222;100500;314.02;314.23;314.01;314.17;65728
SBER;5;20260222;101000;314.17;314.38;314.16;314.36;63629
SBER;5;20260222;101500;314.36;314.66;314.36;314.64;143180
SBER;5;20260222;102000;314.65;314.67;314.35;314.36;42434
SBER;5;20260222;102500;314.36;314.47;314.29;314.45;30092
SBER;5;20260222;103000;314.41;314.47;314.33;314.42;13885
SBER;5;20260222;103500;314.37;314.55;314.33;314.48;20089
SBER;5;20260222;104000;314.49;314.49;314.38;314.43;5253
SBER;5;20260222;104500;314.43;314.45;314.39;314.39;8982
SBER;5;20260222;105000;314.4;314.46;314.39;314.46;10535
SBER;5;20260222;105500;314.46;314.55;314.41;314.45;8174
SBER;5;20260222;110000;314.46;314.47;314.39;314.45;15228
SBER;5;20260222;110500;314.45;314.47;314.39;314.46;12112
SBER;5;20260222;111000;314.45;314.46;314.4;314.46;7227
SBER;5;20260222;111500;314.46;314.46;314.34;314.34;21417
SBER;5;20260222;112000;314.35;314.35;314.33;314.34;9121
SBER;5;20260222;112500;314.34;314.34;314.25;314.25;3437
SBER;5;20260222;113000;314.26;314.27;314.2;314.24;9517
SBER;5;20260222;113500;314.21;314.28;314.17;314.22;14737
SBER;5;20260222;114000;314.22;314.29;314.17;314.18;22789
SBER;5;20260222;114500;314.24;314.25;314.18;314.25;5087
SBER;5;20260222;115000;314.25;314.25;314.19;314.25;2325
SBER;5;20260222;115500;314.25;314.25;314.16;314.17;27774
SBER;5;20260222;120000;314.21;314.23;314.16;314.2;8845
SBER;5;20260222;120500;314.2;314.2;314.18;314.19;1610
SBER;5;20260222;121000;314.19;314.21;314.18;314.19;2611
SBER;5;20260222;121500;314.19;314.36;314.19;314.26;23718
SBER;5;20260222;122000;314.3;314.3;314.25;314.27;3738
SBER;5;20260222;122500;314.27;314.27;314.05;314.13;100183
SBER;5;20260222;123000;314.13;314.13;314.04;314.05;4453
SBER;5;20260222;123500;314.05;314.05;313.95;314.03;46799
SBER;5;20260222;124000;314.03;314.03;313.53;313.66;92111
SBER;5;20260222;124500;313.68;313.73;313.63;313.7;7459
SBER;5;20260222;125000;313.71;313.77;313.64;313.66;17539
SBER;5;20260222;125500;313.73;313.77;313.66;313.67;8390
SBER;5;20260222;130000;313.67;313.68;313.66;313.68;10583
SBER;5;20260222;130500;313.67;313.74;313.67;313.72;9334
SBER;5;20260222;131000;313.72;313.8;313.63;313.78;21029
SBER;5;20260222;131500;313.78;314;313.78;313.94;27621
SBER;5;20260222;132000;313.95;314;313.9;313.92;24391
SBER;5;20260222;132500;313.94;313.99;313.9;313.94;2063
SBER;5;20260222;133000;313.9;313.95;313.9;313.94;2958
SBER;5;20260222;133500;313.91;313.96;313.91;313.95;3458
SBER;5;20260222;134000;313.91;313.97;313.91;313.97;8315
SBER;5;20260222;134500;313.97;313.98;313.95;313.97;3209
SBER;5;20260222;135000;313.97;313.98;313.86;313.87;9260
SBER;5;20260222;135500;313.87;313.97;313.87;313.97;4637
SBER;5;20260222;140000;313.97;313.97;313.92;313.93;10264
SBER;5;20260222;140500;313.92;313.97;313.91;313.97;4351
SBER;5;20260222;141000;313.93;313.95;313.91;313.91;772
SBER;5;20260222;141500;313.94;313.95;313.9;313.92;1223
SBER;5;20260222;142000;313.92;313.92;313.74;313.74;12968
SBER;5;20260222;142500;313.76;313.87;313.73;313.84;8543
SBER;5;20260222;143000;313.79;313.87;313.73;313.78;4753
SBER;5;20260222;143500;313.75;313.87;313.75;313.77;6585
SBER;5;20260222;144000;313.83;313.85;313.75;313.8;8819
SBER;5;20260222;144500;313.76;313.95;313.76;313.91;5424
SBER;5;20260222;145000;313.9;313.95;313.85;313.88;14566
SBER;5;20260222;145500;313.88;313.94;313.86;313.93;2399
SBER;5;20260222;150000;313.88;313.95;313.88;313.95;2122
SBER;5;20260222;150500;313.88;313.95;313.55;313.58;63989
SBER;5;20260222;151000;313.58;313.94;313.57;313.94;12696
SBER;5;20260222;151500;313.94;313.94;313.78;313.94;4893
SBER;5;20260222;152000;313.94;313.94;313.8;313.94;1578
SBER;5;20260222;152500;313.93;313.94;313.79;313.92;1143
SBER;5;20260222;153000;313.85;313.93;313.85;313.9;1735
SBER;5;20260222;153500;313.9;313.94;313.84;313.94;3341
SBER;5;20260222;154000;313.94;313.94;313.9;313.9;2634
SBER;5;20260222;154500;313.9;313.95;313.9;313.95;2843
SBER;5;20260222;155000;313.93;313.94;313.89;313.94;1291
SBER;5;20260222;155500;313.9;313.95;313.88;313.89;3726
SBER;5;20260222;160000;313.94;313.95;313.88;313.94;2498
SBER;5;20260222;160500;313.94;313.95;313.85;313.93;2454
SBER;5;20260222;161000;313.88;313.93;313.88;313.93;2118
SBER;5;20260222;161500;313.93;313.93;313.89;313.93;1965
SBER;5;20260222;162000;313.9;313.93;313.87;313.9;900
SBER;5;20260222;162500;313.89;313.93;313.8;313.87;12108
SBER;5;20260222;163000;313.87;313.95;313.85;313.95;2632
SBER;5;20260222;163500;313.95;313.97;313.94;313.96;26657
SBER;5;20260222;164000;313.97;313.97;313.92;313.96;1054
SBER;5;20260222;164500;313.92;314;313.89;313.99;7335
SBER;5;20260222;165000;313.99;314;313.99;314;5224
SBER;5;20260222;165500;314;314.05;313.99;314.04;3671
SBER;5;20260222;170000;314.05;314.05;314;314.05;4203
SBER;5;20260222;170500;314.05;314.05;313.84;313.98;6168
SBER;5;20260222;171000;313.98;314;313.86;313.98;6684
SBER;5;20260222;171500;313.96;313.96;313.62;313.7;35367
SBER;5;20260222;172000;313.74;313.78;313.63;313.74;6543
SBER;5;20260222;172500;313.74;313.85;313.72;313.78;5241
SBER;5;20260222;173000;313.78;313.88;313.78;313.81;15162
SBER;5;20260222;173500;313.81;313.88;313.8;313.86;11942
SBER;5;20260222;174000;313.86;313.86;313.81;313.86;282
SBER;5;20260222;174500;313.86;313.87;313.84;313.85;19697
SBER;5;20260222;175000;313.87;313.89;313.85;313.89;1801
SBER;5;20260222;175500;313.89;313.89;313.85;313.87;6884
SBER;5;20260222;180000;313.88;313.88;313.83;313.85;6079
SBER;5;20260222;180500;313.84;313.85;313.84;313.84;1942
SBER;5;20260222;181000;313.85;313.92;313.85;313.92;4422
SBER;5;20260222;181500;313.87;313.95;313.87;313.91;7153
SBER;5;20260222;182000;313.91;313.94;313.86;313.94;2645
SBER;5;20260222;182500;313.94;313.98;313.88;313.92;7817
SBER;5;20260222;183000;313.92;313.96;313.78;313.86;17843
SBER;5;20260222;183500;313.86;313.86;313.73;313.78;8029
SBER;5;20260222;184000;313.78;313.96;313.74;313.92;5758
SBER;5;20260222;184500;313.83;313.92;313.8;313.91;967
SBER;5;20260222;185000;313.91;313.91;313.82;313.82;1211
SBER;5;20260222;185500;313.82;313.83;313.54;313.54;66900
SBER;5;20260223;095500;313.54;313.54;313.54;313.54;6945
SBER;5;20260223;100000;313.55;314.48;313.51;314.08;133676
SBER;5;20260223;100500;314.08;314.16;313.83;313.89;56020
SBER;5;20260223;101000;313.89;313.89;313.67;313.8;32333
SBER;5;20260223;101500;313.79;313.8;313.76;313.8;14480
SBER;5;20260223;102000;313.79;313.91;313.77;313.9;26795
SBER;5;20260223;102500;313.9;314;313.87;313.99;34824
SBER;5;20260223;103000;313.96;314.09;313.95;314.04;13088
SBER;5;20260223;103500;314.04;314.07;314;314.04;5367
SBER;5;20260223;104000;314.04;314.12;314.03;314.03;22258
SBER;5;20260223;104500;314.03;314.08;314.01;314.03;6930
SBER;5;20260223;105000;314.03;314.03;314.01;314.02;5648
SBER;5;20260223;105500;314.02;314.06;314.01;314.04;5679
SBER;5;20260223;110000;314.06;314.09;314.01;314.05;4329
SBER;5;20260223;110500;314.06;314.06;314.02;314.02;1016
SBER;5;20260223;111000;314.03;314.08;314.02;314.05;5185
SBER;5;20260223;111500;314.08;314.08;314.04;314.07;4371
SBER;5;20260223;112000;314.08;314.09;314.02;314.05;9434
SBER;5;20260223;112500;314.07;314.11;314.04;314.08;11663
SBER;5;20260223;113000;314.08;314.08;314.02;314.03;6209
SBER;5;20260223;113500;314.02;314.05;314.01;314.03;5656
SBER;5;20260223;114000;314.02;314.03;314.01;314.01;6923
SBER;5;20260223;114500;314.01;314.02;314.01;314.02;1736
SBER;5;20260223;115000;314.03;314.07;314.02;314.04;3884
SBER;5;20260223;115500;314.04;314.05;314.02;314.05;3337
SBER;5;20260223;120000;314.04;314.05;314;314.01;4996
SBER;5;20260223;120500;314;314.01;313.91;313.95;19837
SBER;5;20260223;121000;313.95;314.03;313.93;313.97;7394
SBER;5;20260223;121500;313.98;313.99;313.92;313.99;4866
SBER;5;20260223;122000;313.99;313.99;313.93;313.95;1593
SBER;5;20260223;122500;313.95;314.01;313.93;314.01;8441
SBER;5;20260223;123000;314;314.01;314;314.01;3126
SBER;5;20260223;123500;314.01;314.03;314;314;6493
SBER;5;20260223;124000;314.02;314.03;314;314.03;3982
SBER;5;20260223;124500;314.03;314.04;314.02;314.03;4734
SBER;5;20260223;125000;314.02;314.07;314.02;314.04;4096
SBER;5;20260223;125500;314.04;314.06;314.04;314.06;1363
SBER;5;20260223;130000;314.06;314.06;314.04;314.05;4107
SBER;5;20260223;130500;314.05;314.07;314.04;314.06;12742
SBER;5;20260223;131000;314.07;314.1;314.05;314.09;9050
SBER;5;20260223;131500;314.09;314.09;314.06;314.09;1221
SBER;5;20260223;132000;314.08;314.1;314.05;314.06;4461
SBER;5;20260223;132500;314.1;314.1;314.06;314.06;1999
SBER;5;20260223;133000;314.06;314.1;314.06;314.1;1097
SBER;5;20260223;133500;314.09;314.1;314.02;314.09;7123
SBER;5;20260223;134000;314.09;314.1;314.04;314.09;1317
SBER;5;20260223;134500;314.04;314.12;314.04;314.11;5759
SBER;5;20260223;135000;314.12;314.14;314.11;314.14;6638
SBER;5;20260223;135500;314.14;314.14;314.07;314.09;4433
SBER;5;20260223;140000;314.09;314.11;314.05;314.06;1254
SBER;5;20260223;140500;314.09;314.09;314.07;314.08;1002
SBER;5;20260223;141000;314.09;314.1;314.06;314.1;2116
SBER;5;20260223;141500;314.09;314.1;314.04;314.09;1639
SBER;5;20260223;142000;314.09;314.09;314.06;314.09;3542
SBER;5;20260223;142500;314.09;314.1;314.05;314.09;920
SBER;5;20260223;143000;314.06;314.11;314.05;314.1;6090
SBER;5;20260223;143500;314.06;314.11;314.05;314.09;2180
SBER;5;20260223;144000;314.09;314.11;314.04;314.05;3034
SBER;5;20260223;144500;314.05;314.1;314.04;314.09;4822
SBER;5;20260223;145000;314.09;314.09;314;314.05;17266
SBER;5;20260223;145500;314.05;314.05;314.01;314.03;1950
SBER;5;20260223;150000;314.01;314.07;314;314.07;4117
SBER;5;20260223;150500;314.06;314.07;314.03;314.07;3009
SBER;5;20260223;151000;314.07;314.09;314.04;314.06;2882
SBER;5;20260223;151500;314.06;314.11;314.02;314.04;11276
SBER;5;20260223;152000;314.04;314.06;314;314.05;6171
SBER;5;20260223;152500;314.06;314.11;314.05;314.11;6860
SBER;5;20260223;153000;314.1;314.11;314.02;314.07;2150
SBER;5;20260223;153500;314.05;314.11;314.01;314.1;14382
SBER;5;20260223;154000;314.1;314.13;314.1;314.11;7741
SBER;5;20260223;154500;314.11;314.14;314.1;314.13;7737
SBER;5;20260223;155000;314.14;314.15;314.11;314.15;23712
SBER;5;20260223;155500;314.15;314.15;314.11;314.11;3108
SBER;5;20260223;160000;314.11;314.16;314.1;314.16;5329
SBER;5;20260223;160500;314.16;314.17;314.15;314.17;17819
SBER;5;20260223;161000;314.16;314.18;314.15;314.16;6292
SBER;5;20260223;161500;314.15;314.19;314.15;314.19;1693
SBER;5;20260223;162000;314.19;314.24;314.18;314.21;11710
SBER;5;20260223;162500;314.23;314.26;314.21;314.26;9078
SBER;5;20260223;163000;314.25;314.26;314.17;314.18;33274
SBER;5;20260223;163500;314.18;314.18;314.11;314.16;10931
SBER;5;20260223;164000;314.16;314.17;314.13;314.17;2523
SBER;5;20260223;164500;314.17;314.17;314.13;314.15;5081
SBER;5;20260223;165000;314.14;314.18;314.13;314.17;3940
SBER;5;20260223;165500;314.18;314.18;314.17;314.18;2783
SBER;5;20260223;170000;314.18;314.2;314.17;314.19;11500
SBER;5;20260223;170500;314.18;314.2;314.17;314.19;8890
SBER;5;20260223;171000;314.2;314.2;314.19;314.2;2249
SBER;5;20260223;171500;314.19;314.2;314.19;314.2;4931
SBER;5;20260223;172000;314.19;314.2;314.19;314.2;3093
SBER;5;20260223;172500;314.19;314.2;314.18;314.18;896
SBER;5;20260223;173000;314.18;314.18;314.17;314.17;3295
SBER;5;20260223;173500;314.18;314.24;314.17;314.2;15972
SBER;5;20260223;174000;314.2;314.24;314.17;314.17;22237
SBER;5;20260223;174500;314.19;314.19;314.08;314.15;26775
SBER;5;20260223;175000;314.15;314.19;314.1;314.16;942
SBER;5;20260223;175500;314.18;314.26;314.16;314.24;20415
SBER;5;20260223;180000;314.24;314.27;314.2;314.26;16625
SBER;5;20260223;180500;314.22;314.27;314.15;314.27;11097
SBER;5;20260223;181000;314.27;314.27;314.25;314.27;3777
SBER;5;20260223;181500;314.27;314.27;314.25;314.27;4909
SBER;5;20260223;182000;314.27;314.3;314.26;314.27;5509
SBER;5;20260223;182500;314.27;314.3;314.25;314.26;3857
SBER;5;20260223;183000;314.26;314.3;314.25;314.3;9791
SBER;5;20260223;183500;314.28;314.3;314.24;314.29;10234
SBER;5;20260223;184000;314.25;314.3;314.24;314.26;9979
SBER;5;20260223;184500;314.26;314.35;314.25;314.34;8737
SBER;5;20260223;185000;314.34;314.35;314.25;314.26;5722
SBER;5;20260223;185500;314.33;314.4;314.06;314.16;49593
SBER;5;20260224;070000;314.52;315;314.51;314.84;193991
SBER;5;20260224;070500;314.9;314.92;314.75;314.89;45822
SBER;5;20260224;071000;314.88;314.94;314.74;314.91;70420
SBER;5;20260224;071500;314.91;315.2;314.62;314.71;353071
SBER;5;20260224;072000;314.68;314.71;314.62;314.69;20727
SBER;5;20260224;072500;314.69;314.83;314.55;314.79;48236
SBER;5;20260224;073000;314.8;314.8;314.69;314.79;17416
SBER;5;20260224;073500;314.79;314.93;314.79;314.91;14794
SBER;5;20260224;074000;314.86;314.91;314.81;314.85;21158
SBER;5;20260224;074500;314.83;314.89;314.74;314.84;28483
SBER;5;20260224;075000;314.85;314.89;314.74;314.88;13320
SBER;5;20260224;075500;314.85;314.88;314.77;314.77;20350
SBER;5;20260224;080000;314.77;314.77;314.05;314.42;219374
SBER;5;20260224;080500;314.42;314.92;314.37;314.9;113919
SBER;5;20260224;081000;314.9;314.94;314.88;314.94;34726
SBER;5;20260224;081500;314.94;315.13;314.92;315.08;66059
SBER;5;20260224;082000;315.13;315.5;315.08;315.44;169591
SBER;5;20260224;082500;315.44;315.5;315.43;315.49;80248
SBER;5;20260224;083000;315.49;315.62;315.45;315.61;106682
SBER;5;20260224;083500;315.61;315.65;315.56;315.65;75681
SBER;5;20260224;084000;315.65;315.65;315.48;315.52;84252
SBER;5;20260224;084500;315.54;315.64;315.48;315.5;67409
SBER;5;20260224;085000;315.55;315.55;315.25;315.25;128968
SBER;5;20260224;085500;315.26;315.39;315.26;315.3;46966
SBER;5;20260224;090000;315.26;315.69;315.25;315.47;222348
SBER;5;20260224;090500;315.47;315.59;315.4;315.49;92889
SBER;5;20260224;091000;315.49;315.7;315.44;315.7;123483
SBER;5;20260224;091500;315.69;315.81;315.62;315.71;123491
SBER;5;20260224;092000;315.71;315.85;315.6;315.85;106672
SBER;5;20260224;092500;315.84;315.88;315.83;315.84;54870
SBER;5;20260224;093000;315.85;315.85;315.59;315.67;190541
SBER;5;20260224;093500;315.66;315.71;315.6;315.71;77502
SBER;5;20260224;094000;315.7;315.71;315.5;315.57;36995
SBER;5;20260224;094500;315.57;315.59;315.5;315.54;59649
SBER;5;20260224;095000;315.54;315.54;315.35;315.36;222854
SBER;5;20260224;095500;315.35;315.39;315.28;315.39;145842
SBER;5;20260224;100000;315.38;315.47;315.2;315.27;219176
SBER;5;20260224;100500;315.25;315.5;315.24;315.49;293449
SBER;5;20260224;101000;315.49;316;315.46;315.91;544268
SBER;5;20260224;101500;315.9;316.6;315.89;316.54;613292
SBER;5;20260224;102000;316.55;317;316.55;317;1099264
SBER;5;20260224;102500;317;317;316.76;316.96;705533
SBER;5;20260224;103000;316.96;317.16;316.88;316.89;1135522
SBER;5;20260224;103500;316.88;316.89;316.51;316.65;245233
SBER;5;20260224;104000;316.66;316.93;316.62;316.9;275535
SBER;5;20260224;104500;316.9;317;316.73;316.84;491263
SBER;5;20260224;105000;316.84;316.91;316.75;316.91;136424
SBER;5;20260224;105500;316.91;316.94;316.85;316.93;133814
SBER;5;20260224;110000;316.93;316.96;316.6;316.62;371551
SBER;5;20260224;110500;316.62;316.62;316.2;316.33;644965
SBER;5;20260224;111000;316.31;316.71;316.29;316.61;280147
SBER;5;20260224;111500;316.61;316.61;316.26;316.37;208857
SBER;5;20260224;112000;316.38;316.98;316.33;316.95;297623
SBER;5;20260224;112500;316.95;317;316.84;316.95;546974
SBER;5;20260224;113000;316.96;317;316.92;316.98;231959
SBER;5;20260224;113500;316.94;317;316.8;316.8;236061
SBER;5;20260224;114000;316.83;316.94;316.62;316.76;237502
SBER;5;20260224;114500;316.77;316.8;316.36;316.46;298871
SBER;5;20260224;115000;316.42;316.78;316.41;316.78;317169
SBER;5;20260224;115500;316.78;316.96;316.77;316.85;417287
SBER;5;20260224;120000;316.85;316.85;316;316.43;556716
SBER;5;20260224;120500;316.42;316.55;316.35;316.48;199566
SBER;5;20260224;121000;316.48;316.55;316.41;316.42;111607
SBER;5;20260224;121500;316.41;316.45;316.36;316.37;172508
SBER;5;20260224;122000;316.38;316.38;316;316.01;238967
SBER;5;20260224;122500;316.01;316.1;316;316.1;108427
SBER;5;20260224;123000;316.09;316.21;316;316.01;222474
SBER;5;20260224;123500;316.01;316.09;316;316.09;116366
SBER;5;20260224;124000;316.09;316.17;315.84;315.89;295993
SBER;5;20260224;124500;315.89;316;315.81;315.99;162767
SBER;5;20260224;125000;315.99;316.04;315.87;315.96;131933
SBER;5;20260224;125500;315.96;316.2;315.92;316.08;115884
SBER;5;20260224;130000;316.08;316.18;316;316.14;83806
SBER;5;20260224;130500;316.15;316.37;316;316.37;173038
SBER;5;20260224;131000;316.37;316.47;316.33;316.45;72381
SBER;5;20260224;131500;316.45;316.68;316.38;316.6;203809
SBER;5;20260224;132000;316.67;316.67;316.24;316.26;156344
SBER;5;20260224;132500;316.27;316.27;315.6;315.87;673451
SBER;5;20260224;133000;315.86;316.22;315.76;316.1;119941
SBER;5;20260224;133500;316.1;316.11;315.9;315.97;126619
SBER;5;20260224;134000;315.97;316.07;315.83;315.84;146548
SBER;5;20260224;134500;315.87;315.98;315.63;315.86;115378
SBER;5;20260224;135000;315.85;315.87;315.65;315.84;154411
SBER;5;20260224;135500;315.83;315.87;315.77;315.82;85443
SBER;5;20260224;140000;315.8;315.87;315.72;315.87;151656
SBER;5;20260224;140500;315.87;315.87;315.63;315.71;142978
SBER;5;20260224;141000;315.71;315.76;315.66;315.75;89912
SBER;5;20260224;141500;315.75;315.87;315.72;315.86;75917
SBER;5;20260224;142000;315.81;315.85;315.63;315.69;122302
SBER;5;20260224;142500;315.66;315.75;315.64;315.74;52701
SBER;5;20260224;143000;315.71;315.9;315.7;315.79;76709
SBER;5;20260224;143500;315.8;315.94;315.75;315.9;42058
SBER;5;20260224;144000;315.91;316.2;315.9;316.19;124678
SBER;5;20260224;144500;316.19;316.3;316.16;316.22;99878
SBER;5;20260224;145000;316.22;316.23;316.13;316.14;28204
SBER;5;20260224;145500;316.14;316.17;316.05;316.06;66702
SBER;5;20260224;150000;316.07;316.22;316.01;316.17;43314
SBER;5;20260224;150500;316.17;316.19;316;316.03;39181
SBER;5;20260224;151000;316.03;316.22;316;316.2;60265
SBER;5;20260224;151500;316.2;316.21;316.09;316.14;45189
SBER;5;20260224;152000;316.14;316.17;316.08;316.17;69268
SBER;5;20260224;152500;316.17;316.17;316.08;316.11;85581
SBER;5;20260224;153000;316.11;316.14;316.07;316.13;99924
SBER;5;20260224;153500;316.14;316.17;316.09;316.16;23259
SBER;5;20260224;154000;316.16;316.49;316.15;316.39;158309
SBER;5;20260224;154500;316.39;316.5;316.35;316.46;117701
SBER;5;20260224;155000;316.47;316.5;316.35;316.44;95929
SBER;5;20260224;155500;316.44;316.47;316.34;316.44;105569
SBER;5;20260224;160000;316.38;316.44;316.02;316.14;95763
SBER;5;20260224;160500;316.13;316.22;316.09;316.18;28366
SBER;5;20260224;161000;316.18;316.25;316.11;316.24;77447
SBER;5;20260224;161500;316.23;316.23;316.1;316.11;35524
SBER;5;20260224;162000;316.1;316.13;315.71;315.84;1000323
SBER;5;20260224;162500;315.79;315.9;315.62;315.82;1668901
SBER;5;20260224;163000;315.82;315.92;315.77;315.87;1031787
SBER;5;20260224;163500;315.87;315.98;315.85;315.97;63174
SBER;5;20260224;164000;315.97;316;315.85;315.91;113079
SBER;5;20260224;164500;315.91;315.91;315.85;315.88;22440
SBER;5;20260224;165000;315.87;315.88;315.58;315.62;400318
SBER;5;20260224;165500;315.62;315.79;315.54;315.54;101630
SBER;5;20260224;170000;315.54;315.55;315.23;315.45;1259354
SBER;5;20260224;170500;315.44;315.55;315.25;315.53;169800
SBER;5;20260224;171000;315.53;315.54;314.91;315.02;494408
SBER;5;20260224;171500;315.02;315.09;314.98;315.05;146340
SBER;5;20260224;172000;315.05;315.07;314.92;315;84302
SBER;5;20260224;172500;315;315.12;314.9;315;198536
SBER;5;20260224;173000;314.99;315.02;314.77;314.92;168407
SBER;5;20260224;173500;314.93;315;314.8;314.91;73005
SBER;5;20260224;174000;314.93;315;314.79;314.97;136672
SBER;5;20260224;174500;314.99;315.17;314.94;315.09;202116
SBER;5;20260224;175000;315.1;315.45;315.1;315.44;102231
SBER;5;20260224;175500;315.44;315.54;315.24;315.43;153566
SBER;5;20260224;180000;315.42;315.46;315.18;315.29;67417
SBER;5;20260224;180500;315.29;315.49;315.29;315.45;39871
SBER;5;20260224;181000;315.48;315.71;315.45;315.7;74977
SBER;5;20260224;181500;315.7;315.7;315.27;315.29;103974
SBER;5;20260224;182000;315.29;315.29;315.14;315.17;75651
SBER;5;20260224;182500;315.18;315.54;315.16;315.5;127875
SBER;5;20260224;183000;315.5;315.56;315.33;315.56;117201
SBER;5;20260224;183500;315.54;315.55;315.35;315.36;41472
SBER;5;20260224;184500;315.35;315.35;315.35;315.35;4092
SBER;5;20260224;190000;315.36;315.42;315.14;315.28;112392
SBER;5;20260224;190500;315.28;315.37;315.15;315.16;29415
SBER;5;20260224;191000;315.15;315.28;315.14;315.23;27339
SBER;5;20260224;191500;315.2;315.3;315.2;315.28;27609
SBER;5;20260224;192000;315.29;315.37;315.25;315.31;15791
SBER;5;20260224;192500;315.32;315.37;315.25;315.25;21015
SBER;5;20260224;193000;315.25;315.29;315.22;315.27;21791
SBER;5;20260224;193500;315.26;315.3;315.21;315.26;40014
SBER;5;20260224;194000;315.26;315.3;315.22;315.25;111082
SBER;5;20260224;194500;315.27;315.3;315.21;315.23;29706
SBER;5;20260224;195000;315.25;315.3;315.23;315.3;21905
SBER;5;20260224;195500;315.3;315.47;315.27;315.42;63283
SBER;5;20260224;200000;315.42;315.55;315.32;315.54;34305
SBER;5;20260224;200500;315.53;315.6;315.51;315.57;38007
SBER;5;20260224;201000;315.57;315.76;315.53;315.56;134265
SBER;5;20260224;201500;315.56;315.63;315.56;315.63;13716
SBER;5;20260224;202000;315.63;315.7;315.59;315.67;28528
SBER;5;20260224;202500;315.67;315.68;315.62;315.64;16947
SBER;5;20260224;203000;315.64;315.64;315.42;315.64;54898
SBER;5;20260224;203500;315.63;315.64;315.55;315.62;14558
SBER;5;20260224;204000;315.6;315.67;315.6;315.64;11599
SBER;5;20260224;204500;315.64;315.68;315.6;315.64;15121
SBER;5;20260224;205000;315.64;315.65;315.63;315.64;24419
SBER;5;20260224;205500;315.64;315.65;315.61;315.64;12642
SBER;5;20260224;210000;315.63;315.67;315.6;315.62;22042
SBER;5;20260224;210500;315.64;315.7;315.62;315.69;35881
SBER;5;20260224;211000;315.7;315.87;315.69;315.87;45258
SBER;5;20260224;211500;315.87;315.92;315.82;315.85;56268
SBER;5;20260224;212000;315.83;315.86;315.77;315.8;14367
SBER;5;20260224;212500;315.81;315.85;315.78;315.84;20250
SBER;5;20260224;213000;315.84;315.91;315.84;315.91;34591
SBER;5;20260224;213500;315.9;316;315.9;315.99;130647
SBER;5;20260224;214000;315.99;316.06;315.88;315.98;33601
SBER;5;20260224;214500;315.96;316;315.92;315.99;21821
SBER;5;20260224;215000;315.99;316.06;315.99;316.05;29760
SBER;5;20260224;215500;316.04;316.06;316;316.02;27871
SBER;5;20260224;220000;316.03;316.04;316;316.04;52467
SBER;5;20260224;220500;316.04;316.13;316.03;316.09;33463
SBER;5;20260224;221000;316.09;316.13;316.07;316.12;18098
SBER;5;20260224;221500;316.12;316.13;316.07;316.08;14622
SBER;5;20260224;222000;316.08;316.09;316.05;316.06;9572
SBER;5;20260224;222500;316.06;316.06;316;316.01;24612
SBER;5;20260224;223000;316.01;316.05;316;316.01;21256
SBER;5;20260224;223500;316.03;316.1;316.01;316.1;21895
SBER;5;20260224;224000;316.11;316.14;316;316.06;93516
SBER;5;20260224;224500;316.03;316.08;316;316;87067
SBER;5;20260224;225000;316;316.02;316;316.02;36443
SBER;5;20260224;225500;316.05;316.2;316;316.1;205910
SBER;5;20260224;230000;316.11;316.11;316.01;316.03;23939
SBER;5;20260224;230500;316.03;316.09;316;316.06;16602
SBER;5;20260224;231000;316.05;316.09;316.05;316.09;3214
SBER;5;20260224;231500;316.09;316.09;316.06;316.07;9261
SBER;5;20260224;232000;316.06;316.09;316;316;87633
SBER;5;20260224;232500;316.01;316.01;316;316.01;31430
SBER;5;20260224;233000;316.01;316.04;315.99;316;61874
SBER;5;20260224;233500;316;316.1;315.98;316.03;30803
SBER;5;20260224;234000;316.03;316.19;316.03;316.14;71262
SBER;5;20260224;234500;316.06;316.15;316.03;316.15;34162
SBER;5;20260225;070000;316.25;316.5;316.06;316.37;193825
SBER;5;20260225;070500;316.37;316.46;316.31;316.38;52371
SBER;5;20260225;071000;316.42;316.42;316.29;316.3;37741
SBER;5;20260225;071500;316.31;316.31;316.21;316.28;9646
SBER;5;20260225;072000;316.28;316.5;316.27;316.5;61144
SBER;5;20260225;072500;316.5;316.59;316.49;316.56;45386
SBER;5;20260225;073000;316.53;316.57;316.53;316.55;15805
SBER;5;20260225;073500;316.55;316.55;316.47;316.49;7365
SBER;5;20260225;074000;316.48;316.51;316.39;316.39;15621
SBER;5;20260225;074500;316.4;316.45;316.34;316.42;20963
SBER;5;20260225;075000;316.45;316.5;316.43;316.5;18083
SBER;5;20260225;075500;316.5;316.63;316.5;316.62;29094
SBER;5;20260225;080000;316.63;316.69;316.62;316.68;19728
SBER;5;20260225;080500;316.68;316.85;316.63;316.82;60213
SBER;5;20260225;081000;316.81;316.83;316.5;316.52;36445
SBER;5;20260225;081500;316.52;316.63;316.51;316.58;8045
SBER;5;20260225;082000;316.58;316.61;316.5;316.5;11515
SBER;5;20260225;082500;316.5;316.5;316.4;316.5;11357
SBER;5;20260225;083000;316.5;316.5;316.45;316.47;7823
SBER;5;20260225;083500;316.47;316.5;316.47;316.5;23972
SBER;5;20260225;084000;316.5;316.63;316.49;316.63;14176
SBER;5;20260225;084500;316.63;316.63;316.49;316.53;15049
SBER;5;20260225;085000;316.54;316.69;316.53;316.68;22731
SBER;5;20260225;085500;316.69;316.73;316.47;316.47;40386
SBER;5;20260225;090000;316.47;316.5;316.22;316.24;91938
SBER;5;20260225;090500;316.23;316.65;316.16;316.48;99522
SBER;5;20260225;091000;316.49;316.58;316.44;316.48;27176
SBER;5;20260225;091500;316.48;316.54;316.39;316.51;73988
SBER;5;20260225;092000;316.5;316.57;316.41;316.55;23230
SBER;5;20260225;092500;316.55;316.55;316.38;316.38;34412
SBER;5;20260225;093000;316.38;316.49;316.36;316.49;15610
SBER;5;20260225;093500;316.49;316.58;316.48;316.57;19409
SBER;5;20260225;094000;316.57;316.58;316.39;316.46;89382
SBER;5;20260225;094500;316.4;316.49;316.4;316.47;5602
SBER;5;20260225;095000;316.45;316.5;316.34;316.4;35017
SBER;5;20260225;095500;316.47;316.51;316.39;316.45;44457
SBER;5;20260225;100000;316.41;316.45;316.12;316.25;227342
SBER;5;20260225;100500;316.26;316.3;316.16;316.2;34221
SBER;5;20260225;101000;316.21;316.47;316.17;316.41;80014
SBER;5;20260225;101500;316.41;316.61;316.41;316.57;81341
SBER;5;20260225;102000;316.54;316.59;316.26;316.32;164960
SBER;5;20260225;102500;316.33;316.5;316.17;316.19;119576
SBER;5;20260225;103000;316.2;316.25;316;316.01;223600
SBER;5;20260225;103500;316;316.22;316;316.06;101366
SBER;5;20260225;104000;316.05;316.06;315.75;315.8;120721
SBER;5;20260225;104500;315.79;315.85;315.76;315.79;81609
SBER;5;20260225;105000;315.79;315.84;315.79;315.8;28906
SBER;5;20260225;105500;315.79;315.83;315.75;315.75;92106
SBER;5;20260225;110000;315.75;315.93;315.75;315.78;234173
SBER;5;20260225;110500;315.83;316.27;315.8;316.26;119547
SBER;5;20260225;111000;316.24;316.41;315.97;316;147021
SBER;5;20260225;111500;316.01;316.05;315.99;316.03;121493
SBER;5;20260225;112000;316.04;316.05;315.97;316;65121
SBER;5;20260225;112500;315.98;316.03;315.89;315.98;127122
SBER;5;20260225;113000;316;316;315.8;315.99;134484
SBER;5;20260225;113500;315.99;316;315.97;315.98;36388
SBER;5;20260225;114000;315.99;316;315.93;315.98;40139
SBER;5;20260225;114500;315.98;316;315.92;315.99;31002
SBER;5;20260225;115000;315.99;316;315.92;316;12944
SBER;5;20260225;115500;316;316;315.95;315.98;23327
SBER;5;20260225;120000;315.99;316;315.91;315.95;108494
SBER;5;20260225;120500;315.96;315.96;315.81;315.92;95351
SBER;5;20260225;121000;315.9;315.94;315.83;315.84;37861
SBER;5;20260225;121500;315.85;315.85;315.8;315.85;22685
SBER;5;20260225;122000;315.85;315.85;315.64;315.69;87646
SBER;5;20260225;122500;315.69;315.8;315.66;315.8;76598
SBER;5;20260225;123000;315.8;315.92;315.77;315.92;34733
SBER;5;20260225;123500;315.92;315.93;315.8;315.87;13189
SBER;5;20260225;124000;315.86;316.02;315.86;316.01;23547
SBER;5;20260225;124500;316.01;316.25;316;316.17;77346
SBER;5;20260225;125000;316.17;316.26;316.13;316.19;96369
SBER;5;20260225;125500;316.14;316.19;316;316.08;108965
SBER;5;20260225;130000;316.08;316.1;315.96;316.07;28765
SBER;5;20260225;130500;316.07;316.08;316.01;316.02;26339
SBER;5;20260225;131000;316.04;316.05;316;316;40649
SBER;5;20260225;131500;316.03;316.05;315.91;316.03;40321
SBER;5;20260225;132000;316.03;316.1;315.89;316.08;61587
SBER;5;20260225;132500;316.07;316.09;315.98;315.98;28847
SBER;5;20260225;133000;315.97;316;315.97;316;33506
SBER;5;20260225;133500;316;316.08;315.98;316.04;40473
SBER;5;20260225;134000;316.05;316.26;316.04;316.26;208437
SBER;5;20260225;134500;316.25;316.26;316.23;316.24;85298
SBER;5;20260225;135000;316.23;316.26;316.01;316.08;53726
SBER;5;20260225;135500;316.07;316.25;316.07;316.17;27868
SBER;5;20260225;140000;316.16;316.28;316.16;316.28;120400
SBER;5;20260225;140500;316.27;316.28;316.25;316.27;204449
SBER;5;20260225;141000;316.27;316.28;316.23;316.25;86008
SBER;5;20260225;141500;316.24;316.28;316.24;316.28;14623
SBER;5;20260225;142000;316.28;316.28;316.25;316.26;13959
SBER;5;20260225;142500;316.26;316.3;316.25;316.27;204658
SBER;5;20260225;143000;316.27;316.3;316.27;316.3;123012
SBER;5;20260225;143500;316.3;316.3;316.29;316.3;156980
SBER;5;20260225;144000;316.3;316.33;316.21;316.33;408294
SBER;5;20260225;144500;316.32;316.34;316.24;316.25;313937
SBER;5;20260225;145000;316.25;316.31;316.22;316.3;107555
SBER;5;20260225;145500;316.3;316.34;316.25;316.34;82854
SBER;5;20260225;150000;316.32;316.34;315.97;316;339978
SBER;5;20260225;150500;316;316.11;315.99;316.1;81054
SBER;5;20260225;151000;316.06;316.18;316;316.16;125526
SBER;5;20260225;151500;316.15;316.33;316.15;316.29;109256
SBER;5;20260225;152000;316.3;316.32;316.2;316.31;39615
SBER;5;20260225;152500;316.31;316.34;316.15;316.31;112641
SBER;5;20260225;153000;316.3;316.34;316.3;316.34;200662
SBER;5;20260225;153500;316.34;316.36;316.33;316.35;201649
SBER;5;20260225;154000;316.36;316.36;316.34;316.34;49711
SBER;5;20260225;154500;316.35;316.35;316.33;316.34;98000
SBER;5;20260225;155000;316.33;316.38;316.3;316.38;365789
SBER;5;20260225;155500;316.38;316.38;316.31;316.36;88790
SBER;5;20260225;160000;316.36;316.38;316.23;316.37;76866
SBER;5;20260225;160500;316.37;316.38;316.23;316.36;78712
SBER;5;20260225;161000;316.35;316.37;316.16;316.19;119049
SBER;5;20260225;161500;316.19;316.25;316;316.25;189204
SBER;5;20260225;162000;316.09;316.11;315.72;316.03;307979
SBER;5;20260225;162500;316.03;316.03;315.8;315.95;75937
SBER;5;20260225;163000;315.96;316.29;315.95;316.15;93459
SBER;5;20260225;163500;316.15;316.15;316.02;316.07;42328
SBER;5;20260225;164000;316.09;316.21;315.93;316.03;97061
SBER;5;20260225;164500;316.03;316.07;316.01;316.05;17745
SBER;5;20260225;165000;316.06;316.06;315.93;315.98;59345
SBER;5;20260225;165500;315.97;316.15;315.97;316.12;82889
SBER;5;20260225;170000;316.11;316.21;316.08;316.21;160967
SBER;5;20260225;170500;316.21;316.38;316.2;316.37;121583
SBER;5;20260225;171000;316.36;316.38;316.3;316.38;134203
SBER;5;20260225;171500;316.37;316.38;316.29;316.38;85622
SBER;5;20260225;172000;316.38;316.38;316.27;316.38;107869
SBER;5;20260225;172500;316.38;316.38;316.25;316.31;96102
SBER;5;20260225;173000;316.32;316.38;316.25;316.36;74396
SBER;5;20260225;173500;316.38;316.38;316.15;316.38;165113
SBER;5;20260225;174000;316.38;316.38;316.35;316.38;67498
SBER;5;20260225;174500;316.38;316.38;316.32;316.34;65854
SBER;5;20260225;175000;316.38;316.4;316.35;316.39;116699
SBER;5;20260225;175500;316.4;316.4;316.35;316.4;184154
SBER;5;20260225;180000;316.4;316.42;316.33;316.42;187714
SBER;5;20260225;180500;316.41;316.42;316.41;316.42;204599
SBER;5;20260225;181000;316.41;316.65;316.41;316.65;499258
SBER;5;20260225;181500;316.65;317;316.64;317;1227940
SBER;5;20260225;182000;317;317;316.98;317;375782
SBER;5;20260225;182500;316.99;317.45;316.99;317.39;648630
SBER;5;20260225;183000;317.39;317.49;317.15;317.26;354701
SBER;5;20260225;183500;317.27;317.49;317.22;317.4;220403
SBER;5;20260225;184500;317.4;317.4;317.4;317.4;32656
SBER;5;20260225;190000;317.39;317.49;317.2;317.25;124103
SBER;5;20260225;190500;317.23;317.38;317.15;317.16;122527
SBER;5;20260225;191000;317.16;317.37;317.14;317.37;89306
SBER;5;20260225;191500;317.37;317.4;317.23;317.32;41002
SBER;5;20260225;192000;317.32;317.39;317.26;317.32;55688
SBER;5;20260225;192500;317.31;317.34;317.25;317.33;48870
SBER;5;20260225;193000;317.33;317.33;317.25;317.26;46391
SBER;5;20260225;193500;317.27;317.27;317.23;317.24;72373
SBER;5;20260225;194000;317.25;317.25;317.2;317.2;95814
SBER;5;20260225;194500;317.2;317.24;317.2;317.22;44685
SBER;5;20260225;195000;317.23;317.24;317.21;317.24;40045
SBER;5;20260225;195500;317.24;317.25;317.2;317.2;73903
SBER;5;20260225;200000;317.2;317.25;317.2;317.24;68234
SBER;5;20260225;200500;317.23;317.23;317.2;317.2;68520
SBER;5;20260225;201000;317.21;317.24;317.2;317.24;53070
SBER;5;20260225;201500;317.24;317.28;317.23;317.26;25970
SBER;5;20260225;202000;317.27;317.28;317.23;317.24;32644
SBER;5;20260225;202500;317.23;317.24;317.21;317.21;17885
SBER;5;20260225;203000;317.22;317.39;317.21;317.38;78266
SBER;5;20260225;203500;317.38;317.46;317.37;317.46;84937
SBER;5;20260225;204000;317.46;317.5;317.34;317.36;119788
SBER;5;20260225;204500;317.35;317.36;317.34;317.36;8067
SBER;5;20260225;205000;317.36;317.4;317.35;317.4;40204
SBER;5;20260225;205500;317.4;317.78;317.39;317.75;320287
SBER;5;20260225;210000;317.76;317.83;317.73;317.83;105135
SBER;5;20260225;210500;317.83;317.83;317.71;317.72;86718
SBER;5;20260225;211000;317.73;317.76;317.56;317.65;112537
SBER;5;20260225;211500;317.64;317.75;317.64;317.65;29040
SBER;5;20260225;212000;317.65;317.65;317.48;317.51;71083
SBER;5;20260225;212500;317.49;317.52;317.28;317.39;123478
SBER;5;20260225;213000;317.39;317.39;317.23;317.3;55141
SBER;5;20260225;213500;317.31;317.4;317.3;317.38;22312
SBER;5;20260225;214000;317.38;317.38;317.29;317.3;27229
SBER;5;20260225;214500;317.3;317.32;317.27;317.31;21119
SBER;5;20260225;215000;317.31;317.33;317.27;317.31;41452
SBER;5;20260225;215500;317.31;317.31;317.25;317.26;12723
SBER;5;20260225;220000;317.25;317.26;317.22;317.22;23088
SBER;5;20260225;220500;317.22;317.26;317.21;317.26;73479
SBER;5;20260225;221000;317.25;317.26;317.24;317.26;14252
SBER;5;20260225;221500;317.26;317.34;317.24;317.34;80623
SBER;5;20260225;222000;317.34;317.34;317.2;317.21;113628
SBER;5;20260225;222500;317.23;317.23;317.17;317.18;171556
SBER;5;20260225;223000;317.17;317.18;317.03;317.05;73136
SBER;5;20260225;223500;317.07;317.07;317;317.03;24647
SBER;5;20260225;224000;317.02;317.05;316.81;317;71930
SBER;5;20260225;224500;317.01;317.04;316.94;317.04;10181
SBER;5;20260225;225000;317.03;317.15;317;317.15;90730
SBER;5;20260225;225500;317.14;317.15;317;317.14;30869
SBER;5;20260225;230000;317.1;317.13;317.01;317.06;18440
SBER;5;20260225;230500;317.06;317.12;317.05;317.12;16305
SBER;5;20260225;231000;317.1;317.2;317.1;317.19;27766
SBER;5;20260225;231500;317.2;317.34;317.14;317.24;54235
SBER;5;20260225;232000;317.25;317.26;317.16;317.23;20496
SBER;5;20260225;232500;317.23;317.32;317.16;317.32;21775
SBER;5;20260225;233000;317.32;317.6;317.31;317.5;111877
SBER;5;20260225;233500;317.5;317.57;317.41;317.57;81622
SBER;5;20260225;234000;317.53;317.57;317.48;317.51;33785
SBER;5;20260225;234500;317.49;317.54;317.48;317.53;46360
SBER;5;20260226;070000;317.58;318.2;316.25;317.39;505670
SBER;5;20260226;070500;317.4;317.48;317.39;317.4;31155
SBER;5;20260226;071000;317.4;317.86;317.35;317.71;65028
SBER;5;20260226;071500;317.73;317.74;317.54;317.74;42151
SBER;5;20260226;072000;317.72;317.83;317.62;317.75;44460
SBER;5;20260226;072500;317.78;317.95;317.73;317.88;68649
SBER;5;20260226;073000;317.91;318.29;317.86;318.07;211329
SBER;5;20260226;073500;318.1;318.1;317.91;317.97;87158
SBER;5;20260226;074000;317.97;318.36;317.96;318.31;139110
SBER;5;20260226;074500;318.3;318.43;318.3;318.43;76141
SBER;5;20260226;075000;318.43;318.44;318.21;318.35;76661
SBER;5;20260226;075500;318.39;318.88;318.39;318.65;313284
SBER;5;20260226;080000;318.65;318.65;318.5;318.51;45278
SBER;5;20260226;080500;318.51;318.53;318.4;318.45;57303
SBER;5;20260226;081000;318.45;318.45;318.32;318.41;19839
SBER;5;20260226;081500;318.41;318.59;318.4;318.59;30877
SBER;5;20260226;082000;318.57;318.74;318.55;318.6;58306
SBER;5;20260226;082500;318.6;318.6;318.5;318.51;66752
SBER;5;20260226;083000;318.51;318.52;318.4;318.4;67789
SBER;5;20260226;083500;318.41;318.43;318.3;318.42;66467
SBER;5;20260226;084000;318.42;318.42;318.23;318.3;88641
SBER;5;20260226;084500;318.24;318.27;318.22;318.27;22560
SBER;5;20260226;085000;318.27;318.28;318.21;318.23;19774
SBER;5;20260226;085500;318.23;318.6;318.2;318.58;74220
SBER;5;20260226;090000;318.54;318.54;318.11;318.12;227877
SBER;5;20260226;090500;318.11;318.2;318.03;318.19;65212
SBER;5;20260226;091000;318.2;318.33;318.11;318.29;31094
SBER;5;20260226;091500;318.29;318.54;318.28;318.54;80227
SBER;5;20260226;092000;318.54;318.68;318.29;318.3;373164
SBER;5;20260226;092500;318.3;318.37;318.19;318.3;65749
SBER;5;20260226;093000;318.3;318.5;318.16;318.32;157415
SBER;5;20260226;093500;318.31;318.33;318.16;318.22;62896
SBER;5;20260226;094000;318.23;318.24;318.13;318.15;62704
SBER;5;20260226;094500;318.14;318.15;317.92;317.93;230262
SBER;5;20260226;095000;317.93;318.16;317.7;318.08;464682
SBER;5;20260226;095500;318.08;318.2;318.03;318.17;80995
SBER;5;20260226;100000;318.15;318.18;317.57;317.67;253315
SBER;5;20260226;100500;317.67;317.73;317.52;317.7;224737
SBER;5;20260226;101000;317.71;317.92;317.65;317.69;111014
SBER;5;20260226;101500;317.69;317.85;317.45;317.54;277416
SBER;5;20260226;102000;317.54;317.73;317.53;317.56;141229
SBER;5;20260226;102500;317.56;317.7;317.51;317.7;53826
SBER;5;20260226;103000;317.68;317.8;317.67;317.75;108008
SBER;5;20260226;103500;317.77;317.77;317.45;317.6;134238
SBER;5;20260226;104000;317.6;317.74;317.59;317.72;172112
SBER;5;20260226;104500;317.73;317.76;317.72;317.74;92391
SBER;5;20260226;105000;317.74;317.74;317.72;317.73;117512
SBER;5;20260226;105500;317.73;317.78;317.72;317.78;44001
SBER;5;20260226;110000;317.77;317.8;317.76;317.79;113631
SBER;5;20260226;110500;317.8;317.89;317.75;317.89;72708
SBER;5;20260226;111000;317.89;317.99;317.83;317.98;130032
SBER;5;20260226;111500;317.97;317.99;317.5;317.59;252397
SBER;5;20260226;112000;317.58;317.95;317.57;317.85;418907
SBER;5;20260226;112500;317.85;317.9;317.69;317.77;68335
SBER;5;20260226;113000;317.79;317.99;317.76;317.99;106453
SBER;5;20260226;113500;317.97;317.99;317.9;317.96;129754
SBER;5;20260226;114000;317.96;317.99;317.86;317.87;192577
SBER;5;20260226;114500;317.87;317.91;317.78;317.79;71013
SBER;5;20260226;115000;317.79;317.79;317.44;317.44;116612
SBER;5;20260226;115500;317.44;317.45;317.21;317.39;257575
SBER;5;20260226;120000;317.39;317.4;317.29;317.34;44489
SBER;5;20260226;120500;317.34;317.4;317.22;317.33;166318
SBER;5;20260226;121000;317.32;317.43;317.29;317.42;120508
SBER;5;20260226;121500;317.43;317.69;317.43;317.45;247683
SBER;5;20260226;122000;317.47;317.5;317.29;317.3;29765
SBER;5;20260226;122500;317.3;317.37;317.15;317.16;121442
SBER;5;20260226;123000;317.17;317.2;317.15;317.18;49080
SBER;5;20260226;123500;317.19;317.2;317.1;317.11;61547
SBER;5;20260226;124000;317.13;317.13;317;317.05;170540
SBER;5;20260226;124500;317.06;317.24;317.05;317.2;94671
SBER;5;20260226;125000;317.2;317.2;317.18;317.19;14648
SBER;5;20260226;125500;317.19;317.24;317.17;317.18;17234
SBER;5;20260226;130000;317.18;317.23;317.16;317.22;24557
SBER;5;20260226;130500;317.21;317.37;317.21;317.35;59444
SBER;5;20260226;131000;317.36;317.5;317.3;317.5;80683
SBER;5;20260226;131500;317.52;317.68;317.5;317.66;130918
SBER;5;20260226;132000;317.67;317.74;317.65;317.66;79842
SBER;5;20260226;132500;317.66;317.7;317.56;317.69;63767
SBER;5;20260226;133000;317.7;317.7;317.6;317.64;21911
SBER;5;20260226;133500;317.63;317.67;317.51;317.51;26389
SBER;5;20260226;134000;317.53;317.58;317.51;317.58;34242
SBER;5;20260226;134500;317.58;317.7;317.52;317.7;22409
SBER;5;20260226;135000;317.7;317.92;317.63;317.91;65960
SBER;5;20260226;135500;317.92;318;317.78;317.94;181342
SBER;5;20260226;140000;317.93;317.99;317.89;317.9;40616
SBER;5;20260226;140500;317.9;317.94;317.78;317.79;36418
SBER;5;20260226;141000;317.78;317.98;317.59;317.7;257882
SBER;5;20260226;141500;317.7;317.93;317.63;317.91;58595
SBER;5;20260226;142000;317.9;317.94;317.8;317.84;28797
SBER;5;20260226;142500;317.84;317.87;317.41;317.43;116052
SBER;5;20260226;143000;317.42;317.54;317.2;317.47;186890
SBER;5;20260226;143500;317.49;317.62;317.48;317.61;42268
SBER;5;20260226;144000;317.61;317.61;317.35;317.45;158830
SBER;5;20260226;144500;317.44;317.51;317.34;317.42;63441
SBER;5;20260226;145000;317.45;317.54;317.42;317.53;49954
SBER;5;20260226;145500;317.53;317.53;317.31;317.41;59221
SBER;5;20260226;150000;317.4;317.4;317.24;317.29;52402
SBER;5;20260226;150500;317.29;317.29;317.08;317.17;80596
SBER;5;20260226;151000;317.16;317.29;317.13;317.28;155320
SBER;5;20260226;151500;317.28;317.28;317.21;317.23;58873
SBER;5;20260226;152000;317.23;317.35;317.22;317.22;53796
SBER;5;20260226;152500;317.24;317.24;317.01;317.14;138970
SBER;5;20260226;153000;317.15;317.15;317.08;317.15;99120
SBER;5;20260226;153500;317.15;317.2;317.14;317.15;57579
SBER;5;20260226;154000;317.15;317.34;317.15;317.34;91713
SBER;5;20260226;154500;317.33;317.5;317.3;317.49;58537
SBER;5;20260226;155000;317.49;317.54;317.48;317.51;32484
SBER;5;20260226;155500;317.51;317.53;317.43;317.49;53095
SBER;5;20260226;160000;317.49;317.5;317.3;317.34;75725
SBER;5;20260226;160500;317.36;317.38;317.3;317.33;33835
SBER;5;20260226;161000;317.33;317.33;317.22;317.24;41774
SBER;5;20260226;161500;317.24;317.27;317.16;317.23;33902
SBER;5;20260226;162000;317.23;317.23;317.15;317.18;41692
SBER;5;20260226;162500;317.18;317.2;317.17;317.2;49061
SBER;5;20260226;163000;317.2;317.33;317.19;317.32;122307
SBER;5;20260226;163500;317.33;317.33;317.3;317.33;49202
SBER;5;20260226;164000;317.32;317.33;317.28;317.29;14811
SBER;5;20260226;164500;317.32;317.33;317.27;317.3;46504
SBER;5;20260226;165000;317.3;317.3;317.25;317.29;18920
SBER;5;20260226;165500;317.29;317.3;317.24;317.3;22264
SBER;5;20260226;170000;317.27;317.33;317.27;317.3;11511
SBER;5;20260226;170500;317.33;317.33;317.21;317.26;40410
SBER;5;20260226;171000;317.24;317.3;317.24;317.28;10436
SBER;5;20260226;171500;317.29;317.33;317.27;317.33;26823
SBER;5;20260226;172000;317.33;317.33;316.8;316.92;428384
SBER;5;20260226;172500;316.94;317.15;316.84;317.13;127718
SBER;5;20260226;173000;317.13;317.13;316.7;316.91;240937
SBER;5;20260226;173500;316.91;316.94;316.68;316.82;159208
SBER;5;20260226;174000;316.82;316.92;316.79;316.88;93795
SBER;5;20260226;174500;316.87;317.01;316.76;317;187511
SBER;5;20260226;175000;317.01;317.02;316.98;317;71612
SBER;5;20260226;175500;317.01;317.05;317;317.05;33874
SBER;5;20260226;180000;317.05;317.05;316.91;317.05;157355
SBER;5;20260226;180500;317.04;317.1;317.04;317.09;33568
SBER;5;20260226;181000;317.09;317.13;317.09;317.12;35417
SBER;5;20260226;181500;317.13;317.13;317.01;317.02;82831
SBER;5;20260226;182000;317.01;317.03;316.86;317.01;191621
SBER;5;20260226;182500;317.01;317.1;316.64;316.69;269621
SBER;5;20260226;183000;316.68;316.68;316.2;316.3;1116642
SBER;5;20260226;183500;316.3;316.32;316.1;316.1;424637
SBER;5;20260226;184500;316.11;316.11;316.11;316.11;52944
SBER;5;20260226;190000;316.12;316.41;316.06;316.16;142506
SBER;5;20260226;190500;316.11;316.11;315;315.43;1251452
SBER;5;20260226;191000;315.43;315.43;315.15;315.17;184829
SBER;5;20260226;191500;315.16;315.46;315;315.41;239820
SBER;5;20260226;192000;315.41;315.41;315.15;315.39;107619
SBER;5;20260226;192500;315.39;315.39;315.3;315.33;54112
SBER;5;20260226;193000;315.32;315.32;315.27;315.29;69657
SBER;5;20260226;193500;315.29;315.42;315.29;315.42;55156
SBER;5;20260226;194000;315.42;315.5;315.32;315.33;112604
SBER;5;20260226;194500;315.32;315.48;315.32;315.4;34356
SBER;5;20260226;195000;315.39;315.39;315.34;315.37;38404
SBER;5;20260226;195500;315.37;315.4;315.36;315.39;76589
SBER;5;20260226;200000;315.39;315.39;315.24;315.24;66328
SBER;5;20260226;200500;315.25;315.31;315.23;315.31;53218
SBER;5;20260226;201000;315.32;315.45;315.31;315.44;23669
SBER;5;20260226;201500;315.44;315.49;315.43;315.48;34681
SBER;5;20260226;202000;315.48;315.65;315.47;315.57;106424
SBER;5;20260226;202500;315.58;315.58;315.4;315.52;78380
SBER;5;20260226;203000;315.52;315.6;315.47;315.56;24015
SBER;5;20260226;203500;315.56;315.57;315.42;315.5;51157
SBER;5;20260226;204000;315.5;315.54;315.48;315.54;94727
SBER;5;20260226;204500;315.53;315.65;315.53;315.63;45764
SBER;5;20260226;205000;315.64;315.77;315.64;315.73;76549
SBER;5;20260226;205500;315.72;315.75;315.69;315.75;25154
SBER;5;20260226;210000;315.75;315.77;315.72;315.76;30461
SBER;5;20260226;210500;315.76;315.79;315.75;315.75;35801
SBER;5;20260226;211000;315.75;315.76;315.69;315.7;28268
SBER;5;20260226;211500;315.7;315.7;315.42;315.59;102546
SBER;5;20260226;212000;315.59;315.66;315.56;315.66;22310
SBER;5;20260226;212500;315.66;315.67;315.6;315.63;14897
SBER;5;20260226;213000;315.63;315.63;315.56;315.59;16379
SBER;5;20260226;213500;315.59;315.59;315.41;315.55;44512
SBER;5;20260226;214000;315.55;315.56;315.5;315.5;7648
SBER;5;20260226;214500;315.51;315.51;315.32;315.36;40649
SBER;5;20260226;215000;315.35;315.45;315.31;315.41;21628
SBER;5;20260226;215500;315.4;315.51;315.4;315.51;19917
SBER;5;20260226;220000;315.5;315.51;315.36;315.37;22706
SBER;5;20260226;220500;315.41;315.58;315.38;315.45;18278
SBER;5;20260226;221000;315.44;315.45;315.4;315.42;4599
SBER;5;20260226;221500;315.42;315.73;315.41;315.7;61035
SBER;5;20260226;222000;315.7;315.8;315.69;315.71;45454
SBER;5;20260226;222500;315.71;315.76;315.7;315.71;9899
SBER;5;20260226;223000;315.7;315.8;315.7;315.8;29903
SBER;5;20260226;223500;315.79;315.79;315.7;315.7;14640
SBER;5;20260226;224000;315.72;315.74;315.67;315.68;10799
SBER;5;20260226;224500;315.68;315.74;315.64;315.74;15464
SBER;5;20260226;225000;315.74;315.75;315.63;315.67;8415
SBER;5;20260226;225500;315.66;315.76;315.64;315.75;7371
SBER;5;20260226;230000;315.75;315.76;315.68;315.71;9803
SBER;5;20260226;230500;315.71;315.71;315.61;315.67;11487
SBER;5;20260226;231000;315.67;315.71;315.55;315.62;12021
SBER;5;20260226;231500;315.62;315.62;315.49;315.5;23394
SBER;5;20260226;232000;315.5;315.5;315.36;315.4;12310
SBER;5;20260226;232500;315.4;315.49;315.35;315.46;45648
SBER;5;20260226;233000;315.46;315.46;315.35;315.4;14715
SBER;5;20260226;233500;315.41;315.69;315.41;315.61;32590
SBER;5;20260226;234000;315.61;315.69;315.45;315.65;12184
SBER;5;20260226;234500;315.69;315.69;315.42;315.6;16959
SBER;5;20260227;070000;315.95;315.99;315.51;315.58;54033
SBER;5;20260227;070500;315.58;315.8;315.48;315.77;38743
SBER;5;20260227;071000;315.8;315.8;315.59;315.63;8555
SBER;5;20260227;071500;315.63;315.63;315.4;315.51;18670
SBER;5;20260227;072000;315.51;315.53;315.43;315.52;7819
SBER;5;20260227;072500;315.52;315.6;315.48;315.57;2878
SBER;5;20260227;073000;315.58;315.82;315.56;315.82;23032
SBER;5;20260227;073500;315.82;315.88;315.73;315.77;17733
SBER;5;20260227;074000;315.79;315.9;315.76;315.76;18566
SBER;5;20260227;074500;315.83;315.83;315.35;315.47;116081
SBER;5;20260227;075000;315.47;315.49;315.29;315.3;39892
SBER;5;20260227;075500;315.29;315.33;315.17;315.18;40925
SBER;5;20260227;080000;315.17;315.18;314.5;315;221479
SBER;5;20260227;080500;315;315.04;314.87;314.92;22701
SBER;5;20260227;081000;314.92;314.94;314.9;314.94;11724
SBER;5;20260227;081500;314.94;315;314.93;314.93;29846
SBER;5;20260227;082000;314.95;314.95;314.69;314.7;44102
SBER;5;20260227;082500;314.7;314.7;314.57;314.66;82988
SBER;5;20260227;083000;314.66;314.66;314.25;314.54;162137
SBER;5;20260227;083500;314.55;314.7;314.45;314.7;69768
SBER;5;20260227;084000;314.7;314.93;314.64;314.93;42928
SBER;5;20260227;084500;314.93;314.95;314.93;314.93;24033
SBER;5;20260227;085000;314.93;315;314.9;315;38151
SBER;5;20260227;085500;315;315.07;314.96;314.99;43050
SBER;5;20260227;090000;314.99;315.2;314.99;315.17;178024
SBER;5;20260227;090500;315.17;315.17;315.06;315.1;41801
SBER;5;20260227;091000;315.09;315.1;315.08;315.1;9895
SBER;5;20260227;091500;315.1;315.2;315.1;315.15;77152
SBER;5;20260227;092000;315.16;315.29;315.13;315.2;83602
SBER;5;20260227;092500;315.2;315.26;315.14;315.17;48665
SBER;5;20260227;093000;315.2;315.2;315.07;315.07;29752
SBER;5;20260227;093500;315.08;315.2;315.05;315.13;27537
SBER;5;20260227;094000;315.13;315.53;315.1;315.27;91943
SBER;5;20260227;094500;315.28;315.28;315.1;315.12;76303
SBER;5;20260227;095000;315.12;315.39;315.01;315.29;82513
SBER;5;20260227;095500;315.3;315.3;313.32;313.73;2093233
SBER;5;20260227;100000;313.73;314.5;313.65;314.45;1181586
SBER;5;20260227;100500;314.45;314.46;313.78;313.98;661496
SBER;5;20260227;101000;313.98;314.45;313.98;314.3;374461
SBER;5;20260227;101500;314.3;314.51;314.08;314.3;527028
SBER;5;20260227;102000;314.32;314.46;314.3;314.32;200555
SBER;5;20260227;102500;314.32;314.32;314.14;314.22;172415
SBER;5;20260227;103000;314.22;314.23;313.89;313.9;190278
SBER;5;20260227;103500;313.91;314;313.61;313.93;442127
SBER;5;20260227;104000;313.9;313.95;313.65;313.73;344208
SBER;5;20260227;104500;313.75;313.75;313.43;313.51;480855
SBER;5;20260227;105000;313.52;313.91;313.5;313.91;176554
SBER;5;20260227;105500;313.91;313.91;313.75;313.81;144158
SBER;5;20260227;110000;313.8;313.82;313.7;313.81;208687
SBER;5;20260227;110500;313.8;314.06;313.8;314.05;119224
SBER;5;20260227;111000;314.05;314.14;314;314.01;176839
SBER;5;20260227;111500;314.01;314.05;313.83;314;149568
SBER;5;20260227;112000;314;314.02;313.7;313.76;333954
SBER;5;20260227;112500;313.76;313.88;313.59;313.83;128350
SBER;5;20260227;113000;313.83;313.91;313.71;313.81;152652
SBER;5;20260227;113500;313.81;313.86;313.71;313.78;80728
SBER;5;20260227;114000;313.78;313.79;313.66;313.67;132371
SBER;5;20260227;114500;313.66;313.68;313.5;313.67;125424
SBER;5;20260227;115000;313.67;313.99;313.62;313.99;332643
SBER;5;20260227;115500;313.98;314.44;313.94;314.01;300237
SBER;5;20260227;120000;314.01;314.01;313.6;313.65;154407
SBER;5;20260227;120500;313.65;313.85;313.61;313.7;69797
SBER;5;20260227;121000;313.73;313.94;313.64;313.94;59570
SBER;5;20260227;121500;313.94;314;313.76;313.99;129491
SBER;5;20260227;122000;314;314.24;313.99;314.21;97514
SBER;5;20260227;122500;314.21;314.21;314;314.11;131546
SBER;5;20260227;123000;314.11;314.18;314;314.05;79369
SBER;5;20260227;123500;314.05;314.06;313.93;314.03;72477
SBER;5;20260227;124000;314.03;314.26;314;314.23;66820
SBER;5;20260227;124500;314.23;314.25;314;314.08;112197
SBER;5;20260227;125000;314.08;314.17;314.02;314.17;67857
SBER;5;20260227;125500;314.17;314.27;314.11;314.18;123094
SBER;5;20260227;130000;314.12;314.28;314.12;314.17;89119
SBER;5;20260227;130500;314.17;314.25;314.15;314.19;21118
SBER;5;20260227;131000;314.18;314.24;314.1;314.21;58978
SBER;5;20260227;131500;314.21;314.29;314.15;314.26;70675
SBER;5;20260227;132000;314.27;314.28;314.17;314.24;67959
SBER;5;20260227;132500;314.23;314.28;314.19;314.28;73553
SBER;5;20260227;133000;314.28;314.28;314.19;314.23;60212
SBER;5;20260227;133500;314.24;314.28;314.11;314.21;126729
SBER;5;20260227;134000;314.26;314.39;314.2;314.39;208599
SBER;5;20260227;134500;314.39;314.67;314.36;314.59;159910
SBER;5;20260227;135000;314.6;314.67;314.53;314.6;113876
SBER;5;20260227;135500;314.61;314.63;314.39;314.42;78174
SBER;5;20260227;140000;314.42;314.54;314.4;314.49;21862
SBER;5;20260227;140500;314.49;315.01;314.46;315;246871
SBER;5;20260227;141000;315.01;315.07;314.91;314.96;92152
SBER;5;20260227;141500;314.95;314.96;314.8;314.82;65686
SBER;5;20260227;142000;314.83;314.89;314.8;314.83;36128
SBER;5;20260227;142500;314.82;314.87;314.8;314.81;22933
SBER;5;20260227;143000;314.81;314.93;314.8;314.91;76698
SBER;5;20260227;143500;314.92;315.06;314.91;315.03;138869
SBER;5;20260227;144000;315.03;315.04;314.94;314.96;33449
SBER;5;20260227;144500;314.96;314.99;314.92;314.99;30644
SBER;5;20260227;145000;314.99;315.48;314.91;315.45;250049
SBER;5;20260227;145500;315.47;315.61;315.2;315.44;263836
SBER;5;20260227;150000;315.46;315.79;315.36;315.39;346822
SBER;5;20260227;150500;315.42;315.42;315.2;315.25;74210
SBER;5;20260227;151000;315.25;315.4;315.16;315.38;53837
SBER;5;20260227;151500;315.38;315.54;315.3;315.33;63562
SBER;5;20260227;152000;315.33;315.43;315.31;315.32;24386
SBER;5;20260227;152500;315.32;315.32;315.1;315.17;87697
SBER;5;20260227;153000;315.17;315.42;315.16;315.26;64705
SBER;5;20260227;153500;315.26;315.28;315.15;315.17;115568
SBER;5;20260227;154000;315.18;315.18;314.85;314.88;141708
SBER;5;20260227;154500;314.88;314.92;314.84;314.84;44350
SBER;5;20260227;155000;314.83;314.87;314.79;314.84;38427
SBER;5;20260227;155500;314.83;314.87;314.81;314.86;30628
SBER;5;20260227;160000;314.87;314.89;314.68;314.72;231621
SBER;5;20260227;160500;314.72;314.92;314.6;314.89;62213
SBER;5;20260227;161000;314.89;315.13;314.86;315.05;75112
SBER;5;20260227;161500;315.05;315.6;315.05;315.47;167853
SBER;5;20260227;162000;315.47;315.69;315.01;315.22;222652
SBER;5;20260227;162500;315.23;315.37;315.2;315.22;106829
SBER;5;20260227;163000;315.22;315.23;314.96;315.04;47899
SBER;5;20260227;163500;315.04;315.07;314.8;314.95;90080
SBER;5;20260227;164000;314.94;314.99;314.85;314.91;49233
SBER;5;20260227;164500;314.91;314.96;314.84;314.93;30016
SBER;5;20260227;165000;314.93;315.38;314.89;315.31;124416
SBER;5;20260227;165500;315.31;315.55;315.28;315.53;188651
SBER;5;20260227;170000;315.53;315.55;315.48;315.5;83700
SBER;5;20260227;170500;315.5;315.5;315.44;315.5;75377
SBER;5;20260227;171000;315.49;315.55;315.29;315.34;98824
SBER;5;20260227;171500;315.35;315.53;315.35;315.52;45123
SBER;5;20260227;172000;315.52;315.65;315.52;315.6;55422
SBER;5;20260227;172500;315.6;315.7;315.33;315.36;115363
SBER;5;20260227;173000;315.36;315.44;315.34;315.38;62610
SBER;5;20260227;173500;315.4;315.4;315.08;315.28;107445
SBER;5;20260227;174000;315.28;315.42;315.23;315.3;55942
SBER;5;20260227;174500;315.29;315.45;315.25;315.39;81249
SBER;5;20260227;175000;315.38;315.52;315.31;315.46;94810
SBER;5;20260227;175500;315.5;315.72;315.46;315.71;67647
SBER;5;20260227;180000;315.71;315.86;315.62;315.65;169495
SBER;5;20260227;180500;315.64;315.84;315.58;315.84;137023
SBER;5;20260227;181000;315.83;315.93;315.67;315.7;95319
SBER;5;20260227;181500;315.7;315.82;315.57;315.72;104274
SBER;5;20260227;182000;315.72;315.86;315.63;315.86;78886
SBER;5;20260227;182500;315.85;315.9;315.81;315.86;73294
SBER;5;20260227;183000;315.86;315.86;315.77;315.8;41104
SBER;5;20260227;183500;315.79;315.91;315.75;315.91;128457
SBER;5;20260227;184500;315.94;315.94;315.94;315.94;52229
SBER;5;20260227;190000;315.92;315.96;315.6;315.6;48112
SBER;5;20260227;190500;315.61;315.98;315.61;315.92;61276
SBER;5;20260227;191000;315.92;316.16;315.79;316.06;165290
SBER;5;20260227;191500;316.16;316.2;316;316.07;165179
SBER;5;20260227;192000;316.07;316.09;316.03;316.04;35967
SBER;5;20260227;192500;316.05;316.05;315.85;315.86;50825
SBER;5;20260227;193000;315.86;315.86;315.65;315.65;32954
SBER;5;20260227;193500;315.66;315.73;315.45;315.68;119023
SBER;5;20260227;194000;315.68;315.69;315.57;315.58;13256
SBER;5;20260227;194500;315.58;315.72;315.41;315.63;42838
SBER;5;20260227;195000;315.63;315.67;315.44;315.47;47980
SBER;5;20260227;195500;315.47;315.49;315.44;315.46;20830
SBER;5;20260227;200000;315.46;315.48;315.38;315.48;66338
SBER;5;20260227;200500;315.47;315.55;315.42;315.49;15710
SBER;5;20260227;201000;315.48;315.53;315.4;315.47;24346
SBER;5;20260227;201500;315.47;315.47;315.4;315.4;7852
SBER;5;20260227;202000;315.42;315.44;315.27;315.42;21336
SBER;5;20260227;202500;315.43;315.45;315.3;315.31;15723
SBER;5;20260227;203000;315.31;315.39;315.27;315.35;14337
SBER;5;20260227;203500;315.35;315.55;315.34;315.53;27926
SBER;5;20260227;204000;315.52;315.57;315.49;315.57;13029
SBER;5;20260227;204500;315.57;315.59;315.55;315.57;16965
SBER;5;20260227;205000;315.57;315.7;315.56;315.64;29508
SBER;5;20260227;205500;315.64;315.68;315.61;315.62;15540
SBER;5;20260227;210000;315.62;315.77;315.36;315.73;124569
SBER;5;20260227;210500;315.74;315.81;315.65;315.77;30169
SBER;5;20260227;211000;315.77;315.89;315.76;315.81;32871
SBER;5;20260227;211500;315.81;315.82;315.76;315.78;12113
SBER;5;20260227;212000;315.79;315.79;315.76;315.77;8264
SBER;5;20260227;212500;315.77;315.86;315.76;315.86;29216
SBER;5;20260227;213000;315.85;315.94;315.85;315.94;32114
SBER;5;20260227;213500;315.94;315.94;315.83;315.83;18697
SBER;5;20260227;214000;315.83;315.87;315.77;315.79;20261
SBER;5;20260227;214500;315.79;315.85;315.78;315.81;85839
SBER;5;20260227;215000;315.8;315.85;315.71;315.75;54593
SBER;5;20260227;215500;315.75;315.75;315.72;315.74;3797
SBER;5;20260227;220000;315.74;315.75;315.72;315.73;9033
SBER;5;20260227;220500;315.73;315.73;315.64;315.68;11848
SBER;5;20260227;221000;315.68;315.68;315.56;315.63;16103
SBER;5;20260227;221500;315.63;315.63;315.56;315.6;5204
SBER;5;20260227;222000;315.62;315.68;315.61;315.65;5850
SBER;5;20260227;222500;315.65;315.71;315.64;315.65;11010
SBER;5;20260227;223000;315.68;315.71;315.65;315.7;24929
SBER;5;20260227;223500;315.69;315.69;315.65;315.66;8733
SBER;5;20260227;224000;315.66;315.66;315.45;315.53;34209
SBER;5;20260227;224500;315.54;315.54;315.45;315.49;11420
SBER;5;20260227;225000;315.49;315.5;315.41;315.41;15410
SBER;5;20260227;225500;315.42;315.44;315.35;315.42;4708
SBER;5;20260227;230000;315.42;315.42;315.35;315.39;9378
SBER;5;20260227;230500;315.39;315.54;315.38;315.52;27646
SBER;5;20260227;231000;315.52;315.53;315.48;315.49;18891
SBER;5;20260227;231500;315.49;315.59;315.44;315.59;30383
SBER;5;20260227;232000;315.59;315.71;315.58;315.71;22783
SBER;5;20260227;232500;315.71;315.71;315.6;315.7;35023
SBER;5;20260227;233000;315.68;315.71;315.46;315.5;33955
SBER;5;20260227;233500;315.46;315.67;315.43;315.64;42901
SBER;5;20260227;234000;315.64;315.7;315.53;315.62;10432
SBER;5;20260227;234500;315.56;316;315.56;315.63;129336
SBER;5;20260228;095500;315.71;315.71;315.71;315.71;1942
SBER;5;20260228;100000;315.72;315.94;315.7;315.75;19063
SBER;5;20260228;100500;315.75;315.75;315.6;315.67;19529
SBER;5;20260228;101000;315.67;315.67;315.03;315.16;58947
SBER;5;20260228;101500;315.15;315.26;315.14;315.23;31032
SBER;5;20260228;102000;315.23;315.52;315.22;315.31;89477
SBER;5;20260228;102500;315.36;315.36;315.05;315.18;50230
SBER;5;20260228;103000;315.18;315.2;314.16;314.34;293107
SBER;5;20260228;103500;314.24;314.63;314.21;314.43;149826
SBER;5;20260228;104000;314.43;314.81;314.39;314.7;149814
SBER;5;20260228;104500;314.7;314.84;314.47;314.5;71927
SBER;5;20260228;105000;314.5;314.5;314.34;314.5;54033
SBER;5;20260228;105500;314.5;314.56;314.38;314.46;96012
SBER;5;20260228;110000;314.45;314.49;314.31;314.35;35848
SBER;5;20260228;110500;314.36;314.59;314.34;314.59;48432
SBER;5;20260228;111000;314.59;314.86;314.56;314.85;37740
SBER;5;20260228;111500;314.85;314.92;314.65;314.69;56196
SBER;5;20260228;112000;314.65;314.71;314.43;314.5;79880
SBER;5;20260228;112500;314.5;314.56;314.4;314.56;50075
SBER;5;20260228;113000;314.56;314.56;314.32;314.45;48762
SBER;5;20260228;113500;314.45;314.5;314.26;314.46;79637
SBER;5;20260228;114000;314.4;314.49;314.22;314.26;71167
SBER;5;20260228;114500;314.3;314.3;313.83;313.96;431472
SBER;5;20260228;115000;314.02;314.37;313.9;314.29;91404
SBER;5;20260228;115500;314.29;314.49;314.29;314.49;33029
SBER;5;20260228;120000;314.49;314.5;313.74;313.77;277692
SBER;5;20260228;120500;313.77;313.99;313.7;313.92;90429
SBER;5;20260228;121000;313.9;313.96;313.72;313.96;67245
SBER;5;20260228;121500;313.94;313.99;313.79;313.93;98364
SBER;5;20260228;122000;313.94;313.99;313.72;313.94;68999
SBER;5;20260228;122500;313.94;313.95;313.73;313.8;83934
SBER;5;20260228;123000;313.8;313.99;313.64;313.82;89794
SBER;5;20260228;123500;313.82;313.82;313.61;313.64;193042
SBER;5;20260228;124000;313.64;313.89;313.63;313.89;148151
SBER;5;20260228;124500;313.87;314.05;313.63;313.95;92585
SBER;5;20260228;125000;313.95;314.12;313.81;313.99;70692
SBER;5;20260228;125500;313.99;313.99;313.81;313.86;52360
SBER;5;20260228;130000;313.87;313.95;313.82;313.95;33588
SBER;5;20260228;130500;313.95;314.2;313.94;314.16;73004
SBER;5;20260228;131000;314.15;314.31;313.92;314.14;104125
SBER;5;20260228;131500;314.13;314.28;314;314.27;30392
SBER;5;20260228;132000;314.24;314.48;314.24;314.4;20641
SBER;5;20260228;132500;314.41;314.41;314.2;314.25;33369
SBER;5;20260228;133000;314.25;314.34;314.2;314.3;49154
SBER;5;20260228;133500;314.33;314.45;314.15;314.35;53617
SBER;5;20260228;134000;314.32;314.47;314.2;314.24;64102
SBER;5;20260228;134500;314.27;314.44;314.15;314.25;36945
SBER;5;20260228;135000;314.22;314.43;314.21;314.27;16235
SBER;5;20260228;135500;314.23;314.34;314.22;314.23;10278
SBER;5;20260228;140000;314.22;314.23;314.15;314.15;41664
SBER;5;20260228;140500;314.18;314.24;314.15;314.16;22233
SBER;5;20260228;141000;314.15;314.24;314.1;314.13;24528
SBER;5;20260228;141500;314.12;314.14;314.02;314.1;42491
SBER;5;20260228;142000;314.13;314.14;314.03;314.1;14357
SBER;5;20260228;142500;314.1;314.14;314;314.11;16843
SBER;5;20260228;143000;314.11;314.17;314.06;314.11;12982
SBER;5;20260228;143500;314.1;314.13;314.04;314.12;8233
SBER;5;20260228;144000;314.09;314.15;314.09;314.13;9328
SBER;5;20260228;144500;314.13;314.15;314.12;314.14;5965
SBER;5;20260228;145000;314.14;314.18;314.13;314.14;5887
SBER;5;20260228;145500;314.14;314.15;314.01;314.01;57969
SBER;5;20260228;150000;314.01;314.1;314;314.07;5851
SBER;5;20260228;150500;314.08;314.08;313.95;314;39469
SBER;5;20260228;151000;314;314;313.85;313.87;21435
SBER;5;20260228;151500;313.87;313.9;313.86;313.9;8151
SBER;5;20260228;152000;313.9;314;313.89;313.94;15273
SBER;5;20260228;152500;313.93;313.99;313.71;313.99;97035
SBER;5;20260228;153000;313.9;314;313.82;313.99;26011
SBER;5;20260228;153500;314;314.06;313.98;314.05;14574
SBER;5;20260228;154000;314.04;314.05;314;314.05;4848
SBER;5;20260228;154500;314.05;314.12;314.03;314.06;10602
SBER;5;20260228;155000;314.11;314.11;313.98;314.05;20888
SBER;5;20260228;155500;314.03;314.07;314.01;314.06;8572
SBER;5;20260228;160000;314.06;314.09;314.02;314.09;11805
SBER;5;20260228;160500;314.09;314.14;314.08;314.14;8019
SBER;5;20260228;161000;314.14;314.15;314.05;314.15;44243
SBER;5;20260228;161500;314.15;314.15;314.08;314.1;15935
SBER;5;20260228;162000;314.09;314.1;314;314.02;25098
SBER;5;20260228;162500;314.01;314.15;314.01;314.07;21043
SBER;5;20260228;163000;314.08;314.1;314.02;314.07;10274
SBER;5;20260228;163500;314.1;314.18;314.07;314.16;17344
SBER;5;20260228;164000;314.15;314.17;313.97;313.99;49177
SBER;5;20260228;164500;314;314;313.75;313.88;74590
SBER;5;20260228;165000;313.89;314.06;313.89;314.06;21792
SBER;5;20260228;165500;314.06;314.12;313.95;314.11;10738
SBER;5;20260228;170000;314.11;314.18;314.05;314.13;12729
SBER;5;20260228;170500;314.13;314.13;313.99;314.03;27859
SBER;5;20260228;171000;313.99;314.18;313.96;314.14;160482
SBER;5;20260228;171500;314.14;314.53;314.02;314.51;188085
SBER;5;20260228;172000;314.51;314.53;314.31;314.36;29421
SBER;5;20260228;172500;314.39;314.49;314.37;314.37;9583
SBER;5;20260228;173000;314.4;314.43;314.32;314.43;18582
SBER;5;20260228;173500;314.39;314.57;314.32;314.38;33155
SBER;5;20260228;174000;314.42;314.45;314.28;314.32;85438
SBER;5;20260228;174500;314.32;314.34;314.27;314.28;13875
SBER;5;20260228;175000;314.27;314.3;314.25;314.28;41960
SBER;5;20260228;175500;314.28;314.43;314.25;314.34;20624
SBER;5;20260228;180000;314.33;314.42;314.12;314.15;73730
SBER;5;20260228;180500;314.15;314.21;314.12;314.15;39856
SBER;5;20260228;181000;314.16;314.21;314.12;314.16;25569
SBER;5;20260228;181500;314.16;314.18;314.13;314.16;17081
SBER;5;20260228;182000;314.15;314.22;314.14;314.21;20797
SBER;5;20260228;182500;314.22;314.22;314.16;314.18;16609
SBER;5;20260228;183000;314.18;314.21;314.16;314.21;12851
SBER;5;20260228;183500;314.21;314.21;314.14;314.15;17151
SBER;5;20260228;184000;314.15;314.21;314.14;314.19;24400
SBER;5;20260228;184500;314.15;314.21;314.12;314.19;37189
SBER;5;20260228;185000;314.21;314.22;314.12;314.13;11235
SBER;5;20260228;185500;314.13;314.19;314.03;314.05;33637
SBER;5;20260301;095500;313.99;313.99;313.99;313.99;8480
SBER;5;20260301;100000;313.98;314.2;313.72;314.2;111088
SBER;5;20260301;100500;314.2;314.36;314.01;314.09;92039
SBER;5;20260301;101000;314.09;314.4;314.09;314.37;38406
SBER;5;20260301;101500;314.36;314.8;314.36;314.79;111827
SBER;5;20260301;102000;314.8;315.6;314.8;315.19;365983
SBER;5;20260301;102500;315.19;315.3;314.9;314.91;46097
SBER;5;20260301;103000;314.91;314.94;314.9;314.93;22441
SBER;5;20260301;103500;314.92;314.94;314.92;314.93;9120
SBER;5;20260301;104000;314.93;315.32;314.91;315.31;36391
SBER;5;20260301;104500;315.32;315.5;315.32;315.48;25699
SBER;5;20260301;105000;315.48;315.48;315.12;315.26;46721
SBER;5;20260301;105500;315.24;315.27;315.09;315.1;21254
SBER;5;20260301;110000;315.09;315.13;314.9;314.97;53289
SBER;5;20260301;110500;314.96;315;314.94;314.98;14779
SBER;5;20260301;111000;315;315.14;314.97;315.06;22247
SBER;5;20260301;111500;315.06;315.2;315.04;315.17;28942
SBER;5;20260301;112000;315.18;315.18;315.15;315.15;12600
SBER;5;20260301;112500;315.17;315.46;315.01;315.43;118322
SBER;5;20260301;113000;315.43;315.43;315.32;315.34;31895
SBER;5;20260301;113500;315.33;315.34;315.29;315.33;10869
SBER;5;20260301;114000;315.33;315.33;315.12;315.17;18799
SBER;5;20260301;114500;315.17;315.24;315.13;315.24;206172
SBER;5;20260301;115000;315.24;315.24;315.02;315.02;31414
SBER;5;20260301;115500;315.04;315.16;314.94;315.01;31481
SBER;5;20260301;120000;315;315.02;315;315.02;11369
SBER;5;20260301;120500;315.01;315.06;314.85;314.85;28300
SBER;5;20260301;121000;314.85;315.08;314.85;315.08;49419
SBER;5;20260301;121500;315.08;315.08;314.97;315;62225
SBER;5;20260301;122000;315.05;315.05;314.83;314.83;11625
SBER;5;20260301;122500;314.83;314.84;314.56;314.69;34694
SBER;5;20260301;123000;314.69;314.8;314.6;314.78;19963
SBER;5;20260301;123500;314.8;314.9;314.78;314.9;11713
SBER;5;20260301;124000;314.88;315.05;314.88;314.91;12620
SBER;5;20260301;124500;314.95;315.07;314.91;315.05;4797
SBER;5;20260301;125000;315.05;315.08;314.67;314.74;84428
SBER;5;20260301;125500;314.81;314.91;314.76;314.91;1648
SBER;5;20260301;130000;314.85;314.91;314.58;314.59;35418
SBER;5;20260301;130500;314.59;314.73;314.57;314.68;25017
SBER;5;20260301;131000;314.69;314.87;314.69;314.71;6206
SBER;5;20260301;131500;314.73;314.73;314.7;314.71;6637
SBER;5;20260301;132000;314.71;314.72;314.6;314.61;7032
SBER;5;20260301;132500;314.69;314.69;314.55;314.57;12641
SBER;5;20260301;133000;314.61;314.7;314.57;314.7;3055
SBER;5;20260301;133500;314.7;314.8;314.66;314.79;9992
SBER;5;20260301;134000;314.79;314.81;314.55;314.77;18223
SBER;5;20260301;134500;314.79;314.81;314.44;314.52;128816
SBER;5;20260301;135000;314.52;314.53;314.22;314.29;51705
SBER;5;20260301;135500;314.34;314.37;314.28;314.37;16095
SBER;5;20260301;140000;314.37;314.37;314.31;314.37;18881
SBER;5;20260301;140500;314.34;314.4;314.32;314.4;6217
SBER;5;20260301;141000;314.4;314.59;314.39;314.55;25219
SBER;5;20260301;141500;314.55;314.78;314.5;314.78;20166
SBER;5;20260301;142000;314.78;315;314.72;314.91;20519
SBER;5;20260301;142500;314.91;314.97;314.72;314.97;19037
SBER;5;20260301;143000;314.97;314.97;314.76;314.76;12037
SBER;5;20260301;143500;314.76;314.89;314.76;314.82;2349
SBER;5;20260301;144000;314.87;314.88;314.77;314.87;2405
SBER;5;20260301;144500;314.87;314.93;314.78;314.92;7429
SBER;5;20260301;145000;314.87;314.92;314.81;314.88;2330
SBER;5;20260301;145500;314.83;314.88;314.83;314.86;1808
SBER;5;20260301;150000;314.87;314.89;314.8;314.89;6760
SBER;5;20260301;150500;314.89;315.18;314.88;315.05;67621
SBER;5;20260301;151000;315.06;315.06;315;315;5025
SBER;5;20260301;151500;315.03;315.04;315;315;10139
SBER;5;20260301;152000;315.03;315.04;315;315.02;4006
SBER;5;20260301;152500;315.02;315.04;315;315.04;2659
SBER;5;20260301;153000;315.04;315.04;315.03;315.03;6253
SBER;5;20260301;153500;315.03;315.04;315.03;315.04;8301
SBER;5;20260301;154000;315.04;315.04;315;315.04;7319
SBER;5;20260301;154500;315.04;315.04;315;315.03;3312
SBER;5;20260301;155000;315.03;315.03;314.97;314.99;7480
SBER;5;20260301;155500;314.99;314.99;314.96;314.98;3671
SBER;5;20260301;160000;314.98;314.98;314.9;314.96;12651
SBER;5;20260301;160500;314.96;315.01;314.76;314.89;23855
SBER;5;20260301;161000;314.81;314.91;314.81;314.82;3413
SBER;5;20260301;161500;314.82;314.88;314.77;314.83;2006
SBER;5;20260301;162000;314.83;314.83;314.65;314.7;38504
SBER;5;20260301;162500;314.69;314.7;314.65;314.66;10246
SBER;5;20260301;163000;314.7;314.74;314.5;314.7;54409
SBER;5;20260301;163500;314.68;314.68;314.5;314.58;13305
SBER;5;20260301;164000;314.61;314.61;314.5;314.58;8813
SBER;5;20260301;164500;314.6;314.6;314.51;314.59;12372
SBER;5;20260301;165000;314.57;314.59;314.2;314.44;90398
SBER;5;20260301;165500;314.43;314.44;314.2;314.31;23522
SBER;5;20260301;170000;314.31;314.69;314.3;314.66;19669
SBER;5;20260301;170500;314.65;314.71;314.38;314.51;115360
SBER;5;20260301;171000;314.51;314.65;314.5;314.62;15022
SBER;5;20260301;171500;314.63;314.63;314.44;314.45;20359
SBER;5;20260301;172000;314.45;314.5;314.44;314.5;9164
SBER;5;20260301;172500;314.5;314.5;314.4;314.42;19852
SBER;5;20260301;173000;314.41;314.46;314.41;314.44;17984
SBER;5;20260301;173500;314.44;314.45;314.44;314.45;3224
SBER;5;20260301;174000;314.45;314.77;314.45;314.77;23933
SBER;5;20260301;174500;314.77;314.81;314.63;314.74;5209
SBER;5;20260301;175000;314.75;314.79;314.65;314.77;5661
SBER;5;20260301;175500;314.77;314.81;314.77;314.8;3819
SBER;5;20260301;180000;314.81;314.81;314.77;314.8;3318
SBER;5;20260301;180500;314.77;314.83;314.77;314.83;11794
SBER;5;20260301;181000;314.83;314.83;314.63;314.67;15968
SBER;5;20260301;181500;314.62;314.7;314.62;314.65;5548
SBER;5;20260301;182000;314.63;314.67;314.56;314.67;13937
SBER;5;20260301;182500;314.67;314.87;314.62;314.78;43430
SBER;5;20260301;183000;314.85;314.87;314.71;314.72;14944
SBER;5;20260301;183500;314.73;314.88;314.72;314.84;15620
SBER;5;20260301;184000;314.83;314.96;314.83;314.92;17882
SBER;5;20260301;184500;314.92;315;314.87;314.89;16274
SBER;5;20260301;185000;314.87;315.02;314.86;315.02;86591
SBER;5;20260301;185500;315.01;315.01;315;315;69372
SBER;5;20260302;070000;315.06;315.4;315;315.09;216217
SBER;5;20260302;070500;315.07;315.1;314.67;314.71;103227
SBER;5;20260302;071000;314.75;314.91;314.75;314.75;30764
SBER;5;20260302;071500;314.75;314.9;314.71;314.9;34970
SBER;5;20260302;072000;314.89;315.08;314.89;315.03;60997
SBER;5;20260302;072500;315.02;315.03;314.8;314.81;68803
SBER;5;20260302;073000;314.81;314.82;314.61;314.65;27469
SBER;5;20260302;073500;314.68;314.8;314.61;314.62;22991
SBER;5;20260302;074000;314.62;314.89;314.6;314.71;74434
SBER;5;20260302;074500;314.72;314.73;314.63;314.66;41980
SBER;5;20260302;075000;314.7;314.83;314.62;314.73;33106
SBER;5;20260302;075500;314.72;314.77;314.64;314.72;12229
SBER;5;20260302;080000;314.71;314.73;314.6;314.67;24397
SBER;5;20260302;080500;314.67;314.72;314.53;314.53;23541
SBER;5;20260302;081000;314.61;314.69;314.52;314.67;22904
SBER;5;20260302;081500;314.67;314.73;314.57;314.73;15402
SBER;5;20260302;082000;314.71;314.73;314.26;314.37;100017
SBER;5;20260302;082500;314.37;314.67;314.29;314.65;31062
SBER;5;20260302;083000;314.65;314.67;314.53;314.6;21172
SBER;5;20260302;083500;314.65;314.67;314.41;314.5;34688
SBER;5;20260302;084000;314.49;314.67;314.48;314.67;131919
SBER;5;20260302;084500;314.67;314.76;314.66;314.76;16372
SBER;5;20260302;085000;314.76;314.99;314.75;314.85;78580
SBER;5;20260302;085500;314.9;315.12;314.86;315.08;51485
SBER;5;20260302;090000;315.09;315.09;314.36;314.41;309148
SBER;5;20260302;090500;314.41;314.46;314.08;314.27;216979
SBER;5;20260302;091000;314.26;314.28;314.17;314.28;248484
SBER;5;20260302;091500;314.27;314.42;314.27;314.28;83121
SBER;5;20260302;092000;314.28;314.42;314.17;314.41;39231
SBER;5;20260302;092500;314.41;314.42;314.13;314.18;54185
SBER;5;20260302;093000;314.16;314.35;314.04;314.3;123256
SBER;5;20260302;093500;314.25;314.27;314;314.01;237870
SBER;5;20260302;094000;314.03;314.04;313.6;313.68;414741
SBER;5;20260302;094500;313.61;313.64;312.62;313.06;906403
SBER;5;20260302;095000;313.06;313.06;312.7;312.95;485279
SBER;5;20260302;095500;312.95;313;312.65;312.76;332230
SBER;5;20260302;100000;312.75;312.96;312.55;312.56;715732
SBER;5;20260302;100500;312.61;313.31;312.4;313.26;662211
SBER;5;20260302;101000;313.26;313.35;313.02;313.32;249026
SBER;5;20260302;101500;313.34;313.52;313.13;313.51;550063
SBER;5;20260302;102000;313.51;313.73;313.45;313.55;452971
SBER;5;20260302;102500;313.57;313.62;313.46;313.53;433898
SBER;5;20260302;103000;313.55;313.62;313.5;313.56;207482
SBER;5;20260302;103500;313.56;313.76;313.48;313.76;318446
SBER;5;20260302;104000;313.76;313.82;313.5;313.56;141742
SBER;5;20260302;104500;313.56;314.04;313.53;314.04;136341
SBER;5;20260302;105000;314.04;314.09;313.86;313.95;195764
SBER;5;20260302;105500;313.95;314.17;313.84;314.17;239208
SBER;5;20260302;110000;314.16;314.4;314.13;314.15;268023
SBER;5;20260302;110500;314.14;314.2;314.1;314.12;117477
SBER;5;20260302;111000;314.12;314.22;314.11;314.2;191363
SBER;5;20260302;111500;314.21;314.82;314.19;314.77;163292
SBER;5;20260302;112000;314.77;314.81;314.51;314.58;255650
SBER;5;20260302;112500;314.59;314.62;314.3;314.3;165771
SBER;5;20260302;113000;314.3;314.3;314.25;314.3;100651
SBER;5;20260302;113500;314.29;314.48;314.28;314.42;147539
SBER;5;20260302;114000;314.42;314.42;314.26;314.31;115447
SBER;5;20260302;114500;314.31;314.46;314.26;314.34;84120
SBER;5;20260302;115000;314.34;314.38;314.26;314.28;84324
SBER;5;20260302;115500;314.32;314.32;314.2;314.23;181216
SBER;5;20260302;120000;314.27;314.27;314;314.06;181022
SBER;5;20260302;120500;314.06;314.26;313.9;314.21;133812
SBER;5;20260302;121000;314.22;314.24;314.03;314.13;57722
SBER;5;20260302;121500;314.12;314.16;313.99;314;100908
SBER;5;20260302;122000;314.01;314.28;313.89;314.19;132518
SBER;5;20260302;122500;314.19;314.19;313.99;314.08;33748
SBER;5;20260302;123000;314.07;314.21;314;314.02;59891
SBER;5;20260302;123500;314.01;314.22;314;314.21;28809
SBER;5;20260302;124000;314.2;314.29;314.16;314.26;52500
SBER;5;20260302;124500;314.27;314.53;314.21;314.51;106354
SBER;5;20260302;125000;314.52;314.55;314.37;314.42;128587
SBER;5;20260302;125500;314.41;314.64;314.39;314.64;77232
SBER;5;20260302;130000;314.64;314.65;314.21;314.27;80718
SBER;5;20260302;130500;314.28;314.41;314.17;314.32;37033
SBER;5;20260302;131000;314.32;314.33;314.09;314.12;49760
SBER;5;20260302;131500;314.12;314.21;314;314.14;108382
SBER;5;20260302;132000;314.13;314.21;313.87;313.93;56360
SBER;5;20260302;132500;313.91;313.97;313.87;313.91;39668
SBER;5;20260302;133000;313.91;314.11;313.8;314.04;180053
SBER;5;20260302;133500;314.04;314.26;314.04;314.25;31775
SBER;5;20260302;134000;314.24;314.27;314.04;314.09;65909
SBER;5;20260302;134500;314.09;314.24;314.08;314.24;21225
SBER;5;20260302;135000;314.24;314.31;314.19;314.27;46806
SBER;5;20260302;135500;314.27;314.4;314.07;314.36;74358
SBER;5;20260302;140000;314.36;314.48;314.31;314.48;64756
SBER;5;20260302;140500;314.47;314.49;314.46;314.48;83080
SBER;5;20260302;141000;314.47;314.48;314.35;314.45;92538
SBER;5;20260302;141500;314.45;314.79;314.44;314.73;204209
SBER;5;20260302;142000;314.74;314.74;314.48;314.53;63641
SBER;5;20260302;142500;314.5;314.57;314.49;314.51;28633
SBER;5;20260302;143000;314.51;314.53;314.3;314.34;66620
SBER;5;20260302;143500;314.33;314.35;314.3;314.31;45944
SBER;5;20260302;144000;314.31;314.34;314.21;314.22;117121
SBER;5;20260302;144500;314.21;314.27;313.79;313.97;251750
SBER;5;20260302;145000;313.99;314.2;313.85;314.01;141873
SBER;5;20260302;145500;314.04;314.17;313.94;313.95;56216
SBER;5;20260302;150000;313.95;314.04;313.87;313.97;73029
SBER;5;20260302;150500;313.97;314.1;313.92;314.04;71003
SBER;5;20260302;151000;314.04;314.06;313.84;313.86;82968
SBER;5;20260302;151500;313.87;314.16;313.85;314.11;62434
SBER;5;20260302;152000;314.11;314.49;314.1;314.2;122809
SBER;5;20260302;152500;314.21;314.48;314.16;314.46;53602
SBER;5;20260302;153000;314.46;314.48;314.21;314.26;82316
SBER;5;20260302;153500;314.24;314.28;314.05;314.13;84431
SBER;5;20260302;154000;314.14;314.29;314.11;314.2;43653
SBER;5;20260302;154500;314.19;314.6;314.17;314.18;106026
SBER;5;20260302;155000;314.19;314.34;314.17;314.25;55722
SBER;5;20260302;155500;314.25;314.61;314.21;314.46;113126
SBER;5;20260302;160000;314.46;314.46;314.26;314.41;82530
SBER;5;20260302;160500;314.41;314.43;314.31;314.32;80229
SBER;5;20260302;161000;314.32;314.32;314.2;314.22;58178
SBER;5;20260302;161500;314.22;314.25;314.2;314.22;48747
SBER;5;20260302;162000;314.21;314.25;314.2;314.2;75686
SBER;5;20260302;162500;314.21;314.21;314;314.01;47472
SBER;5;20260302;163000;314;314.06;313.97;314.04;63804
SBER;5;20260302;163500;314.05;314.1;313.99;314;61647
SBER;5;20260302;164000;313.99;314;313.87;313.89;104806
SBER;5;20260302;164500;313.89;313.93;313.75;313.8;86968
SBER;5;20260302;165000;313.8;313.86;313.71;313.83;50480
SBER;5;20260302;165500;313.83;313.85;313.72;313.79;90123
SBER;5;20260302;170000;313.8;313.97;313.77;313.9;59812
SBER;5;20260302;170500;313.91;313.99;313.9;313.96;34778
SBER;5;20260302;171000;313.96;314;313.92;313.94;33902
SBER;5;20260302;171500;313.95;314;313.91;313.91;55696
SBER;5;20260302;172000;313.92;313.94;313.91;313.91;46716
SBER;5;20260302;172500;313.91;313.92;313.7;313.7;201233
SBER;5;20260302;173000;313.7;313.88;313.7;313.77;239638
SBER;5;20260302;173500;313.77;314;313.7;313.72;181396
SBER;5;20260302;174000;313.75;313.84;313.61;313.66;194340
SBER;5;20260302;174500;313.66;314;313.5;313.68;297848
SBER;5;20260302;175000;313.68;313.77;313.5;313.52;195202
SBER;5;20260302;175500;313.52;313.65;313.32;313.43;254609
SBER;5;20260302;180000;313.45;313.51;313.25;313.32;198461
SBER;5;20260302;180500;313.34;313.34;313.11;313.13;230067
SBER;5;20260302;181000;313.13;313.37;313.12;313.25;210819
SBER;5;20260302;181500;313.27;313.57;313.21;313.38;248512
SBER;5;20260302;182000;313.4;313.4;313.2;313.2;158092
SBER;5;20260302;182500;313.23;313.25;313.15;313.17;202970
SBER;5;20260302;183000;313.18;313.44;313.13;313.44;191815
SBER;5;20260302;183500;313.45;313.57;313.38;313.52;255608
SBER;5;20260302;184500;313.52;313.52;313.52;313.52;12675
SBER;5;20260302;190000;313.53;313.53;313;313.14;188650
SBER;5;20260302;190500;313.15;313.26;313.01;313.23;91747
SBER;5;20260302;191000;313.22;313.23;313.11;313.22;76613
SBER;5;20260302;191500;313.22;313.22;313.04;313.04;95757
SBER;5;20260302;192000;313.04;313.45;313.04;313.44;106536
SBER;5;20260302;192500;313.44;313.5;313.4;313.45;53556
SBER;5;20260302;193000;313.45;313.46;313.33;313.39;38520
SBER;5;20260302;193500;313.39;313.5;313.38;313.5;32775
SBER;5;20260302;194000;313.5;313.69;313.49;313.6;130252
SBER;5;20260302;194500;313.6;313.6;313.48;313.5;36044
SBER;5;20260302;195000;313.5;313.65;313.5;313.57;38924
SBER;5;20260302;195500;313.57;313.78;313.56;313.68;69660
SBER;5;20260302;200000;313.68;313.89;313.57;313.88;97335
SBER;5;20260302;200500;313.88;314.11;313.8;314.08;160925
SBER;5;20260302;201000;314.08;314.08;313.85;313.91;34043
SBER;5;20260302;201500;313.9;314;313.84;313.95;39763
SBER;5;20260302;202000;313.95;313.97;313.79;313.88;62914
SBER;5;20260302;202500;313.88;313.89;313.38;313.64;156542
SBER;5;20260302;203000;313.64;313.86;313.64;313.83;34249
SBER;5;20260302;203500;313.82;313.89;313.8;313.89;33118
SBER;5;20260302;204000;313.89;313.89;313.8;313.84;15735
SBER;5;20260302;204500;313.84;313.85;313.7;313.7;24622
SBER;5;20260302;205000;313.77;313.83;313.64;313.8;23983
SBER;5;20260302;205500;313.79;313.82;313.55;313.63;37609
SBER;5;20260302;210000;313.63;313.69;313.47;313.64;69456
SBER;5;20260302;210500;313.64;313.68;313.4;313.6;50394
SBER;5;20260302;211000;313.59;313.61;313.5;313.52;15724
SBER;5;20260302;211500;313.52;313.64;313.52;313.58;6539
SBER;5;20260302;212000;313.58;313.65;313.55;313.57;21327
SBER;5;20260302;212500;313.59;313.61;313.48;313.53;19106
SBER;5;20260302;213000;313.52;313.62;313.5;313.62;8451
SBER;5;20260302;213500;313.65;313.67;313.51;313.56;8469
SBER;5;20260302;214000;313.56;313.57;313.55;313.57;6598
SBER;5;20260302;214500;313.57;313.59;313.5;313.52;9672
SBER;5;20260302;215000;313.52;313.66;313.52;313.65;11663
SBER;5;20260302;215500;313.64;313.65;313.32;313.46;32762
SBER;5;20260302;220000;313.46;313.65;313.46;313.63;21483
SBER;5;20260302;220500;313.63;313.65;313.5;313.6;25653
SBER;5;20260302;221000;313.6;313.69;313.59;313.62;26192
SBER;5;20260302;221500;313.63;313.65;313.61;313.62;9018
SBER;5;20260302;222000;313.62;313.63;313.61;313.63;11321
SBER;5;20260302;222500;313.63;313.87;313.62;313.87;40350
SBER;5;20260302;223000;313.87;313.87;313.76;313.82;12373
SBER;5;20260302;223500;313.82;313.82;313.74;313.76;20417
SBER;5;20260302;224000;313.76;313.78;313.61;313.62;12325
SBER;5;20260302;224500;313.62;313.62;313.6;313.6;13927
SBER;5;20260302;225000;313.6;313.7;313.59;313.64;27522
SBER;5;20260302;225500;313.64;313.67;313.58;313.65;16992
SBER;5;20260302;230000;313.65;313.75;313.63;313.71;12281
SBER;5;20260302;230500;313.73;313.95;313.67;313.93;35189
SBER;5;20260302;231000;313.93;314;313.82;313.99;135184
SBER;5;20260302;231500;313.98;313.99;313.77;313.83;29563
SBER;5;20260302;232000;313.83;313.87;313.6;313.67;63526
SBER;5;20260302;232500;313.64;313.77;313.64;313.72;36184
SBER;5;20260302;233000;313.72;313.72;313.51;313.56;37416
SBER;5;20260302;233500;313.56;313.56;313.4;313.43;58286
SBER;5;20260302;234000;313.49;313.66;313.43;313.66;28754
SBER;5;20260302;234500;313.57;313.79;313.57;313.58;70060
SBER;5;20260303;070000;313.79;314;313.55;313.59;84192
SBER;5;20260303;070500;313.59;313.59;313.01;313.09;126319
SBER;5;20260303;071000;313.08;313.2;312.68;313.13;219174
SBER;5;20260303;071500;313.12;313.2;312.75;312.82;144837
SBER;5;20260303;072000;312.83;313.13;312.8;313.13;65542
SBER;5;20260303;072500;313.13;313.13;312.9;313.09;51557
SBER;5;20260303;073000;313.09;313.25;313.02;313.17;64907
SBER;5;20260303;073500;313.07;313.28;313.06;313.24;103208
SBER;5;20260303;074000;313.25;313.25;313;313;104418
SBER;5;20260303;074500;313.09;313.09;312.9;312.9;37333
SBER;5;20260303;075000;312.91;313.01;312.89;312.98;37873
SBER;5;20260303;075500;312.96;313.09;312.96;313.03;84726
SBER;5;20260303;080000;313.03;313.07;312.86;313.02;86985
SBER;5;20260303;080500;313.02;313.05;313;313.02;30082
SBER;5;20260303;081000;313.01;313.17;313.01;313.17;25702
SBER;5;20260303;081500;313.17;313.38;313.11;313.38;39230
SBER;5;20260303;082000;313.37;313.49;313.24;313.25;121971
SBER;5;20260303;082500;313.23;313.3;313.17;313.3;15696
SBER;5;20260303;083000;313.3;313.32;313.23;313.29;17832
SBER;5;20260303;083500;313.29;313.32;313.22;313.24;10933
SBER;5;20260303;084000;313.23;313.24;313.13;313.19;63700
SBER;5;20260303;084500;313.19;313.27;313.13;313.16;25816
SBER;5;20260303;085000;313.16;313.25;313.13;313.17;22294
SBER;5;20260303;085500;313.17;313.27;313.16;313.27;26131
SBER;5;20260303;090000;313.27;313.45;313;313.08;208987
SBER;5;20260303;090500;313.1;313.18;312.95;313;102813
SBER;5;20260303;091000;313.01;313.2;312.87;312.91;120881
SBER;5;20260303;091500;312.9;313.01;312.71;312.8;124544
SBER;5;20260303;092000;312.8;313.04;312.79;312.98;94444
SBER;5;20260303;092500;312.98;313;312.83;312.87;46819
SBER;5;20260303;093000;312.91;312.98;312.8;312.82;66361
SBER;5;20260303;093500;312.82;312.85;312.71;312.71;45814
SBER;5;20260303;094000;312.72;312.89;312.68;312.82;102756
SBER;5;20260303;094500;312.83;312.84;312.69;312.81;29944
SBER;5;20260303;095000;312.8;312.81;312.7;312.79;58439
SBER;5;20260303;095500;312.75;312.8;312.41;312.45;339811
SBER;5;20260303;100000;312.45;312.6;312.4;312.53;278029
SBER;5;20260303;100500;312.54;312.55;312.24;312.28;232538
SBER;5;20260303;101000;312.28;312.3;312.04;312.23;335918
SBER;5;20260303;101500;312.25;312.3;312.04;312.07;260382
SBER;5;20260303;102000;312.07;312.08;311.7;311.99;714747
SBER;5;20260303;102500;311.99;312;311.8;311.88;211211
SBER;5;20260303;103000;311.88;312.34;311.78;312.29;266226
SBER;5;20260303;103500;312.29;312.66;312.11;312.59;165215
SBER;5;20260303;104000;312.58;313.06;312.53;312.91;156509
SBER;5;20260303;104500;312.92;312.99;312.82;312.95;69642
SBER;5;20260303;105000;312.95;313.01;312.91;313;65133
SBER;5;20260303;105500;313;313.3;313;313.3;327415
SBER;5;20260303;110000;313.3;313.48;313.17;313.33;151261
SBER;5;20260303;110500;313.33;313.35;313.14;313.16;47149
SBER;5;20260303;111000;313.16;313.48;313.15;313.47;110927
SBER;5;20260303;111500;313.47;313.48;313.27;313.38;86480
SBER;5;20260303;112000;313.38;313.42;313.37;313.4;36037
SBER;5;20260303;112500;313.4;313.41;313.28;313.41;58460
SBER;5;20260303;113000;313.4;313.96;313.24;313.42;343991
SBER;5;20260303;113500;313.41;313.71;313.31;313.68;161275
SBER;5;20260303;114000;313.68;313.8;313.55;313.69;83797
SBER;5;20260303;114500;313.69;313.69;313.4;313.46;119711
SBER;5;20260303;115000;313.45;313.46;313.31;313.32;23824
SBER;5;20260303;115500;313.32;313.34;313.04;313.07;78096
SBER;5;20260303;120000;313.11;313.11;312.9;312.98;123725
SBER;5;20260303;120500;312.97;313;312.6;312.66;147850
SBER;5;20260303;121000;312.63;312.77;312.4;312.76;130870
SBER;5;20260303;121500;312.77;312.93;312.75;312.77;44005
SBER;5;20260303;122000;312.77;312.77;312.12;312.26;248809
SBER;5;20260303;122500;312.26;312.4;312.11;312.39;203653
SBER;5;20260303;123000;312.38;312.47;312.1;312.28;214755
SBER;5;20260303;123500;312.25;312.47;312.25;312.44;56666
SBER;5;20260303;124000;312.44;312.5;312.4;312.44;59334
SBER;5;20260303;124500;312.44;312.5;312.43;312.5;38242
SBER;5;20260303;125000;312.5;312.5;312.48;312.5;91275
SBER;5;20260303;125500;312.5;312.54;312.49;312.51;101743
SBER;5;20260303;130000;312.5;312.51;312.12;312.2;203198
SBER;5;20260303;130500;312.21;312.21;312.07;312.12;104380
SBER;5;20260303;131000;312.12;312.17;312.08;312.15;44648
SBER;5;20260303;131500;312.17;312.25;312.08;312.1;53201
SBER;5;20260303;132000;312.09;312.16;312.01;312.16;117965
SBER;5;20260303;132500;312.16;312.35;312.15;312.29;67278
SBER;5;20260303;133000;312.29;312.29;312;312.18;145880
SBER;5;20260303;133500;312.18;312.31;312.1;312.11;50269
SBER;5;20260303;134000;312.11;312.2;311.9;311.91;206237
SBER;5;20260303;134500;311.91;312;311.81;311.99;175842
SBER;5;20260303;135000;311.99;312.16;311.98;312.15;67584
SBER;5;20260303;135500;312.16;312.34;312.15;312.28;37389
SBER;5;20260303;140000;312.28;312.35;312.22;312.29;32172
SBER;5;20260303;140500;312.31;312.31;312;312.08;82098
SBER;5;20260303;141000;312.09;312.37;312.08;312.37;61253
SBER;5;20260303;141500;312.37;312.63;312.36;312.57;77264
SBER;5;20260303;142000;312.56;312.66;312.55;312.6;18592
SBER;5;20260303;142500;312.59;312.59;312.4;312.47;86734
SBER;5;20260303;143000;312.47;312.5;312.44;312.45;99460
SBER;5;20260303;143500;312.44;312.67;312.44;312.67;67505
SBER;5;20260303;144000;312.67;312.71;312.55;312.65;44540
SBER;5;20260303;144500;312.65;312.71;312.46;312.61;69450
SBER;5;20260303;145000;312.61;312.61;312.44;312.45;29468
SBER;5;20260303;145500;312.44;312.53;312.44;312.52;65035
SBER;5;20260303;150000;312.53;312.75;312.52;312.58;39388
SBER;5;20260303;150500;312.58;312.62;312.57;312.58;63595
SBER;5;20260303;151000;312.58;312.61;312.44;312.44;82412
SBER;5;20260303;151500;312.45;312.57;312.44;312.44;32057
SBER;5;20260303;152000;312.44;312.46;312;312.19;128293
SBER;5;20260303;152500;312.2;312.4;312.2;312.33;81689
SBER;5;20260303;153000;312.33;312.34;312.22;312.29;28118
SBER;5;20260303;153500;312.29;312.32;312.25;312.29;22890
SBER;5;20260303;154000;312.29;312.32;312.2;312.26;44364
SBER;5;20260303;154500;312.24;312.5;312.21;312.48;92821
SBER;5;20260303;155000;312.48;312.59;312.33;312.48;69848
SBER;5;20260303;155500;312.48;312.48;312.13;312.22;87062
SBER;5;20260303;160000;312.23;312.24;312.1;312.22;97270
SBER;5;20260303;160500;312.19;312.23;312;312.04;65700
SBER;5;20260303;161000;312.04;312.04;311.81;312;159917
SBER;5;20260303;161500;312;312.07;311.98;312.03;76345
SBER;5;20260303;162000;312.06;312.06;311.75;311.8;243060
SBER;5;20260303;162500;311.8;311.83;311.7;311.8;209902
SBER;5;20260303;163000;311.79;311.8;311.51;311.54;312159
SBER;5;20260303;163500;311.55;311.58;311.15;311.2;516212
SBER;5;20260303;164000;311.19;311.61;311.04;311.52;453115
SBER;5;20260303;164500;311.52;311.67;311.41;311.62;226385
SBER;5;20260303;165000;311.62;312.07;311.61;312.01;309467
SBER;5;20260303;165500;312.03;312.4;312;312.35;353706
SBER;5;20260303;170000;312.35;312.55;312.3;312.5;241842
SBER;5;20260303;170500;312.5;312.6;312.38;312.59;193599
SBER;5;20260303;171000;312.59;312.76;312.55;312.73;236795
SBER;5;20260303;171500;312.73;312.94;312.63;312.7;482310
SBER;5;20260303;172000;312.71;312.73;312.19;312.5;213544
SBER;5;20260303;172500;312.5;312.89;312.47;312.71;152739
SBER;5;20260303;173000;312.7;312.8;312.59;312.67;141860
SBER;5;20260303;173500;312.68;312.84;312.66;312.77;147218
SBER;5;20260303;174000;312.79;312.86;312.56;312.62;158144
SBER;5;20260303;174500;312.63;312.67;312.22;312.23;116238
SBER;5;20260303;175000;312.22;312.23;312.1;312.11;100215
SBER;5;20260303;175500;312.1;312.21;312.1;312.15;86706
SBER;5;20260303;180000;312.15;312.16;311.79;311.92;180811
SBER;5;20260303;180500;311.9;311.97;311.7;311.96;76754
SBER;5;20260303;181000;311.92;312.07;311.78;311.79;226393
SBER;5;20260303;181500;311.78;311.84;311.44;311.53;336183
SBER;5;20260303;182000;311.52;311.65;311.27;311.36;363120
SBER;5;20260303;182500;311.35;311.5;311.25;311.5;206971
SBER;5;20260303;183000;311.48;311.65;311.3;311.55;187248
SBER;5;20260303;183500;311.52;311.65;311.1;311.2;427423
SBER;5;20260303;184500;311.2;311.2;311.2;311.2;109503
SBER;5;20260303;190000;311.23;311.8;311.23;311.61;74901
SBER;5;20260303;190500;311.61;311.61;311.1;311.1;189838
SBER;5;20260303;191000;311.11;311.46;311;311.41;277004
SBER;5;20260303;191500;311.41;311.41;311.32;311.32;16947
SBER;5;20260303;192000;311.33;311.63;311.25;311.42;42496
SBER;5;20260303;192500;311.42;311.54;311.21;311.37;43737
SBER;5;20260303;193000;311.38;311.46;311.3;311.3;23382
SBER;5;20260303;193500;311.35;311.38;311.28;311.37;18988
SBER;5;20260303;194000;311.38;311.49;311.35;311.4;48586
SBER;5;20260303;194500;311.4;311.56;311.3;311.45;46877
SBER;5;20260303;195000;311.45;311.7;311.42;311.7;20810
SBER;5;20260303;195500;311.7;311.78;311.6;311.72;54533
SBER;5;20260303;200000;311.72;311.75;311.43;311.68;121891
SBER;5;20260303;200500;311.69;311.69;311.53;311.58;8441
SBER;5;20260303;201000;311.59;311.59;311.4;311.46;74497
SBER;5;20260303;201500;311.46;311.48;311.43;311.45;11651
SBER;5;20260303;202000;311.45;311.45;311.4;311.43;43991
SBER;5;20260303;202500;311.43;311.69;311.42;311.64;34629
SBER;5;20260303;203000;311.65;311.8;311.64;311.7;48037
SBER;5;20260303;203500;311.7;311.8;311.67;311.71;22512
SBER;5;20260303;204000;311.71;311.75;311.59;311.74;25307
SBER;5;20260303;204500;311.74;311.77;311.65;311.76;23578
SBER;5;20260303;205000;311.75;311.84;311.71;311.81;47298
SBER;5;20260303;205500;311.81;311.87;311.71;311.86;27392
SBER;5;20260303;210000;311.86;311.95;311.82;311.89;25194
SBER;5;20260303;210500;311.89;311.96;311.86;311.95;39346
SBER;5;20260303;211000;311.95;311.97;311.89;311.97;22754
SBER;5;20260303;211500;311.96;311.99;311.84;311.85;26213
SBER;5;20260303;212000;311.85;311.89;311.81;311.82;15883
SBER;5;20260303;212500;311.81;311.92;311.8;311.92;12106
SBER;5;20260303;213000;311.92;311.92;311.61;311.7;24022
SBER;5;20260303;213500;311.7;311.85;311.66;311.74;22048
SBER;5;20260303;214000;311.74;311.81;311.65;311.77;31031
SBER;5;20260303;214500;311.78;311.83;311.7;311.79;17257
SBER;5;20260303;215000;311.79;311.83;311.73;311.79;11001
SBER;5;20260303;215500;311.78;311.88;311.75;311.88;11594
SBER;5;20260303;220000;311.88;311.88;311.81;311.83;11673
SBER;5;20260303;220500;311.83;311.9;311.8;311.88;58973
SBER;5;20260303;221000;311.89;311.98;311.86;311.94;58165
SBER;5;20260303;221500;311.92;311.98;311.83;311.84;9021
SBER;5;20260303;222000;311.84;311.84;311.8;311.83;6904
SBER;5;20260303;222500;311.82;311.83;311.63;311.8;44959
SBER;5;20260303;223000;311.8;311.89;311.77;311.83;11037
SBER;5;20260303;223500;311.83;311.9;311.82;311.85;10608
SBER;5;20260303;224000;311.83;311.88;311.66;311.67;15139
SBER;5;20260303;224500;311.67;311.89;311.58;311.84;28470
SBER;5;20260303;225000;311.85;311.98;311.76;311.92;98754
SBER;5;20260303;225500;311.93;311.97;311.84;311.96;13626
SBER;5;20260303;230000;311.96;311.97;311.82;311.86;25001
SBER;5;20260303;230500;311.85;311.87;311.55;311.58;46426
SBER;5;20260303;231000;311.55;311.75;311.55;311.67;11599
SBER;5;20260303;231500;311.67;311.74;311.67;311.71;17066
SBER;5;20260303;232000;311.71;311.88;311.71;311.8;22011
SBER;5;20260303;232500;311.8;311.8;311.78;311.78;17942
SBER;5;20260303;233000;311.79;311.8;311.78;311.78;24012
SBER;5;20260303;233500;311.79;311.8;311.73;311.74;32140
SBER;5;20260303;234000;311.73;311.8;311.52;311.79;25399
SBER;5;20260303;234500;311.79;311.86;311.56;311.83;44242
SBER;5;20260304;070000;312.11;312.14;311.71;311.86;69302
SBER;5;20260304;070500;311.84;311.98;311.84;311.94;20932
SBER;5;20260304;071000;311.9;311.95;311.89;311.95;9162
SBER;5;20260304;071500;311.95;312.68;311.94;312.48;115862
SBER;5;20260304;072000;312.48;312.6;312.31;312.36;56971
SBER;5;20260304;072500;312.35;312.37;312.02;312.17;57090
SBER;5;20260304;073000;312.17;312.5;312.11;312.5;23526
SBER;5;20260304;073500;312.5;312.67;312.36;312.39;44980
SBER;5;20260304;074000;312.39;312.57;312.38;312.56;7938
SBER;5;20260304;074500;312.56;312.56;312.29;312.44;24057
SBER;5;20260304;075000;312.44;312.68;312.44;312.66;13812
SBER;5;20260304;075500;312.66;312.7;311.61;312.1;174657
SBER;5;20260304;080000;312.07;312.36;312.05;312.36;10048
SBER;5;20260304;080500;312.35;312.39;312.27;312.37;19392
SBER;5;20260304;081000;312.37;312.38;312.32;312.36;7806
SBER;5;20260304;081500;312.36;312.5;312.33;312.37;38360
SBER;5;20260304;082000;312.4;312.7;312.36;312.64;50471
SBER;5;20260304;082500;312.65;312.69;312.62;312.69;59274
SBER;5;20260304;083000;312.69;312.69;312.5;312.51;29697
SBER;5;20260304;083500;312.51;312.52;312.5;312.5;18516
SBER;5;20260304;084000;312.5;312.52;312.26;312.3;71493
SBER;5;20260304;084500;312.29;312.49;312.29;312.37;18645
SBER;5;20260304;085000;312.43;312.45;312.3;312.32;12668
SBER;5;20260304;085500;312.32;312.41;312.29;312.3;28459
SBER;5;20260304;090000;312.29;312.3;312;312.02;102223
SBER;5;20260304;090500;312.01;312.03;311.68;311.9;121981
SBER;5;20260304;091000;311.91;311.93;311.88;311.91;16192
SBER;5;20260304;091500;311.91;311.99;311.87;311.87;17865
SBER;5;20260304;092000;311.88;311.92;311.72;311.86;35684
SBER;5;20260304;092500;311.88;311.95;311.86;311.9;25834
SBER;5;20260304;093000;311.9;311.99;311.7;311.73;42106
SBER;5;20260304;093500;311.73;311.9;311.7;311.73;21016
SBER;5;20260304;094000;311.75;311.85;311.74;311.8;14741
SBER;5;20260304;094500;311.8;311.89;311.63;311.7;68375
SBER;5;20260304;095000;311.69;312;311.67;311.91;68773
SBER;5;20260304;095500;311.94;311.98;311.89;311.93;6734
SBER;5;20260304;100000;311.93;312.24;311.61;312.21;228756
SBER;5;20260304;100500;312.21;312.47;312.13;312.14;144292
SBER;5;20260304;101000;312.14;312.14;311.95;311.99;58627
SBER;5;20260304;101500;311.99;312;311.86;311.98;42247
SBER;5;20260304;102000;311.97;311.98;311.81;311.83;33474
SBER;5;20260304;102500;311.83;311.99;311.82;311.95;42791
SBER;5;20260304;103000;311.98;312.01;311.89;311.96;40201
SBER;5;20260304;103500;311.98;312.47;311.96;312.38;131123
SBER;5;20260304;104000;312.4;312.44;312.2;312.39;68005
SBER;5;20260304;104500;312.38;312.56;312.34;312.39;132613
SBER;5;20260304;105000;312.38;312.45;312.31;312.35;47665
SBER;5;20260304;105500;312.35;312.36;312.24;312.29;17408
SBER;5;20260304;110000;312.28;312.29;312.07;312.12;40317
SBER;5;20260304;110500;312.12;312.12;311.88;312;80593
SBER;5;20260304;111000;312;312.09;312;312.02;22735
SBER;5;20260304;111500;312.03;312.03;311.81;311.85;53731
SBER;5;20260304;112000;311.85;311.99;311.65;311.86;316293
SBER;5;20260304;112500;311.88;311.98;311.86;311.95;30419
SBER;5;20260304;113000;311.94;312;311.94;312;13489
SBER;5;20260304;113500;311.99;312;311.98;311.99;42784
SBER;5;20260304;114000;312;312.28;311.99;312.28;98610
SBER;5;20260304;114500;312.28;312.28;311.99;312.05;91432
SBER;5;20260304;115000;312.04;312.27;311.95;312.11;111014
SBER;5;20260304;115500;312.11;312.22;311.9;312.15;35571
SBER;5;20260304;120000;312.15;312.28;312.03;312.28;134150
SBER;5;20260304;120500;312.28;312.3;312.25;312.26;137838
SBER;5;20260304;121000;312.27;312.28;312.23;312.27;40647
SBER;5;20260304;121500;312.26;312.3;312.25;312.27;38028
SBER;5;20260304;122000;312.27;312.3;312.24;312.24;46430
SBER;5;20260304;122500;312.26;312.28;311.98;311.99;101101
SBER;5;20260304;123000;311.99;312.13;311.98;312;73977
SBER;5;20260304;123500;312;312.1;311.99;312.08;24745
SBER;5;20260304;124000;312.08;312.1;311.94;312;92261
SBER;5;20260304;124500;312.01;312.14;311.9;312.14;57616
SBER;5;20260304;125000;312.14;312.14;311.91;311.98;22824
SBER;5;20260304;125500;311.96;312.17;311.96;312.16;17625
SBER;5;20260304;130000;312.16;312.29;312.14;312.25;61349
SBER;5;20260304;130500;312.22;312.3;312.05;312.17;163266
SBER;5;20260304;131000;312.17;312.3;312.06;312.25;89526
SBER;5;20260304;131500;312.24;312.3;312.23;312.3;38247
SBER;5;20260304;132000;312.29;312.3;312.26;312.3;25463
SBER;5;20260304;132500;312.29;312.3;312.29;312.29;85813
SBER;5;20260304;133000;312.3;312.3;312.24;312.29;15970
SBER;5;20260304;133500;312.29;312.3;312.19;312.3;241397
SBER;5;20260304;134000;312.29;312.3;312.29;312.3;69009
SBER;5;20260304;134500;312.29;312.3;312.2;312.3;211540
SBER;5;20260304;135000;312.3;312.3;312.09;312.09;175423
SBER;5;20260304;135500;312.1;312.1;312.07;312.09;22344
SBER;5;20260304;140000;312.1;312.1;312;312.03;32490
SBER;5;20260304;140500;312.05;312.05;311.97;311.99;131844
SBER;5;20260304;141000;311.99;312.14;311.98;312.13;18945
SBER;5;20260304;141500;312.14;312.19;312.14;312.17;23812
SBER;5;20260304;142000;312.17;312.17;312.06;312.12;34236
SBER;5;20260304;142500;312.11;312.19;311.99;311.99;138567
SBER;5;20260304;143000;311.99;312;311.81;311.86;139454
SBER;5;20260304;143500;311.86;312;311.84;312;100211
SBER;5;20260304;144000;311.99;312;311.84;311.92;49473
SBER;5;20260304;144500;311.92;312;311.92;311.99;13715
SBER;5;20260304;145000;311.98;311.99;311.68;311.75;313666
SBER;5;20260304;145500;311.77;311.98;311.76;311.78;83004
SBER;5;20260304;150000;311.78;312;311.78;312;25511
SBER;5;20260304;150500;312;312;311.99;312;32386
SBER;5;20260304;151000;312;312;311.99;312;33386
SBER;5;20260304;151500;312;312;311.95;311.97;25624
SBER;5;20260304;152000;311.98;312.12;311.97;312.11;137643
SBER;5;20260304;152500;312.11;312.19;312.1;312.18;38141
SBER;5;20260304;153000;312.18;312.19;311.99;312.12;157037
SBER;5;20260304;153500;312.15;312.18;311.85;311.9;242525
SBER;5;20260304;154000;311.89;311.9;311.69;311.85;198361
SBER;5;20260304;154500;311.86;312.01;311.51;311.76;290386
SBER;5;20260304;155000;311.76;311.81;311.7;311.81;273733
SBER;5;20260304;155500;311.82;311.87;311.7;311.73;49724
SBER;5;20260304;160000;311.73;311.73;311.18;311.25;532147
SBER;5;20260304;160500;311.25;311.4;311.24;311.37;93744
SBER;5;20260304;161000;311.37;311.54;311.35;311.41;80821
SBER;5;20260304;161500;311.4;311.41;310.75;311.16;968910
SBER;5;20260304;162000;311.16;311.19;311.09;311.17;127312
SBER;5;20260304;162500;311.17;311.26;311.16;311.2;77595
SBER;5;20260304;163000;311.21;311.33;311.16;311.33;42181
SBER;5;20260304;163500;311.33;311.6;311.32;311.43;122039
SBER;5;20260304;164000;311.43;311.46;311.43;311.46;20461
SBER;5;20260304;164500;311.46;311.48;311.27;311.27;107669
SBER;5;20260304;165000;311.28;311.32;311.22;311.29;95725
SBER;5;20260304;165500;311.3;311.34;311.29;311.32;33401
SBER;5;20260304;170000;311.33;311.49;311.22;311.43;156294
SBER;5;20260304;170500;311.42;311.44;311.3;311.3;68369
SBER;5;20260304;171000;311.3;311.34;311.18;311.27;148196
SBER;5;20260304;171500;311.27;311.29;311;311.01;79233
SBER;5;20260304;172000;311.01;311.07;310.94;311;92584
SBER;5;20260304;172500;310.99;311;310.91;310.92;39568
SBER;5;20260304;173000;310.92;310.98;310.75;310.79;282244
SBER;5;20260304;173500;310.79;310.87;310.5;310.65;398289
SBER;5;20260304;174000;310.65;310.65;310.52;310.63;96575
SBER;5;20260304;174500;310.63;310.73;310.52;310.57;149652
SBER;5;20260304;175000;310.56;310.6;310.52;310.6;73176
SBER;5;20260304;175500;310.58;311.01;310.57;310.69;289885
SBER;5;20260304;180000;310.69;310.74;310.65;310.73;64780
SBER;5;20260304;180500;310.73;311.06;310.69;310.94;137422
SBER;5;20260304;181000;310.94;310.95;310.69;310.72;50753
SBER;5;20260304;181500;310.72;310.84;310.69;310.81;59874
SBER;5;20260304;182000;310.81;311.29;310.73;311.19;109195
SBER;5;20260304;182500;311.19;311.34;311.18;311.32;336121
SBER;5;20260304;183000;311.32;311.32;310.96;311.04;73612
SBER;5;20260304;183500;311.04;311.19;311.04;311.15;38124
SBER;5;20260304;184500;311.25;311.25;311.25;311.25;27225
SBER;5;20260304;190000;311.21;311.69;311.21;311.62;127043
SBER;5;20260304;190500;311.56;312.18;311.27;311.38;249117
SBER;5;20260304;191000;311.39;311.52;311.38;311.51;27368
SBER;5;20260304;191500;311.51;311.62;311.5;311.62;14763
SBER;5;20260304;192000;311.62;311.63;311.56;311.59;17407
SBER;5;20260304;192500;311.59;311.62;311.56;311.59;8330
SBER;5;20260304;193000;311.59;311.61;311.54;311.54;18615
SBER;5;20260304;193500;311.55;311.65;311.49;311.65;58888
SBER;5;20260304;194000;311.65;311.65;311.52;311.58;10067
SBER;5;20260304;194500;311.57;311.65;311.53;311.64;29763
SBER;5;20260304;195000;311.64;311.65;311.59;311.61;9662
SBER;5;20260304;195500;311.61;311.65;311.6;311.64;9402
SBER;5;20260304;200000;311.65;311.66;311.63;311.66;44752
SBER;5;20260304;200500;311.66;311.67;311.64;311.65;7377
SBER;5;20260304;201000;311.67;311.69;311.64;311.69;17484
SBER;5;20260304;201500;311.69;311.69;311.48;311.49;66209
SBER;5;20260304;202000;311.5;311.5;311.37;311.38;29931
SBER;5;20260304;202500;311.39;311.44;311.38;311.44;8192
SBER;5;20260304;203000;311.44;311.64;311.43;311.53;15140
SBER;5;20260304;203500;311.53;311.56;311.44;311.47;22999
SBER;5;20260304;204000;311.46;311.48;311.44;311.47;19908
SBER;5;20260304;204500;311.47;311.49;311.42;311.43;3271
SBER;5;20260304;205000;311.42;311.49;311.41;311.48;9850
SBER;5;20260304;205500;311.49;311.49;311.41;311.41;5688
SBER;5;20260304;210000;311.42;311.42;311.05;311.12;80150
SBER;5;20260304;210500;311.11;311.3;311.05;311.23;73864
SBER;5;20260304;211000;311.23;311.24;310.9;310.97;117273
SBER;5;20260304;211500;310.97;311.2;310.96;311.12;39615
SBER;5;20260304;212000;311.12;311.28;311.09;311.25;29111
SBER;5;20260304;212500;311.25;311.29;311.19;311.2;43563
SBER;5;20260304;213000;311.2;311.26;311.19;311.25;7647
SBER;5;20260304;213500;311.24;311.24;311.18;311.19;10182
SBER;5;20260304;214000;311.2;311.24;311.17;311.2;6158
SBER;5;20260304;214500;311.2;311.24;311.05;311.14;51186
SBER;5;20260304;215000;311.13;311.17;311.11;311.14;11573
SBER;5;20260304;215500;311.15;311.18;311.14;311.18;14599
SBER;5;20260304;220000;311.17;311.19;311.15;311.18;28818
SBER;5;20260304;220500;311.19;311.21;311.14;311.18;29472
SBER;5;20260304;221000;311.15;311.2;311.15;311.18;1728
SBER;5;20260304;221500;311.17;311.2;311.17;311.2;30586
SBER;5;20260304;222000;311.2;311.2;311.18;311.2;8819
SBER;5;20260304;222500;311.2;311.2;311.13;311.14;11049
SBER;5;20260304;223000;311.14;311.19;311.12;311.16;26452
SBER;5;20260304;223500;311.16;311.17;311.13;311.14;21507
SBER;5;20260304;224000;311.15;311.16;311.1;311.13;18133
SBER;5;20260304;224500;311.14;311.14;311.1;311.11;6449
SBER;5;20260304;225000;311.11;311.11;311.1;311.11;3763
SBER;5;20260304;225500;311.11;311.13;311.08;311.13;22944
SBER;5;20260304;230000;311.13;311.15;311.13;311.15;5105
SBER;5;20260304;230500;311.15;311.15;311.08;311.09;13599
SBER;5;20260304;231000;311.09;311.12;311.07;311.1;9267
SBER;5;20260304;231500;311.1;311.13;311.09;311.13;11631
SBER;5;20260304;232000;311.12;311.15;311.12;311.14;4904
SBER;5;20260304;232500;311.14;311.14;311.01;311.06;40770
SBER;5;20260304;233000;311.06;311.1;311.01;311.04;26456
SBER;5;20260304;233500;311.09;311.1;311.01;311.09;22351
SBER;5;20260304;234000;311.09;311.1;311.03;311.08;10024
SBER;5;20260304;234500;311.07;311.1;311;311.1;34143
SBER;5;20260305;070000;311.32;311.45;311.22;311.32;24949
SBER;5;20260305;070500;311.32;311.49;311.3;311.42;15191
SBER;5;20260305;071000;311.42;312;311.4;311.8;128924
SBER;5;20260305;071500;311.8;311.8;311.52;311.71;10421
SBER;5;20260305;072000;311.71;311.8;311.6;311.6;14097
SBER;5;20260305;072500;311.63;311.7;311.63;311.68;4690
SBER;5;20260305;073000;311.68;311.96;311.64;311.94;36457
SBER;5;20260305;073500;311.94;311.98;311.83;311.9;55731
SBER;5;20260305;074000;311.9;311.9;311.83;311.85;3198
SBER;5;20260305;074500;311.88;311.92;311.73;311.76;7084
SBER;5;20260305;075000;311.76;311.88;311.73;311.87;10290
SBER;5;20260305;075500;311.87;311.9;311.82;311.88;8075
SBER;5;20260305;080000;311.9;311.9;311.83;311.87;4538
SBER;5;20260305;080500;311.87;311.9;311.76;311.89;19873
SBER;5;20260305;081000;311.9;311.91;311.89;311.9;7872
SBER;5;20260305;081500;311.91;312;311.9;312;47408
SBER;5;20260305;082000;312;312;311.92;311.95;8985
SBER;5;20260305;082500;311.95;311.95;311.91;311.91;2545
SBER;5;20260305;083000;311.91;311.93;311.9;311.93;4278
SBER;5;20260305;083500;311.93;311.96;311.9;311.96;12522
SBER;5;20260305;084000;311.94;311.96;311.92;311.96;34075
SBER;5;20260305;084500;311.96;312.07;311.95;312.01;21290
SBER;5;20260305;085000;312.01;312.01;311.96;311.99;10468
SBER;5;20260305;085500;311.98;312;311.91;311.97;15576
SBER;5;20260305;090000;311.95;311.96;311.7;311.71;52032
SBER;5;20260305;090500;311.71;311.72;311.33;311.46;120692
SBER;5;20260305;091000;311.45;311.59;311.33;311.59;46559
SBER;5;20260305;091500;311.59;311.66;311.53;311.66;20460
SBER;5;20260305;092000;311.65;311.71;311.54;311.69;24734
SBER;5;20260305;092500;311.69;311.72;311.66;311.72;9959
SBER;5;20260305;093000;311.72;311.8;311.56;311.62;46368
SBER;5;20260305;093500;311.62;311.65;311.56;311.65;10661
SBER;5;20260305;094000;311.64;311.75;311.64;311.64;21868
SBER;5;20260305;094500;311.61;311.69;311.53;311.56;17601
SBER;5;20260305;095000;311.61;311.62;311.5;311.61;14627
SBER;5;20260305;095500;311.61;312;311.6;311.81;127434
SBER;5;20260305;100000;311.83;312.01;311.8;312.01;63043
SBER;5;20260305;100500;312.01;312.01;311.67;311.72;66382
SBER;5;20260305;101000;311.73;311.8;311.64;311.79;30388
SBER;5;20260305;101500;311.8;311.8;311.51;311.58;113523
SBER;5;20260305;102000;311.58;311.92;311.48;311.77;55926
SBER;5;20260305;102500;311.75;311.88;311.74;311.84;19332
SBER;5;20260305;103000;311.83;312.09;311.82;312.07;168690
SBER;5;20260305;103500;312.07;312.1;311.88;312.02;67741
SBER;5;20260305;104000;312.01;312.03;311.94;311.95;35224
SBER;5;20260305;104500;311.94;312.15;311.9;312.15;83100
SBER;5;20260305;105000;312.14;312.85;312.12;312.79;792207
SBER;5;20260305;105500;312.77;312.96;312.55;312.55;266912
SBER;5;20260305;110000;312.55;312.63;312.25;312.4;279473
SBER;5;20260305;110500;312.41;312.42;312.27;312.36;52687
SBER;5;20260305;111000;312.4;312.4;312.19;312.2;89234
SBER;5;20260305;111500;312.2;312.2;312.15;312.17;51019
SBER;5;20260305;112000;312.16;312.17;312.09;312.17;43845
SBER;5;20260305;112500;312.17;312.28;312.1;312.22;87713
SBER;5;20260305;113000;312.2;312.5;312.12;312.49;163575
SBER;5;20260305;113500;312.49;312.55;312.34;312.34;147472
SBER;5;20260305;114000;312.35;312.53;312.34;312.39;121600
SBER;5;20260305;114500;312.39;312.59;312.38;312.56;112543
SBER;5;20260305;115000;312.56;312.7;312.55;312.57;109714
SBER;5;20260305;115500;312.57;312.67;312.49;312.56;108532
SBER;5;20260305;120000;312.56;312.67;312.42;312.44;89511
SBER;5;20260305;120500;312.45;312.47;312.3;312.31;78221
SBER;5;20260305;121000;312.31;312.44;312.3;312.42;100377
SBER;5;20260305;121500;312.43;312.43;312.35;312.37;12612
SBER;5;20260305;122000;312.36;312.44;312.36;312.44;22095
SBER;5;20260305;122500;312.44;312.49;312.39;312.4;19659
SBER;5;20260305;123000;312.39;312.56;312.33;312.35;146411
SBER;5;20260305;123500;312.34;312.38;312.2;312.2;209846
SBER;5;20260305;124000;312.2;312.21;311.51;311.81;418775
SBER;5;20260305;124500;311.82;311.82;311.63;311.69;31908
SBER;5;20260305;125000;311.7;311.73;311.59;311.66;77378
SBER;5;20260305;125500;311.66;311.74;311.45;311.7;142241
SBER;5;20260305;130000;311.69;311.69;311.54;311.66;21257
SBER;5;20260305;130500;311.66;311.71;311.53;311.61;21389
SBER;5;20260305;131000;311.61;311.76;311.53;311.76;43862
SBER;5;20260305;131500;311.75;311.95;311.72;311.95;48462
SBER;5;20260305;132000;311.94;311.94;311.7;311.71;55053
SBER;5;20260305;132500;311.7;311.72;311.45;311.65;59069
SBER;5;20260305;133000;311.65;311.92;311.6;311.88;32083
SBER;5;20260305;133500;311.89;311.94;311.86;311.93;31357
SBER;5;20260305;134000;311.93;312.26;311.93;312.24;84072
SBER;5;20260305;134500;312.24;312.37;312.22;312.22;33713
SBER;5;20260305;135000;312.22;312.29;312.16;312.29;33510
SBER;5;20260305;135500;312.29;312.44;312.28;312.42;53639
SBER;5;20260305;140000;312.36;312.43;312.3;312.32;32422
SBER;5;20260305;140500;312.31;312.41;312.31;312.38;21988
SBER;5;20260305;141000;312.38;312.42;312.31;312.42;162469
SBER;5;20260305;141500;312.42;312.52;312.4;312.49;98382
SBER;5;20260305;142000;312.5;312.52;312.37;312.45;128523
SBER;5;20260305;142500;312.45;313.34;312.38;313.07;1039637
SBER;5;20260305;143000;313.09;313.41;313.09;313.37;278050
SBER;5;20260305;143500;313.37;313.87;313.32;313.79;449612
SBER;5;20260305;144000;313.78;314.66;313.78;314.63;1025384
SBER;5;20260305;144500;314.63;315.27;314.54;314.59;976546
SBER;5;20260305;145000;314.59;314.9;314.58;314.68;223836
SBER;5;20260305;145500;314.69;315.1;314.68;314.88;444690
SBER;5;20260305;150000;314.88;315.15;314.71;314.84;416106
SBER;5;20260305;150500;314.84;315.12;314.83;314.88;252160
SBER;5;20260305;151000;314.88;315.2;314.86;315.19;511256
SBER;5;20260305;151500;315.19;315.8;315.18;315.37;795205
SBER;5;20260305;152000;315.35;315.35;314.87;314.94;398095
SBER;5;20260305;152500;314.93;315;314.8;314.82;169408
SBER;5;20260305;153000;314.82;314.9;314.8;314.81;208119
SBER;5;20260305;153500;314.81;314.83;314.5;314.61;303637
SBER;5;20260305;154000;314.61;314.63;314.5;314.55;145085
SBER;5;20260305;154500;314.55;314.69;314.54;314.68;232370
SBER;5;20260305;155000;314.69;314.76;314.55;314.55;39335
SBER;5;20260305;155500;314.55;314.7;314.51;314.7;38525
SBER;5;20260305;160000;314.7;314.9;314.68;314.82;151781
SBER;5;20260305;160500;314.81;314.82;314.7;314.72;93706
SBER;5;20260305;161000;314.71;314.95;314.66;314.87;123785
SBER;5;20260305;161500;314.86;315.18;314.74;315.16;348880
SBER;5;20260305;162000;315.16;315.18;314.61;315.07;310164
SBER;5;20260305;162500;315.07;315.18;314.95;315.09;206263
SBER;5;20260305;163000;315.09;315.2;315;315;119091
SBER;5;20260305;163500;315;315.1;315;315.09;147268
SBER;5;20260305;164000;315.09;315.17;315.04;315.16;89316
SBER;5;20260305;164500;315.16;315.33;315.16;315.23;223068
SBER;5;20260305;165000;315.23;315.29;315;315;205591
SBER;5;20260305;165500;315.01;315.23;315;315.22;138697
SBER;5;20260305;170000;315.22;315.35;315.15;315.24;140199
SBER;5;20260305;170500;315.24;315.25;314.73;314.91;541429
SBER;5;20260305;171000;314.88;315.16;314.85;315.1;156813
SBER;5;20260305;171500;315.1;315.25;315;315;217525
SBER;5;20260305;172000;315;315.08;314.92;315.06;117513
SBER;5;20260305;172500;315.05;315.09;315.01;315.08;81017
SBER;5;20260305;173000;315.07;315.08;314.54;314.79;417497
SBER;5;20260305;173500;314.79;314.8;314.71;314.8;60124
SBER;5;20260305;174000;314.79;314.88;314.79;314.86;38281
SBER;5;20260305;174500;314.81;314.99;314.8;314.89;70468
SBER;5;20260305;175000;314.91;314.94;314.87;314.91;23239
SBER;5;20260305;175500;314.91;315;314.91;315;23900
SBER;5;20260305;180000;315;315;314.81;314.94;75504
SBER;5;20260305;180500;314.94;314.97;314.6;314.72;123692
SBER;5;20260305;181000;314.73;314.99;314.67;314.88;93222
SBER;5;20260305;181500;314.94;315;314.83;314.96;45132
SBER;5;20260305;182000;314.96;315.14;314.96;315.14;169836
SBER;5;20260305;182500;315.14;315.15;315.06;315.15;126044
SBER;5;20260305;183000;315.15;315.2;315.13;315.19;128478
SBER;5;20260305;183500;315.19;315.24;315.1;315.11;104844
SBER;5;20260305;184500;315.42;315.42;315.42;315.42;197919
SBER;5;20260305;190000;315.11;315.42;315.03;315.04;118742
SBER;5;20260305;190500;315.14;315.2;315.08;315.17;14300
SBER;5;20260305;191000;315.17;315.22;315.14;315.16;29777
SBER;5;20260305;191500;315.17;315.18;315.02;315.07;78636
SBER;5;20260305;192000;315.08;315.14;314.75;314.79;86946
SBER;5;20260305;192500;314.79;314.84;314.75;314.81;49620
SBER;5;20260305;193000;314.82;314.84;314.78;314.84;27600
SBER;5;20260305;193500;314.83;315.06;314.83;314.94;45684
SBER;5;20260305;194000;314.96;315.1;314.92;315.04;64806
SBER;5;20260305;194500;315.04;315.1;314.96;315.01;19123
SBER;5;20260305;195000;315;315.09;314.99;315.07;10433
SBER;5;20260305;195500;315.02;315.15;315.02;315.15;21165
SBER;5;20260305;200000;315.15;315.19;315.13;315.17;23530
SBER;5;20260305;200500;315.16;315.21;315.16;315.21;45565
SBER;5;20260305;201000;315.21;315.3;315.2;315.29;94961
SBER;5;20260305;201500;315.3;315.36;315.28;315.28;41418
SBER;5;20260305;202000;315.29;315.5;315.23;315.5;152714
SBER;5;20260305;202500;315.5;315.5;315.45;315.46;106358
SBER;5;20260305;203000;315.46;315.46;315.29;315.35;54739
SBER;5;20260305;203500;315.34;315.35;315.23;315.29;33337
SBER;5;20260305;204000;315.29;315.33;315.24;315.25;18264
SBER;5;20260305;204500;315.26;315.28;315.23;315.28;19077
SBER;5;20260305;205000;315.27;315.46;315.27;315.38;46887
SBER;5;20260305;205500;315.39;315.41;315.3;315.32;17346
SBER;5;20260305;210000;315.33;315.5;315.32;315.5;156658
SBER;5;20260305;210500;315.5;315.5;315.45;315.47;20370
SBER;5;20260305;211000;315.47;315.54;315.44;315.46;73169
SBER;5;20260305;211500;315.47;315.53;315.41;315.51;17763
SBER;5;20260305;212000;315.51;315.52;315.42;315.47;20329
SBER;5;20260305;212500;315.47;315.53;315.33;315.39;42876
SBER;5;20260305;213000;315.38;315.52;315.38;315.48;17147
SBER;5;20260305;213500;315.48;315.5;315.4;315.42;14444
SBER;5;20260305;214000;315.42;315.42;315.13;315.18;131782
SBER;5;20260305;214500;315.18;315.2;315.13;315.15;15673
SBER;5;20260305;215000;315.15;315.15;315;315.05;37967
SBER;5;20260305;215500;315.08;315.11;315;315.05;38925
SBER;5;20260305;220000;315.03;315.27;315.01;315.27;60040
SBER;5;20260305;220500;315.25;315.31;315.24;315.28;25171
SBER;5;20260305;221000;315.27;315.28;315.24;315.27;8713
SBER;5;20260305;221500;315.27;315.27;315.07;315.19;40408
SBER;5;20260305;222000;315.18;315.19;315.1;315.11;5769
SBER;5;20260305;222500;315.11;315.18;315.08;315.11;50548
SBER;5;20260305;223000;315.11;315.15;315.08;315.08;18863
SBER;5;20260305;223500;315.1;315.1;315;315.03;12520
SBER;5;20260305;224000;315.03;315.04;315;315.01;9763
SBER;5;20260305;224500;315.01;315.01;314.86;314.87;36748
SBER;5;20260305;225000;314.87;314.87;314.8;314.84;30911
SBER;5;20260305;225500;314.84;314.87;314.78;314.85;30235
SBER;5;20260305;230000;314.86;314.92;314.85;314.91;15124
SBER;5;20260305;230500;314.92;314.92;314.81;314.81;13958
SBER;5;20260305;231000;314.83;314.85;314.73;314.76;13157
SBER;5;20260305;231500;314.77;314.77;314.68;314.73;20845
SBER;5;20260305;232000;314.73;314.82;314.71;314.72;32983
SBER;5;20260305;232500;314.71;314.72;314.66;314.68;57769
SBER;5;20260305;233000;314.68;314.68;314.57;314.64;48270
SBER;5;20260305;233500;314.63;314.66;314.56;314.6;47250
SBER;5;20260305;234000;314.6;314.76;314.6;314.75;14984
SBER;5;20260305;234500;314.74;314.85;314.6;314.68;52853
SBER;5;20260306;070000;315;315.47;314.7;314.78;89507
SBER;5;20260306;070500;314.89;314.92;314.59;314.91;53755
SBER;5;20260306;071000;314.91;315.2;314.91;315.2;17209
SBER;5;20260306;071500;315.19;315.2;315;315.02;7953
SBER;5;20260306;072000;315.02;315.16;315;315.11;12138
SBER;5;20260306;072500;315.11;315.11;314.91;315.01;12261
SBER;5;20260306;073000;315.08;315.08;314.93;315.02;10133
SBER;5;20260306;073500;314.94;315.06;314.94;315.05;8624
SBER;5;20260306;074000;315.05;315.2;314.96;315.19;12174
SBER;5;20260306;074500;315.19;315.19;314.88;314.91;21511
SBER;5;20260306;075000;314.88;314.95;314.88;314.93;56416
SBER;5;20260306;075500;314.95;315;314.93;314.98;4578
SBER;5;20260306;080000;314.98;314.98;314.91;314.95;10456
SBER;5;20260306;080500;314.95;314.95;314.91;314.91;3436
SBER;5;20260306;081000;314.91;314.92;314.74;314.75;44226
SBER;5;20260306;081500;314.75;314.88;314.73;314.85;62297
SBER;5;20260306;082000;314.87;314.9;314.75;314.81;9959
SBER;5;20260306;082500;314.81;314.81;314.77;314.8;5072
SBER;5;20260306;083000;314.81;314.96;314.79;314.9;25755
SBER;5;20260306;083500;314.9;314.99;314.89;314.99;16736
SBER;5;20260306;084000;314.99;315.18;314.99;315.16;101891
SBER;5;20260306;084500;315.15;315.16;315.1;315.1;4675
SBER;5;20260306;085000;315.16;315.18;315.1;315.16;15761
SBER;5;20260306;085500;315.16;315.18;315.12;315.15;10566
SBER;5;20260306;090000;315.15;315.21;315.03;315.2;88881
SBER;5;20260306;090500;315.21;315.29;315.21;315.23;20483
SBER;5;20260306;091000;315.22;315.27;315.15;315.17;10129
SBER;5;20260306;091500;315.18;315.18;315.13;315.16;12200
SBER;5;20260306;092000;315.16;315.18;315.15;315.18;11997
SBER;5;20260306;092500;315.17;315.19;315.17;315.19;15138
SBER;5;20260306;093000;315.19;315.2;315.1;315.11;49136
SBER;5;20260306;093500;315.11;315.12;315.01;315.03;14458
SBER;5;20260306;094000;315.04;315.1;315;315.09;12535
SBER;5;20260306;094500;315.06;315.1;315.03;315.09;17640
SBER;5;20260306;095000;315.1;315.21;315.09;315.21;46193
SBER;5;20260306;095500;315.21;315.24;315.07;315.11;61247
SBER;5;20260306;100000;315.07;315.15;315.01;315.03;38096
SBER;5;20260306;100500;315.03;315.24;315.01;315.13;174209
SBER;5;20260306;101000;315.12;315.19;315.05;315.18;51241
SBER;5;20260306;101500;315.18;315.24;315.16;315.21;31027
SBER;5;20260306;102000;315.2;315.21;315.1;315.17;41136
SBER;5;20260306;102500;315.16;315.17;315.04;315.09;68694
SBER;5;20260306;103000;315.07;315.2;315.03;315.13;58438
SBER;5;20260306;103500;315.15;315.17;315.01;315.01;31253
SBER;5;20260306;104000;315.02;315.11;315.01;315.03;38750
SBER;5;20260306;104500;315.04;315.16;315.01;315.16;37591
SBER;5;20260306;105000;315.15;315.29;315.15;315.29;93170
SBER;5;20260306;105500;315.28;315.68;315.18;315.68;320167
SBER;5;20260306;110000;315.68;317;315.67;316.29;923727
SBER;5;20260306;110500;316.29;316.29;315.8;316.09;403964
SBER;5;20260306;111000;316.1;316.1;315.83;316;88905
SBER;5;20260306;111500;316;316.12;315.9;316;174272
SBER;5;20260306;112000;316.01;316.09;316;316;69019
SBER;5;20260306;112500;316;316.15;316;316.07;106262
SBER;5;20260306;113000;316.06;316.11;316;316.09;42180
SBER;5;20260306;113500;316.09;316.09;315.91;315.92;54436
SBER;5;20260306;114000;315.92;315.92;315.8;315.83;53516
SBER;5;20260306;114500;315.83;315.83;315.74;315.75;58751
SBER;5;20260306;115000;315.75;315.75;315.56;315.67;84314
SBER;5;20260306;115500;315.66;315.66;315.5;315.51;72393
SBER;5;20260306;120000;315.5;315.51;315;315.18;135107
SBER;5;20260306;120500;315.19;315.24;315.1;315.17;51306
SBER;5;20260306;121000;315.17;315.31;315.16;315.29;29669
SBER;5;20260306;121500;315.3;315.3;315.16;315.18;34603
SBER;5;20260306;122000;315.18;315.19;314.93;315;261710
SBER;5;20260306;122500;315;315.24;314.99;315.23;60904
SBER;5;20260306;123000;315.24;315.24;315.02;315.03;25691
SBER;5;20260306;123500;315.02;315.02;314.93;314.97;262220
SBER;5;20260306;124000;314.97;315;314.96;314.97;58407
SBER;5;20260306;124500;314.97;315;314.7;314.9;240774
SBER;5;20260306;125000;314.9;314.91;314.71;314.74;119468
SBER;5;20260306;125500;314.74;314.75;314.5;314.55;266635
SBER;5;20260306;130000;314.55;314.65;314.48;314.59;162273
SBER;5;20260306;130500;314.59;314.81;314.58;314.76;76934
SBER;5;20260306;131000;314.75;314.86;314.74;314.81;48034
SBER;5;20260306;131500;314.82;314.91;314.71;314.76;94637
SBER;5;20260306;132000;314.73;314.81;314.7;314.71;43904
SBER;5;20260306;132500;314.71;314.78;314.7;314.72;40583
SBER;5;20260306;133000;314.71;314.78;314.69;314.75;53878
SBER;5;20260306;133500;314.74;314.75;314.66;314.67;98624
SBER;5;20260306;134000;314.66;314.68;314.66;314.67;58287
SBER;5;20260306;134500;314.67;314.68;314.48;314.49;142703
SBER;5;20260306;135000;314.49;314.49;314.35;314.35;242885
SBER;5;20260306;135500;314.36;314.5;314.36;314.42;110883
SBER;5;20260306;140000;314.42;314.44;314.35;314.44;169496
SBER;5;20260306;140500;314.43;314.44;314.35;314.44;99214
SBER;5;20260306;141000;314.44;314.7;314.43;314.69;86545
SBER;5;20260306;141500;314.69;314.88;314.68;314.85;92695
SBER;5;20260306;142000;314.85;314.9;314.83;314.88;37049
SBER;5;20260306;142500;314.88;314.89;314.73;314.81;56464
SBER;5;20260306;143000;314.8;314.88;314.77;314.82;46443
SBER;5;20260306;143500;314.82;314.84;314.64;314.64;52891
SBER;5;20260306;144000;314.67;314.78;314.61;314.77;86308
SBER;5;20260306;144500;314.77;314.77;314.58;314.61;63955
SBER;5;20260306;145000;314.6;314.8;314.6;314.8;115263
SBER;5;20260306;145500;314.79;314.8;314.59;314.7;41364
SBER;5;20260306;150000;314.68;314.7;314.53;314.55;61408
SBER;5;20260306;150500;314.55;314.59;314.52;314.54;60948
SBER;5;20260306;151000;314.54;314.55;314.47;314.49;166889
SBER;5;20260306;151500;314.48;314.5;314.4;314.41;64733
SBER;5;20260306;152000;314.41;314.45;314.4;314.43;115352
SBER;5;20260306;152500;314.43;314.6;314.42;314.59;148111
SBER;5;20260306;153000;314.58;314.66;314.57;314.61;58730
SBER;5;20260306;153500;314.61;314.68;314.58;314.65;62066
SBER;5;20260306;154000;314.65;314.65;314.43;314.63;84703
SBER;5;20260306;154500;314.58;314.66;314.52;314.66;43136
SBER;5;20260306;155000;314.66;314.82;314.6;314.82;124543
SBER;5;20260306;155500;314.81;314.9;314.8;314.87;53403
SBER;5;20260306;160000;314.87;314.89;314.74;314.83;105642
SBER;5;20260306;160500;314.84;314.91;314.77;314.87;64327
SBER;5;20260306;161000;314.85;314.9;314.79;314.86;56717
SBER;5;20260306;161500;314.85;314.89;314.73;314.89;62784
SBER;5;20260306;162000;314.89;315.18;314.87;315.14;358893
SBER;5;20260306;162500;315.18;315.21;315.05;315.17;90972
SBER;5;20260306;163000;315.16;315.2;314.8;314.88;132680
SBER;5;20260306;163500;314.88;314.97;314.7;314.94;70470
SBER;5;20260306;164000;314.94;314.95;314.69;314.87;115503
SBER;5;20260306;164500;314.86;314.86;314.56;314.67;185265
SBER;5;20260306;165000;314.64;314.72;314.61;314.62;160758
SBER;5;20260306;165500;314.62;314.65;314.35;314.37;194259
SBER;5;20260306;170000;314.37;314.61;314.35;314.55;142915
SBER;5;20260306;170500;314.52;314.58;314.35;314.4;176521
SBER;5;20260306;171000;314.41;314.57;314.09;314.29;315063
SBER;5;20260306;171500;314.29;314.71;314.24;314.53;243599
SBER;5;20260306;172000;314.54;314.81;314.4;314.77;205456
SBER;5;20260306;172500;314.77;315.06;314.77;315.02;134756
SBER;5;20260306;173000;315.03;315.18;314.9;314.93;117814
SBER;5;20260306;173500;314.93;314.99;314.83;314.86;58452
SBER;5;20260306;174000;314.84;314.92;314.69;314.72;29148
SBER;5;20260306;174500;314.72;314.95;314.71;314.82;72737
SBER;5;20260306;175000;314.82;314.91;314.65;314.67;29129
SBER;5;20260306;175500;314.67;314.7;314.6;314.61;62979
SBER;5;20260306;180000;314.62;314.83;314.35;314.44;210465
SBER;5;20260306;180500;314.44;314.5;314.42;314.48;60099
SBER;5;20260306;181000;314.48;314.49;314.43;314.43;43240
SBER;5;20260306;181500;314.44;314.55;314.43;314.52;51474
SBER;5;20260306;182000;314.56;314.62;314.5;314.5;56532
SBER;5;20260306;182500;314.5;314.74;314.5;314.71;37897
SBER;5;20260306;183000;314.72;314.84;314.72;314.79;58031
SBER;5;20260306;183500;314.79;314.8;314.43;314.44;158570
SBER;5;20260306;184500;314.47;314.47;314.47;314.47;26833
SBER;5;20260306;190000;314.55;314.61;314.46;314.56;57735
SBER;5;20260306;190500;314.56;314.6;314.52;314.52;57438
SBER;5;20260306;191000;314.52;314.58;314.52;314.56;40295
SBER;5;20260306;191500;314.55;314.6;314.55;314.59;51475
SBER;5;20260306;192000;314.58;314.6;314.57;314.58;23558
SBER;5;20260306;192500;314.58;314.58;314.57;314.57;10228
SBER;5;20260306;193000;314.58;314.58;314.56;314.57;14208
SBER;5;20260306;193500;314.56;314.57;314.52;314.52;34041
SBER;5;20260306;194000;314.52;314.53;314.44;314.44;84011
SBER;5;20260306;194500;314.44;314.52;314.43;314.52;25881
SBER;5;20260306;195000;314.52;314.59;314.51;314.59;11711
SBER;5;20260306;195500;314.59;314.59;314.5;314.51;12759
SBER;5;20260306;200000;314.51;314.52;314.5;314.51;10370
SBER;5;20260306;200500;314.51;314.69;314.5;314.63;23160
SBER;5;20260306;201000;314.64;314.65;314.62;314.65;4731
SBER;5;20260306;201500;314.65;314.72;314.65;314.69;21411
SBER;5;20260306;202000;314.69;314.7;314.69;314.7;23533
SBER;5;20260306;202500;314.69;314.75;314.65;314.66;25484
SBER;5;20260306;203000;314.65;314.66;314.65;314.66;6562
SBER;5;20260306;203500;314.66;314.66;314.43;314.44;51437
SBER;5;20260306;204000;314.43;314.48;314.42;314.43;11831
SBER;5;20260306;204500;314.43;314.43;314.41;314.42;15121
SBER;5;20260306;205000;314.41;314.54;314.41;314.52;19830
SBER;5;20260306;205500;314.52;314.54;314.47;314.48;12968
SBER;5;20260306;210000;314.49;314.5;314.4;314.47;34087
SBER;5;20260306;210500;314.47;314.5;314.42;314.44;14770
SBER;5;20260306;211000;314.44;314.52;314.42;314.52;66264
SBER;5;20260306;211500;314.52;314.52;314.5;314.51;12368
SBER;5;20260306;212000;314.51;314.52;314.49;314.52;28892
SBER;5;20260306;212500;314.51;314.52;314.5;314.52;22199
SBER;5;20260306;213000;314.52;314.52;314.5;314.51;7111
SBER;5;20260306;213500;314.5;314.52;314.5;314.5;14211
SBER;5;20260306;214000;314.52;314.75;314.51;314.71;52313
SBER;5;20260306;214500;314.69;314.73;314.68;314.72;11340
SBER;5;20260306;215000;314.71;314.77;314.71;314.75;9608
SBER;5;20260306;215500;314.75;314.79;314.74;314.77;11561
SBER;5;20260306;220000;314.76;314.77;314.7;314.7;8946
SBER;5;20260306;220500;314.71;314.73;314.68;314.7;8196
SBER;5;20260306;221000;314.7;314.7;314.59;314.61;28354
SBER;5;20260306;221500;314.6;314.63;314.58;314.6;9003
SBER;5;20260306;222000;314.6;314.6;314.53;314.57;12257
SBER;5;20260306;222500;314.57;314.57;314.52;314.55;8342
SBER;5;20260306;223000;314.55;314.55;314.5;314.52;18962
SBER;5;20260306;223500;314.53;314.67;314.52;314.67;27927
SBER;5;20260306;224000;314.67;314.67;314.63;314.66;10040
SBER;5;20260306;224500;314.66;314.68;314.63;314.68;12965
SBER;5;20260306;225000;314.68;314.7;314.63;314.7;67060
SBER;5;20260306;225500;314.7;314.71;314.68;314.68;6037
SBER;5;20260306;230000;314.69;314.69;314.64;314.65;25321
SBER;5;20260306;230500;314.64;314.65;314.57;314.58;21578
SBER;5;20260306;231000;314.57;314.68;314.4;314.42;81497
SBER;5;20260306;231500;314.42;314.55;314.41;314.48;55343
SBER;5;20260306;232000;314.48;314.48;314.4;314.4;26697
SBER;5;20260306;232500;314.43;314.46;314.35;314.37;75293
SBER;5;20260306;233000;314.37;314.37;314.32;314.33;23804
SBER;5;20260306;233500;314.32;314.38;314.29;314.35;41513
SBER;5;20260306;234000;314.35;314.44;314.28;314.29;105063
SBER;5;20260306;234500;314.29;314.29;314.1;314.14;87868
SBER;5;20260309;070000;314;314.14;313.5;313.56;178281
SBER;5;20260309;070500;313.56;316.85;312.16;314.74;386957
SBER;5;20260309;071000;315;315.95;314.5;315.93;97279
SBER;5;20260309;071500;315.92;316;315.5;315.9;124198
SBER;5;20260309;072000;315.82;315.9;315.5;315.72;34022
SBER;5;20260309;072500;315.72;316.15;315.52;316.15;69377
SBER;5;20260309;073000;316.15;316.35;315.6;315.76;59207
SBER;5;20260309;073500;315.72;316.3;315.63;315.98;44970
SBER;5;20260309;074000;316.13;317;315.7;316.9;216762
SBER;5;20260309;074500;316.85;316.9;316.5;316.86;75538
SBER;5;20260309;075000;316.61;317;316.56;317;155190
SBER;5;20260309;075500;317;317.28;316.5;316.8;138683
SBER;5;20260309;080000;316.8;317;316.5;316.79;191513
SBER;5;20260309;080500;316.79;316.79;315.64;316;184162
SBER;5;20260309;081000;315.98;316.29;315.7;316.18;44970
SBER;5;20260309;081500;316.18;316.29;316.01;316.02;46502
SBER;5;20260309;082000;316.02;316.08;315.53;316.07;143222
SBER;5;20260309;082500;316.07;316.13;315.66;315.99;31063
SBER;5;20260309;083000;315.97;316.16;315.76;315.96;43194
SBER;5;20260309;083500;315.82;316.12;315.63;315.99;95367
SBER;5;20260309;084000;315.99;316.12;315.8;316;71956
SBER;5;20260309;084500;316.01;316.04;315.3;315.3;54423
SBER;5;20260309;085000;315.3;315.51;315.13;315.3;129175
SBER;5;20260309;085500;315.3;315.65;315.24;315.25;118348
SBER;5;20260309;090000;315.25;315.53;314;314.35;768411
SBER;5;20260309;090500;314.36;314.79;314.16;314.19;320531
SBER;5;20260309;091000;314.18;314.51;313.9;314.21;271196
SBER;5;20260309;091500;314.21;314.43;314;314.2;251710
SBER;5;20260309;092000;314.2;314.85;314.17;314.83;170440
SBER;5;20260309;092500;314.83;314.86;314.45;314.45;90925
SBER;5;20260309;093000;314.45;314.85;314;314.41;207931
SBER;5;20260309;093500;314.43;314.45;314.03;314.38;47251
SBER;5;20260309;094000;314.45;314.62;314.28;314.49;35604
SBER;5;20260309;094500;314.48;314.87;314.48;314.84;39937
SBER;5;20260309;095000;314.83;314.9;314.52;314.52;78457
SBER;5;20260309;095500;314.52;314.52;314.39;314.49;53430
SBER;5;20260309;100000;314.49;315.1;314.45;314.93;140971
SBER;5;20260309;100500;314.94;315.83;314.84;315.69;213754
SBER;5;20260309;101000;315.68;315.8;315.56;315.77;119059
SBER;5;20260309;101500;315.77;315.9;315.68;315.68;184423
SBER;5;20260309;102000;315.67;315.68;315.39;315.45;114043
SBER;5;20260309;102500;315.45;315.45;314.95;315.17;69802
SBER;5;20260309;103000;315.17;315.21;314.7;315.21;115676
SBER;5;20260309;103500;315.21;315.6;315.2;315.6;79531
SBER;5;20260309;104000;315.6;315.81;315.59;315.72;126088
SBER;5;20260309;104500;315.73;315.85;315.58;315.66;52358
SBER;5;20260309;105000;315.66;315.7;315.59;315.68;49355
SBER;5;20260309;105500;315.68;315.68;315.5;315.51;68374
SBER;5;20260309;110000;315.5;315.66;315.5;315.64;24092
SBER;5;20260309;110500;315.63;315.66;315.57;315.63;29283
SBER;5;20260309;111000;315.63;315.66;315.63;315.66;32169
SBER;5;20260309;111500;315.65;315.66;315.23;315.28;165450
SBER;5;20260309;112000;315.3;315.47;315.21;315.3;85002
SBER;5;20260309;112500;315.29;315.4;315.24;315.39;26498
SBER;5;20260309;113000;315.4;315.5;315.3;315.35;32151
SBER;5;20260309;113500;315.35;315.35;314.8;314.86;100479
SBER;5;20260309;114000;314.86;315.18;314.84;315.14;41419
SBER;5;20260309;114500;315.14;315.22;315.05;315.1;37691
SBER;5;20260309;115000;315.1;315.2;315.1;315.14;35989
SBER;5;20260309;115500;315.14;315.23;315.13;315.22;42271
SBER;5;20260309;120000;315.23;315.68;315.06;315.6;392539
SBER;5;20260309;120500;315.6;316.3;315.59;315.99;861598
SBER;5;20260309;121000;316;316.08;316;316.08;32433
SBER;5;20260309;121500;316.08;316.42;316.07;316.4;221018
SBER;5;20260309;122000;316.41;316.87;316.41;316.73;384676
SBER;5;20260309;122500;316.73;317;316.72;316.97;773474
SBER;5;20260309;123000;316.96;317.36;316.83;316.92;639098
SBER;5;20260309;123500;316.93;316.96;316.67;316.81;172214
SBER;5;20260309;124000;316.81;316.87;316.63;316.65;83557
SBER;5;20260309;124500;316.65;316.65;316.3;316.45;117472
SBER;5;20260309;125000;316.46;316.49;316.31;316.38;58942
SBER;5;20260309;125500;316.39;316.5;316.33;316.49;77415
SBER;5;20260309;130000;316.5;316.61;316.33;316.39;74118
SBER;5;20260309;130500;316.39;316.39;314.51;315.54;586949
SBER;5;20260309;131000;315.53;315.72;315.38;315.72;76772
SBER;5;20260309;131500;315.7;315.78;315.61;315.72;45576
SBER;5;20260309;132000;315.73;315.75;315.6;315.61;39917
SBER;5;20260309;132500;315.61;315.61;315.41;315.45;51706
SBER;5;20260309;133000;315.42;315.44;315.35;315.38;46358
SBER;5;20260309;133500;315.38;315.63;315.25;315.54;126472
SBER;5;20260309;134000;315.54;315.54;315.46;315.5;43459
SBER;5;20260309;134500;315.51;315.58;315.47;315.57;107436
SBER;5;20260309;135000;315.57;315.57;315.47;315.55;32354
SBER;5;20260309;135500;315.55;315.75;315.54;315.75;64433
SBER;5;20260309;140000;315.75;316.08;315.74;316.02;109613
SBER;5;20260309;140500;316.02;316.02;315.61;315.77;77106
SBER;5;20260309;141000;315.77;316;315.75;316;26448
SBER;5;20260309;141500;315.99;316.03;315.99;316.03;16692
SBER;5;20260309;142000;316.02;316.23;316.02;316.08;51741
SBER;5;20260309;142500;316.08;316.24;315.75;315.79;142331
SBER;5;20260309;143000;315.79;315.92;315.79;315.86;19770
SBER;5;20260309;143500;315.85;315.85;315.7;315.8;28699
SBER;5;20260309;144000;315.82;315.89;315.77;315.83;25159
SBER;5;20260309;144500;315.83;316.03;315.81;315.96;85067
SBER;5;20260309;145000;315.97;315.97;315.81;315.84;19174
SBER;5;20260309;145500;315.84;315.95;315.84;315.95;19220
SBER;5;20260309;150000;315.95;315.95;315.78;315.9;53118
SBER;5;20260309;150500;315.9;315.9;315.76;315.8;28472
SBER;5;20260309;151000;315.8;315.88;315.79;315.86;12096
SBER;5;20260309;151500;315.86;315.88;315.81;315.87;14840
SBER;5;20260309;152000;315.84;315.9;315.82;315.9;22847
SBER;5;20260309;152500;315.89;315.91;315.83;315.9;36948
SBER;5;20260309;153000;315.91;315.95;315.9;315.91;36900
SBER;5;20260309;153500;315.92;315.94;315.91;315.94;13639
SBER;5;20260309;154000;315.93;315.99;315.93;315.98;59341
SBER;5;20260309;154500;315.97;315.99;315.97;315.99;82202
SBER;5;20260309;155000;315.99;316.04;315.97;315.99;49296
SBER;5;20260309;155500;315.99;316.05;315.98;316;47431
SBER;5;20260309;160000;316.01;316.19;316;316.11;37611
SBER;5;20260309;160500;316.11;316.17;316.02;316.08;45847
SBER;5;20260309;161000;316.08;316.09;316;316;53659
SBER;5;20260309;161500;316;316.01;315.92;315.95;52713
SBER;5;20260309;162000;315.95;315.96;315.85;315.87;38011
SBER;5;20260309;162500;315.87;315.98;315.85;315.98;19993
SBER;5;20260309;163000;315.92;315.98;315.65;315.66;126671
SBER;5;20260309;163500;315.66;315.87;315.66;315.86;67603
SBER;5;20260309;164000;315.86;315.87;315.67;315.74;24348
SBER;5;20260309;164500;315.74;315.78;315.66;315.67;17455
SBER;5;20260309;165000;315.67;315.76;315.51;315.56;69305
SBER;5;20260309;165500;315.59;315.64;315.51;315.52;15610
SBER;5;20260309;170000;315.52;315.67;315.51;315.6;22405
SBER;5;20260309;170500;315.61;315.67;315.53;315.53;52026
SBER;5;20260309;171000;315.53;315.73;315.51;315.68;51755
SBER;5;20260309;171500;315.68;315.69;315.51;315.57;30591
SBER;5;20260309;172000;315.57;315.58;315.52;315.54;19015
SBER;5;20260309;172500;315.54;315.55;315.51;315.53;17718
SBER;5;20260309;173000;315.53;315.58;315.47;315.58;33529
SBER;5;20260309;173500;315.57;315.79;315.57;315.74;24128
SBER;5;20260309;174000;315.7;315.78;315.59;315.64;16772
SBER;5;20260309;174500;315.65;315.77;315.55;315.55;53148
SBER;5;20260309;175000;315.56;315.6;315.47;315.48;25982
SBER;5;20260309;175500;315.49;315.95;315.41;315.94;109269
SBER;5;20260309;180000;315.94;315.97;315.83;315.89;71030
SBER;5;20260309;180500;315.9;316.09;315.89;315.95;96628
SBER;5;20260309;181000;315.95;316.09;315.95;316.09;30449
SBER;5;20260309;181500;316.09;316.27;316.08;316.23;107192
SBER;5;20260309;182000;316.23;316.36;316.23;316.25;152671
SBER;5;20260309;182500;316.26;316.32;316.25;316.31;70716
SBER;5;20260309;183000;316.3;316.35;316.21;316.28;99068
SBER;5;20260309;183500;316.27;316.35;316.14;316.34;134876
SBER;5;20260309;184500;316.35;316.35;316.35;316.35;23613
SBER;5;20260309;190000;316.34;316.4;316.29;316.36;74651
SBER;5;20260309;190500;316.39;316.4;316.33;316.38;80885
SBER;5;20260309;191000;316.39;316.39;316.37;316.38;24330
SBER;5;20260309;191500;316.38;316.4;316.29;316.39;22583
SBER;5;20260309;192000;316.39;316.4;316.3;316.3;79554
SBER;5;20260309;192500;316.29;316.3;316.21;316.25;8495
SBER;5;20260309;193000;316.25;316.25;316.2;316.25;8904
SBER;5;20260309;193500;316.23;316.25;316.2;316.21;12752
SBER;5;20260309;194000;316.21;316.22;316.15;316.17;27475
SBER;5;20260309;194500;316.17;316.17;316.02;316.07;30399
SBER;5;20260309;195000;316.05;316.06;315.97;316.01;27098
SBER;5;20260309;195500;316.01;316.16;315.98;316.13;41196
SBER;5;20260309;200000;316.13;316.13;315.9;316;32726
SBER;5;20260309;200500;315.99;316;315.83;315.97;36500
SBER;5;20260309;201000;315.97;315.98;315.86;315.97;4818
SBER;5;20260309;201500;315.95;315.97;315.85;315.94;9122
SBER;5;20260309;202000;315.93;315.97;315.86;315.86;5531
SBER;5;20260309;202500;315.87;315.91;315.72;315.82;17668
SBER;5;20260309;203000;315.77;315.82;315.64;315.76;9447
SBER;5;20260309;203500;315.76;315.77;315.72;315.76;4784
SBER;5;20260309;204000;315.75;315.75;315.59;315.6;18955
SBER;5;20260309;204500;315.6;315.68;315.59;315.68;12095
SBER;5;20260309;205000;315.68;315.79;315.64;315.75;23247
SBER;5;20260309;205500;315.75;315.77;315.7;315.76;7497
SBER;5;20260309;210000;315.76;315.8;315.7;315.79;39949
SBER;5;20260309;210500;315.79;315.79;315.7;315.71;15560
SBER;5;20260309;211000;315.7;315.71;315.53;315.54;29459
SBER;5;20260309;211500;315.55;315.66;315.5;315.57;46307
SBER;5;20260309;212000;315.59;315.59;315.44;315.48;63970
SBER;5;20260309;212500;315.48;315.7;315.48;315.61;10283
SBER;5;20260309;213000;315.61;315.66;315.43;315.46;30615
SBER;5;20260309;213500;315.46;315.6;315.45;315.59;5300
SBER;5;20260309;214000;315.58;315.59;315.48;315.48;4683
SBER;5;20260309;214500;315.48;315.49;315.36;315.4;23494
SBER;5;20260309;215000;315.4;315.49;315.38;315.42;37918
SBER;5;20260309;215500;315.44;315.48;315.4;315.46;22750
SBER;5;20260309;220000;315.45;315.48;315.41;315.46;18599
SBER;5;20260309;220500;315.46;315.48;315.35;315.39;16816
SBER;5;20260309;221000;315.4;315.4;314.99;315.32;211836
SBER;5;20260309;221500;315.32;315.33;315.27;315.28;14152
SBER;5;20260309;222000;315.28;315.28;315.03;315.26;74253
SBER;5;20260309;222500;315.26;316.18;315.15;315.15;257759
SBER;5;20260309;223000;315.13;315.46;315.01;315.46;72025
SBER;5;20260309;223500;315.47;316.5;315.43;316.45;445939
SBER;5;20260309;224000;316.45;316.47;316.35;316.47;153412
SBER;5;20260309;224500;316.46;316.5;316.3;316.5;103008
SBER;5;20260309;225000;316.5;316.59;316.41;316.58;154409
SBER;5;20260309;225500;316.59;316.94;316.58;316.89;316443
SBER;5;20260309;230000;316.91;316.99;316.77;316.82;193683
SBER;5;20260309;230500;316.8;316.8;316.61;316.71;28541
SBER;5;20260309;231000;316.71;316.74;316.23;316.26;120352
SBER;5;20260309;231500;316.28;316.66;316.27;316.57;59839
SBER;5;20260309;232000;316.56;316.58;316.36;316.38;22325
SBER;5;20260309;232500;316.39;316.39;316.24;316.24;57637
SBER;5;20260309;233000;316.25;316.27;316.01;316.01;30869
SBER;5;20260309;233500;316.06;316.74;316;316.2;159581
SBER;5;20260309;234000;316.21;316.31;316.01;316.28;22326
SBER;5;20260309;234500;316.26;316.3;316.05;316.3;32407
SBER;5;20260310;070000;316.49;316.49;315.5;315.85;132146
SBER;5;20260310;070500;315.8;316.05;315.58;315.66;63919
SBER;5;20260310;071000;315.67;316.05;315.66;315.93;28046
SBER;5;20260310;071500;315.93;315.94;315.85;315.9;18864
SBER;5;20260310;072000;315.9;315.91;315.45;315.84;34085
SBER;5;20260310;072500;315.84;316.17;315.84;316.07;23593
SBER;5;20260310;073000;316.08;316.17;315.88;315.97;16952
SBER;5;20260310;073500;315.97;316.58;315.9;316.54;118364
SBER;5;20260310;074000;316.54;316.89;316.51;316.8;135864
SBER;5;20260310;074500;316.8;316.88;316.57;316.75;31060
SBER;5;20260310;075000;316.74;316.88;316.74;316.87;18839
SBER;5;20260310;075500;316.88;316.89;316.86;316.89;48242
SBER;5;20260310;080000;316.89;316.99;316.58;316.64;122503
SBER;5;20260310;080500;316.61;316.86;316.5;316.84;33512
SBER;5;20260310;081000;316.86;317;316.83;317;37346
SBER;5;20260310;081500;317;317;316.68;316.95;74668
SBER;5;20260310;082000;316.97;316.99;316.66;316.7;38081
SBER;5;20260310;082500;316.7;316.7;316.6;316.62;25339
SBER;5;20260310;083000;316.62;316.62;316.47;316.62;50379
SBER;5;20260310;083500;316.62;316.62;316.37;316.4;21556
SBER;5;20260310;084000;316.39;316.4;316.19;316.34;39273
SBER;5;20260310;084500;316.35;316.5;316.34;316.49;19083
SBER;5;20260310;085000;316.5;316.76;316.49;316.72;19206
SBER;5;20260310;085500;316.72;316.9;316.64;316.87;23262
SBER;5;20260310;090000;316.8;316.99;316.67;316.92;91037
SBER;5;20260310;090500;316.92;317.45;316.68;316.82;341964
SBER;5;20260310;091000;316.82;317.1;316.8;317.1;51240
SBER;5;20260310;091500;317.09;317.82;316.95;317.78;984486
SBER;5;20260310;092000;317.8;317.9;317.6;317.84;307690
SBER;5;20260310;092500;317.84;317.9;317.77;317.88;128952
SBER;5;20260310;093000;317.87;317.92;317.78;317.92;179129
SBER;5;20260310;093500;317.92;317.92;317.67;317.69;101895
SBER;5;20260310;094000;317.69;317.79;317.69;317.78;90614
SBER;5;20260310;094500;317.78;317.78;317.26;317.34;182165
SBER;5;20260310;095000;317.34;317.6;317.33;317.51;65247
SBER;5;20260310;095500;317.52;317.52;317.35;317.39;47375
SBER;5;20260310;100000;317.37;317.5;317.3;317.43;99235
SBER;5;20260310;100500;317.41;317.53;317.31;317.34;67306
SBER;5;20260310;101000;317.34;317.6;317.31;317.46;166548
SBER;5;20260310;101500;317.47;317.78;317.42;317.76;297181
SBER;5;20260310;102000;317.76;317.95;317.58;317.64;383093
SBER;5;20260310;102500;317.63;318.6;317.6;318.5;1399360
SBER;5;20260310;103000;318.5;318.8;318.5;318.7;967144
SBER;5;20260310;103500;318.7;319.28;318.6;319.14;1089973
SBER;5;20260310;104000;319.15;319.23;318.72;318.78;378128
SBER;5;20260310;104500;318.79;319.1;318.58;318.97;298789
SBER;5;20260310;105000;318.97;319.09;318.7;318.7;485984
SBER;5;20260310;105500;318.7;318.85;318.57;318.7;199274
SBER;5;20260310;110000;318.68;318.88;318.56;318.84;174189
SBER;5;20260310;110500;318.85;319;318.79;318.8;224021
SBER;5;20260310;111000;318.8;318.95;318.79;318.93;80030
SBER;5;20260310;111500;318.92;319;318.87;318.98;153007
SBER;5;20260310;112000;318.98;319;318.79;318.9;201685
SBER;5;20260310;112500;318.89;318.9;318.34;318.39;218611
SBER;5;20260310;113000;318.4;318.55;318.26;318.4;266513
SBER;5;20260310;113500;318.43;318.49;318.31;318.39;104240
SBER;5;20260310;114000;318.39;318.41;318.1;318.19;229476
SBER;5;20260310;114500;318.18;318.2;318;318.14;235223
SBER;5;20260310;115000;318.13;318.28;318.12;318.19;210053
SBER;5;20260310;115500;318.2;318.28;318.07;318.23;173624
SBER;5;20260310;120000;318.23;318.28;318.22;318.28;297248
SBER;5;20260310;120500;318.27;318.28;318.1;318.21;131102
SBER;5;20260310;121000;318.21;318.3;318.14;318.25;250285
SBER;5;20260310;121500;318.28;318.3;318.15;318.2;108730
SBER;5;20260310;122000;318.2;318.3;318.17;318.29;108588
SBER;5;20260310;122500;318.26;318.3;318.21;318.3;157729
SBER;5;20260310;123000;318.29;318.3;318.09;318.11;153823
SBER;5;20260310;123500;318.11;318.15;317.35;317.54;463115
SBER;5;20260310;124000;317.55;317.95;317.53;317.9;88222
SBER;5;20260310;124500;317.88;318.05;317.86;317.98;84939
SBER;5;20260310;125000;317.92;318;317.68;318;153375
SBER;5;20260310;125500;318;318.3;317.95;318.3;132808
SBER;5;20260310;130000;318.3;318.3;318.25;318.27;90105
SBER;5;20260310;130500;318.27;318.32;318.26;318.29;181805
SBER;5;20260310;131000;318.31;318.35;318.25;318.33;73380
SBER;5;20260310;131500;318.35;318.35;318.08;318.19;65646
SBER;5;20260310;132000;318.2;318.24;318.14;318.16;35448
SBER;5;20260310;132500;318.16;318.2;318.16;318.16;124787
SBER;5;20260310;133000;318.18;318.35;318.17;318.28;100398
SBER;5;20260310;133500;318.28;318.4;318.28;318.4;203193
SBER;5;20260310;134000;318.4;318.4;318.16;318.27;108235
SBER;5;20260310;134500;318.32;318.4;318.23;318.35;159785
SBER;5;20260310;135000;318.35;318.36;318.16;318.25;61027
SBER;5;20260310;135500;318.25;318.25;318.12;318.21;54507
SBER;5;20260310;140000;318.21;318.27;318.19;318.19;35925
SBER;5;20260310;140500;318.19;318.21;317.9;318.07;167414
SBER;5;20260310;141000;318.07;318.15;317.9;317.93;121909
SBER;5;20260310;141500;317.94;317.95;317.85;317.87;66694
SBER;5;20260310;142000;317.88;317.92;317.72;317.75;63524
SBER;5;20260310;142500;317.76;317.76;317.64;317.68;65494
SBER;5;20260310;143000;317.66;317.67;317.38;317.51;197891
SBER;5;20260310;143500;317.51;317.53;317.44;317.46;85050
SBER;5;20260310;144000;317.47;317.73;317.45;317.71;88292
SBER;5;20260310;144500;317.71;317.78;317.69;317.72;62555
SBER;5;20260310;145000;317.71;317.76;317.69;317.7;62707
SBER;5;20260310;145500;317.71;317.72;317.67;317.67;56185
SBER;5;20260310;150000;317.67;317.67;317.46;317.61;82520
SBER;5;20260310;150500;317.61;317.67;317.5;317.6;126628
SBER;5;20260310;151000;317.62;317.64;316.68;317.17;660392
SBER;5;20260310;151500;317.17;317.19;316.98;317.15;194265
SBER;5;20260310;152000;317.15;317.15;316.99;317.15;88212
SBER;5;20260310;152500;317.16;317.23;317;317.04;135614
SBER;5;20260310;153000;317.07;317.25;317.04;317.07;127538
SBER;5;20260310;153500;317.07;317.34;316.99;317.32;106682
SBER;5;20260310;154000;317.31;317.42;317.02;317.04;57158
SBER;5;20260310;154500;317.03;317.34;316.91;317.27;403507
SBER;5;20260310;155000;317.27;317.41;317.15;317.19;222795
SBER;5;20260310;155500;317.21;317.23;317.02;317.15;70335
SBER;5;20260310;160000;317.17;317.26;317.07;317.17;95990
SBER;5;20260310;160500;317.13;317.13;316.71;316.73;180424
SBER;5;20260310;161000;316.73;317.04;316.71;316.99;57528
SBER;5;20260310;161500;316.99;317.11;316.85;316.87;104311
SBER;5;20260310;162000;316.87;316.97;316.76;316.79;93753
SBER;5;20260310;162500;316.78;316.83;316.01;316.06;545255
SBER;5;20260310;163000;316.06;316.26;316.05;316.14;345369
SBER;5;20260310;163500;316.15;316.2;316.13;316.14;120536
SBER;5;20260310;164000;316.13;316.15;316.06;316.09;69802
SBER;5;20260310;164500;316.08;316.25;316.08;316.24;47303
SBER;5;20260310;165000;316.24;316.34;316.17;316.18;94967
SBER;5;20260310;165500;316.23;316.23;315.72;315.75;350791
SBER;5;20260310;170000;315.75;315.77;315.07;315.67;1102063
SBER;5;20260310;170500;315.67;315.71;315.53;315.57;136682
SBER;5;20260310;171000;315.59;315.68;315.5;315.51;128287
SBER;5;20260310;171500;315.51;315.74;315.5;315.55;134992
SBER;5;20260310;172000;315.54;315.94;315.31;315.68;572939
SBER;5;20260310;172500;315.67;315.67;314.45;314.62;1163261
SBER;5;20260310;173000;314.65;315.1;314.13;314.84;1138224
SBER;5;20260310;173500;314.84;314.98;314.63;314.63;217102
SBER;5;20260310;174000;314.66;314.84;314.1;314.79;468554
SBER;5;20260310;174500;314.8;314.86;314.55;314.65;254862
SBER;5;20260310;175000;314.65;314.7;314.4;314.5;168014
SBER;5;20260310;175500;314.51;314.6;314.23;314.57;222411
SBER;5;20260310;180000;314.58;314.6;314.19;314.58;277127
SBER;5;20260310;180500;314.59;314.67;314.34;314.42;189604
SBER;5;20260310;181000;314.43;314.71;314.34;314.66;200080
SBER;5;20260310;181500;314.65;314.73;314.19;314.4;290588
SBER;5;20260310;182000;314.4;314.4;314.26;314.38;164384
SBER;5;20260310;182500;314.37;314.38;314;314;381458
SBER;5;20260310;183000;314;314.18;313.59;314.14;642824
SBER;5;20260310;183500;314.14;314.2;313.8;314.05;408318
SBER;5;20260310;184500;314.28;314.28;314.28;314.28;49752
SBER;5;20260310;190000;314.27;314.55;314.08;314.48;92238
SBER;5;20260310;190500;314.47;314.47;313.86;314.22;344544
SBER;5;20260310;191000;314.23;314.38;314.21;314.36;48681
SBER;5;20260310;191500;314.36;314.62;314.36;314.57;156469
SBER;5;20260310;192000;314.57;314.74;314.46;314.7;143256
SBER;5;20260310;192500;314.7;314.76;314.65;314.67;104176
SBER;5;20260310;193000;314.67;314.67;314.42;314.46;80055
SBER;5;20260310;193500;314.46;314.55;314.42;314.55;60518
SBER;5;20260310;194000;314.55;314.66;314.45;314.56;38788
SBER;5;20260310;194500;314.57;314.57;314.49;314.57;49566
SBER;5;20260310;195000;314.57;314.6;314.28;314.28;189169
SBER;5;20260310;195500;314.29;314.29;313.81;313.88;243329
SBER;5;20260310;200000;313.86;313.94;313.81;313.82;86061
SBER;5;20260310;200500;313.81;314.1;313.81;314.1;150099
SBER;5;20260310;201000;314.1;314.4;314.06;314.36;136390
SBER;5;20260310;201500;314.31;314.39;314;314.01;84159
SBER;5;20260310;202000;314;314.38;313.95;314.35;118206
SBER;5;20260310;202500;314.35;314.6;314.34;314.52;117037
SBER;5;20260310;203000;314.51;314.69;314.47;314.68;58583
SBER;5;20260310;203500;314.69;314.9;314.68;314.9;77267
SBER;5;20260310;204000;314.89;314.9;314.78;314.88;95672
SBER;5;20260310;204500;314.87;314.9;314.84;314.86;41889
SBER;5;20260310;205000;314.85;314.91;314.75;314.87;171884
SBER;5;20260310;205500;314.87;315;314.66;314.76;154224
SBER;5;20260310;210000;314.75;314.78;314.13;314.33;243865
SBER;5;20260310;210500;314.33;314.58;314.32;314.53;37255
SBER;5;20260310;211000;314.52;314.65;314.52;314.65;27863
SBER;5;20260310;211500;314.7;314.85;314.55;314.83;77253
SBER;5;20260310;212000;314.82;314.83;314.61;314.68;37051
SBER;5;20260310;212500;314.67;314.69;314.52;314.54;35221
SBER;5;20260310;213000;314.54;314.71;314.5;314.67;29382
SBER;5;20260310;213500;314.67;314.85;314.66;314.7;69164
SBER;5;20260310;214000;314.7;314.74;314.65;314.74;55360
SBER;5;20260310;214500;314.74;314.79;314.71;314.78;10967
SBER;5;20260310;215000;314.78;314.9;314.76;314.89;27375
SBER;5;20260310;215500;314.9;314.97;314.82;314.84;62929
SBER;5;20260310;220000;314.82;314.84;314.63;314.67;51461
SBER;5;20260310;220500;314.7;314.78;314.68;314.73;12884
SBER;5;20260310;221000;314.75;314.78;314.7;314.7;14298
SBER;5;20260310;221500;314.7;314.75;314.5;314.61;66855
SBER;5;20260310;222000;314.61;314.62;314.5;314.57;29961
SBER;5;20260310;222500;314.58;314.63;314.58;314.63;33107
SBER;5;20260310;223000;314.63;314.78;314.62;314.73;28587
SBER;5;20260310;223500;314.71;314.74;314.65;314.67;11378
SBER;5;20260310;224000;314.67;314.67;314.61;314.66;54833
SBER;5;20260310;224500;314.66;314.79;314.65;314.79;37778
SBER;5;20260310;225000;314.79;314.79;314.78;314.79;17003
SBER;5;20260310;225500;314.79;314.8;314.76;314.78;35200
SBER;5;20260310;230000;314.77;314.86;314.61;314.86;57066
SBER;5;20260310;230500;314.86;314.9;314.85;314.9;26877
SBER;5;20260310;231000;314.9;314.9;314.88;314.88;37559
SBER;5;20260310;231500;314.88;314.96;314.86;314.94;32506
SBER;5;20260310;232000;314.93;314.95;314.9;314.92;9974
SBER;5;20260310;232500;314.91;314.92;314.8;314.8;49520
SBER;5;20260310;233000;314.82;314.85;314.77;314.78;52479
SBER;5;20260310;233500;314.78;314.85;314.77;314.8;52217
SBER;5;20260310;234000;314.8;314.85;314.77;314.85;21048
SBER;5;20260310;234500;314.85;314.9;314.77;314.8;33169
SBER;5;20260311;070000;315.45;318.2;315.02;315.35;492189
SBER;5;20260311;070500;315.35;315.35;315.05;315.2;63066
SBER;5;20260311;071000;315.2;315.63;315.15;315.51;65258
SBER;5;20260311;071500;315.52;315.59;315.37;315.54;82085
SBER;5;20260311;072000;315.57;315.57;315.38;315.57;27713
SBER;5;20260311;072500;315.57;315.59;315.33;315.56;56717
SBER;5;20260311;073000;315.54;315.55;315.26;315.48;45016
SBER;5;20260311;073500;315.48;315.5;315.3;315.43;18392
SBER;5;20260311;074000;315.43;315.44;315.23;315.28;8967
SBER;5;20260311;074500;315.28;315.3;315.21;315.27;11266
SBER;5;20260311;075000;315.28;315.28;315.04;315.07;20864
SBER;5;20260311;075500;315.04;315.13;315.03;315.12;11353
SBER;5;20260311;080000;315.12;315.5;315.11;315.46;83851
SBER;5;20260311;080500;315.45;316.38;315.45;316.08;213184
SBER;5;20260311;081000;316.07;316.24;315.94;315.94;86509
SBER;5;20260311;081500;315.94;316.1;315.94;316.01;26130
SBER;5;20260311;082000;316;316.01;315.85;315.92;9964
SBER;5;20260311;082500;315.92;315.92;315.65;315.77;42088
SBER;5;20260311;083000;315.77;315.77;315.48;315.65;25176
SBER;5;20260311;083500;315.6;315.72;315.54;315.72;10568
SBER;5;20260311;084000;315.72;315.76;315.6;315.6;14259
SBER;5;20260311;084500;315.69;315.72;315.54;315.65;27585
SBER;5;20260311;085000;315.63;315.63;315.46;315.47;44644
SBER;5;20260311;085500;315.47;315.55;315.2;315.39;37654
SBER;5;20260311;090000;315.38;315.38;315.14;315.28;57243
SBER;5;20260311;090500;315.29;315.43;315.29;315.31;34397
SBER;5;20260311;091000;315.31;315.43;315.28;315.4;21971
SBER;5;20260311;091500;315.43;315.43;315.31;315.37;21462
SBER;5;20260311;092000;315.37;315.39;314.44;314.98;231409
SBER;5;20260311;092500;314.98;314.98;314.55;314.72;89427
SBER;5;20260311;093000;314.7;314.89;314.47;314.8;50229
SBER;5;20260311;093500;314.76;314.76;314.51;314.61;40679
SBER;5;20260311;094000;314.63;315.09;314.59;315.01;71605
SBER;5;20260311;094500;315.02;315.25;314.88;315.2;39959
SBER;5;20260311;095000;315.21;316.5;315.17;316.5;996741
SBER;5;20260311;095500;316.5;316.5;316.12;316.33;355931
SBER;5;20260311;100000;316.33;316.38;316.18;316.22;172918
SBER;5;20260311;100500;316.21;316.23;315.84;316.2;175373
SBER;5;20260311;101000;316.21;316.48;316.11;316.45;229881
SBER;5;20260311;101500;316.45;316.5;316.39;316.42;155705
SBER;5;20260311;102000;316.42;316.64;316.25;316.59;390467
SBER;5;20260311;102500;316.61;316.87;316.59;316.79;427005
SBER;5;20260311;103000;316.79;316.81;316.53;316.68;117070
SBER;5;20260311;103500;316.7;316.8;316.6;316.8;197070
SBER;5;20260311;104000;316.79;316.79;316.39;316.53;172453
SBER;5;20260311;104500;316.56;316.56;316.23;316.29;94500
SBER;5;20260311;105000;316.3;316.41;316.21;316.4;173666
SBER;5;20260311;105500;316.41;316.58;316.4;316.58;140231
SBER;5;20260311;110000;316.56;316.68;316.5;316.5;133699
SBER;5;20260311;110500;316.5;316.53;316.15;316.17;79603
SBER;5;20260311;111000;316.16;316.25;315.85;315.97;151833
SBER;5;20260311;111500;315.96;316.08;315.6;315.95;203188
SBER;5;20260311;112000;315.96;316.22;315.72;316.22;180146
SBER;5;20260311;112500;316.22;316.28;315.95;316.19;122077
SBER;5;20260311;113000;316.23;316.31;315.92;316.04;89576
SBER;5;20260311;113500;316.04;316.29;316;316.11;77354
SBER;5;20260311;114000;316.12;316.24;316.11;316.17;21851
SBER;5;20260311;114500;316.17;316.4;316.17;316.4;36219
SBER;5;20260311;115000;316.4;316.43;316.24;316.36;104588
SBER;5;20260311;115500;316.37;316.48;316.27;316.33;75778
SBER;5;20260311;120000;316.33;316.71;316.32;316.61;125675
SBER;5;20260311;120500;316.61;316.62;316.43;316.47;41981
SBER;5;20260311;121000;316.47;316.49;316.37;316.37;49234
SBER;5;20260311;121500;316.44;316.48;316.37;316.48;50100
SBER;5;20260311;122000;316.48;316.58;316.41;316.49;88904
SBER;5;20260311;122500;316.49;316.52;316.32;316.39;121284
SBER;5;20260311;123000;316.39;316.42;316.16;316.19;100552
SBER;5;20260311;123500;316.19;316.34;316.11;316.2;136626
SBER;5;20260311;124000;316.22;316.23;316.1;316.14;52143
SBER;5;20260311;124500;316.13;316.16;316.03;316.14;76991
SBER;5;20260311;125000;316.14;316.15;316.06;316.08;183493
SBER;5;20260311;125500;316.07;316.1;315.92;315.92;255153
SBER;5;20260311;130000;315.93;316.01;315.92;316;75590
SBER;5;20260311;130500;316;316.07;315.92;316.05;71921
SBER;5;20260311;131000;316.06;316.06;315.69;315.75;148494
SBER;5;20260311;131500;315.7;315.96;315.59;315.95;139944
SBER;5;20260311;132000;315.95;316.36;315.94;316.29;115706
SBER;5;20260311;132500;316.29;316.32;316.23;316.23;48717
SBER;5;20260311;133000;316.24;316.39;316.23;316.26;98926
SBER;5;20260311;133500;316.26;316.46;316.02;316.05;169046
SBER;5;20260311;134000;316.05;316.26;316.02;316.13;145771
SBER;5;20260311;134500;316.12;316.13;315.98;316.08;90962
SBER;5;20260311;135000;316.08;316.09;315.9;315.97;78625
SBER;5;20260311;135500;315.97;315.97;315.76;315.85;73182
SBER;5;20260311;140000;315.87;315.94;315.79;315.83;17765
SBER;5;20260311;140500;315.82;316.1;315.75;316.08;96221
SBER;5;20260311;141000;316.07;316.07;315.82;316.01;52272
SBER;5;20260311;141500;316.01;316.08;315.86;316;49561
SBER;5;20260311;142000;315.97;316.04;315.86;316.04;47644
SBER;5;20260311;142500;316.04;316.16;316;316.16;51356
SBER;5;20260311;143000;316.15;316.15;315.93;316.03;44617
SBER;5;20260311;143500;316.04;316.1;316;316.09;29925
SBER;5;20260311;144000;316.09;316.1;315.95;315.98;24500
SBER;5;20260311;144500;315.97;316.07;315.92;316.06;71573
SBER;5;20260311;145000;316.07;316.2;316.06;316.19;46536
SBER;5;20260311;145500;316.19;316.2;316.05;316.1;36589
SBER;5;20260311;150000;316.13;316.29;316.11;316.29;69258
SBER;5;20260311;150500;316.29;316.47;316.25;316.42;79586
SBER;5;20260311;151000;316.44;316.55;316.43;316.48;82620
SBER;5;20260311;151500;316.49;316.49;316.24;316.3;44681
SBER;5;20260311;152000;316.28;316.36;316.17;316.24;32830
SBER;5;20260311;152500;316.24;316.33;316.02;316.29;119880
SBER;5;20260311;153000;316.29;316.31;316;316.02;130776
SBER;5;20260311;153500;316.02;316.13;316;316.01;28210
SBER;5;20260311;154000;316.01;316.01;315.87;315.89;46985
SBER;5;20260311;154500;315.9;315.98;315.81;315.83;70832
SBER;5;20260311;155000;315.83;315.87;315.46;315.47;224960
SBER;5;20260311;155500;315.47;315.65;315.29;315.58;288978
SBER;5;20260311;160000;315.58;315.59;315.4;315.57;147810
SBER;5;20260311;160500;315.57;315.62;315.4;315.5;170411
SBER;5;20260311;161000;315.52;315.57;315.42;315.44;61397
SBER;5;20260311;161500;315.44;315.45;315.4;315.4;70657
SBER;5;20260311;162000;315.42;315.42;315.01;315.09;169082
SBER;5;20260311;162500;315.09;315.09;315;315.01;121683
SBER;5;20260311;163000;315;315.01;314.7;314.73;248218
SBER;5;20260311;163500;314.74;315.05;314.73;315;133107
SBER;5;20260311;164000;315;315.02;314.8;314.85;162683
SBER;5;20260311;164500;314.88;314.96;314.7;314.86;154338
SBER;5;20260311;165000;314.86;315;314.74;314.87;113998
SBER;5;20260311;165500;314.87;314.87;314.7;314.84;122871
SBER;5;20260311;170000;314.84;315.31;314.78;315.19;200885
SBER;5;20260311;170500;315.19;315.26;315.02;315.14;134119
SBER;5;20260311;171000;315.17;315.22;315.13;315.15;123161
SBER;5;20260311;171500;315.15;315.15;314.89;314.97;145795
SBER;5;20260311;172000;314.97;315.01;314.83;314.96;94432
SBER;5;20260311;172500;314.96;315.02;314.8;314.87;196021
SBER;5;20260311;173000;314.88;314.93;314.71;314.77;126725
SBER;5;20260311;173500;314.76;314.77;314.7;314.71;195332
SBER;5;20260311;174000;314.7;314.72;314.7;314.71;130979
SBER;5;20260311;174500;314.71;315.19;314.61;315.16;215090
SBER;5;20260311;175000;315.15;315.16;314.99;315.11;139488
SBER;5;20260311;175500;315.11;315.12;314.73;314.75;113918
SBER;5;20260311;180000;314.73;314.77;314.56;314.73;107893
SBER;5;20260311;180500;314.73;314.97;314.72;314.81;134273
SBER;5;20260311;181000;314.81;314.83;314.7;314.74;150432
SBER;5;20260311;181500;314.76;314.81;314.55;314.72;228963
SBER;5;20260311;182000;314.71;314.78;314.53;314.63;121233
SBER;5;20260311;182500;314.63;314.65;314.55;314.62;211246
SBER;5;20260311;183000;314.62;314.63;314.52;314.56;204141
SBER;5;20260311;183500;314.55;314.56;314.23;314.39;405865
SBER;5;20260311;184500;314.71;314.71;314.71;314.71;112043
SBER;5;20260311;190000;314.7;314.7;314.44;314.57;29806
SBER;5;20260311;190500;314.57;314.58;314.47;314.53;46764
SBER;5;20260311;191000;314.52;314.55;314.45;314.46;45185
SBER;5;20260311;191500;314.46;314.55;314.43;314.55;27987
SBER;5;20260311;192000;314.55;314.58;314.54;314.58;63258
SBER;5;20260311;192500;314.58;314.7;314.56;314.65;105391
SBER;5;20260311;193000;314.67;314.68;314.63;314.66;52379
SBER;5;20260311;193500;314.66;314.66;314.63;314.65;23621
SBER;5;20260311;194000;314.65;314.65;314.56;314.57;31169
SBER;5;20260311;194500;314.57;314.6;314.54;314.6;38872
SBER;5;20260311;195000;314.59;314.66;314.59;314.65;32246
SBER;5;20260311;195500;314.65;314.65;314.59;314.6;17133
SBER;5;20260311;200000;314.59;314.6;314.53;314.55;17594
SBER;5;20260311;200500;314.55;314.6;314.54;314.59;31208
SBER;5;20260311;201000;314.59;314.6;314.57;314.58;40381
SBER;5;20260311;201500;314.58;314.6;314.57;314.6;27359
SBER;5;20260311;202000;314.6;314.87;314.6;314.85;53811
SBER;5;20260311;202500;314.85;314.86;314.77;314.83;14982
SBER;5;20260311;203000;314.82;314.84;314.8;314.82;25705
SBER;5;20260311;203500;314.82;314.89;314.76;314.77;73600
SBER;5;20260311;204000;314.77;314.82;314.76;314.81;37828
SBER;5;20260311;204500;314.81;314.85;314.79;314.8;36724
SBER;5;20260311;205000;314.79;314.83;314.75;314.77;32174
SBER;5;20260311;205500;314.75;314.86;314.75;314.85;9487
SBER;5;20260311;210000;314.85;314.85;314.78;314.78;10367
SBER;5;20260311;210500;314.78;314.86;314.77;314.86;18276
SBER;5;20260311;211000;314.85;314.86;314.81;314.82;22711
SBER;5;20260311;211500;314.81;314.82;314.79;314.8;9802
SBER;5;20260311;212000;314.8;314.8;314.77;314.79;24991
SBER;5;20260311;212500;314.79;314.8;314.79;314.8;12129
SBER;5;20260311;213000;314.8;314.85;314.65;314.76;119157
SBER;5;20260311;213500;314.76;314.85;314.75;314.85;28325
SBER;5;20260311;214000;314.85;315;314.84;314.96;61792
SBER;5;20260311;214500;314.95;314.99;314.95;314.99;16553
SBER;5;20260311;215000;315;315;314.99;315;20367
SBER;5;20260311;215500;315;315.09;314.99;315.08;30205
SBER;5;20260311;220000;315.06;315.09;315.05;315.09;7934
SBER;5;20260311;220500;315.09;315.1;315.06;315.09;30328
SBER;5;20260311;221000;315.08;315.09;315;315.05;9111
SBER;5;20260311;221500;315.03;315.05;315.03;315.04;8532
SBER;5;20260311;222000;315.04;315.06;315;315.03;10836
SBER;5;20260311;222500;315.01;315.03;315;315.02;32483
SBER;5;20260311;223000;315.02;315.06;314.98;315.05;13099
SBER;5;20260311;223500;315.05;315.05;314.81;314.89;67995
SBER;5;20260311;224000;314.86;315.01;314.86;314.95;9395
SBER;5;20260311;224500;314.95;314.96;314.88;314.89;8182
SBER;5;20260311;225000;314.9;314.98;314.83;314.97;26646
SBER;5;20260311;225500;314.97;315.02;314.95;315;17016
SBER;5;20260311;230000;315.01;315.02;315;315.02;14086
SBER;5;20260311;230500;315.02;315.07;314.98;314.99;13654
SBER;5;20260311;231000;314.99;314.99;314.74;314.74;45873
SBER;5;20260311;231500;314.75;314.92;314.74;314.91;7975
SBER;5;20260311;232000;314.91;314.92;314.86;314.86;9528
SBER;5;20260311;232500;314.85;314.96;314.83;314.88;33705
SBER;5;20260311;233000;314.88;314.9;314.76;314.84;38659
SBER;5;20260311;233500;314.84;314.99;314.76;314.99;33502
SBER;5;20260311;234000;314.98;315.09;314.97;315.09;48263
SBER;5;20260311;234500;315.09;315.09;315.01;315.09;13432
SBER;5;20260312;070000;315.49;315.5;315.05;315.06;70973
SBER;5;20260312;070500;315.06;315.2;315;315.11;43308
SBER;5;20260312;071000;315.11;315.6;315.1;315.58;95975
SBER;5;20260312;071500;315.58;315.6;315.5;315.51;20826
SBER;5;20260312;072000;315.51;315.51;315.31;315.35;34573
SBER;5;20260312;072500;315.39;315.4;315.1;315.17;16524
SBER;5;20260312;073000;315.24;315.36;315.18;315.36;9688
SBER;5;20260312;073500;315.36;315.39;315.26;315.33;17859
SBER;5;20260312;074000;315.34;315.72;315.34;315.65;26301
SBER;5;20260312;074500;315.69;315.71;315.53;315.54;45003
SBER;5;20260312;075000;315.54;315.54;315;315.15;87521
SBER;5;20260312;075500;315.14;315.39;315.13;315.38;15742
SBER;5;20260312;080000;315.38;315.38;315.2;315.22;43946
SBER;5;20260312;080500;315.22;315.4;315.17;315.38;23153
SBER;5;20260312;081000;315.38;315.39;315.26;315.37;6456
SBER;5;20260312;081500;315.37;315.53;315.36;315.53;13557
SBER;5;20260312;082000;315.48;315.91;315.48;315.72;72622
SBER;5;20260312;082500;315.75;315.88;315.71;315.77;35453
SBER;5;20260312;083000;315.76;315.8;315.59;315.8;54937
SBER;5;20260312;083500;315.8;315.85;315.73;315.84;46621
SBER;5;20260312;084000;315.84;315.85;315.8;315.83;51991
SBER;5;20260312;084500;315.83;315.85;315.77;315.77;26643
SBER;5;20260312;085000;315.79;315.89;315.77;315.89;59043
SBER;5;20260312;085500;315.89;315.9;315.6;315.72;24266
SBER;5;20260312;090000;315.7;315.74;315.58;315.62;36970
SBER;5;20260312;090500;315.61;315.76;315.59;315.64;57223
SBER;5;20260312;091000;315.65;315.72;315.62;315.68;29458
SBER;5;20260312;091500;315.7;315.72;315.57;315.58;55268
SBER;5;20260312;092000;315.6;315.6;315.51;315.53;23154
SBER;5;20260312;092500;315.53;315.53;315.35;315.38;41447
SBER;5;20260312;093000;315.37;315.4;315.3;315.36;25309
SBER;5;20260312;093500;315.35;315.37;315.2;315.27;145777
SBER;5;20260312;094000;315.27;315.27;315.12;315.2;40991
SBER;5;20260312;094500;315.2;315.4;315.19;315.4;73849
SBER;5;20260312;095000;315.39;315.4;315.21;315.22;75886
SBER;5;20260312;095500;315.22;315.24;315.21;315.22;7543
SBER;5;20260312;100000;315.22;315.36;315.17;315.24;343151
SBER;5;20260312;100500;315.24;315.36;315.18;315.36;72641
SBER;5;20260312;101000;315.36;315.65;315.32;315.37;133234
SBER;5;20260312;101500;315.37;315.47;315.17;315.41;84132
SBER;5;20260312;102000;315.41;315.61;315.35;315.5;61494
SBER;5;20260312;102500;315.5;315.5;315.27;315.28;37386
SBER;5;20260312;103000;315.28;315.4;315.27;315.37;60188
SBER;5;20260312;103500;315.36;315.4;315.16;315.2;102094
SBER;5;20260312;104000;315.2;315.2;315;315.14;560775
SBER;5;20260312;104500;315.14;315.37;315.14;315.22;38579
SBER;5;20260312;105000;315.22;315.3;315.03;315.22;163681
SBER;5;20260312;105500;315.26;315.4;315.2;315.39;165364
SBER;5;20260312;110000;315.38;315.6;315.38;315.46;78539
SBER;5;20260312;110500;315.41;315.46;315.3;315.44;40991
SBER;5;20260312;111000;315.44;315.5;315.3;315.49;97759
SBER;5;20260312;111500;315.5;315.51;315.31;315.48;82073
SBER;5;20260312;112000;315.48;315.56;315.27;315.54;99465
SBER;5;20260312;112500;315.56;315.77;315.54;315.74;68663
SBER;5;20260312;113000;315.74;315.76;315.59;315.62;72483
SBER;5;20260312;113500;315.59;315.75;315.59;315.71;35346
SBER;5;20260312;114000;315.68;315.73;315.62;315.68;43997
SBER;5;20260312;114500;315.69;315.69;315.5;315.56;100086
SBER;5;20260312;115000;315.55;315.57;315.46;315.47;42817
SBER;5;20260312;115500;315.47;315.56;315.37;315.5;155740
SBER;5;20260312;120000;315.49;315.5;315.24;315.34;71755
SBER;5;20260312;120500;315.35;315.35;315.14;315.19;83623
SBER;5;20260312;121000;315.21;315.23;315.1;315.15;88122
SBER;5;20260312;121500;315.15;315.42;315.1;315.35;120847
SBER;5;20260312;122000;315.35;315.44;315.29;315.31;49127
SBER;5;20260312;122500;315.31;315.32;315.2;315.3;28492
SBER;5;20260312;123000;315.3;315.34;315.22;315.26;25376
SBER;5;20260312;123500;315.27;315.5;315.22;315.49;106746
SBER;5;20260312;124000;315.49;315.57;315.38;315.56;168127
SBER;5;20260312;124500;315.56;315.67;315.5;315.59;65306
SBER;5;20260312;125000;315.62;315.64;315.44;315.5;55989
SBER;5;20260312;125500;315.5;315.56;315.38;315.5;49764
SBER;5;20260312;130000;315.47;315.53;315.45;315.5;27053
SBER;5;20260312;130500;315.49;315.57;315.49;315.56;25954
SBER;5;20260312;131000;315.56;315.59;315.5;315.56;28623
SBER;5;20260312;131500;315.56;315.6;315.45;315.5;107751
SBER;5;20260312;132000;315.53;315.61;315.28;315.44;169344
SBER;5;20260312;132500;315.44;315.61;315.28;315.38;99355
SBER;5;20260312;133000;315.42;315.52;315.32;315.38;50599
SBER;5;20260312;133500;315.38;315.52;315.36;315.43;26126
SBER;5;20260312;134000;315.43;315.47;315.15;315.29;64096
SBER;5;20260312;134500;315.29;315.33;315.2;315.31;38306
SBER;5;20260312;135000;315.32;315.48;315.3;315.37;50076
SBER;5;20260312;135500;315.36;315.42;315.31;315.33;44406
SBER;5;20260312;140000;315.36;315.39;315.31;315.38;30389
SBER;5;20260312;140500;315.39;315.63;315.3;315.33;150508
SBER;5;20260312;141000;315.37;315.41;315.25;315.41;54011
SBER;5;20260312;141500;315.41;315.49;315.35;315.44;56208
SBER;5;20260312;142000;315.47;315.5;315.4;315.5;66919
SBER;5;20260312;142500;315.49;316;315.49;315.87;442801
SBER;5;20260312;143000;315.83;315.96;315.79;315.85;121048
SBER;5;20260312;143500;315.85;315.93;315.74;315.93;73573
SBER;5;20260312;144000;315.92;316.3;315.92;316.21;310950
SBER;5;20260312;144500;316.21;316.24;316.19;316.22;68661
SBER;5;20260312;145000;316.22;316.22;315.92;315.98;96086
SBER;5;20260312;145500;315.96;316.02;315.89;315.9;56097
SBER;5;20260312;150000;315.89;316.07;315.85;315.99;95512
SBER;5;20260312;150500;315.99;316.02;315.93;315.99;40691
SBER;5;20260312;151000;315.99;316.04;315.93;315.95;99321
SBER;5;20260312;151500;315.93;316;315.81;315.82;41888
SBER;5;20260312;152000;315.81;315.87;315.7;315.72;16917
SBER;5;20260312;152500;315.72;315.93;315.68;315.91;41707
SBER;5;20260312;153000;315.91;315.91;315.71;315.78;24660
SBER;5;20260312;153500;315.78;315.84;315.7;315.79;32603
SBER;5;20260312;154000;315.78;315.84;315.61;315.74;50824
SBER;5;20260312;154500;315.72;315.75;315.6;315.67;32232
SBER;5;20260312;155000;315.67;315.8;315.63;315.8;29772
SBER;5;20260312;155500;315.79;315.85;315.74;315.78;44436
SBER;5;20260312;160000;315.75;315.81;315.72;315.8;19721
SBER;5;20260312;160500;315.8;315.81;315.75;315.8;33053
SBER;5;20260312;161000;315.81;315.92;315.8;315.89;28551
SBER;5;20260312;161500;315.89;316;315.87;315.99;59290
SBER;5;20260312;162000;315.98;316;315.86;315.86;97797
SBER;5;20260312;162500;315.87;316;315.86;315.96;22924
SBER;5;20260312;163000;315.95;316;315.86;315.92;60764
SBER;5;20260312;163500;315.91;316.07;315.91;316;141998
SBER;5;20260312;164000;315.99;316.1;315.98;316.1;130146
SBER;5;20260312;164500;316.1;316.1;315.96;316.09;93367
SBER;5;20260312;165000;316.09;316.16;316.09;316.13;54415
SBER;5;20260312;165500;316.14;316.15;316.13;316.14;60719
SBER;5;20260312;170000;316.14;316.2;316.14;316.2;142000
SBER;5;20260312;170500;316.2;316.23;316.19;316.22;71955
SBER;5;20260312;171000;316.23;316.3;316.22;316.3;73616
SBER;5;20260312;171500;316.3;316.5;316.29;316.5;279449
SBER;5;20260312;172000;316.5;317.08;316.49;317.02;897049
SBER;5;20260312;172500;317.03;317.03;316.83;317;301926
SBER;5;20260312;173000;317.02;317.03;316.52;316.7;682690
SBER;5;20260312;173500;316.68;316.95;316.67;316.79;97675
SBER;5;20260312;174000;316.79;316.97;316.7;316.87;90763
SBER;5;20260312;174500;316.87;317.12;316.86;317.1;188147
SBER;5;20260312;175000;317.11;317.21;316.98;317.14;225726
SBER;5;20260312;175500;317.14;317.14;316.73;316.94;185170
SBER;5;20260312;180000;316.94;317.24;316.94;317.09;134489
SBER;5;20260312;180500;317.09;317.28;317.09;317.17;132048
SBER;5;20260312;181000;317.16;317.17;316.83;316.98;171497
SBER;5;20260312;181500;316.98;317.24;316.94;316.99;131298
SBER;5;20260312;182000;316.99;317.17;316.91;316.96;113487
SBER;5;20260312;182500;316.96;317.15;316.93;317.14;101765
SBER;5;20260312;183000;317.14;317.2;316.91;316.98;100993
SBER;5;20260312;183500;316.97;317.04;316.77;316.86;76148
SBER;5;20260312;184500;317.17;317.17;317.17;317.17;105862
SBER;5;20260312;190000;317.16;317.16;316.8;316.88;33581
SBER;5;20260312;190500;316.87;316.99;316.87;316.93;48038
SBER;5;20260312;191000;316.92;316.94;316.83;316.84;26240
SBER;5;20260312;191500;316.84;316.84;316.66;316.77;37432
SBER;5;20260312;192000;316.78;316.79;316.62;316.63;28483
SBER;5;20260312;192500;316.63;316.66;316.5;316.5;51365
SBER;5;20260312;193000;316.5;316.5;316.26;316.31;89989
SBER;5;20260312;193500;316.31;316.49;316.3;316.41;27077
SBER;5;20260312;194000;316.42;316.46;316.36;316.44;10019
SBER;5;20260312;194500;316.45;316.48;316.37;316.47;10084
SBER;5;20260312;195000;316.47;316.66;316.39;316.55;97955
SBER;5;20260312;195500;316.55;316.55;316.49;316.55;5424
SBER;5;20260312;200000;316.55;316.55;316.53;316.55;4840
SBER;5;20260312;200500;316.54;316.55;316.54;316.55;11488
SBER;5;20260312;201000;316.55;316.66;316.45;316.49;59624
SBER;5;20260312;201500;316.52;316.55;316.52;316.54;2479
SBER;5;20260312;202000;316.54;316.55;316.51;316.51;12469
SBER;5;20260312;202500;316.53;316.54;316.52;316.52;8044
SBER;5;20260312;203000;316.52;316.52;316.51;316.51;10534
SBER;5;20260312;203500;316.52;316.52;316.43;316.45;16452
SBER;5;20260312;204000;316.44;316.49;316.38;316.49;20449
SBER;5;20260312;204500;316.49;316.53;316.47;316.49;12054
SBER;5;20260312;205000;316.49;316.49;316.42;316.46;10686
SBER;5;20260312;205500;316.46;316.46;316.35;316.38;37437
SBER;5;20260312;210000;316.38;316.4;316.36;316.39;34107
SBER;5;20260312;210500;316.4;316.48;316.37;316.48;28460
SBER;5;20260312;211000;316.47;316.48;316.41;316.48;16711
SBER;5;20260312;211500;316.48;316.53;316.38;316.47;32909
SBER;5;20260312;212000;316.46;316.58;316.37;316.57;31726
SBER;5;20260312;212500;316.57;316.57;316.55;316.56;16402
SBER;5;20260312;213000;316.57;316.57;316.45;316.55;26566
SBER;5;20260312;213500;316.54;316.54;316.49;316.5;12401
SBER;5;20260312;214000;316.51;316.57;316.49;316.57;15729
SBER;5;20260312;214500;316.57;316.57;316.54;316.57;4637
SBER;5;20260312;215000;316.56;316.66;316.56;316.66;127722
SBER;5;20260312;215500;316.66;316.86;316.66;316.79;55305
SBER;5;20260312;220000;316.79;316.86;316.79;316.81;25940
SBER;5;20260312;220500;316.81;316.81;316.79;316.8;6836
SBER;5;20260312;221000;316.8;316.81;316.68;316.7;59664
SBER;5;20260312;221500;316.7;316.7;316.64;316.65;4804
SBER;5;20260312;222000;316.64;316.65;316.59;316.63;6283
SBER;5;20260312;222500;316.63;316.72;316.62;316.71;3635
SBER;5;20260312;223000;316.69;316.78;316.51;316.6;54815
SBER;5;20260312;223500;316.6;316.6;316.5;316.51;21940
SBER;5;20260312;224000;316.51;316.57;316.51;316.52;9668
SBER;5;20260312;224500;316.52;316.56;316.5;316.5;2588
SBER;5;20260312;225000;316.51;316.57;316.47;316.56;21276
SBER;5;20260312;225500;316.56;316.63;316.5;316.51;21958
SBER;5;20260312;230000;316.51;316.51;316.46;316.48;26232
SBER;5;20260312;230500;316.48;316.48;316.43;316.45;11415
SBER;5;20260312;231000;316.45;316.47;316.31;316.36;37498
SBER;5;20260312;231500;316.36;316.37;316.34;316.34;13371
SBER;5;20260312;232000;316.35;316.35;316.21;316.33;59114
SBER;5;20260312;232500;316.33;316.35;316.31;316.34;19393
SBER;5;20260312;233000;316.34;316.35;316.31;316.32;15257
SBER;5;20260312;233500;316.31;316.35;316.3;316.35;38972
SBER;5;20260312;234000;316.35;316.4;316.15;316.39;125042
SBER;5;20260312;234500;316.4;316.4;316.2;316.39;55736
SBER;5;20260313;070000;316.4;316.88;316.18;316.65;69806
SBER;5;20260313;070500;316.65;316.88;316.6;316.75;49458
SBER;5;20260313;071000;316.8;316.95;316.75;316.91;163963
SBER;5;20260313;071500;316.92;316.93;316.81;316.85;85323
SBER;5;20260313;072000;316.85;317;316.84;317;78845
SBER;5;20260313;072500;317;317;316.95;316.99;49061
SBER;5;20260313;073000;316.98;317;316.95;317;8379
SBER;5;20260313;073500;316.99;317;316.95;316.96;6531
SBER;5;20260313;074000;316.95;316.96;316.85;316.85;21052
SBER;5;20260313;074500;316.86;316.95;316.85;316.91;4964
SBER;5;20260313;075000;316.91;316.98;316.89;316.94;5524
SBER;5;20260313;075500;316.9;317;316.87;317;33883
SBER;5;20260313;080000;317;317;316.85;316.95;66830
SBER;5;20260313;080500;316.91;316.96;316.91;316.91;6421
SBER;5;20260313;081000;316.92;316.99;316.9;316.97;7319
SBER;5;20260313;081500;316.97;317;316.97;316.98;5289
SBER;5;20260313;082000;316.99;317.24;316.93;317.23;108035
SBER;5;20260313;082500;317.24;317.47;317.22;317.33;52559
SBER;5;20260313;083000;317.32;317.32;317.19;317.21;20973
SBER;5;20260313;083500;317.23;318;317.21;317.99;395333
SBER;5;20260313;084000;317.99;318.23;317.99;318.07;327059
SBER;5;20260313;084500;318.07;318.2;317.95;318.1;191224
SBER;5;20260313;085000;318.09;318.15;318.04;318.07;75640
SBER;5;20260313;085500;318.07;318.17;318;318.01;168512
SBER;5;20260313;090000;318.01;318.04;317.52;317.86;320108
SBER;5;20260313;090500;317.86;317.91;317.7;317.86;40024
SBER;5;20260313;091000;317.86;317.88;317.85;317.86;77452
SBER;5;20260313;091500;317.85;317.9;317.79;317.8;60226
SBER;5;20260313;092000;317.79;317.8;317.65;317.68;55671
SBER;5;20260313;092500;317.68;317.69;317.31;317.4;119128
SBER;5;20260313;093000;317.4;317.46;317.4;317.44;28997
SBER;5;20260313;093500;317.44;317.49;317.43;317.48;27327
SBER;5;20260313;094000;317.48;317.48;317.43;317.47;20352
SBER;5;20260313;094500;317.48;317.48;317.44;317.48;13671
SBER;5;20260313;095000;317.48;317.5;317.47;317.49;43841
SBER;5;20260313;095500;317.49;317.58;317.37;317.5;178550
SBER;5;20260313;100000;317.45;317.62;317.4;317.61;84117
SBER;5;20260313;100500;317.62;317.88;317.54;317.88;161188
SBER;5;20260313;101000;317.87;317.99;317.87;317.88;193177
SBER;5;20260313;101500;317.89;317.9;317.72;317.83;78249
SBER;5;20260313;102000;317.83;317.84;317.69;317.72;107738
SBER;5;20260313;102500;317.73;318.16;317.72;318.13;575245
SBER;5;20260313;103000;318.13;318.19;318.03;318.15;376404
SBER;5;20260313;103500;318.15;318.15;317.98;318.05;101300
SBER;5;20260313;104000;318.05;318.13;317.99;318;83376
SBER;5;20260313;104500;318;318;317.9;317.96;27423
SBER;5;20260313;105000;317.94;318.08;317.9;317.97;58155
SBER;5;20260313;105500;317.99;318.05;317.83;317.83;114997
SBER;5;20260313;110000;317.83;318.05;317.82;318.04;64978
SBER;5;20260313;110500;318.04;318.18;318.04;318.1;88187
SBER;5;20260313;111000;318.14;318.15;317.87;318.02;126180
SBER;5;20260313;111500;318.02;318.06;317.94;317.97;43612
SBER;5;20260313;112000;317.96;318.05;317.8;317.98;87067
SBER;5;20260313;112500;317.98;318;317.89;317.92;52227
SBER;5;20260313;113000;317.92;317.99;317.85;317.85;93929
SBER;5;20260313;113500;317.86;317.9;317.75;317.81;95166
SBER;5;20260313;114000;317.8;318;317.78;317.87;96042
SBER;5;20260313;114500;317.87;317.9;317.64;317.71;88490
SBER;5;20260313;115000;317.7;317.71;317.4;317.46;234841
SBER;5;20260313;115500;317.47;317.49;317.3;317.41;156411
SBER;5;20260313;120000;317.41;317.57;317.32;317.57;79144
SBER;5;20260313;120500;317.57;317.7;317.56;317.7;84024
SBER;5;20260313;121000;317.69;317.7;317.67;317.69;56665
SBER;5;20260313;121500;317.68;317.7;317.66;317.7;55862
SBER;5;20260313;122000;317.7;317.7;317.49;317.65;82674
SBER;5;20260313;122500;317.62;317.66;317.43;317.5;33985
SBER;5;20260313;123000;317.5;317.5;317.22;317.23;65771
SBER;5;20260313;123500;317.22;317.37;317.22;317.28;30739
SBER;5;20260313;124000;317.28;317.32;317.24;317.25;27437
SBER;5;20260313;124500;317.25;317.36;317.24;317.31;23416
SBER;5;20260313;125000;317.31;317.31;317.22;317.28;43121
SBER;5;20260313;125500;317.29;317.29;317.07;317.19;171039
SBER;5;20260313;130000;317.19;317.28;317.17;317.18;55594
SBER;5;20260313;130500;317.23;317.29;317.17;317.24;11899
SBER;5;20260313;131000;317.28;317.37;317.25;317.36;37615
SBER;5;20260313;131500;317.35;317.45;317.35;317.45;20549
SBER;5;20260313;132000;317.45;317.47;317.4;317.47;22730
SBER;5;20260313;132500;317.47;317.5;317.41;317.5;30505
SBER;5;20260313;133000;317.5;317.5;317.46;317.48;11772
SBER;5;20260313;133500;317.48;317.48;317.34;317.34;39779
SBER;5;20260313;134000;317.35;317.42;317.3;317.35;35092
SBER;5;20260313;134500;317.32;317.36;317.18;317.22;69069
SBER;5;20260313;135000;317.22;317.39;317.15;317.35;59345
SBER;5;20260313;135500;317.35;317.36;317.27;317.3;19188
SBER;5;20260313;140000;317.27;317.31;317.15;317.24;31366
SBER;5;20260313;140500;317.25;317.35;317.23;317.35;32029
SBER;5;20260313;141000;317.35;317.54;317.34;317.48;118206
SBER;5;20260313;141500;317.49;317.55;317.42;317.51;58151
SBER;5;20260313;142000;317.51;317.7;317.5;317.64;56736
SBER;5;20260313;142500;317.63;317.7;317.59;317.67;42926
SBER;5;20260313;143000;317.66;317.7;317.51;317.57;30673
SBER;5;20260313;143500;317.57;317.63;317.47;317.48;40448
SBER;5;20260313;144000;317.48;317.62;317.47;317.5;22735
SBER;5;20260313;144500;317.49;317.5;317.46;317.48;19658
SBER;5;20260313;145000;317.48;317.48;317.45;317.48;10323
SBER;5;20260313;145500;317.48;317.48;317.47;317.47;14189
SBER;5;20260313;150000;317.48;317.5;317.43;317.47;46372
SBER;5;20260313;150500;317.47;317.48;317.44;317.47;9778
SBER;5;20260313;151000;317.47;317.5;317.45;317.46;55962
SBER;5;20260313;151500;317.45;317.48;317.44;317.48;76077
SBER;5;20260313;152000;317.48;317.48;317.45;317.46;44523
SBER;5;20260313;152500;317.45;317.47;317.29;317.29;66431
SBER;5;20260313;153000;317.3;317.43;317.28;317.35;40690
SBER;5;20260313;153500;317.35;317.45;317.34;317.38;8724
SBER;5;20260313;154000;317.38;317.38;317.28;317.34;20271
SBER;5;20260313;154500;317.34;317.37;317.15;317.2;90217
SBER;5;20260313;155000;317.19;317.32;317.15;317.31;53356
SBER;5;20260313;155500;317.28;317.32;317.22;317.27;23948
SBER;5;20260313;160000;317.26;317.26;317.17;317.21;34264
SBER;5;20260313;160500;317.21;317.22;317.03;317.04;48630
SBER;5;20260313;161000;317.04;317.04;316.67;316.72;323188
SBER;5;20260313;161500;316.72;316.9;316.67;316.79;95873
SBER;5;20260313;162000;316.78;316.81;316.77;316.79;108252
SBER;5;20260313;162500;316.79;316.94;316.78;316.88;201827
SBER;5;20260313;163000;316.86;317.09;316.8;317;121111
SBER;5;20260313;163500;316.99;317.14;316.92;316.97;150706
SBER;5;20260313;164000;316.99;317.18;316.93;317.08;161425
SBER;5;20260313;164500;317.08;317.18;316.98;317.09;53344
SBER;5;20260313;165000;317.09;317.1;317.08;317.1;12940
SBER;5;20260313;165500;317.1;317.1;317.05;317.1;24024
SBER;5;20260313;170000;317.09;317.1;317;317.01;19638
SBER;5;20260313;170500;317;317.02;316.82;316.88;98203
SBER;5;20260313;171000;316.88;316.94;316.79;316.8;12422
SBER;5;20260313;171500;316.79;316.82;316.66;316.68;125952
SBER;5;20260313;172000;316.68;316.69;316.47;316.48;252208
SBER;5;20260313;172500;316.48;316.48;316.3;316.39;106264
SBER;5;20260313;173000;316.39;316.49;316.39;316.48;28658
SBER;5;20260313;173500;316.48;316.58;316.44;316.5;113111
SBER;5;20260313;174000;316.49;316.52;316.47;316.51;54501
SBER;5;20260313;174500;316.51;316.61;316.5;316.55;35363
SBER;5;20260313;175000;316.55;316.58;316.52;316.57;29892
SBER;5;20260313;175500;316.57;316.64;316.57;316.64;13728
SBER;5;20260313;180000;316.64;316.65;316.55;316.59;40975
SBER;5;20260313;180500;316.6;316.61;316.5;316.55;80406
SBER;5;20260313;181000;316.53;316.6;316.5;316.55;36006
SBER;5;20260313;181500;316.55;316.6;316.47;316.54;59374
SBER;5;20260313;182000;316.54;316.55;316.46;316.48;45896
SBER;5;20260313;182500;316.48;316.54;316.37;316.46;157235
SBER;5;20260313;183000;316.47;316.57;316.46;316.55;63528
SBER;5;20260313;183500;316.57;316.64;316.52;316.6;51317
SBER;5;20260313;184500;316.63;316.63;316.63;316.63;6076
SBER;5;20260313;190000;316.62;316.71;316.56;316.7;21298
SBER;5;20260313;190500;316.68;316.72;316.53;316.54;52793
SBER;5;20260313;191000;316.53;316.55;316.38;316.54;72904
SBER;5;20260313;191500;316.53;316.63;316.5;316.63;33531
SBER;5;20260313;192000;316.63;316.64;316.6;316.61;19418
SBER;5;20260313;192500;316.61;316.65;316.6;316.64;13925
SBER;5;20260313;193000;316.65;316.69;316.64;316.67;6643
SBER;5;20260313;193500;316.66;316.67;316.6;316.61;15371
SBER;5;20260313;194000;316.6;316.69;316.6;316.68;13087
SBER;5;20260313;194500;316.68;316.72;316.67;316.72;11228
SBER;5;20260313;195000;316.71;316.73;316.63;316.69;17506
SBER;5;20260313;195500;316.63;316.75;316.61;316.72;24111
SBER;5;20260313;200000;316.71;316.72;316.58;316.6;15053
SBER;5;20260313;200500;316.59;316.6;316.54;316.56;11835
SBER;5;20260313;201000;316.56;316.61;316.53;316.54;7332
SBER;5;20260313;201500;316.53;316.55;316.5;316.55;38255
SBER;5;20260313;202000;316.55;316.55;316.51;316.55;3869
SBER;5;20260313;202500;316.55;316.57;316.52;316.57;12097
SBER;5;20260313;203000;316.55;316.57;316.54;316.55;5190
SBER;5;20260313;203500;316.56;316.57;316.54;316.57;4846
SBER;5;20260313;204000;316.57;316.65;316.56;316.65;48344
SBER;5;20260313;204500;316.65;316.7;316.64;316.7;81227
SBER;5;20260313;205000;316.69;316.8;316.69;316.8;26782
SBER;5;20260313;205500;316.8;316.8;316.79;316.8;4315
SBER;5;20260313;210000;316.8;316.8;316.78;316.79;7697
SBER;5;20260313;210500;316.79;316.79;316.78;316.79;1615
SBER;5;20260313;211000;316.79;316.8;316.78;316.79;26631
SBER;5;20260313;211500;316.8;316.92;316.79;316.92;20894
SBER;5;20260313;212000;316.92;316.92;316.88;316.88;13785
SBER;5;20260313;212500;316.89;316.89;316.86;316.87;16517
SBER;5;20260313;213000;316.87;316.87;316.78;316.79;10250
SBER;5;20260313;213500;316.79;316.79;316.77;316.78;29631
SBER;5;20260313;214000;316.77;316.78;316.73;316.75;22816
SBER;5;20260313;214500;316.75;316.75;316.53;316.6;20458
SBER;5;20260313;215000;316.59;316.66;316.56;316.63;11916
SBER;5;20260313;215500;316.63;316.65;316.5;316.58;41000
SBER;5;20260313;220000;316.58;316.6;316.55;316.6;14428
SBER;5;20260313;220500;316.6;316.68;316.59;316.67;5562
SBER;5;20260313;221000;316.67;316.7;316.65;316.69;4048
SBER;5;20260313;221500;316.7;316.7;316.6;316.65;40408
SBER;5;20260313;222000;316.64;316.77;316.6;316.74;16423
SBER;5;20260313;222500;316.74;316.74;316.66;316.71;22388
SBER;5;20260313;223000;316.7;316.71;316.67;316.7;11149
SBER;5;20260313;223500;316.7;316.72;316.68;316.7;2723
SBER;5;20260313;224000;316.7;316.76;316.68;316.74;9266
SBER;5;20260313;224500;316.74;316.76;316.7;316.72;11324
SBER;5;20260313;225000;316.72;316.75;316.7;316.74;9712
SBER;5;20260313;225500;316.75;316.75;316.69;316.72;13080
SBER;5;20260313;230000;316.7;316.73;316.68;316.69;25410
SBER;5;20260313;230500;316.69;316.69;316.61;316.61;71111
SBER;5;20260313;231000;316.68;316.68;316.6;316.62;30639
SBER;5;20260313;231500;316.6;316.63;316.59;316.6;15356
SBER;5;20260313;232000;316.6;316.62;316.59;316.62;13217
SBER;5;20260313;232500;316.62;316.69;316.6;316.61;38012
SBER;5;20260313;233000;316.62;316.69;316.56;316.64;58389
SBER;5;20260313;233500;316.64;316.69;316.5;316.66;41817
SBER;5;20260313;234000;316.66;316.66;316.52;316.59;25863
SBER;5;20260313;234500;316.52;316.65;316.45;316.65;84747
SBER;5;20260314;095500;317.16;317.16;317.16;317.16;3476
SBER;5;20260314;100000;317.16;317.68;316.68;316.84;50917
SBER;5;20260314;100500;316.81;316.92;316.72;316.73;16076
SBER;5;20260314;101000;316.72;316.86;316.71;316.86;8101
SBER;5;20260314;101500;316.86;316.9;316.78;316.82;22071
SBER;5;20260314;102000;316.88;316.93;316.84;316.9;12954
SBER;5;20260314;102500;316.9;316.92;316.85;316.85;7102
SBER;5;20260314;103000;316.86;316.97;316.85;316.97;9310
SBER;5;20260314;103500;316.96;316.99;316.89;316.9;6861
SBER;5;20260314;104000;316.95;316.99;316.88;316.97;28152
SBER;5;20260314;104500;316.96;316.98;316.96;316.97;4490
SBER;5;20260314;105000;316.97;316.99;316.96;316.99;3591
SBER;5;20260314;105500;316.99;316.99;316.97;316.98;3455
SBER;5;20260314;110000;316.97;316.98;316.96;316.97;3178
SBER;5;20260314;110500;316.96;317.11;316.95;316.96;29044
SBER;5;20260314;111000;316.96;317.09;316.95;317.05;14649
SBER;5;20260314;111500;316.99;317.11;316.97;317;9779
SBER;5;20260314;112000;317;317.06;316.97;317.01;5637
SBER;5;20260314;112500;317.01;317.08;316.96;316.98;5445
SBER;5;20260314;113000;316.98;316.98;316.91;316.93;3838
SBER;5;20260314;113500;316.93;316.93;316.89;316.9;2080
SBER;5;20260314;114000;316.9;316.92;316.89;316.92;1828
SBER;5;20260314;114500;316.92;317;316.91;317;6081
SBER;5;20260314;115000;317;317.01;316.93;317.01;5407
SBER;5;20260314;115500;317.01;317.01;316.97;317.01;5621
SBER;5;20260314;120000;317.01;317.06;316.98;317.01;4295
SBER;5;20260314;120500;317.03;317.07;316.92;317.07;12717
SBER;5;20260314;121000;317.02;317.1;316.98;317.1;14589
SBER;5;20260314;121500;317.1;317.1;317.01;317.05;5035
SBER;5;20260314;122000;317.05;317.05;316.91;317.05;13773
SBER;5;20260314;122500;317.05;317.08;317.01;317.07;1400
SBER;5;20260314;123000;317.07;317.08;317.01;317.08;2138
SBER;5;20260314;123500;317.08;317.08;317;317.04;1370
SBER;5;20260314;124000;317.04;317.1;317.03;317.09;6421
SBER;5;20260314;124500;317.09;317.1;317.02;317.02;4761
SBER;5;20260314;125000;317.09;317.11;317.02;317.06;4652
SBER;5;20260314;125500;317.04;317.13;317.02;317.13;3973
SBER;5;20260314;130000;317.13;317.14;317.06;317.08;3262
SBER;5;20260314;130500;317.08;317.08;317.06;317.07;1998
SBER;5;20260314;131000;317.07;317.08;317.06;317.07;4342
SBER;5;20260314;131500;317.07;317.07;317.06;317.06;6583
SBER;5;20260314;132000;317.07;317.07;317.06;317.07;1905
SBER;5;20260314;132500;317.06;317.07;317;317.01;13130
SBER;5;20260314;133000;317;317.02;317;317.01;1973
SBER;5;20260314;133500;317;317.02;317;317.02;3211
SBER;5;20260314;134000;317.02;317.02;317.01;317.01;6763
SBER;5;20260314;134500;317.02;317.02;317.01;317.02;2679
SBER;5;20260314;135000;317.02;317.02;317.01;317.02;2841
SBER;5;20260314;135500;317.02;317.02;317;317.02;6091
SBER;5;20260314;140000;317.02;317.02;317;317;1138
SBER;5;20260314;140500;317.01;317.02;317;317.01;2289
SBER;5;20260314;141000;317.01;317.02;317.01;317.02;2201
SBER;5;20260314;141500;317.02;317.02;317.01;317.02;19378
SBER;5;20260314;142000;317.02;317.07;317.01;317.07;15128
SBER;5;20260314;142500;317.06;317.07;317.06;317.07;1973
SBER;5;20260314;143000;317.06;317.07;317;317.07;13177
SBER;5;20260314;143500;317.07;317.08;317.02;317.07;1365
SBER;5;20260314;144000;317.07;317.16;317.06;317.16;15910
SBER;5;20260314;144500;317.09;317.16;317.09;317.16;4391
SBER;5;20260314;145000;317.16;317.16;317.08;317.1;1272
SBER;5;20260314;145500;317.1;317.11;317.03;317.06;8529
SBER;5;20260314;150000;317.07;317.09;317.04;317.08;1799
SBER;5;20260314;150500;317.08;317.11;317.03;317.1;5178
SBER;5;20260314;151000;317.11;317.12;317.1;317.12;2314
SBER;5;20260314;151500;317.12;317.12;317.11;317.12;4076
SBER;5;20260314;152000;317.12;317.16;317.05;317.09;12212
SBER;5;20260314;152500;317.09;317.11;317.01;317.09;3339
SBER;5;20260314;153000;317.09;317.1;317.01;317.1;4814
SBER;5;20260314;153500;317.1;317.11;317.03;317.1;3834
SBER;5;20260314;154000;317.05;317.13;317.05;317.13;4130
SBER;5;20260314;154500;317.12;317.28;317.12;317.16;19943
SBER;5;20260314;155000;317.19;317.25;317.13;317.24;6036
SBER;5;20260314;155500;317.24;317.28;317.2;317.26;22678
SBER;5;20260314;160000;317.26;317.29;317.26;317.27;1902
SBER;5;20260314;160500;317.27;317.3;317.26;317.3;5291
SBER;5;20260314;161000;317.3;317.34;317.3;317.34;6785
SBER;5;20260314;161500;317.33;317.33;317.3;317.31;2334
SBER;5;20260314;162000;317.31;317.31;317.3;317.31;2150
SBER;5;20260314;162500;317.31;317.34;317.3;317.34;2864
SBER;5;20260314;163000;317.34;317.34;317.27;317.29;4751
SBER;5;20260314;163500;317.29;317.34;317.26;317.33;18839
SBER;5;20260314;164000;317.28;317.33;317.26;317.3;1883
SBER;5;20260314;164500;317.3;317.3;317.26;317.29;2185
SBER;5;20260314;165000;317.29;317.3;317.22;317.25;1934
SBER;5;20260314;165500;317.3;317.3;317.22;317.23;1272
SBER;5;20260314;170000;317.23;317.23;317.14;317.22;1763
SBER;5;20260314;170500;317.17;317.23;317.16;317.21;3144
SBER;5;20260314;171000;317.21;317.21;317.11;317.15;1578
SBER;5;20260314;171500;317.2;317.2;317.1;317.19;8920
SBER;5;20260314;172000;317.19;317.2;317.11;317.18;5778
SBER;5;20260314;172500;317.14;317.19;317.1;317.16;5738
SBER;5;20260314;173000;317.16;317.16;317.09;317.1;4854
SBER;5;20260314;173500;317.15;317.15;317.09;317.15;6543
SBER;5;20260314;174000;317.15;317.15;317.03;317.05;7756
SBER;5;20260314;174500;317.05;317.05;317.04;317.05;2693
SBER;5;20260314;175000;317.05;317.18;317.02;317.15;8149
SBER;5;20260314;175500;317.11;317.2;317.03;317.2;12542
SBER;5;20260314;180000;317.2;317.21;317.19;317.19;2489
SBER;5;20260314;180500;317.19;317.25;317.19;317.25;8995
SBER;5;20260314;181000;317.25;317.25;317.19;317.24;7774
SBER;5;20260314;181500;317.2;317.26;317.2;317.26;13127
SBER;5;20260314;182000;317.25;317.3;317.25;317.28;14603
SBER;5;20260314;182500;317.28;317.28;317.25;317.26;1374
SBER;5;20260314;183000;317.25;317.26;317.2;317.23;1671
SBER;5;20260314;183500;317.2;317.25;317.19;317.19;9254
SBER;5;20260314;184000;317.19;317.24;317.19;317.23;3436
SBER;5;20260314;184500;317.23;317.24;317.19;317.24;1278
SBER;5;20260314;185000;317.24;317.25;317.18;317.21;20998
SBER;5;20260314;185500;317.24;317.28;317.19;317.26;114011
SBER;5;20260315;095500;317.5;317.5;317.5;317.5;1545
SBER;5;20260315;100000;317.35;317.6;317.33;317.44;47339
SBER;5;20260315;100500;317.38;317.46;317.38;317.42;16680
SBER;5;20260315;101000;317.41;317.49;317.4;317.45;10068
SBER;5;20260315;101500;317.44;317.49;317.44;317.46;3943
SBER;5;20260315;102000;317.49;317.5;317.44;317.5;11827
SBER;5;20260315;102500;317.46;317.5;317.45;317.46;5933
SBER;5;20260315;103000;317.46;317.51;317.44;317.5;13133
SBER;5;20260315;103500;317.5;317.6;317.45;317.5;104723
SBER;5;20260315;104000;317.5;317.5;317.46;317.49;876
SBER;5;20260315;104500;317.49;317.66;317.46;317.52;20982
SBER;5;20260315;105000;317.52;317.54;317.45;317.45;13511
SBER;5;20260315;105500;317.45;317.51;317.45;317.47;11954
SBER;5;20260315;110000;317.51;317.51;317.45;317.45;9682
SBER;5;20260315;110500;317.45;317.48;317.44;317.44;11454
SBER;5;20260315;111000;317.44;317.47;317.44;317.45;8981
SBER;5;20260315;111500;317.47;317.5;317.45;317.5;6355
SBER;5;20260315;112000;317.46;317.49;317.45;317.46;11403
SBER;5;20260315;112500;317.49;317.49;317.4;317.44;9911
SBER;5;20260315;113000;317.44;317.44;317.27;317.42;15397
SBER;5;20260315;113500;317.37;317.42;317.33;317.39;4259
SBER;5;20260315;114000;317.39;317.39;317.3;317.36;3735
SBER;5;20260315;114500;317.36;317.53;317.31;317.42;38374
SBER;5;20260315;115000;317.4;317.5;317.4;317.46;5787
SBER;5;20260315;115500;317.5;317.55;317.46;317.51;12770
SBER;5;20260315;120000;317.48;317.56;317.48;317.48;19061
SBER;5;20260315;120500;317.47;317.54;317.46;317.52;3787
SBER;5;20260315;121000;317.52;317.53;317.47;317.53;5399
SBER;5;20260315;121500;317.48;317.55;317.31;317.48;56029
SBER;5;20260315;122000;317.48;317.5;317.32;317.5;4731
SBER;5;20260315;122500;317.4;317.5;317.32;317.4;4331
SBER;5;20260315;123000;317.4;317.46;317.33;317.41;3942
SBER;5;20260315;123500;317.36;317.47;317.36;317.37;12188
SBER;5;20260315;124000;317.4;317.4;317.36;317.38;5949
SBER;5;20260315;124500;317.36;317.38;317.36;317.38;2848
SBER;5;20260315;125000;317.38;317.38;317.36;317.38;1179
SBER;5;20260315;125500;317.38;317.38;317.36;317.37;9144
SBER;5;20260315;130000;317.37;317.37;317.31;317.36;4685
SBER;5;20260315;130500;317.36;317.38;317.33;317.36;4100
SBER;5;20260315;131000;317.36;317.36;317.29;317.29;7922
SBER;5;20260315;131500;317.29;317.36;317.29;317.32;3383
SBER;5;20260315;132000;317.32;317.35;317.28;317.3;1680
SBER;5;20260315;132500;317.3;317.36;317.25;317.27;7693
SBER;5;20260315;133000;317.28;317.43;317.27;317.38;13357
SBER;5;20260315;133500;317.37;317.38;317.33;317.33;1166
SBER;5;20260315;134000;317.36;317.36;317.2;317.26;14582
SBER;5;20260315;134500;317.26;317.34;317.26;317.29;2335
SBER;5;20260315;135000;317.29;317.45;317.29;317.39;16932
SBER;5;20260315;135500;317.39;317.4;317.29;317.35;1896
SBER;5;20260315;140000;317.36;317.4;317.33;317.34;10484
SBER;5;20260315;140500;317.38;317.4;317.33;317.39;2602
SBER;5;20260315;141000;317.39;317.39;317.3;317.31;8846
SBER;5;20260315;141500;317.31;317.34;317.28;317.29;3879
SBER;5;20260315;142000;317.33;317.34;317.29;317.32;1180
SBER;5;20260315;142500;317.31;317.33;317.3;317.31;4551
SBER;5;20260315;143000;317.31;317.31;317.28;317.29;1953
SBER;5;20260315;143500;317.29;317.29;317.22;317.23;20193
SBER;5;20260315;144000;317.22;317.27;317.22;317.27;1988
SBER;5;20260315;144500;317.27;317.28;317.24;317.27;6854
SBER;5;20260315;145000;317.27;317.27;317.22;317.23;4811
SBER;5;20260315;145500;317.23;317.38;317.2;317.26;31866
SBER;5;20260315;150000;317.22;317.29;317.17;317.26;12084
SBER;5;20260315;150500;317.26;317.26;317.16;317.2;5698
SBER;5;20260315;151000;317.2;317.27;317.2;317.23;873
SBER;5;20260315;151500;317.23;317.34;317.17;317.19;4480
SBER;5;20260315;152000;317.18;317.2;317.16;317.2;3072
SBER;5;20260315;152500;317.19;317.2;317.17;317.18;2968
SBER;5;20260315;153000;317.18;317.2;317.17;317.2;1284
SBER;5;20260315;153500;317.2;317.2;317.16;317.16;5469
SBER;5;20260315;154000;317.16;317.17;317.14;317.15;9628
SBER;5;20260315;154500;317.15;317.19;317.14;317.19;2949
SBER;5;20260315;155000;317.15;317.2;317.14;317.19;965
SBER;5;20260315;155500;317.19;317.2;317.19;317.2;502
SBER;5;20260315;160000;317.2;317.2;317.19;317.2;1086
SBER;5;20260315;160500;317.19;317.39;317.19;317.23;14894
SBER;5;20260315;161000;317.23;317.33;317.22;317.32;1340
SBER;5;20260315;161500;317.32;317.35;317.28;317.28;2225
SBER;5;20260315;162000;317.28;317.28;317.22;317.23;1020
SBER;5;20260315;162500;317.23;317.29;317.21;317.27;5240
SBER;5;20260315;163000;317.27;317.36;317.2;317.25;4787
SBER;5;20260315;163500;317.3;317.36;317.25;317.31;2324
SBER;5;20260315;164000;317.34;317.35;317.3;317.35;682
SBER;5;20260315;164500;317.35;317.35;317.23;317.24;5939
SBER;5;20260315;165000;317.24;317.28;317.23;317.23;870
SBER;5;20260315;165500;317.24;317.3;317.22;317.27;3527
SBER;5;20260315;170000;317.3;317.3;317.26;317.3;4518
SBER;5;20260315;170500;317.3;317.3;317.24;317.3;2832
SBER;5;20260315;171000;317.3;317.3;317.21;317.21;4438
SBER;5;20260315;171500;317.22;317.27;317.21;317.22;1061
SBER;5;20260315;172000;317.22;317.3;317.21;317.3;2009
SBER;5;20260315;172500;317.26;317.29;317.24;317.29;1597
SBER;5;20260315;173000;317.29;317.3;317.25;317.3;1425
SBER;5;20260315;173500;317.3;317.3;317.24;317.3;49609
SBER;5;20260315;174000;317.3;317.4;317.13;317.27;88504
SBER;5;20260315;174500;317.28;317.4;317.27;317.34;12046
SBER;5;20260315;175000;317.34;317.4;317.33;317.4;13506
SBER;5;20260315;175500;317.4;317.5;317.39;317.45;31116
SBER;5;20260315;180000;317.48;317.52;317.41;317.5;90879
SBER;5;20260315;180500;317.5;317.65;317.46;317.48;35029
SBER;5;20260315;181000;317.48;317.53;317.46;317.48;9040
SBER;5;20260315;181500;317.48;317.62;317.46;317.48;37598
SBER;5;20260315;182000;317.47;317.6;317.45;317.45;32549
SBER;5;20260315;182500;317.46;317.61;317.46;317.5;25890
SBER;5;20260315;183000;317.49;317.52;317.46;317.49;23838
SBER;5;20260315;183500;317.49;317.55;317.48;317.51;60171
SBER;5;20260315;184000;317.48;317.7;317.48;317.51;57654
SBER;5;20260315;184500;317.51;317.57;317.47;317.47;40687
SBER;5;20260315;185000;317.53;317.6;317.46;317.58;125364
SBER;5;20260315;185500;317.55;317.63;317.45;317.63;20410
SBER;5;20260316;070000;317.67;317.9;317.67;317.88;150557
SBER;5;20260316;070500;317.88;317.88;317.75;317.85;15916
SBER;5;20260316;071000;317.83;317.85;317.68;317.7;32805
SBER;5;20260316;071500;317.75;317.82;317.71;317.8;21699
SBER;5;20260316;072000;317.8;317.87;317.77;317.84;21020
SBER;5;20260316;072500;317.84;317.88;317.82;317.85;30316
SBER;5;20260316;073000;317.83;317.9;317.83;317.89;32082
SBER;5;20260316;073500;317.9;317.98;317.89;317.98;62378
SBER;5;20260316;074000;317.98;317.98;317.91;317.94;18639
SBER;5;20260316;074500;317.94;317.98;317.93;317.98;11782
SBER;5;20260316;075000;317.97;318;317.92;317.93;41867
SBER;5;20260316;075500;317.93;317.99;317.93;317.94;15583
SBER;5;20260316;080000;317.94;317.99;317.94;317.97;24406
SBER;5;20260316;080500;317.97;317.97;317.9;317.96;37570
SBER;5;20260316;081000;317.96;317.99;317.93;317.99;19695
SBER;5;20260316;081500;317.99;318.2;317.98;318.18;159272
SBER;5;20260316;082000;318.18;318.38;318.14;318.38;129547
SBER;5;20260316;082500;318.38;318.5;318.04;318.38;156269
SBER;5;20260316;083000;318.36;318.38;318.2;318.27;22289
SBER;5;20260316;083500;318.27;318.3;318.13;318.28;33280
SBER;5;20260316;084000;318.28;318.28;318.17;318.25;9938
SBER;5;20260316;084500;318.25;318.34;318.24;318.3;33430
SBER;5;20260316;085000;318.29;318.3;318.25;318.27;71596
SBER;5;20260316;085500;318.27;318.35;318.24;318.25;66569
SBER;5;20260316;090000;318.25;318.25;317.62;317.64;308680
SBER;5;20260316;090500;317.65;317.65;317.44;317.52;166636
SBER;5;20260316;091000;317.53;317.83;317.52;317.72;74017
SBER;5;20260316;091500;317.71;317.9;317.69;317.71;42844
SBER;5;20260316;092000;317.71;317.85;317.64;317.76;44510
SBER;5;20260316;092500;317.74;317.83;317.65;317.76;35440
SBER;5;20260316;093000;317.76;317.81;317.7;317.81;12455
SBER;5;20260316;093500;317.81;317.88;317.78;317.8;54599
SBER;5;20260316;094000;317.8;318;317.72;317.95;103674
SBER;5;20260316;094500;317.95;318.18;317.92;318.05;167184
SBER;5;20260316;095000;318.05;318.05;317.86;317.88;59276
SBER;5;20260316;095500;317.89;317.98;317.7;317.78;82282
SBER;5;20260316;100000;317.78;318.2;317.71;318.2;130203
SBER;5;20260316;100500;318.2;318.43;318.2;318.39;204976
SBER;5;20260316;101000;318.4;318.4;318.19;318.33;122628
SBER;5;20260316;101500;318.33;318.76;318.31;318.57;493728
SBER;5;20260316;102000;318.57;318.8;318.53;318.79;198458
SBER;5;20260316;102500;318.79;318.8;318.56;318.7;188096
SBER;5;20260316;103000;318.7;318.78;318.02;318.14;782826
SBER;5;20260316;103500;318.15;318.32;317.92;318;198621
SBER;5;20260316;104000;318;318.16;317.92;318.11;149070
SBER;5;20260316;104500;318.11;318.11;318;318.01;31983
SBER;5;20260316;105000;318.01;318.02;317.9;317.95;308220
SBER;5;20260316;105500;318;318.07;317.96;318.07;129980
SBER;5;20260316;110000;318.08;318.52;318.07;318.52;217867
SBER;5;20260316;110500;318.5;318.56;318.32;318.39;116040
SBER;5;20260316;111000;318.4;318.41;318.21;318.24;162473
SBER;5;20260316;111500;318.26;318.27;318;318.12;176254
SBER;5;20260316;112000;318.09;318.18;318;318.05;54629
SBER;5;20260316;112500;318.06;318.15;318.06;318.1;18868
SBER;5;20260316;113000;318.1;318.21;318.05;318.13;63824
SBER;5;20260316;113500;318.12;318.19;318.05;318.19;40853
SBER;5;20260316;114000;318.19;318.19;318.11;318.12;27380
SBER;5;20260316;114500;318.12;318.17;317.91;317.97;188373
SBER;5;20260316;115000;317.96;317.98;317.82;317.94;156766
SBER;5;20260316;115500;317.94;317.94;317.81;317.88;43375
SBER;5;20260316;120000;317.86;318.05;317.79;317.96;153161
SBER;5;20260316;120500;317.96;318.02;317.83;317.89;31943
SBER;5;20260316;121000;317.93;317.93;317.82;317.93;34547
SBER;5;20260316;121500;317.93;317.93;316.73;317.12;900570
SBER;5;20260316;122000;317.12;317.12;316.54;316.65;396678
SBER;5;20260316;122500;316.66;316.67;316.33;316.51;477945
SBER;5;20260316;123000;316.52;316.58;316.26;316.58;363846
SBER;5;20260316;123500;316.58;316.74;316.5;316.51;380950
SBER;5;20260316;124000;316.51;316.8;316.5;316.79;144282
SBER;5;20260316;124500;316.79;316.91;316.65;316.74;157674
SBER;5;20260316;125000;316.76;316.89;316.72;316.85;68481
SBER;5;20260316;125500;316.86;316.96;316.85;316.9;86884
SBER;5;20260316;130000;316.91;316.92;316.81;316.86;66429
SBER;5;20260316;130500;316.85;317.12;316.82;317.11;102361
SBER;5;20260316;131000;317.12;317.17;317;317.04;82068
SBER;5;20260316;131500;317.02;317.03;316.88;316.93;118245
SBER;5;20260316;132000;316.92;317.15;316.91;317.07;145111
SBER;5;20260316;132500;317.08;317.09;316.89;316.93;67563
SBER;5;20260316;133000;316.92;317.07;316.87;317.03;63612
SBER;5;20260316;133500;317;317.07;316.97;317.06;37213
SBER;5;20260316;134000;317.06;317.08;317.04;317.05;141924
SBER;5;20260316;134500;317.04;317.08;317.04;317.07;37010
SBER;5;20260316;135000;317.07;317.08;317.04;317.08;29752
SBER;5;20260316;135500;317.07;317.18;316.9;317.03;199488
SBER;5;20260316;140000;317.03;317.05;316.76;316.96;146420
SBER;5;20260316;140500;316.96;317.03;316.71;316.99;103915
SBER;5;20260316;141000;317;317.04;316.86;317.01;42835
SBER;5;20260316;141500;317.01;317.01;316.66;316.7;62997
SBER;5;20260316;142000;316.69;316.8;316.69;316.77;52069
SBER;5;20260316;142500;316.77;316.81;316.72;316.78;68835
SBER;5;20260316;143000;316.78;316.79;316.65;316.65;110717
SBER;5;20260316;143500;316.66;316.79;316.5;316.78;192889
SBER;5;20260316;144000;316.76;316.77;316.61;316.64;39563
SBER;5;20260316;144500;316.64;316.68;316.54;316.6;62955
SBER;5;20260316;145000;316.62;316.62;316.6;316.62;27783
SBER;5;20260316;145500;316.62;316.68;316.6;316.6;65635
SBER;5;20260316;150000;316.6;316.61;316.54;316.6;38651
SBER;5;20260316;150500;316.58;316.61;316.53;316.56;36777
SBER;5;20260316;151000;316.56;316.68;316.5;316.67;83193
SBER;5;20260316;151500;316.68;316.69;316.63;316.69;22243
SBER;5;20260316;152000;316.69;316.76;316.66;316.75;37150
SBER;5;20260316;152500;316.76;316.76;316.7;316.7;32756
SBER;5;20260316;153000;316.7;316.99;316.69;316.87;249425
SBER;5;20260316;153500;316.87;316.87;316.64;316.65;96816
SBER;5;20260316;154000;316.65;316.71;316.5;316.62;142941
SBER;5;20260316;154500;316.62;316.63;316.5;316.5;179377
SBER;5;20260316;155000;316.5;316.62;316.5;316.51;86627
SBER;5;20260316;155500;316.5;316.58;316;316.05;446738
SBER;5;20260316;160000;316.04;316.07;315.72;315.76;408452
SBER;5;20260316;160500;315.75;316;315.75;315.99;150484
SBER;5;20260316;161000;315.99;316;315.9;315.98;120156
SBER;5;20260316;161500;315.96;316.03;315.86;316.01;103846
SBER;5;20260316;162000;316;316.03;315.86;315.93;65783
SBER;5;20260316;162500;315.93;315.97;315.86;315.9;105217
SBER;5;20260316;163000;315.9;315.96;315.75;315.93;187391
SBER;5;20260316;163500;315.94;315.99;315.86;315.95;124273
SBER;5;20260316;164000;315.95;316.2;315.8;316.2;200216
SBER;5;20260316;164500;316.19;316.24;316.01;316.19;41776
SBER;5;20260316;165000;316.19;316.29;316.08;316.28;63065
SBER;5;20260316;165500;316.28;316.63;316.07;316.61;205205
SBER;5;20260316;170000;316.6;316.61;316.2;316.41;78691
SBER;5;20260316;170500;316.39;316.44;316.32;316.35;38708
SBER;5;20260316;171000;316.36;316.47;316.3;316.41;122290
SBER;5;20260316;171500;316.41;316.5;316.37;316.49;109205
SBER;5;20260316;172000;316.49;316.54;316.41;316.49;46671
SBER;5;20260316;172500;316.5;316.5;316.44;316.49;54941
SBER;5;20260316;173000;316.49;316.5;316.39;316.44;53351
SBER;5;20260316;173500;316.44;316.5;316.38;316.49;56260
SBER;5;20260316;174000;316.49;316.5;316.44;316.44;46847
SBER;5;20260316;174500;316.46;316.51;316.4;316.49;57764
SBER;5;20260316;175000;316.51;316.51;316.39;316.48;52261
SBER;5;20260316;175500;316.51;316.51;316.39;316.39;18273
SBER;5;20260316;180000;316.4;316.44;316.33;316.41;23394
SBER;5;20260316;180500;316.41;316.43;316.32;316.37;48477
SBER;5;20260316;181000;316.37;316.4;316.3;316.36;48595
SBER;5;20260316;181500;316.37;316.4;316;316;145053
SBER;5;20260316;182000;316;316.11;315.91;315.98;216180
SBER;5;20260316;182500;315.99;316.09;315.95;315.97;53680
SBER;5;20260316;183000;315.97;315.99;315.9;315.99;120404
SBER;5;20260316;183500;315.98;316.2;315.97;316.18;83070
SBER;5;20260316;184500;316.14;316.14;316.14;316.14;4103
SBER;5;20260316;190000;316.14;316.19;315.91;316.15;70800
SBER;5;20260316;190500;316.15;316.15;315.91;315.95;83628
SBER;5;20260316;191000;315.95;316;315.95;316;53682
SBER;5;20260316;191500;316;316.35;315.99;316.3;261595
SBER;5;20260316;192000;316.29;316.33;316.26;316.31;13852
SBER;5;20260316;192500;316.3;316.35;316.26;316.34;88639
SBER;5;20260316;193000;316.32;316.38;316.27;316.31;32443
SBER;5;20260316;193500;316.32;316.45;316.29;316.45;36730
SBER;5;20260316;194000;316.44;316.51;316.37;316.51;104071
SBER;5;20260316;194500;316.51;316.52;316.5;316.52;31163
SBER;5;20260316;195000;316.52;316.59;316.5;316.53;54832
SBER;5;20260316;195500;316.52;316.62;316.46;316.61;38304
SBER;5;20260316;200000;316.6;316.75;316.52;316.72;106263
SBER;5;20260316;200500;316.72;316.73;316.63;316.68;45388
SBER;5;20260316;201000;316.69;316.69;316.52;316.53;45307
SBER;5;20260316;201500;316.53;316.76;316.53;316.73;60281
SBER;5;20260316;202000;316.72;316.73;316.65;316.71;20118
SBER;5;20260316;202500;316.7;316.72;316.65;316.65;25229
SBER;5;20260316;203000;316.66;316.75;316.65;316.73;16363
SBER;5;20260316;203500;316.74;316.74;316.65;316.66;12612
SBER;5;20260316;204000;316.66;316.69;316.6;316.64;14083
SBER;5;20260316;204500;316.64;316.64;316.47;316.49;40662
SBER;5;20260316;205000;316.5;316.56;316.5;316.53;25785
SBER;5;20260316;205500;316.53;316.55;316.47;316.48;68731
SBER;5;20260316;210000;316.48;316.48;316.4;316.42;22947
SBER;5;20260316;210500;316.42;316.44;316.36;316.41;9528
SBER;5;20260316;211000;316.41;316.43;316.17;316.3;47041
SBER;5;20260316;211500;316.3;316.34;316.08;316.16;60123
SBER;5;20260316;212000;316.16;316.2;316.08;316.17;28134
SBER;5;20260316;212500;316.17;316.17;316.12;316.14;14346
SBER;5;20260316;213000;316.14;316.18;316.03;316.16;46949
SBER;5;20260316;213500;316.16;316.16;316.04;316.1;11012
SBER;5;20260316;214000;316.09;316.21;316.09;316.19;16032
SBER;5;20260316;214500;316.19;316.27;316.18;316.23;15676
SBER;5;20260316;215000;316.23;316.26;316.2;316.25;11975
SBER;5;20260316;215500;316.26;316.26;316.2;316.21;11586
SBER;5;20260316;220000;316.2;316.26;316.2;316.23;19075
SBER;5;20260316;220500;316.23;316.25;316.13;316.15;18005
SBER;5;20260316;221000;316.14;316.24;316;316.07;101761
SBER;5;20260316;221500;316.07;316.11;316.06;316.09;7725
SBER;5;20260316;222000;316.1;316.16;316.09;316.16;14224
SBER;5;20260316;222500;316.16;316.16;316.13;316.14;2852
SBER;5;20260316;223000;316.15;316.22;316.14;316.19;15047
SBER;5;20260316;223500;316.19;316.19;316.01;316.01;20220
SBER;5;20260316;224000;316.02;316.2;316.01;316.14;64568
SBER;5;20260316;224500;316.18;316.2;316.13;316.17;19083
SBER;5;20260316;225000;316.18;316.26;316.12;316.17;60141
SBER;5;20260316;225500;316.16;316.21;316.15;316.2;13620
SBER;5;20260316;230000;316.2;316.24;316.17;316.2;6772
SBER;5;20260316;230500;316.2;316.2;316.14;316.17;3446
SBER;5;20260316;231000;316.19;316.2;316.18;316.2;7523
SBER;5;20260316;231500;316.2;316.2;316.17;316.18;4804
SBER;5;20260316;232000;316.18;316.18;316.16;316.17;34088
SBER;5;20260316;232500;316.16;316.21;316.06;316.15;76079
SBER;5;20260316;233000;316.14;316.2;316.1;316.11;30107
SBER;5;20260316;233500;316.14;316.21;316.11;316.14;17700
SBER;5;20260316;234000;316.15;316.16;316.14;316.15;23458
SBER;5;20260316;234500;316.15;316.4;316.13;316.4;64340
SBER;5;20260317;070000;316.61;316.86;316.6;316.84;24108
SBER;5;20260317;070500;316.84;316.84;316.61;316.74;15156
SBER;5;20260317;071000;316.7;316.82;316.7;316.8;8333
SBER;5;20260317;071500;316.81;316.86;316.8;316.83;22456
SBER;5;20260317;072000;316.84;316.86;316.81;316.86;9675
SBER;5;20260317;072500;316.86;316.86;316.8;316.83;10129
SBER;5;20260317;073000;316.82;316.83;316.77;316.77;12557
SBER;5;20260317;073500;316.79;316.8;316.76;316.77;7979
SBER;5;20260317;074000;316.77;316.84;316.77;316.84;12083
SBER;5;20260317;074500;316.84;316.84;316.83;316.84;9528
SBER;5;20260317;075000;316.84;316.86;316.83;316.85;4289
SBER;5;20260317;075500;316.86;316.86;316.85;316.86;1607
SBER;5;20260317;080000;316.86;316.9;316.85;316.9;7774
SBER;5;20260317;080500;316.9;316.9;316.88;316.9;7858
SBER;5;20260317;081000;316.89;316.9;316.83;316.87;18131
SBER;5;20260317;081500;316.87;316.9;316.86;316.9;2822
SBER;5;20260317;082000;316.9;316.9;316.83;316.84;7938
SBER;5;20260317;082500;316.84;316.85;316.83;316.85;1269
SBER;5;20260317;083000;316.84;316.85;316.78;316.84;5857
SBER;5;20260317;083500;316.85;316.85;316.7;316.8;13879
SBER;5;20260317;084000;316.8;316.8;316.7;316.76;6089
SBER;5;20260317;084500;316.76;316.85;316.75;316.85;4757
SBER;5;20260317;085000;316.85;316.98;316.8;316.98;32688
SBER;5;20260317;085500;316.98;317.1;316.97;317;48400
SBER;5;20260317;090000;316.97;317.01;316.85;316.89;44771
SBER;5;20260317;090500;316.89;316.89;316.52;316.64;65704
SBER;5;20260317;091000;316.6;316.68;316.36;316.4;92947
SBER;5;20260317;091500;316.4;316.47;316.05;316.15;101160
SBER;5;20260317;092000;316.15;316.15;316.08;316.11;43018
SBER;5;20260317;092500;316.11;316.25;316.01;316.01;75681
SBER;5;20260317;093000;316.04;316.12;315.95;316.11;71213
SBER;5;20260317;093500;316.12;316.12;315.86;316.02;106988
SBER;5;20260317;094000;316.07;316.38;316.02;316.34;38147
SBER;5;20260317;094500;316.34;316.51;316.27;316.35;77381
SBER;5;20260317;095000;316.34;316.45;316.28;316.39;30309
SBER;5;20260317;095500;316.39;316.6;316.23;316.5;101523
SBER;5;20260317;100000;316.5;316.61;316.42;316.48;72744
SBER;5;20260317;100500;316.5;316.7;316.48;316.52;113978
SBER;5;20260317;101000;316.52;316.6;316.42;316.54;39221
SBER;5;20260317;101500;316.55;316.91;316.54;316.6;90809
SBER;5;20260317;102000;316.61;316.9;316.6;316.89;86580
SBER;5;20260317;102500;316.88;317;316.84;316.97;87186
SBER;5;20260317;103000;316.98;317.07;316.94;316.99;81415
SBER;5;20260317;103500;316.98;317;316.88;316.96;66722
SBER;5;20260317;104000;316.96;316.96;316.7;316.79;94280
SBER;5;20260317;104500;316.79;316.99;316.79;316.88;94213
SBER;5;20260317;105000;316.91;316.99;316.8;316.87;106170
SBER;5;20260317;105500;316.87;316.99;316.84;316.95;101056
SBER;5;20260317;110000;316.94;316.99;316.9;316.96;87776
SBER;5;20260317;110500;316.96;316.99;316.93;316.98;25872
SBER;5;20260317;111000;316.99;317.27;316.98;317.05;170310
SBER;5;20260317;111500;317.05;317.24;316.3;316.39;196882
SBER;5;20260317;112000;316.38;316.61;316.37;316.43;90706
SBER;5;20260317;112500;316.47;316.66;316.36;316.39;65861
SBER;5;20260317;113000;316.4;316.46;316.31;316.37;25395
SBER;5;20260317;113500;316.37;316.84;316.33;316.69;65060
SBER;5;20260317;114000;316.7;316.81;316.56;316.66;47114
SBER;5;20260317;114500;316.71;316.75;316.6;316.71;44178
SBER;5;20260317;115000;316.72;316.87;316.7;316.7;119496
SBER;5;20260317;115500;316.71;316.71;316;316.02;437755
SBER;5;20260317;120000;316.02;316.04;315.88;315.92;426716
SBER;5;20260317;120500;315.9;316;315.8;315.9;192036
SBER;5;20260317;121000;315.9;316.67;315.9;316.65;144835
SBER;5;20260317;121500;316.65;317.17;316.64;316.86;175165
SBER;5;20260317;122000;316.86;316.97;316.86;316.9;92071
SBER;5;20260317;122500;316.9;316.93;316.76;316.81;64507
SBER;5;20260317;123000;316.82;317.01;316.73;317.01;98987
SBER;5;20260317;123500;317;317.03;317;317.01;145521
SBER;5;20260317;124000;317;317.09;317;317.01;173802
SBER;5;20260317;124500;317.01;317.02;316.85;316.92;181850
SBER;5;20260317;125000;316.9;317.3;316.89;317.25;373805
SBER;5;20260317;125500;317.29;317.29;316.9;316.9;51757
SBER;5;20260317;130000;316.91;316.99;316.86;316.98;39634
SBER;5;20260317;130500;316.97;317.28;316.91;317.12;115403
SBER;5;20260317;131000;317.13;317.25;317.12;317.25;57578
SBER;5;20260317;131500;317.25;317.3;317.16;317.28;95870
SBER;5;20260317;132000;317.28;317.3;317.27;317.28;82766
SBER;5;20260317;132500;317.29;317.5;317.28;317.48;163470
SBER;5;20260317;133000;317.49;317.49;317.37;317.4;53457
SBER;5;20260317;133500;317.4;317.4;317.33;317.35;26685
SBER;5;20260317;134000;317.35;317.44;317.34;317.42;65422
SBER;5;20260317;134500;317.39;317.48;317.38;317.45;25818
SBER;5;20260317;135000;317.45;317.48;317.4;317.42;36790
SBER;5;20260317;135500;317.43;317.43;317.29;317.38;50414
SBER;5;20260317;140000;317.38;317.42;317.28;317.36;55077
SBER;5;20260317;140500;317.35;317.4;317.28;317.28;38153
SBER;5;20260317;141000;317.32;317.9;317.31;317.9;609687
SBER;5;20260317;141500;317.9;318.2;317.79;318.02;841957
SBER;5;20260317;142000;318.03;318.25;318.01;318.15;450972
SBER;5;20260317;142500;318.16;318.45;318.15;318.19;603527
SBER;5;20260317;143000;318.19;318.39;318.18;318.31;257725
SBER;5;20260317;143500;318.32;318.35;318.16;318.22;167344
SBER;5;20260317;144000;318.21;318.5;318.21;318.45;309623
SBER;5;20260317;144500;318.45;318.67;318.42;318.55;355980
SBER;5;20260317;145000;318.55;318.7;318.54;318.67;346399
SBER;5;20260317;145500;318.68;318.8;318.61;318.8;692779
SBER;5;20260317;150000;318.8;318.95;318.7;318.89;539066
SBER;5;20260317;150500;318.88;319.2;318.82;319.04;866049
SBER;5;20260317;151000;319.03;319.19;318.93;319.09;387585
SBER;5;20260317;151500;319.09;319.4;318.58;318.67;988316
SBER;5;20260317;152000;318.67;318.68;318.28;318.36;568396
SBER;5;20260317;152500;318.36;318.61;318.3;318.42;258432
SBER;5;20260317;153000;318.4;318.71;318.37;318.71;229271
SBER;5;20260317;153500;318.71;318.74;318.63;318.74;120212
SBER;5;20260317;154000;318.75;318.87;318.69;318.7;142340
SBER;5;20260317;154500;318.7;318.7;318.34;318.46;111683
SBER;5;20260317;155000;318.47;318.7;318.45;318.66;128999
SBER;5;20260317;155500;318.61;318.98;318.6;318.96;219776
SBER;5;20260317;160000;318.97;318.98;318.78;318.89;265837
SBER;5;20260317;160500;318.88;319;318.83;318.89;516125
SBER;5;20260317;161000;318.89;318.89;318.68;318.83;207353
SBER;5;20260317;161500;318.83;318.83;318.5;318.52;115098
SBER;5;20260317;162000;318.54;318.6;318.49;318.58;73580
SBER;5;20260317;162500;318.58;318.83;318.57;318.83;119271
SBER;5;20260317;163000;318.83;318.88;318.5;318.56;180646
SBER;5;20260317;163500;318.57;318.66;318.16;318.26;315563
SBER;5;20260317;164000;318.26;318.29;318.16;318.2;109539
SBER;5;20260317;164500;318.2;318.48;318.2;318.35;141931
SBER;5;20260317;165000;318.36;318.4;318.3;318.4;91734
SBER;5;20260317;165500;318.4;318.7;318.38;318.58;152987
SBER;5;20260317;170000;318.58;318.8;318.58;318.8;145737
SBER;5;20260317;170500;318.8;318.95;318.75;318.9;221648
SBER;5;20260317;171000;318.9;318.97;318.88;318.97;172564
SBER;5;20260317;171500;318.97;318.98;318.88;318.89;305736
SBER;5;20260317;172000;318.88;318.94;318.88;318.89;164043
SBER;5;20260317;172500;318.88;318.89;318.55;318.58;120675
SBER;5;20260317;173000;318.59;318.72;318.46;318.55;203437
SBER;5;20260317;173500;318.55;318.65;318.46;318.62;69348
SBER;5;20260317;174000;318.61;318.61;318.46;318.49;139145
SBER;5;20260317;174500;318.49;318.54;318.48;318.52;45778
SBER;5;20260317;175000;318.52;318.58;318.46;318.47;82525
SBER;5;20260317;175500;318.47;318.48;318.2;318.28;248638
SBER;5;20260317;180000;318.28;318.41;318.18;318.21;116045
SBER;5;20260317;180500;318.21;318.28;318.12;318.21;206552
SBER;5;20260317;181000;318.2;318.3;318.15;318.23;83569
SBER;5;20260317;181500;318.23;318.3;318.15;318.22;105363
SBER;5;20260317;182000;318.24;318.31;318.19;318.25;116568
SBER;5;20260317;182500;318.25;318.26;318.11;318.13;107204
SBER;5;20260317;183000;318.12;318.21;318.1;318.11;174060
SBER;5;20260317;183500;318.1;318.17;318.01;318.1;206745
SBER;5;20260317;184500;318.02;318.02;318.02;318.02;24312
SBER;5;20260317;190000;318.04;318.3;318.03;318.29;32897
SBER;5;20260317;190500;318.29;318.29;318.02;318.19;78239
SBER;5;20260317;191000;318.18;318.21;318.18;318.19;40208
SBER;5;20260317;191500;318.19;318.2;318.18;318.19;55708
SBER;5;20260317;192000;318.2;318.2;318.19;318.2;31121
SBER;5;20260317;192500;318.2;318.2;318.18;318.19;27698
SBER;5;20260317;193000;318.19;318.31;318.18;318.31;59166
SBER;5;20260317;193500;318.31;318.35;318.25;318.35;47945
SBER;5;20260317;194000;318.35;318.47;318.34;318.46;47034
SBER;5;20260317;194500;318.46;318.61;318.44;318.59;85521
SBER;5;20260317;195000;318.61;318.7;318.6;318.62;104751
SBER;5;20260317;195500;318.62;318.67;318.6;318.64;38445
SBER;5;20260317;200000;318.63;318.7;318.63;318.69;40503
SBER;5;20260317;200500;318.7;318.85;318.69;318.77;99367
SBER;5;20260317;201000;318.76;318.84;318.74;318.81;42562
SBER;5;20260317;201500;318.82;318.87;318.74;318.87;88785
SBER;5;20260317;202000;318.87;318.9;318.84;318.9;143493
SBER;5;20260317;202500;318.9;319;318.72;318.99;392836
SBER;5;20260317;203000;318.98;318.98;318.78;318.85;99163
SBER;5;20260317;203500;318.84;318.95;318.79;318.82;103993
SBER;5;20260317;204000;318.84;318.85;318.72;318.76;64166
SBER;5;20260317;204500;318.76;318.8;318.71;318.73;30742
SBER;5;20260317;205000;318.73;318.8;318.72;318.8;29612
SBER;5;20260317;205500;318.8;318.88;318.79;318.83;21911
SBER;5;20260317;210000;318.83;318.88;318.83;318.87;55707
SBER;5;20260317;210500;318.87;318.9;318.84;318.89;37655
SBER;5;20260317;211000;318.88;318.98;318.88;318.94;45591
SBER;5;20260317;211500;318.94;318.96;318.9;318.92;18184
SBER;5;20260317;212000;318.92;319;318.9;319;172256
SBER;5;20260317;212500;318.99;319.08;318.93;318.96;59235
SBER;5;20260317;213000;318.96;318.98;318.87;318.94;45813
SBER;5;20260317;213500;318.96;318.96;318.87;318.87;25594
SBER;5;20260317;214000;318.88;318.95;318.87;318.94;37549
SBER;5;20260317;214500;318.95;318.99;318.88;318.98;76892
SBER;5;20260317;215000;318.99;319.16;318.95;319.08;176814
SBER;5;20260317;215500;319.08;319.1;319.03;319.09;64101
SBER;5;20260317;220000;319.09;319.12;319.08;319.09;34897
SBER;5;20260317;220500;319.08;319.15;319.08;319.1;25246
SBER;5;20260317;221000;319.1;319.1;318.9;318.95;66850
SBER;5;20260317;221500;318.95;318.95;318.83;318.84;32391
SBER;5;20260317;222000;318.84;318.9;318.79;318.84;50185
SBER;5;20260317;222500;318.84;319.1;318.83;319.06;137597
SBER;5;20260317;223000;319.04;319.07;318.96;319.05;36484
SBER;5;20260317;223500;319.04;319.05;319;319;28826
SBER;5;20260317;224000;319;319.07;319;319.05;37757
SBER;5;20260317;224500;319.06;319.09;319.02;319.08;56271
SBER;5;20260317;225000;319.08;319.08;318.97;319.04;76225
SBER;5;20260317;225500;319.03;319.07;319.03;319.06;14892
SBER;5;20260317;230000;319.06;319.28;319.06;319.26;256087
SBER;5;20260317;230500;319.26;319.49;319.18;319.44;457041
SBER;5;20260317;231000;319.44;319.5;319.4;319.44;248360
SBER;5;20260317;231500;319.44;319.52;319.4;319.47;117384
SBER;5;20260317;232000;319.47;319.51;319.46;319.5;31209
SBER;5;20260317;232500;319.49;319.51;319.4;319.48;66451
SBER;5;20260317;233000;319.48;319.67;319.48;319.58;126351
SBER;5;20260317;233500;319.65;319.73;319.58;319.66;132837
SBER;5;20260317;234000;319.68;319.73;319.63;319.73;102505
SBER;5;20260317;234500;319.68;319.73;319.4;319.69;157072
SBER;5;20260318;070000;319.79;319.8;319;319.2;302814
SBER;5;20260318;070500;319.2;319.28;319.03;319.28;57244
SBER;5;20260318;071000;319.27;319.27;318.8;319.06;137330
SBER;5;20260318;071500;319.05;319.34;319.03;319.32;34118
SBER;5;20260318;072000;319.32;319.64;319.32;319.56;40573
SBER;5;20260318;072500;319.56;319.59;319.4;319.54;30362
SBER;5;20260318;073000;319.53;319.69;319.53;319.64;37398
SBER;5;20260318;073500;319.63;319.68;319.44;319.48;43832
SBER;5;20260318;074000;319.54;319.57;319.42;319.52;26410
SBER;5;20260318;074500;319.51;319.67;319.45;319.57;28716
SBER;5;20260318;075000;319.57;319.64;319.57;319.64;18148
SBER;5;20260318;075500;319.64;319.9;319.61;319.8;179602
SBER;5;20260318;080000;319.8;319.98;319.79;319.98;73396
SBER;5;20260318;080500;319.98;320.37;319.88;320.31;632543
SBER;5;20260318;081000;320.3;321;320.15;320.98;687550
SBER;5;20260318;081500;320.96;321.15;320.96;321.07;394725
SBER;5;20260318;082000;321.07;321.07;320.7;320.96;330222
SBER;5;20260318;082500;320.95;320.96;320.79;320.93;182447
SBER;5;20260318;083000;320.93;321.28;320.88;321.27;182891
SBER;5;20260318;083500;321.27;321.34;321;321.34;268127
SBER;5;20260318;084000;321.34;321.5;321.31;321.5;330630
SBER;5;20260318;084500;321.5;321.55;321.23;321.55;211886
SBER;5;20260318;085000;321.52;321.94;321.52;321.76;466504
SBER;5;20260318;085500;321.76;321.77;321.01;321.13;470626
SBER;5;20260318;090000;321.12;321.12;320.73;320.96;385776
SBER;5;20260318;090500;320.96;320.99;320.71;320.72;151239
SBER;5;20260318;091000;320.72;320.83;320.69;320.83;333008
SBER;5;20260318;091500;320.8;320.84;320.69;320.7;201690
SBER;5;20260318;092000;320.7;320.7;320.6;320.61;168681
SBER;5;20260318;092500;320.61;320.73;320.6;320.69;127308
SBER;5;20260318;093000;320.69;320.8;320.68;320.78;139869
SBER;5;20260318;093500;320.77;320.9;320.75;320.85;264012
SBER;5;20260318;094000;320.84;321.27;320.83;321.2;332512
SBER;5;20260318;094500;321.19;321.48;321.12;321.36;121718
SBER;5;20260318;095000;321.35;321.5;320.28;320.98;587821
SBER;5;20260318;095500;320.98;320.99;320.45;320.74;154595
SBER;5;20260318;100000;320.74;321.17;320.71;321.17;304843
SBER;5;20260318;100500;321.16;321.47;321.16;321.32;401404
SBER;5;20260318;101000;321.32;321.34;320.92;321.04;354020
SBER;5;20260318;101500;321.03;321.44;321.03;321.41;289627
SBER;5;20260318;102000;321.41;321.94;321.4;321.94;640552
SBER;5;20260318;102500;321.94;321.96;321.63;321.84;338533
SBER;5;20260318;103000;321.84;321.98;321.83;321.85;276441
SBER;5;20260318;103500;321.85;321.88;321.63;321.68;174784
SBER;5;20260318;104000;321.69;321.7;321.32;321.54;298519
SBER;5;20260318;104500;321.54;321.54;321.11;321.2;366426
SBER;5;20260318;105000;321.2;321.23;321;321.15;365916
SBER;5;20260318;105500;321.15;321.24;321.1;321.2;226827
SBER;5;20260318;110000;321.19;321.31;321.11;321.23;237521
SBER;5;20260318;110500;321.22;321.28;320.96;321;294347
SBER;5;20260318;111000;320.98;321.29;320.92;321.24;260972
SBER;5;20260318;111500;321.24;321.24;320.92;321.1;242854
SBER;5;20260318;112000;321.1;321.25;320.95;321.07;246465
SBER;5;20260318;112500;321.1;321.1;320.81;320.97;219165
SBER;5;20260318;113000;320.97;321.49;320.8;321.22;585950
SBER;5;20260318;113500;321.26;321.45;320.89;320.91;278617
SBER;5;20260318;114000;320.9;321.12;320.81;321.06;67142
SBER;5;20260318;114500;321.06;321.22;321.02;321.09;109780
SBER;5;20260318;115000;321.1;321.24;321.07;321.22;100877
SBER;5;20260318;115500;321.22;321.25;321.02;321.13;164429
SBER;5;20260318;120000;321.13;321.27;321.02;321.17;63849
SBER;5;20260318;120500;321.17;321.22;321.05;321.15;61539
SBER;5;20260318;121000;321.15;321.15;320.9;321.06;168251
SBER;5;20260318;121500;321.06;321.08;320.87;320.99;65205
SBER;5;20260318;122000;320.97;321.21;320.96;321.09;211217
SBER;5;20260318;122500;321.09;321.25;321.05;321.23;66218
SBER;5;20260318;123000;321.21;321.4;321.21;321.31;94947
SBER;5;20260318;123500;321.31;321.39;321.17;321.34;77967
SBER;5;20260318;124000;321.34;321.48;321.31;321.48;193859
SBER;5;20260318;124500;321.48;321.6;321.46;321.58;281867
SBER;5;20260318;125000;321.58;321.9;321.57;321.84;199635
SBER;5;20260318;125500;321.84;322.15;321.44;321.82;1049850
SBER;5;20260318;130000;321.83;322.05;321.71;322.01;315405
SBER;5;20260318;130500;322.01;322.01;321.84;321.88;385224
SBER;5;20260318;131000;321.92;322;321.73;321.87;198550
SBER;5;20260318;131500;321.83;321.97;321.77;321.94;151595
SBER;5;20260318;132000;321.94;322.17;321.9;321.99;460468
SBER;5;20260318;132500;321.98;322.17;321.97;322.07;205862
SBER;5;20260318;133000;322.05;322.17;321.94;321.94;234947
SBER;5;20260318;133500;321.95;321.98;321.83;321.96;101595
SBER;5;20260318;134000;321.96;321.97;321.83;321.84;364644
SBER;5;20260318;134500;321.84;321.95;321.01;321.2;882999
SBER;5;20260318;135000;321.22;321.44;321.17;321.44;163695
SBER;5;20260318;135500;321.43;321.5;321.29;321.32;112955
SBER;5;20260318;140000;321.3;321.35;321.28;321.31;68925
SBER;5;20260318;140500;321.34;321.43;321.23;321.3;254120
SBER;5;20260318;141000;321.33;321.47;321.31;321.45;58920
SBER;5;20260318;141500;321.45;321.56;321.39;321.49;84892
SBER;5;20260318;142000;321.5;321.5;321.26;321.38;60669
SBER;5;20260318;142500;321.38;321.55;321.29;321.55;90003
SBER;5;20260318;143000;321.55;321.66;321.54;321.59;63202
SBER;5;20260318;143500;321.59;321.59;321.1;321.22;180802
SBER;5;20260318;144000;321.22;321.22;320.91;321.19;311878
SBER;5;20260318;144500;321.19;321.2;321.09;321.13;132563
SBER;5;20260318;145000;321.13;321.13;320.87;321.03;211883
SBER;5;20260318;145500;321.03;321.1;320.96;321.02;98046
SBER;5;20260318;150000;321.01;321.09;320.96;321.03;180223
SBER;5;20260318;150500;321.02;321.09;320.8;321.06;376194
SBER;5;20260318;151000;321.05;321.06;320.9;320.97;57664
SBER;5;20260318;151500;320.99;321.58;320.99;321.58;131954
SBER;5;20260318;152000;321.56;321.9;321.42;321.51;120908
SBER;5;20260318;152500;321.5;321.53;321.35;321.43;53213
SBER;5;20260318;153000;321.43;321.62;321.36;321.59;154891
SBER;5;20260318;153500;321.6;321.85;321.4;321.71;271730
SBER;5;20260318;154000;321.71;321.81;321.64;321.72;142716
SBER;5;20260318;154500;321.72;321.72;321.2;321.21;207122
SBER;5;20260318;155000;321.21;321.35;320.85;320.91;355046
SBER;5;20260318;155500;320.91;321.08;320.89;320.9;370527
SBER;5;20260318;160000;320.91;320.91;320;320.02;1155416
SBER;5;20260318;160500;320.02;320.29;320.02;320.28;313622
SBER;5;20260318;161000;320.24;320.5;320.2;320.36;206718
SBER;5;20260318;161500;320.36;320.36;320.02;320.14;398113
SBER;5;20260318;162000;320.11;320.3;320.09;320.28;232752
SBER;5;20260318;162500;320.26;320.5;320.16;320.37;200512
SBER;5;20260318;163000;320.36;320.46;320.3;320.42;152693
SBER;5;20260318;163500;320.41;320.48;320.25;320.32;204719
SBER;5;20260318;164000;320.32;320.32;320.02;320.11;247036
SBER;5;20260318;164500;320.11;320.27;320.02;320.04;258783
SBER;5;20260318;165000;320.05;320.08;319.77;319.78;563341
SBER;5;20260318;165500;319.78;319.78;319.68;319.76;233345
SBER;5;20260318;170000;319.76;320.3;319.75;320;259143
SBER;5;20260318;170500;320;320.39;319.99;320.12;185068
SBER;5;20260318;171000;320.19;320.33;320.11;320.33;119070
SBER;5;20260318;171500;320.33;320.46;320.31;320.45;148279
SBER;5;20260318;172000;320.39;320.46;320.16;320.25;201327
SBER;5;20260318;172500;320.25;320.26;320;320.12;203871
SBER;5;20260318;173000;320.12;320.24;319.97;319.99;208860
SBER;5;20260318;173500;319.99;320.16;319.72;320;295538
SBER;5;20260318;174000;320;320.2;319.81;320.2;162439
SBER;5;20260318;174500;320.21;320.49;320.2;320.36;235557
SBER;5;20260318;175000;320.37;320.45;320.19;320.44;97701
SBER;5;20260318;175500;320.44;320.67;320.44;320.67;277666
SBER;5;20260318;180000;320.67;320.94;320.66;320.74;183236
SBER;5;20260318;180500;320.75;320.86;320.69;320.83;71732
SBER;5;20260318;181000;320.83;321.28;320.83;321.23;200643
SBER;5;20260318;181500;321.23;321.31;320.88;321.16;252829
SBER;5;20260318;182000;321.16;321.34;321.13;321.29;148378
SBER;5;20260318;182500;321.3;321.51;321.11;321.2;398077
SBER;5;20260318;183000;321.19;321.38;321.19;321.35;154907
SBER;5;20260318;183500;321.35;321.35;321.09;321.18;136895
SBER;5;20260318;184500;321.67;321.67;321.67;321.67;406138
SBER;5;20260318;190000;321.62;321.64;321.3;321.46;91002
SBER;5;20260318;190500;321.46;321.58;321.35;321.45;233618
SBER;5;20260318;191000;321.45;321.46;320.95;321.11;154719
SBER;5;20260318;191500;321.12;321.49;321.12;321.43;77195
SBER;5;20260318;192000;321.43;321.64;321.31;321.43;97947
SBER;5;20260318;192500;321.44;321.5;321.3;321.48;20817
SBER;5;20260318;193000;321.49;321.7;321.48;321.67;103822
SBER;5;20260318;193500;321.66;321.68;321.54;321.56;18117
SBER;5;20260318;194000;321.57;321.72;321.56;321.66;52715
SBER;5;20260318;194500;321.66;321.66;321.38;321.48;44223
SBER;5;20260318;195000;321.49;321.53;321.3;321.46;96567
SBER;5;20260318;195500;321.46;321.54;321.41;321.52;50811
SBER;5;20260318;200000;321.51;321.56;321.42;321.5;58201
SBER;5;20260318;200500;321.5;321.5;321.17;321.26;182432
SBER;5;20260318;201000;321.25;321.26;321;321.13;63538
SBER;5;20260318;201500;321.13;321.27;321.1;321.24;47939
SBER;5;20260318;202000;321.24;321.3;321.15;321.19;26432
SBER;5;20260318;202500;321.2;321.23;321.08;321.12;52412
SBER;5;20260318;203000;321.1;321.17;321.05;321.07;15367
SBER;5;20260318;203500;321.07;321.15;321;321.13;62209
SBER;5;20260318;204000;321.12;321.13;321.04;321.09;31766
SBER;5;20260318;204500;321.1;321.16;321.07;321.12;25836
SBER;5;20260318;205000;321.12;321.17;321.07;321.14;24556
SBER;5;20260318;205500;321.15;321.2;321;321.15;93611
SBER;5;20260318;210000;321.15;321.16;321.03;321.07;10560
SBER;5;20260318;210500;321.07;321.11;321;321.08;56952
SBER;5;20260318;211000;321.09;321.1;321.08;321.09;10321
SBER;5;20260318;211500;321.09;321.1;320.97;320.98;69321
SBER;5;20260318;212000;320.98;321;320.89;320.99;66839
SBER;5;20260318;212500;320.99;321.02;320.96;321.02;24174
SBER;5;20260318;213000;321.02;321.02;320.9;320.94;37738
SBER;5;20260318;213500;320.97;320.98;320.84;320.86;51507
SBER;5;20260318;214000;320.86;320.88;320.85;320.86;23227
SBER;5;20260318;214500;320.87;320.93;320.85;320.93;31236
SBER;5;20260318;215000;320.93;320.93;320.85;320.86;8983
SBER;5;20260318;215500;320.86;320.86;320.83;320.85;23795
SBER;5;20260318;220000;320.85;320.92;320.83;320.88;69797
SBER;5;20260318;220500;320.87;320.88;320.75;320.82;44835
SBER;5;20260318;221000;320.85;320.89;320.81;320.88;12809
SBER;5;20260318;221500;320.89;320.89;320.73;320.85;100621
SBER;5;20260318;222000;320.85;320.9;320.84;320.9;19496
SBER;5;20260318;222500;320.9;320.94;320.75;320.79;69674
SBER;5;20260318;223000;320.79;320.87;320.66;320.76;126458
SBER;5;20260318;223500;320.76;320.89;320.74;320.79;64933
SBER;5;20260318;224000;320.8;320.85;320.69;320.76;110162
SBER;5;20260318;224500;320.76;321;320.73;320.96;187566
SBER;5;20260318;225000;320.99;321;320.59;320.73;225379
SBER;5;20260318;225500;320.73;320.77;320.55;320.65;63008
SBER;5;20260318;230000;320.64;320.64;320.36;320.47;57632
SBER;5;20260318;230500;320.48;320.52;320.41;320.47;147497
SBER;5;20260318;231000;320.49;320.51;320.37;320.4;180359
SBER;5;20260318;231500;320.4;320.43;320.22;320.23;193233
SBER;5;20260318;232000;320.23;320.38;320.11;320.15;109906
SBER;5;20260318;232500;320.15;320.16;320;320.06;140081
SBER;5;20260318;233000;320.06;320.39;320.01;320.22;71663
SBER;5;20260318;233500;320.24;320.45;320.1;320.3;92333
SBER;5;20260318;234000;320.2;320.5;320.12;320.42;101010
SBER;5;20260318;234500;320.4;320.51;320.4;320.51;82591
SBER;5;20260319;070000;320.92;321.04;320.28;320.6;112449
SBER;5;20260319;070500;320.59;320.63;320.46;320.63;80091
SBER;5;20260319;071000;320.63;321.26;320.62;321.21;95503
SBER;5;20260319;071500;321.21;321.43;321.2;321.32;36171
SBER;5;20260319;072000;321.32;321.4;320.94;321.08;52923
SBER;5;20260319;072500;321.02;321.17;321.02;321.15;27233
SBER;5;20260319;073000;321.16;321.16;320.91;320.99;48242
SBER;5;20260319;073500;321;321.16;320.99;321.06;30541
SBER;5;20260319;074000;321.06;321.3;321.05;321.27;24561
SBER;5;20260319;074500;321.27;321.27;321;321.24;70472
SBER;5;20260319;075000;321.24;321.26;321.04;321.14;8385
SBER;5;20260319;075500;321.19;321.22;321.14;321.21;11704
SBER;5;20260319;080000;321.2;321.22;321.11;321.21;30761
SBER;5;20260319;080500;321.21;321.25;321.14;321.17;36082
SBER;5;20260319;081000;321.14;321.18;320.78;320.92;40631
SBER;5;20260319;081500;320.91;321.07;320.89;321.07;16637
SBER;5;20260319;082000;321.07;321.15;321.02;321.1;6327
SBER;5;20260319;082500;321.07;321.14;321;321.12;22903
SBER;5;20260319;083000;321.12;321.12;321;321;47718
SBER;5;20260319;083500;321.03;321.11;320.97;321.1;18336
SBER;5;20260319;084000;321.06;321.1;320.96;320.97;11580
SBER;5;20260319;084500;320.97;321.08;320.94;321.08;40846
SBER;5;20260319;085000;321.07;321.25;320.95;321.04;76380
SBER;5;20260319;085500;321.09;321.19;321.04;321.16;10283
SBER;5;20260319;090000;321.11;321.16;320.5;321.01;383869
SBER;5;20260319;090500;321.01;321.02;320.85;320.86;238256
SBER;5;20260319;091000;320.85;320.86;320.66;320.68;76846
SBER;5;20260319;091500;320.68;320.79;320.65;320.73;111434
SBER;5;20260319;092000;320.71;320.75;320.67;320.68;29651
SBER;5;20260319;092500;320.68;320.7;320.46;320.46;81115
SBER;5;20260319;093000;320.47;320.47;320.35;320.39;115170
SBER;5;20260319;093500;320.39;320.53;320.39;320.42;50231
SBER;5;20260319;094000;320.42;320.42;320.23;320.31;134348
SBER;5;20260319;094500;320.3;320.55;320.28;320.5;49227
SBER;5;20260319;095000;320.49;320.5;320.45;320.46;82919
SBER;5;20260319;095500;320.46;320.59;320.45;320.56;69993
SBER;5;20260319;100000;320.56;320.56;320.45;320.56;106171
SBER;5;20260319;100500;320.55;320.84;320.55;320.64;74045
SBER;5;20260319;101000;320.65;320.81;320.45;320.47;212232
SBER;5;20260319;101500;320.47;320.47;320.21;320.23;87688
SBER;5;20260319;102000;320.23;320.27;320.01;320.23;259533
SBER;5;20260319;102500;320.21;320.45;320.21;320.4;105126
SBER;5;20260319;103000;320.4;320.75;320.39;320.72;116603
SBER;5;20260319;103500;320.72;320.79;320.48;320.63;152780
SBER;5;20260319;104000;320.6;320.67;320.37;320.51;164157
SBER;5;20260319;104500;320.56;320.67;320.35;320.57;305180
SBER;5;20260319;105000;320.58;321.2;320.5;321.17;291206
SBER;5;20260319;105500;321.18;321.3;321.08;321.3;251104
SBER;5;20260319;110000;321.3;321.35;321.18;321.35;211237
SBER;5;20260319;110500;321.35;321.38;320.95;321.17;336383
SBER;5;20260319;111000;321.17;321.19;320.56;320.68;160667
SBER;5;20260319;111500;320.67;320.79;320.5;320.76;150110
SBER;5;20260319;112000;320.77;320.97;320.57;320.91;192955
SBER;5;20260319;112500;320.91;320.97;320.67;320.75;156590
SBER;5;20260319;113000;320.77;320.84;320.5;320.51;219394
SBER;5;20260319;113500;320.51;320.78;320.42;320.56;211463
SBER;5;20260319;114000;320.55;320.56;320.1;320.26;313882
SBER;5;20260319;114500;320.26;320.48;320.09;320.2;129615
SBER;5;20260319;115000;320.21;320.47;320.16;320.39;159780
SBER;5;20260319;115500;320.35;320.78;320.35;320.74;280489
SBER;5;20260319;120000;320.74;320.74;320.55;320.66;86672
SBER;5;20260319;120500;320.66;320.7;320.61;320.67;55707
SBER;5;20260319;121000;320.7;320.88;320.59;320.87;148953
SBER;5;20260319;121500;320.86;320.94;320.68;320.68;90801
SBER;5;20260319;122000;320.69;320.82;320.56;320.71;117572
SBER;5;20260319;122500;320.71;321;320.63;321;227628
SBER;5;20260319;123000;321;321;320.72;320.95;276106
SBER;5;20260319;123500;320.93;321;320.8;320.93;134541
SBER;5;20260319;124000;320.94;321;320.57;320.62;113022
SBER;5;20260319;124500;320.62;320.83;320.42;320.7;195905
SBER;5;20260319;125000;320.7;320.72;320.49;320.72;131410
SBER;5;20260319;125500;320.72;320.76;320.38;320.46;161580
SBER;5;20260319;130000;320.46;320.76;320.45;320.72;42669
SBER;5;20260319;130500;320.73;320.91;320.29;320.51;252583
SBER;5;20260319;131000;320.51;320.82;320.46;320.79;130412
SBER;5;20260319;131500;320.79;320.82;320.6;320.75;110351
SBER;5;20260319;132000;320.76;320.77;320.52;320.68;60594
SBER;5;20260319;132500;320.68;320.69;320.48;320.49;41046
SBER;5;20260319;133000;320.49;320.7;320.47;320.7;61038
SBER;5;20260319;133500;320.7;320.7;320.36;320.7;334606
SBER;5;20260319;134000;320.7;320.7;320.61;320.68;35662
SBER;5;20260319;134500;320.68;320.7;320.5;320.68;45311
SBER;5;20260319;135000;320.67;320.7;320.43;320.58;233287
SBER;5;20260319;135500;320.57;320.8;320.45;320.69;125362
SBER;5;20260319;140000;320.69;320.78;320.65;320.7;33003
SBER;5;20260319;140500;320.67;320.7;320.61;320.7;77099
SBER;5;20260319;141000;320.7;320.7;320.55;320.66;64884
SBER;5;20260319;141500;320.63;320.67;320.48;320.57;142144
SBER;5;20260319;142000;320.59;320.7;320.56;320.62;92197
SBER;5;20260319;142500;320.62;320.7;320.59;320.7;46360
SBER;5;20260319;143000;320.7;320.7;320.61;320.7;85858
SBER;5;20260319;143500;320.7;320.79;320.65;320.72;59694
SBER;5;20260319;144000;320.71;320.8;320.65;320.74;66148
SBER;5;20260319;144500;320.74;320.74;320.48;320.63;176668
SBER;5;20260319;145000;320.62;320.8;320.56;320.75;110214
SBER;5;20260319;145500;320.7;320.75;320.52;320.59;133211
SBER;5;20260319;150000;320.59;320.71;320.02;320.02;733352
SBER;5;20260319;150500;320.03;320.05;319.23;319.68;1409030
SBER;5;20260319;151000;319.67;319.72;319.27;319.5;437317
SBER;5;20260319;151500;319.49;319.85;319.41;319.71;444092
SBER;5;20260319;152000;319.71;319.77;319.33;319.35;430390
SBER;5;20260319;152500;319.33;319.63;319.3;319.54;417179
SBER;5;20260319;153000;319.54;319.69;319.5;319.57;349425
SBER;5;20260319;153500;319.57;319.79;319.52;319.6;372072
SBER;5;20260319;154000;319.59;319.61;319.55;319.61;581083
SBER;5;20260319;154500;319.57;319.61;319.35;319.37;579594
SBER;5;20260319;155000;319.37;319.61;319.3;319.45;475127
SBER;5;20260319;155500;319.45;319.59;319.3;319.31;607530
SBER;5;20260319;160000;319.3;319.68;319.21;319.59;567951
SBER;5;20260319;160500;319.59;319.67;319.53;319.66;53513
SBER;5;20260319;161000;319.66;319.79;319.57;319.6;172035
SBER;5;20260319;161500;319.61;319.79;319.55;319.61;123287
SBER;5;20260319;162000;319.61;319.89;319.55;319.87;101259
SBER;5;20260319;162500;319.88;320.25;319.87;320.07;146963
SBER;5;20260319;163000;320.08;320.11;320;320.05;84809
SBER;5;20260319;163500;320.04;320.11;320.02;320.05;32767
SBER;5;20260319;164000;320.05;320.11;320.01;320.11;61939
SBER;5;20260319;164500;320.11;320.11;319.91;319.91;45644
SBER;5;20260319;165000;319.91;320;319.77;319.98;88204
SBER;5;20260319;165500;319.98;320.05;319.96;320.04;40509
SBER;5;20260319;170000;320.04;320.11;320.02;320.1;96239
SBER;5;20260319;170500;320.1;320.11;319.91;320.04;136628
SBER;5;20260319;171000;320.05;320.11;319.93;320.11;398867
SBER;5;20260319;171500;320.1;320.11;320.1;320.11;161211
SBER;5;20260319;172000;320.11;320.11;320.1;320.11;60901
SBER;5;20260319;172500;320.11;320.11;320.02;320.05;61775
SBER;5;20260319;173000;320.04;320.09;319.91;319.91;128545
SBER;5;20260319;173500;319.92;320;319.9;319.93;40898
SBER;5;20260319;174000;319.94;320.05;319.93;320;42530
SBER;5;20260319;174500;320;320;319.9;319.92;51805
SBER;5;20260319;175000;319.91;320.11;319.91;320.08;58553
SBER;5;20260319;175500;320.08;320.11;319.9;319.98;62234
SBER;5;20260319;180000;319.97;319.98;319.53;319.54;137542
SBER;5;20260319;180500;319.53;319.55;319.5;319.51;199271
SBER;5;20260319;181000;319.51;319.7;319.42;319.61;181185
SBER;5;20260319;181500;319.61;319.72;319.58;319.7;129800
SBER;5;20260319;182000;319.7;319.96;319.65;319.88;46698
SBER;5;20260319;182500;319.9;320.11;319.88;320.11;76672
SBER;5;20260319;183000;320.1;320.11;320.01;320.08;99252
SBER;5;20260319;183500;320.07;320.16;320;320.13;142902
SBER;5;20260319;184500;320.01;320.01;320.01;320.01;56191
SBER;5;20260319;190000;320.1;320.1;320.01;320.02;32739
SBER;5;20260319;190500;320.02;320.04;319.85;320.01;67857
SBER;5;20260319;191000;320.01;320.04;320;320.01;42413
SBER;5;20260319;191500;320.01;320.04;320;320.02;32274
SBER;5;20260319;192000;320.02;320.05;320;320.01;29172
SBER;5;20260319;192500;320.01;320.05;320;320.01;37374
SBER;5;20260319;193000;320;320.01;320;320;40004
SBER;5;20260319;193500;320.01;320.05;320;320.04;11461
SBER;5;20260319;194000;320.05;320.05;320;320.01;4691
SBER;5;20260319;194500;320.01;320.05;320;320.03;5902
SBER;5;20260319;195000;320.02;320.05;319.95;319.96;46266
SBER;5;20260319;195500;319.96;320.02;319.89;319.91;47641
SBER;5;20260319;200000;319.9;320.01;319.9;319.98;12545
SBER;5;20260319;200500;319.98;319.99;319.9;319.98;12476
SBER;5;20260319;201000;319.98;320;319.92;319.98;20238
SBER;5;20260319;201500;319.98;320.05;319.95;320.01;21283
SBER;5;20260319;202000;320.02;320.02;319.92;319.96;7782
SBER;5;20260319;202500;319.96;319.97;319.9;319.96;15810
SBER;5;20260319;203000;319.97;320.03;319.97;319.99;24259
SBER;5;20260319;203500;319.99;320.05;319.89;319.9;73005
SBER;5;20260319;204000;319.9;320.01;319.89;319.97;29946
SBER;5;20260319;204500;319.97;319.98;319.9;319.92;10376
SBER;5;20260319;205000;319.91;320;319.85;319.86;41016
SBER;5;20260319;205500;319.86;319.95;319.85;319.92;64608
SBER;5;20260319;210000;319.92;319.98;319.91;319.97;22929
SBER;5;20260319;210500;319.97;320;319.92;319.99;29838
SBER;5;20260319;211000;319.98;319.99;319.9;319.92;43129
SBER;5;20260319;211500;319.92;319.92;319.81;319.91;30005
SBER;5;20260319;212000;319.91;319.92;319.84;319.92;21712
SBER;5;20260319;212500;319.92;319.96;319.9;319.94;4715
SBER;5;20260319;213000;319.96;319.96;319.87;319.9;9030
SBER;5;20260319;213500;319.9;319.95;319.85;319.93;15382
SBER;5;20260319;214000;319.93;319.97;319.86;319.95;19994
SBER;5;20260319;214500;319.94;319.96;319.94;319.95;10520
SBER;5;20260319;215000;319.96;319.96;319.91;319.95;16339
SBER;5;20260319;215500;319.95;319.96;319.93;319.94;12050
SBER;5;20260319;220000;319.95;319.98;319.95;319.98;6724
SBER;5;20260319;220500;319.98;320.07;319.97;320.01;35173
SBER;5;20260319;221000;320.03;320.17;320.01;320.15;46856
SBER;5;20260319;221500;320.16;320.16;319.98;320;36791
SBER;5;20260319;222000;320;320.12;319.98;320.06;36477
SBER;5;20260319;222500;320.08;320.08;319.99;320.07;38806
SBER;5;20260319;223000;320.05;320.12;320.03;320.12;14580
SBER;5;20260319;223500;320.12;320.13;320.1;320.11;47187
SBER;5;20260319;224000;320.08;320.3;320.08;320.28;126764
SBER;5;20260319;224500;320.29;320.39;320.28;320.34;60506
SBER;5;20260319;225000;320.34;320.38;320.32;320.37;6372
SBER;5;20260319;225500;320.37;320.5;320.35;320.49;57866
SBER;5;20260319;230000;320.49;320.5;320.44;320.48;47638
SBER;5;20260319;230500;320.47;320.48;320.44;320.45;18126
SBER;5;20260319;231000;320.45;320.45;320.28;320.28;44610
SBER;5;20260319;231500;320.27;320.35;320.2;320.26;38136
SBER;5;20260319;232000;320.26;320.28;320.24;320.28;6465
SBER;5;20260319;232500;320.28;320.4;320.27;320.37;15129
SBER;5;20260319;233000;320.37;320.58;320.35;320.49;95904
SBER;5;20260319;233500;320.49;320.7;320.38;320.59;124873
SBER;5;20260319;234000;320.58;320.65;320.42;320.6;26180
SBER;5;20260319;234500;320.6;320.79;320.51;320.77;82444
SBER;5;20260320;070000;321;321.27;320.82;321.19;140270
SBER;5;20260320;070500;321.16;321.35;321.13;321.35;122196
SBER;5;20260320;071000;321.34;321.49;321.26;321.26;230943
SBER;5;20260320;071500;321.27;321.41;321.26;321.36;34966
SBER;5;20260320;072000;321.36;321.37;321.13;321.15;63169
SBER;5;20260320;072500;321.14;321.26;321.01;321.26;64516
SBER;5;20260320;073000;321.2;321.37;321.12;321.34;30508
SBER;5;20260320;073500;321.34;321.35;321.32;321.33;58968
SBER;5;20260320;074000;321.33;321.33;321.15;321.18;19199
SBER;5;20260320;074500;321.18;321.31;321.15;321.26;58443
SBER;5;20260320;075000;321.2;321.29;321.2;321.28;17893
SBER;5;20260320;075500;321.28;321.28;321.2;321.23;5516
SBER;5;20260320;080000;321.23;321.24;321.07;321.17;13005
SBER;5;20260320;080500;321.18;321.18;321.06;321.09;7149
SBER;5;20260320;081000;321.1;321.1;320.99;321;36788
SBER;5;20260320;081500;320.99;321;320.89;320.92;27196
SBER;5;20260320;082000;320.91;320.93;320.6;320.92;100015
SBER;5;20260320;082500;320.92;321.07;320.92;321.03;40138
SBER;5;20260320;083000;321.07;321.18;321.03;321.17;26208
SBER;5;20260320;083500;321.17;321.24;321.15;321.24;16244
SBER;5;20260320;084000;321.24;321.25;321.2;321.22;14089
SBER;5;20260320;084500;321.22;321.24;321.21;321.22;15478
SBER;5;20260320;085000;321.24;321.25;321.13;321.19;17928
SBER;5;20260320;085500;321.17;321.17;320.91;320.97;21838
SBER;5;20260320;090000;320.97;321.05;320.8;321.04;40823
SBER;5;20260320;090500;321.04;321.14;320.87;321.12;54359
SBER;5;20260320;091000;321.11;321.14;321.1;321.14;206059
SBER;5;20260320;091500;321.14;321.2;321.11;321.14;44492
SBER;5;20260320;092000;321.14;321.14;321.1;321.14;32802
SBER;5;20260320;092500;321.12;321.18;321.1;321.17;25983
SBER;5;20260320;093000;321.17;321.2;321.1;321.2;100665
SBER;5;20260320;093500;321.19;321.2;321.1;321.14;45954
SBER;5;20260320;094000;321.14;321.16;321.1;321.1;60264
SBER;5;20260320;094500;321.1;321.19;321.02;321.19;112446
SBER;5;20260320;095000;321.19;321.2;321.17;321.19;57609
SBER;5;20260320;095500;321.2;321.2;321.05;321.05;115016
SBER;5;20260320;100000;321.06;321.2;320.9;320.92;329479
SBER;5;20260320;100500;320.92;321.17;320.92;321.04;218222
SBER;5;20260320;101000;321.04;321.13;321;321.04;87522
SBER;5;20260320;101500;321.04;321.13;320.94;321;319609
SBER;5;20260320;102000;321;321.13;320.99;321.11;264786
SBER;5;20260320;102500;321.11;321.27;321.08;321.15;266944
SBER;5;20260320;103000;321.14;321.2;321;321.07;191474
SBER;5;20260320;103500;321.07;321.2;321;321.06;280869
SBER;5;20260320;104000;321.05;321.2;320.93;321.02;230321
SBER;5;20260320;104500;321.02;321.2;321.01;321.19;217365
SBER;5;20260320;105000;321.18;321.2;321.07;321.2;41247
SBER;5;20260320;105500;321.2;321.45;321.11;321.45;574017
SBER;5;20260320;110000;321.44;321.7;321.43;321.6;648453
SBER;5;20260320;110500;321.6;321.65;321.19;321.26;140886
SBER;5;20260320;111000;321.27;321.39;321.12;321.18;145654
SBER;5;20260320;111500;321.18;321.26;321.06;321.16;75446
SBER;5;20260320;112000;321.2;321.24;321.14;321.21;48353
SBER;5;20260320;112500;321.22;321.26;321.14;321.22;157159
SBER;5;20260320;113000;321.21;321.26;321.06;321.08;104661
SBER;5;20260320;113500;321.08;321.16;321.06;321.1;80190
SBER;5;20260320;114000;321.1;321.11;320.94;321;73036
SBER;5;20260320;114500;321;321.09;320.93;321.08;133727
SBER;5;20260320;115000;321.08;321.25;321.03;321.24;64035
SBER;5;20260320;115500;321.24;321.26;321.16;321.25;69064
SBER;5;20260320;120000;321.23;321.5;321.2;321.44;404922
SBER;5;20260320;120500;321.44;321.5;321.4;321.46;153010
SBER;5;20260320;121000;321.45;321.46;321.38;321.4;93797
SBER;5;20260320;121500;321.4;321.46;321.37;321.44;55668
SBER;5;20260320;122000;321.43;321.5;321.35;321.49;184478
SBER;5;20260320;122500;321.48;321.7;321.42;321.68;206714
SBER;5;20260320;123000;321.7;321.75;321.65;321.74;350932
SBER;5;20260320;123500;321.74;321.77;321.65;321.68;211691
SBER;5;20260320;124000;321.68;321.68;321.44;321.52;58238
SBER;5;20260320;124500;321.52;321.71;321.51;321.62;48719
SBER;5;20260320;125000;321.61;321.76;321.48;321.74;158348
SBER;5;20260320;125500;321.74;321.74;321.54;321.66;166399
SBER;5;20260320;130000;321.67;321.67;321.65;321.67;23381
SBER;5;20260320;130500;321.66;321.66;321.44;321.45;61609
SBER;5;20260320;131000;321.45;321.7;321.44;321.69;142347
SBER;5;20260320;131500;321.69;321.78;321.68;321.78;83502
SBER;5;20260320;132000;321.78;321.79;321.54;321.68;137372
SBER;5;20260320;132500;321.65;321.69;321.48;321.51;267179
SBER;5;20260320;133000;321.51;322;320.02;321.07;2507354
SBER;5;20260320;133500;321.07;321.27;320.74;321.04;383563
SBER;5;20260320;134000;321.03;321.1;320.6;320.73;254639
SBER;5;20260320;134500;320.74;321.17;320.73;321.12;255005
SBER;5;20260320;135000;321.12;321.28;321.11;321.28;99266
SBER;5;20260320;135500;321.27;321.29;321.14;321.21;148560
SBER;5;20260320;140000;321.21;321.33;321.15;321.33;47701
SBER;5;20260320;140500;321.32;321.45;321.22;321.28;609192
SBER;5;20260320;141000;321.28;321.34;320.98;320.99;88018
SBER;5;20260320;141500;320.98;320.99;320.71;320.78;95202
SBER;5;20260320;142000;320.79;320.83;320.63;320.75;74146
SBER;5;20260320;142500;320.75;320.95;320.72;320.95;48767
SBER;5;20260320;143000;320.94;321.18;320.92;321.17;100203
SBER;5;20260320;143500;321.17;321.3;321.15;321.26;118259
SBER;5;20260320;144000;321.27;321.3;321.13;321.18;104714
SBER;5;20260320;144500;321.16;321.25;321.07;321.1;38897
SBER;5;20260320;145000;321.11;321.19;321.06;321.08;42578
SBER;5;20260320;145500;321.07;321.21;320.94;320.94;65920
SBER;5;20260320;150000;320.94;320.95;320.78;320.8;61633
SBER;5;20260320;150500;320.8;321;320.75;320.86;134704
SBER;5;20260320;151000;320.86;320.9;320.61;320.7;65231
SBER;5;20260320;151500;320.68;320.91;320.65;320.74;136125
SBER;5;20260320;152000;320.73;320.98;320.67;320.91;117399
SBER;5;20260320;152500;320.91;321;320.86;320.88;117070
SBER;5;20260320;153000;320.87;320.97;320.68;320.83;224992
SBER;5;20260320;153500;320.83;320.99;320.83;320.98;41417
SBER;5;20260320;154000;320.99;321.14;320.9;320.98;135266
SBER;5;20260320;154500;320.99;321;320.94;320.98;12806
SBER;5;20260320;155000;320.97;321.19;320.92;321.11;52668
SBER;5;20260320;155500;321.11;321.24;321.1;321.17;101731
SBER;5;20260320;160000;321.17;321.24;321.05;321.1;163725
SBER;5;20260320;160500;321.11;321.11;320.96;320.97;144487
SBER;5;20260320;161000;320.97;321;320.89;320.97;53747
SBER;5;20260320;161500;320.96;320.97;320.89;320.9;24123
SBER;5;20260320;162000;320.91;320.96;320.85;320.88;44904
SBER;5;20260320;162500;320.89;320.9;320.81;320.89;53925
SBER;5;20260320;163000;320.9;320.9;320.77;320.84;22625
SBER;5;20260320;163500;320.83;320.84;320.63;320.73;154281
SBER;5;20260320;164000;320.73;320.82;320.71;320.76;51315
SBER;5;20260320;164500;320.76;320.84;320.73;320.76;142756
SBER;5;20260320;165000;320.76;320.84;320.59;320.59;206310
SBER;5;20260320;165500;320.59;320.64;320.53;320.56;93529
SBER;5;20260320;170000;320.56;320.56;320.4;320.41;133305
SBER;5;20260320;170500;320.41;320.41;320.21;320.24;83158
SBER;5;20260320;171000;320.26;320.4;320.23;320.38;74655
SBER;5;20260320;171500;320.38;320.42;320.27;320.37;75593
SBER;5;20260320;172000;320.37;320.44;320.29;320.4;128676
SBER;5;20260320;172500;320.39;320.47;320.27;320.42;204086
SBER;5;20260320;173000;320.42;320.59;320.35;320.59;50168
SBER;5;20260320;173500;320.59;320.79;320.59;320.79;47851
SBER;5;20260320;174000;320.77;320.84;320.7;320.79;47571
SBER;5;20260320;174500;320.8;320.9;320.77;320.88;161981
SBER;5;20260320;175000;320.89;320.9;320.76;320.76;33152
SBER;5;20260320;175500;320.75;320.81;320.68;320.77;30681
SBER;5;20260320;180000;320.76;320.82;320.75;320.81;27324
SBER;5;20260320;180500;320.81;320.83;320.62;320.67;77033
SBER;5;20260320;181000;320.68;320.68;320.61;320.65;19486
SBER;5;20260320;181500;320.66;320.66;320.1;320.31;325912
SBER;5;20260320;182000;320.31;320.36;320.25;320.31;168165
SBER;5;20260320;182500;320.31;320.4;320.24;320.4;111914
SBER;5;20260320;183000;320.4;320.42;320.34;320.37;36180
SBER;5;20260320;183500;320.36;320.37;319.51;319.97;963104
SBER;5;20260320;184500;320.46;320.46;320.46;320.46;154316
SBER;5;20260320;190000;320.37;320.37;320.04;320.22;51067
SBER;5;20260320;190500;320.17;320.25;320.08;320.17;25677
SBER;5;20260320;191000;320.15;320.19;320.07;320.15;41813
SBER;5;20260320;191500;320.15;320.24;320.13;320.24;19968
SBER;5;20260320;192000;320.24;320.24;320.11;320.16;22993
SBER;5;20260320;192500;320.16;320.17;320.09;320.1;52869
SBER;5;20260320;193000;320.09;320.1;320.09;320.1;32974
SBER;5;20260320;193500;320.1;320.12;320.09;320.1;7095
SBER;5;20260320;194000;320.11;320.11;320.02;320.03;12273
SBER;5;20260320;194500;320.02;320.07;320.01;320.05;14669
SBER;5;20260320;195000;320.06;320.08;320.04;320.07;22271
SBER;5;20260320;195500;320.07;320.08;320.04;320.08;7992
SBER;5;20260320;200000;320.08;320.09;320.04;320.05;122701
SBER;5;20260320;200500;320.05;320.38;320.04;320.15;132880
SBER;5;20260320;201000;320.15;320.19;320.08;320.13;10820
SBER;5;20260320;201500;320.14;320.14;320.08;320.11;10562
SBER;5;20260320;202000;320.11;320.17;320.08;320.14;21440
SBER;5;20260320;202500;320.14;320.16;320.1;320.16;6048
SBER;5;20260320;203000;320.16;320.33;320.15;320.33;42957
SBER;5;20260320;203500;320.32;320.4;320.32;320.4;16784
SBER;5;20260320;204000;320.4;320.4;320.39;320.4;7655
SBER;5;20260320;204500;320.4;320.4;320.33;320.39;11012
SBER;5;20260320;205000;320.39;320.4;320.3;320.33;26352
SBER;5;20260320;205500;320.33;320.38;320.29;320.35;35136
SBER;5;20260320;210000;320.35;320.37;320.33;320.34;3845
SBER;5;20260320;210500;320.34;320.37;320.27;320.33;9040
SBER;5;20260320;211000;320.33;320.36;320.3;320.35;6532
SBER;5;20260320;211500;320.35;320.38;320.31;320.38;12187
SBER;5;20260320;212000;320.38;320.39;320.31;320.39;17811
SBER;5;20260320;212500;320.4;320.47;320.38;320.39;19713
SBER;5;20260320;213000;320.38;320.39;320.37;320.37;24761
SBER;5;20260320;213500;320.37;320.38;320.35;320.37;9188
SBER;5;20260320;214000;320.37;320.4;320.36;320.39;27832
SBER;5;20260320;214500;320.4;320.4;320.39;320.4;52303
SBER;5;20260320;215000;320.39;320.46;320.39;320.4;16915
SBER;5;20260320;215500;320.43;320.46;320.4;320.41;14777
SBER;5;20260320;220000;320.42;320.46;320.4;320.45;18762
SBER;5;20260320;220500;320.44;320.46;320.4;320.45;22110
SBER;5;20260320;221000;320.45;320.47;320.4;320.44;6751
SBER;5;20260320;221500;320.44;320.51;320.41;320.49;68513
SBER;5;20260320;222000;320.49;320.49;320.43;320.45;8859
SBER;5;20260320;222500;320.45;320.45;320.43;320.45;5513
SBER;5;20260320;223000;320.44;320.48;320.41;320.43;34892
SBER;5;20260320;223500;320.43;320.48;320.41;320.43;9999
SBER;5;20260320;224000;320.46;320.47;320.4;320.43;25100
SBER;5;20260320;224500;320.41;320.44;320.4;320.42;6972
SBER;5;20260320;225000;320.43;320.44;320.41;320.41;3281
SBER;5;20260320;225500;320.43;320.45;320.41;320.41;20918
SBER;5;20260320;230000;320.44;320.44;320.37;320.37;45626
SBER;5;20260320;230500;320.39;320.39;320.32;320.33;12152
SBER;5;20260320;231000;320.32;320.34;320.3;320.32;7522
SBER;5;20260320;231500;320.32;320.4;320.3;320.4;108132
SBER;5;20260320;232000;320.4;320.5;320.38;320.42;26614
SBER;5;20260320;232500;320.4;320.45;320.33;320.41;9363
SBER;5;20260320;233000;320.43;320.44;320.31;320.32;21263
SBER;5;20260320;233500;320.31;320.32;320.12;320.28;48350
SBER;5;20260320;234000;320.25;320.32;320.12;320.19;186277
SBER;5;20260320;234500;320.23;320.3;320.12;320.16;38406
SBER;5;20260323;070000;320.17;320.74;320.17;320.55;102331
SBER;5;20260323;070500;320.56;320.56;320.33;320.49;37334
SBER;5;20260323;071000;320.48;320.48;320.28;320.33;16587
SBER;5;20260323;071500;320.34;320.48;320.33;320.47;18078
SBER;5;20260323;072000;320.48;320.48;320.35;320.4;20149
SBER;5;20260323;072500;320.36;320.46;320.27;320.29;41620
SBER;5;20260323;073000;320.29;320.34;320.02;320.2;57795
SBER;5;20260323;073500;320.22;320.22;319.92;319.95;43166
SBER;5;20260323;074000;319.94;320.1;319.92;320.1;9508
SBER;5;20260323;074500;320.1;320.12;319.96;319.99;15717
SBER;5;20260323;075000;319.99;320.09;319.96;320.09;32169
SBER;5;20260323;075500;320.09;320.09;319.86;319.91;58920
SBER;5;20260323;080000;319.89;320;319.79;319.99;36985
SBER;5;20260323;080500;320;320.33;319.99;320.05;124419
SBER;5;20260323;081000;320.12;320.12;319.92;320.11;95764
SBER;5;20260323;081500;320.11;320.22;320.01;320.21;19145
SBER;5;20260323;082000;320.19;320.38;320.19;320.34;22292
SBER;5;20260323;082500;320.35;320.39;320.33;320.34;13693
SBER;5;20260323;083000;320.33;320.37;320.33;320.37;15601
SBER;5;20260323;083500;320.37;320.38;320.31;320.31;25699
SBER;5;20260323;084000;320.33;320.33;320.01;320.12;21936
SBER;5;20260323;084500;320.09;320.22;320.03;320.1;26949
SBER;5;20260323;085000;320.1;320.23;320.08;320.15;17834
SBER;5;20260323;085500;320.17;320.17;320.01;320.16;16276
SBER;5;20260323;090000;320.15;320.15;319.87;319.88;68570
SBER;5;20260323;090500;319.88;319.88;319.56;319.67;187542
SBER;5;20260323;091000;319.67;319.67;319.53;319.59;173007
SBER;5;20260323;091500;319.58;319.82;319.56;319.82;63779
SBER;5;20260323;092000;319.82;320.05;319.81;320.01;102016
SBER;5;20260323;092500;320;320.06;319.67;319.7;44574
SBER;5;20260323;093000;319.7;319.78;319.66;319.75;60368
SBER;5;20260323;093500;319.76;320.07;319.75;320;62700
SBER;5;20260323;094000;320;320.25;319.96;320.22;53511
SBER;5;20260323;094500;320.22;320.22;320.01;320.02;43631
SBER;5;20260323;095000;320.02;320.35;320;320.31;92456
SBER;5;20260323;095500;320.31;320.35;320.13;320.24;138229
SBER;5;20260323;100000;320.23;320.23;319.73;319.75;124980
SBER;5;20260323;100500;319.76;319.85;319.54;319.59;147453
SBER;5;20260323;101000;319.57;319.69;319.5;319.61;281627
SBER;5;20260323;101500;319.61;320;319.56;319.89;251109
SBER;5;20260323;102000;319.89;319.9;319.53;319.55;111782
SBER;5;20260323;102500;319.55;319.55;319.06;319.1;513487
SBER;5;20260323;103000;319.1;319.29;318.97;319.28;521142
SBER;5;20260323;103500;319.28;319.4;319.07;319.39;208958
SBER;5;20260323;104000;319.38;319.68;319.3;319.42;166289
SBER;5;20260323;104500;319.42;319.5;319.34;319.41;87173
SBER;5;20260323;105000;319.41;319.6;319.35;319.44;146966
SBER;5;20260323;105500;319.44;319.8;319.4;319.68;140353
SBER;5;20260323;110000;319.68;319.7;319.01;319.25;384099
SBER;5;20260323;110500;319.25;319.46;319.2;319.41;107467
SBER;5;20260323;111000;319.41;319.41;319.09;319.1;134280
SBER;5;20260323;111500;319.12;319.12;319;319.04;137570
SBER;5;20260323;112000;319.05;319.3;318.96;318.98;259148
SBER;5;20260323;112500;318.98;319;318.9;318.95;102579
SBER;5;20260323;113000;318.95;318.95;318.9;318.95;155692
SBER;5;20260323;113500;318.95;318.95;318.55;318.57;223054
SBER;5;20260323;114000;318.58;318.65;318.53;318.61;193982
SBER;5;20260323;114500;318.61;319.08;318.61;319.01;407354
SBER;5;20260323;115000;319.01;319.01;318.82;318.83;122661
SBER;5;20260323;115500;318.83;318.85;318.62;318.62;204390
SBER;5;20260323;120000;318.63;318.64;318.5;318.53;283149
SBER;5;20260323;120500;318.52;318.76;318.5;318.51;171744
SBER;5;20260323;121000;318.5;318.61;318.4;318.6;154274
SBER;5;20260323;121500;318.59;318.64;318.39;318.56;176269
SBER;5;20260323;122000;318.54;318.9;318.54;318.9;127712
SBER;5;20260323;122500;318.87;318.99;318.84;318.96;58570
SBER;5;20260323;123000;318.96;319;318.96;318.96;79468
SBER;5;20260323;123500;318.96;318.98;318.67;318.73;81031
SBER;5;20260323;124000;318.69;318.73;318.5;318.6;47461
SBER;5;20260323;124500;318.6;318.75;318.3;318.31;211112
SBER;5;20260323;125000;318.3;318.4;318.22;318.25;93701
SBER;5;20260323;125500;318.23;318.25;318.06;318.19;178632
SBER;5;20260323;130000;318.18;318.19;318.14;318.16;109600
SBER;5;20260323;130500;318.15;318.16;317.65;318;736954
SBER;5;20260323;131000;317.95;318;317.9;317.96;119613
SBER;5;20260323;131500;317.98;318;317.17;317.2;539481
SBER;5;20260323;132000;317.2;317.21;316;316.09;2769658
SBER;5;20260323;132500;316.09;317;315.86;316.59;1472747
SBER;5;20260323;133000;316.59;316.59;315.85;316.12;651421
SBER;5;20260323;133500;316.12;316.12;315.43;315.51;685018
SBER;5;20260323;134000;315.5;316.53;315.43;316.38;634293
SBER;5;20260323;134500;316.38;316.38;315.63;315.82;419776
SBER;5;20260323;135000;315.81;316.06;315.81;315.99;302135
SBER;5;20260323;135500;315.99;316;315.75;315.96;269071
SBER;5;20260323;140000;315.95;316;315.61;315.95;416148
SBER;5;20260323;140500;315.96;316.35;314.87;316.33;2511543
SBER;5;20260323;141000;316.33;317.83;316.14;316.5;1964995
SBER;5;20260323;141500;316.5;317;316.47;316.52;757383
SBER;5;20260323;142000;316.52;316.7;316.33;316.55;632695
SBER;5;20260323;142500;316.55;317.28;316.46;317.15;778843
SBER;5;20260323;143000;317.15;317.2;316.89;317.09;689790
SBER;5;20260323;143500;317.1;317.11;316.93;317.1;257500
SBER;5;20260323;144000;317.1;317.3;317.08;317.18;276598
SBER;5;20260323;144500;317.18;317.3;317;317.12;288552
SBER;5;20260323;145000;317.11;317.3;317;317.22;213698
SBER;5;20260323;145500;317.25;317.3;317.17;317.23;89475
SBER;5;20260323;150000;317.2;317.25;316.91;316.92;504732
SBER;5;20260323;150500;316.92;316.95;316.59;316.64;121455
SBER;5;20260323;151000;316.65;317.21;316.5;317.13;235702
SBER;5;20260323;151500;317.13;317.5;317.09;317.48;362029
SBER;5;20260323;152000;317.47;317.9;317.45;317.58;404061
SBER;5;20260323;152500;317.57;317.57;317.3;317.34;171103
SBER;5;20260323;153000;317.34;317.7;317.33;317.64;161226
SBER;5;20260323;153500;317.63;317.63;317.39;317.48;100015
SBER;5;20260323;154000;317.48;317.66;316.94;316.94;305716
SBER;5;20260323;154500;316.94;317.3;316.94;317.05;160661
SBER;5;20260323;155000;317.06;317.3;316.9;317.28;123419
SBER;5;20260323;155500;317.28;317.3;317.15;317.18;75106
SBER;5;20260323;160000;317.18;317.18;317;317.01;229771
SBER;5;20260323;160500;317.01;317.07;316.9;316.91;95674
SBER;5;20260323;161000;316.93;317;316.86;316.98;105607
SBER;5;20260323;161500;316.98;317.16;316.94;316.97;77367
SBER;5;20260323;162000;316.98;317.04;316.91;316.92;77260
SBER;5;20260323;162500;316.95;317.01;316.91;316.91;37012
SBER;5;20260323;163000;316.94;317.06;316.91;317.06;40423
SBER;5;20260323;163500;317.05;317.39;317.05;317.35;104056
SBER;5;20260323;164000;317.3;317.41;317.29;317.35;106881
SBER;5;20260323;164500;317.35;317.4;317.24;317.27;94043
SBER;5;20260323;165000;317.26;317.3;317.24;317.25;48415
SBER;5;20260323;165500;317.24;317.26;317.24;317.24;57109
SBER;5;20260323;170000;317.25;317.27;317.06;317.06;147364
SBER;5;20260323;170500;317.07;317.07;316.98;316.99;99185
SBER;5;20260323;171000;316.99;317.07;316.89;316.96;119585
SBER;5;20260323;171500;316.96;316.98;316.86;316.87;69248
SBER;5;20260323;172000;316.86;316.87;316.8;316.81;132379
SBER;5;20260323;172500;316.8;316.84;316.77;316.77;105012
SBER;5;20260323;173000;316.77;316.93;316.65;316.67;116543
SBER;5;20260323;173500;316.7;316.95;316.66;316.79;193749
SBER;5;20260323;174000;316.82;316.98;316.63;316.89;84636
SBER;5;20260323;174500;316.88;316.92;316.62;316.62;66550
SBER;5;20260323;175000;316.65;316.69;316.62;316.65;36196
SBER;5;20260323;175500;316.65;317.16;316.63;316.96;137738
SBER;5;20260323;180000;316.97;317.4;316.96;317.19;133204
SBER;5;20260323;180500;317.23;317.5;317.12;317.19;152449
SBER;5;20260323;181000;317.2;317.21;316.87;316.87;80737
SBER;5;20260323;181500;316.88;316.99;316.74;316.9;101078
SBER;5;20260323;182000;316.92;316.93;316.72;316.81;105655
SBER;5;20260323;182500;316.81;317.17;316.8;317.15;165910
SBER;5;20260323;183000;317.15;317.28;317.12;317.16;95894
SBER;5;20260323;183500;317.17;317.18;317.13;317.14;67268
SBER;5;20260323;184000;317.15;317.44;317.14;317.44;42041
SBER;5;20260323;184500;317.44;317.53;317.31;317.43;63701
SBER;5;20260323;185000;317.44;317.59;317.36;317.55;140877
SBER;5;20260323;185500;317.54;317.54;317.54;317.54;9761
SBER;5;20260323;190000;317.54;317.55;317.47;317.54;25934
SBER;5;20260323;190500;317.54;317.54;317.42;317.49;45090
SBER;5;20260323;191000;317.49;317.54;317.47;317.48;53892
SBER;5;20260323;191500;317.49;317.49;317.36;317.4;70617
SBER;5;20260323;192000;317.42;317.7;317.36;317.61;240850
SBER;5;20260323;192500;317.61;317.71;317.54;317.64;68385
SBER;5;20260323;193000;317.64;317.67;317.59;317.6;38949
SBER;5;20260323;193500;317.6;317.61;317.54;317.55;25750
SBER;5;20260323;194000;317.55;317.56;317.53;317.56;16777
SBER;5;20260323;194500;317.56;317.56;317.52;317.56;19733
SBER;5;20260323;195000;317.56;317.58;317.52;317.55;7059
SBER;5;20260323;195500;317.54;317.58;317.47;317.48;25378
SBER;5;20260323;200000;317.47;317.53;317.47;317.53;22693
SBER;5;20260323;200500;317.53;317.54;317.43;317.44;37674
SBER;5;20260323;201000;317.44;317.53;317.4;317.49;46707
SBER;5;20260323;201500;317.5;317.55;317.49;317.55;21704
SBER;5;20260323;202000;317.55;317.56;317.54;317.55;14637
SBER;5;20260323;202500;317.56;317.56;317.51;317.54;12762
SBER;5;20260323;203000;317.55;317.56;317.5;317.5;28761
SBER;5;20260323;203500;317.51;317.51;317.48;317.5;19849
SBER;5;20260323;204000;317.49;317.5;317.43;317.45;19084
SBER;5;20260323;204500;317.45;317.46;317.38;317.45;39682
SBER;5;20260323;205000;317.46;317.49;317.43;317.49;13807
SBER;5;20260323;205500;317.49;317.55;317.38;317.54;35045
SBER;5;20260323;210000;317.54;317.56;317.52;317.56;9426
SBER;5;20260323;210500;317.56;317.66;317.55;317.61;34828
SBER;5;20260323;211000;317.61;317.64;317.43;317.51;42723
SBER;5;20260323;211500;317.52;317.53;317.51;317.53;8503
SBER;5;20260323;212000;317.52;317.54;317.5;317.51;13680
SBER;5;20260323;212500;317.51;317.54;317.5;317.54;6729
SBER;5;20260323;213000;317.53;317.55;317.53;317.53;23655
SBER;5;20260323;213500;317.54;317.55;317.43;317.44;24451
SBER;5;20260323;214000;317.44;317.55;317.43;317.46;20064
SBER;5;20260323;214500;317.46;317.56;317.46;317.52;4712
SBER;5;20260323;215000;317.52;317.52;317.4;317.47;36460
SBER;5;20260323;215500;317.47;317.49;317.38;317.42;24538
SBER;5;20260323;220000;317.44;317.44;317.2;317.23;61538
SBER;5;20260323;220500;317.23;317.34;317.22;317.25;17681
SBER;5;20260323;221000;317.25;317.29;317.19;317.2;16668
SBER;5;20260323;221500;317.21;317.28;317.15;317.25;44254
SBER;5;20260323;222000;317.25;317.28;317.24;317.28;11056
SBER;5;20260323;222500;317.27;317.34;317.27;317.34;27872
SBER;5;20260323;223000;317.34;317.35;317.19;317.2;18151
SBER;5;20260323;223500;317.21;317.21;317.15;317.2;9756
SBER;5;20260323;224000;317.2;317.27;317.19;317.22;18365
SBER;5;20260323;224500;317.23;317.26;317.22;317.24;12647
SBER;5;20260323;225000;317.24;317.28;317.24;317.28;7036
SBER;5;20260323;225500;317.28;317.29;317.21;317.23;14850
SBER;5;20260323;230000;317.23;317.23;317.2;317.21;12831
SBER;5;20260323;230500;317.21;317.29;317.15;317.17;29465
SBER;5;20260323;231000;317.17;317.17;317;317.06;116854
SBER;5;20260323;231500;317.06;317.07;316.95;316.96;42506
SBER;5;20260323;232000;316.95;317.07;316.74;316.99;96505
SBER;5;20260323;232500;316.99;317.03;316.82;316.83;55799
SBER;5;20260323;233000;316.83;316.97;316.73;316.73;23116
SBER;5;20260323;233500;316.87;316.88;316.72;316.77;17851
SBER;5;20260323;234000;316.75;316.9;316.75;316.84;9177
SBER;5;20260323;234500;316.89;317.22;316.84;316.87;58948
SBER;5;20260324;070000;317.43;317.43;316.96;317.43;45484
SBER;5;20260324;070500;317.43;317.43;317.34;317.42;17541
SBER;5;20260324;071000;317.42;317.42;317.1;317.3;61146
SBER;5;20260324;071500;317.3;317.6;317.3;317.42;57271
SBER;5;20260324;072000;317.42;317.48;317.42;317.44;12554
SBER;5;20260324;072500;317.44;317.48;317.39;317.43;13698
SBER;5;20260324;073000;317.43;317.44;317.4;317.44;6930
SBER;5;20260324;073500;317.44;317.46;317.4;317.42;34783
SBER;5;20260324;074000;317.41;317.42;317.38;317.4;10527
SBER;5;20260324;074500;317.4;317.43;317.38;317.42;14321
SBER;5;20260324;075000;317.42;317.7;317.41;317.7;68161
SBER;5;20260324;075500;317.7;317.74;317.69;317.74;8735
SBER;5;20260324;080000;317.74;317.74;317.51;317.51;52415
SBER;5;20260324;080500;317.53;317.7;317.47;317.61;31497
SBER;5;20260324;081000;317.63;317.63;317.56;317.56;36429
SBER;5;20260324;081500;317.57;317.61;317.42;317.45;21176
SBER;5;20260324;082000;317.45;317.45;317.41;317.41;14360
SBER;5;20260324;082500;317.42;317.42;317.4;317.41;16170
SBER;5;20260324;083000;317.41;317.45;317.39;317.45;13226
SBER;5;20260324;083500;317.45;317.46;317.33;317.46;19137
SBER;5;20260324;084000;317.46;317.46;317.35;317.46;28728
SBER;5;20260324;084500;317.46;317.64;317.45;317.63;14222
SBER;5;20260324;085000;317.62;317.63;317.5;317.52;47520
SBER;5;20260324;085500;317.5;317.55;317.34;317.53;15929
SBER;5;20260324;090000;317.49;317.49;317.03;317.12;76258
SBER;5;20260324;090500;317.13;317.17;317.08;317.16;84657
SBER;5;20260324;091000;317.17;317.17;316.75;316.85;242071
SBER;5;20260324;091500;316.85;317.17;316.84;317.17;83942
SBER;5;20260324;092000;317.17;317.17;317.16;317.17;51312
SBER;5;20260324;092500;317.17;317.17;317.15;317.16;40657
SBER;5;20260324;093000;317.16;317.25;317.15;317.24;27067
SBER;5;20260324;093500;317.24;317.24;316.97;316.98;82736
SBER;5;20260324;094000;317.02;317.2;316.99;317.06;37247
SBER;5;20260324;094500;317.06;317.2;317.06;317.18;17402
SBER;5;20260324;095000;317.14;317.2;316.98;317.04;72091
SBER;5;20260324;095500;317.06;317.07;316.98;317.07;71858
SBER;5;20260324;100000;317.07;317.45;316.98;317.45;144590
SBER;5;20260324;100500;317.44;317.48;316.1;316.26;353619
SBER;5;20260324;101000;316.26;316.32;315.72;316.32;532580
SBER;5;20260324;101500;316.33;317.23;316.33;317;307285
SBER;5;20260324;102000;317.01;317.06;316.93;317.04;48731
SBER;5;20260324;102500;317.04;317.41;317.04;317.1;119500
SBER;5;20260324;103000;317.09;317.1;317.01;317.08;52318
SBER;5;20260324;103500;317.08;317.1;317.04;317.04;107363
SBER;5;20260324;104000;317.05;317.1;317.01;317.08;57471
SBER;5;20260324;104500;317.08;317.1;317;317.01;134090
SBER;5;20260324;105000;317.01;317.05;316.68;316.95;152696
SBER;5;20260324;105500;316.95;317;316.95;316.99;40011
SBER;5;20260324;110000;317;317.13;316.93;317.05;141762
SBER;5;20260324;110500;317.05;317.2;316.98;317.09;130922
SBER;5;20260324;111000;317.09;317.13;317.02;317.03;28635
SBER;5;20260324;111500;317.03;317.03;317;317.03;35695
SBER;5;20260324;112000;317.02;317.16;317;317.08;66734
SBER;5;20260324;112500;317.07;317.2;317.07;317.18;82614
SBER;5;20260324;113000;317.18;317.19;317.12;317.16;29883
SBER;5;20260324;113500;317.16;317.2;317.12;317.17;39117
SBER;5;20260324;114000;317.18;317.18;317.13;317.14;7525
SBER;5;20260324;114500;317.14;317.2;317.12;317.19;110003
SBER;5;20260324;115000;317.19;317.2;317.15;317.18;18637
SBER;5;20260324;115500;317.19;317.2;317.15;317.19;43873
SBER;5;20260324;120000;317.2;317.24;317.16;317.24;44829
SBER;5;20260324;120500;317.24;317.29;317.19;317.21;70854
SBER;5;20260324;121000;317.2;317.21;316.8;316.81;170767
SBER;5;20260324;121500;316.83;317.03;316.82;317;12652
SBER;5;20260324;122000;317;317.39;316.99;317.35;148304
SBER;5;20260324;122500;317.36;317.63;317.31;317.53;86447
SBER;5;20260324;123000;317.53;317.73;317.45;317.56;143934
SBER;5;20260324;123500;317.55;317.56;317.49;317.52;18496
SBER;5;20260324;124000;317.54;317.58;317.41;317.47;51131
SBER;5;20260324;124500;317.47;317.5;317.07;317.42;148339
SBER;5;20260324;125000;317.41;317.44;317.08;317.12;74395
SBER;5;20260324;125500;317.14;317.16;317;317.08;47428
SBER;5;20260324;130000;317.08;317.15;317.03;317.15;24186
SBER;5;20260324;130500;317.15;317.16;317;317.13;86911
SBER;5;20260324;131000;317.15;317.16;316.8;316.87;68021
SBER;5;20260324;131500;316.89;317.16;316.88;317.09;35350
SBER;5;20260324;132000;317.08;317.11;317;317.11;15151
SBER;5;20260324;132500;317.1;317.12;316.84;316.85;52953
SBER;5;20260324;133000;316.85;316.88;316.83;316.83;35046
SBER;5;20260324;133500;316.84;316.85;316.81;316.85;85920
SBER;5;20260324;134000;316.84;316.85;316.8;316.84;35658
SBER;5;20260324;134500;316.85;316.85;316.84;316.84;44980
SBER;5;20260324;135000;316.85;316.92;316.82;316.92;54594
SBER;5;20260324;135500;316.92;316.99;316.81;316.89;213729
SBER;5;20260324;140000;316.88;317;316.85;317;48864
SBER;5;20260324;140500;316.99;317.01;316.94;317.01;63544
SBER;5;20260324;141000;317.01;317.16;317;317.12;75523
SBER;5;20260324;141500;317.11;317.16;317.1;317.15;29300
SBER;5;20260324;142000;317.16;317.16;317.1;317.12;11845
SBER;5;20260324;142500;317.12;317.13;317.06;317.1;10866
SBER;5;20260324;143000;317.1;317.1;317.04;317.08;10805
SBER;5;20260324;143500;317.08;317.08;316.89;316.89;172924
SBER;5;20260324;144000;316.88;316.9;316.85;316.87;15756
SBER;5;20260324;144500;316.87;316.87;316.77;316.79;69035
SBER;5;20260324;145000;316.78;317;316.77;317;76517
SBER;5;20260324;145500;317;317.11;316.95;317.1;28323
SBER;5;20260324;150000;317.1;317.15;317;317.01;18029
SBER;5;20260324;150500;317.01;317.01;316.88;316.93;62892
SBER;5;20260324;151000;316.93;316.96;316.8;316.82;97574
SBER;5;20260324;151500;316.83;316.89;316.82;316.83;109469
SBER;5;20260324;152000;316.82;316.83;316.57;316.64;186617
SBER;5;20260324;152500;316.64;316.74;316.35;316.4;241622
SBER;5;20260324;153000;316.4;316.51;316.35;316.48;117169
SBER;5;20260324;153500;316.48;316.81;316.42;316.76;178976
SBER;5;20260324;154000;316.76;316.84;316.74;316.84;52347
SBER;5;20260324;154500;316.84;316.84;316.68;316.7;97134
SBER;5;20260324;155000;316.71;316.71;316.65;316.65;9241
SBER;5;20260324;155500;316.66;316.72;316.5;316.52;126761
SBER;5;20260324;160000;316.55;316.55;316.44;316.47;111907
SBER;5;20260324;160500;316.47;316.59;316.39;316.54;50695
SBER;5;20260324;161000;316.54;316.68;316.5;316.58;84139
SBER;5;20260324;161500;316.59;316.63;316.49;316.61;24651
SBER;5;20260324;162000;316.6;316.68;316.49;316.65;69624
SBER;5;20260324;162500;316.65;316.75;316.64;316.71;67511
SBER;5;20260324;163000;316.71;316.8;316.7;316.76;71878
SBER;5;20260324;163500;316.76;316.82;316.71;316.81;11700
SBER;5;20260324;164000;316.82;317;316.8;316.87;66898
SBER;5;20260324;164500;316.87;316.96;316.86;316.95;18858
SBER;5;20260324;165000;316.95;317.12;316.92;317.1;43099
SBER;5;20260324;165500;317.11;317.13;317;317.06;64450
SBER;5;20260324;170000;317.07;317.1;317.04;317.1;30279
SBER;5;20260324;170500;317.09;317.17;317.04;317.09;107648
SBER;5;20260324;171000;317.1;317.15;317.09;317.11;36242
SBER;5;20260324;171500;317.11;317.19;317.1;317.19;71075
SBER;5;20260324;172000;317.19;317.9;317.18;317.89;476326
SBER;5;20260324;172500;317.89;317.9;317.4;317.55;505484
SBER;5;20260324;173000;317.54;317.8;317.54;317.64;91159
SBER;5;20260324;173500;317.64;317.67;317.57;317.6;47160
SBER;5;20260324;174000;317.61;317.61;317.05;317.08;288203
SBER;5;20260324;174500;317.07;317.23;317.03;317.23;89580
SBER;5;20260324;175000;317.22;317.65;317.22;317.64;175346
SBER;5;20260324;175500;317.64;317.64;317.46;317.5;109761
SBER;5;20260324;180000;317.5;317.5;317.36;317.39;74610
SBER;5;20260324;180500;317.39;317.55;317.35;317.39;123102
SBER;5;20260324;181000;317.39;317.56;317.37;317.52;44828
SBER;5;20260324;181500;317.51;317.52;317.41;317.46;26367
SBER;5;20260324;182000;317.46;317.56;317.45;317.47;43225
SBER;5;20260324;182500;317.47;317.52;317.44;317.45;25009
SBER;5;20260324;183000;317.44;317.45;317.33;317.43;112127
SBER;5;20260324;183500;317.43;317.43;317.33;317.37;90854
SBER;5;20260324;184000;317.37;317.4;317.33;317.39;50900
SBER;5;20260324;184500;317.39;317.4;317.36;317.39;23918
SBER;5;20260324;185000;317.39;317.39;317.33;317.38;13229
SBER;5;20260324;185500;317.38;317.38;317.38;317.38;3221
SBER;5;20260324;190000;317.34;317.35;317.33;317.33;17052
SBER;5;20260324;190500;317.34;317.44;317.33;317.43;43134
SBER;5;20260324;191000;317.44;317.44;317.42;317.43;15885
SBER;5;20260324;191500;317.43;317.44;317.42;317.44;5129
SBER;5;20260324;192000;317.44;317.44;317.33;317.34;188895
SBER;5;20260324;192500;317.34;317.34;317.09;317.19;73221
SBER;5;20260324;193000;317.19;317.19;317.12;317.16;8592
SBER;5;20260324;193500;317.14;317.2;317.14;317.2;7593
SBER;5;20260324;194000;317.2;317.31;317.19;317.3;25272
SBER;5;20260324;194500;317.3;317.32;317.28;317.32;3249
SBER;5;20260324;195000;317.31;317.41;317.3;317.41;16073
SBER;5;20260324;195500;317.41;317.44;317.32;317.37;89854
SBER;5;20260324;200000;317.37;317.4;317.3;317.34;25127
SBER;5;20260324;200500;317.33;317.35;317.33;317.35;2935
SBER;5;20260324;201000;317.35;317.44;317.34;317.42;16698
SBER;5;20260324;201500;317.42;317.43;317.35;317.38;10443
SBER;5;20260324;202000;317.38;317.41;317.37;317.38;4679
SBER;5;20260324;202500;317.38;317.38;317.35;317.37;4564
SBER;5;20260324;203000;317.36;317.37;317.35;317.35;17940
SBER;5;20260324;203500;317.36;317.4;317.36;317.4;4518
SBER;5;20260324;204000;317.39;317.41;317.36;317.4;17658
SBER;5;20260324;204500;317.41;317.41;317.35;317.37;20379
SBER;5;20260324;205000;317.37;317.38;317.33;317.34;8672
SBER;5;20260324;205500;317.37;317.37;317.27;317.34;11289
SBER;5;20260324;210000;317.34;317.34;317.2;317.27;20461
SBER;5;20260324;210500;317.23;317.33;317.23;317.33;4319
SBER;5;20260324;211000;317.33;317.33;317.3;317.32;3730
SBER;5;20260324;211500;317.32;317.34;317.3;317.33;3882
SBER;5;20260324;212000;317.33;317.33;317.25;317.3;8036
SBER;5;20260324;212500;317.3;317.3;317.15;317.21;40364
SBER;5;20260324;213000;317.22;317.26;317.16;317.21;24827
SBER;5;20260324;213500;317.21;317.21;317.15;317.15;9117
SBER;5;20260324;214000;317.16;317.16;317.1;317.15;12876
SBER;5;20260324;214500;317.16;317.22;317.07;317.13;11405
SBER;5;20260324;215000;317.13;317.2;317.06;317.2;11121
SBER;5;20260324;215500;317.16;317.24;317.12;317.24;13120
SBER;5;20260324;220000;317.24;317.26;317.22;317.23;9128
SBER;5;20260324;220500;317.23;317.26;317.22;317.22;2272
SBER;5;20260324;221000;317.23;317.23;317.19;317.19;8005
SBER;5;20260324;221500;317.2;317.2;317.19;317.2;3160
SBER;5;20260324;222000;317.2;317.24;317.19;317.24;5712
SBER;5;20260324;222500;317.23;317.3;317.23;317.3;17107
SBER;5;20260324;223000;317.3;317.35;317.29;317.34;31522
SBER;5;20260324;223500;317.33;317.34;317.28;317.3;6726
SBER;5;20260324;224000;317.32;317.34;317.3;317.33;5264
SBER;5;20260324;224500;317.33;317.34;317.28;317.29;16540
SBER;5;20260324;225000;317.29;317.3;317.26;317.29;5768
SBER;5;20260324;225500;317.29;317.34;317.28;317.34;5603
SBER;5;20260324;230000;317.33;317.35;317.33;317.35;3596
SBER;5;20260324;230500;317.34;317.4;317.34;317.4;6560
SBER;5;20260324;231000;317.4;317.4;317.38;317.38;6292
SBER;5;20260324;231500;317.39;317.39;317.35;317.36;8541
SBER;5;20260324;232000;317.36;317.36;317.28;317.28;26281
SBER;5;20260324;232500;317.29;317.34;317.08;317.34;79453
SBER;5;20260324;233000;317.34;317.34;317.33;317.33;13822
SBER;5;20260324;233500;317.34;317.34;317.1;317.17;37934
SBER;5;20260324;234000;317.17;317.17;317.11;317.13;7365
SBER;5;20260324;234500;317.13;317.17;317.1;317.17;15393
SBER;5;20260325;070000;317.36;317.58;317.1;317.49;34074
SBER;5;20260325;070500;317.49;317.53;316.85;317.14;229782
SBER;5;20260325;071000;317.14;317.14;316.95;316.95;51834
SBER;5;20260325;071500;317;317.1;316.94;317.03;27428
SBER;5;20260325;072000;317.1;317.13;317.02;317.06;8407
SBER;5;20260325;072500;317.02;317.02;316.81;317;22270
SBER;5;20260325;073000;317;317;316.97;317;3502
SBER;5;20260325;073500;317;317.25;316.97;317.25;55079
SBER;5;20260325;074000;317.25;317.55;317.24;317.38;75320
SBER;5;20260325;074500;317.5;317.61;317.25;317.48;49452
SBER;5;20260325;075000;317.48;317.6;317.19;317.5;22903
SBER;5;20260325;075500;317.5;317.5;317.16;317.35;33250
SBER;5;20260325;080000;317.38;317.4;317.29;317.38;25041
SBER;5;20260325;080500;317.39;317.8;317.38;317.7;66229
SBER;5;20260325;081000;317.7;319;317.68;318.29;459456
SBER;5;20260325;081500;318.27;318.4;318.1;318.3;82386
SBER;5;20260325;082000;318.3;318.3;318.15;318.27;16586
SBER;5;20260325;082500;318.29;318.38;317.82;317.92;57208
SBER;5;20260325;083000;317.92;318.19;317.92;318.19;15724
SBER;5;20260325;083500;318.18;318.25;318.12;318.25;24191
SBER;5;20260325;084000;318.25;318.38;318.18;318.24;58261
SBER;5;20260325;084500;318.24;318.39;318.2;318.3;24337
SBER;5;20260325;085000;318.3;318.36;318.29;318.29;3975
SBER;5;20260325;085500;318.3;318.32;318.01;318.12;53998
SBER;5;20260325;090000;318.11;318.12;317.99;318.1;26223
SBER;5;20260325;090500;318.1;318.21;318.1;318.21;11911
SBER;5;20260325;091000;318.21;318.35;318.21;318.21;41775
SBER;5;20260325;091500;318.22;318.32;318.2;318.22;27984
SBER;5;20260325;092000;318.22;318.28;318.17;318.2;16670
SBER;5;20260325;092500;318.2;318.2;318.06;318.15;39560
SBER;5;20260325;093000;318.17;318.2;318.09;318.2;53631
SBER;5;20260325;093500;318.2;318.2;318.05;318.06;26563
SBER;5;20260325;094000;318.07;318.1;318;318.1;23727
SBER;5;20260325;094500;318.09;318.1;318.04;318.09;13294
SBER;5;20260325;095000;318.09;318.14;318.01;318.03;20017
SBER;5;20260325;095500;318.02;318.14;318.01;318.14;18741
SBER;5;20260325;100000;318.13;318.18;318.03;318.15;36004
SBER;5;20260325;100500;318.14;318.2;318.01;318.11;86168
SBER;5;20260325;101000;318.11;318.14;317.63;317.82;152953
SBER;5;20260325;101500;317.82;317.82;317.71;317.81;44276
SBER;5;20260325;102000;317.81;317.81;317.77;317.78;53187
SBER;5;20260325;102500;317.78;317.8;317.71;317.8;31532
SBER;5;20260325;103000;317.8;318;317.79;317.93;186481
SBER;5;20260325;103500;317.93;318;317.9;318;100179
SBER;5;20260325;104000;318;318;317.91;317.99;26302
SBER;5;20260325;104500;317.99;318;317.85;317.95;35028
SBER;5;20260325;105000;317.95;317.98;317.79;317.85;40291
SBER;5;20260325;105500;317.85;317.88;317.84;317.88;6207
SBER;5;20260325;110000;317.87;317.94;317.87;317.93;57009
SBER;5;20260325;110500;317.92;317.94;317.86;317.92;92605
SBER;5;20260325;111000;317.92;317.95;317.91;317.95;25731
SBER;5;20260325;111500;317.95;317.95;317.92;317.93;22627
SBER;5;20260325;112000;317.93;317.93;317.9;317.9;16771
SBER;5;20260325;112500;317.91;317.95;317.9;317.95;36786
SBER;5;20260325;113000;317.95;318;317.79;317.8;124337
SBER;5;20260325;113500;317.79;317.98;317.76;317.96;67809
SBER;5;20260325;114000;317.96;317.97;317.85;317.94;11149
SBER;5;20260325;114500;317.94;317.94;317.83;317.83;19676
SBER;5;20260325;115000;317.84;317.85;317.71;317.71;34350
SBER;5;20260325;115500;317.72;317.76;317.71;317.75;30068
SBER;5;20260325;120000;317.74;317.74;317.65;317.67;28433
SBER;5;20260325;120500;317.67;317.83;317.66;317.77;26466
SBER;5;20260325;121000;317.77;317.77;317.65;317.67;71373
SBER;5;20260325;121500;317.67;317.74;317.66;317.74;8225
SBER;5;20260325;122000;317.71;317.75;317.5;317.56;105664
SBER;5;20260325;122500;317.56;317.6;317.53;317.6;57472
SBER;5;20260325;123000;317.6;317.6;317.56;317.56;13734
SBER;5;20260325;123500;317.56;317.6;317.56;317.59;22459
SBER;5;20260325;124000;317.6;317.6;317.5;317.59;75469
SBER;5;20260325;124500;317.58;317.59;317.52;317.53;21166
SBER;5;20260325;125000;317.54;317.59;317.53;317.55;17457
SBER;5;20260325;125500;317.55;317.55;317.44;317.46;187438
SBER;5;20260325;130000;317.47;317.49;317.44;317.45;14671
SBER;5;20260325;130500;317.46;317.59;317.46;317.52;82908
SBER;5;20260325;131000;317.52;317.54;317.46;317.5;14414
SBER;5;20260325;131500;317.5;317.5;317.35;317.36;110749
SBER;5;20260325;132000;317.36;317.44;317.3;317.44;87139
SBER;5;20260325;132500;317.44;317.54;317.43;317.52;61163
SBER;5;20260325;133000;317.53;317.6;317.5;317.59;49910
SBER;5;20260325;133500;317.59;317.6;317.57;317.59;16691
SBER;5;20260325;134000;317.59;317.6;317.56;317.59;53458
SBER;5;20260325;134500;317.59;317.6;317.48;317.6;35444
SBER;5;20260325;135000;317.6;317.6;317.59;317.6;19003
SBER;5;20260325;135500;317.59;317.6;317.57;317.57;35791
SBER;5;20260325;140000;317.58;317.6;317.55;317.6;13491
SBER;5;20260325;140500;317.6;317.6;317.59;317.6;31196
SBER;5;20260325;141000;317.6;317.68;317.59;317.67;44390
SBER;5;20260325;141500;317.66;317.7;317.49;317.5;78908
SBER;5;20260325;142000;317.5;317.5;317.47;317.48;35022
SBER;5;20260325;142500;317.48;317.48;317.39;317.4;52582
SBER;5;20260325;143000;317.4;317.4;317.38;317.4;15574
SBER;5;20260325;143500;317.4;317.76;317.38;317.76;101384
SBER;5;20260325;144000;317.76;317.81;317.6;317.67;76770
SBER;5;20260325;144500;317.67;317.7;317.66;317.68;21125
SBER;5;20260325;145000;317.68;317.68;317.39;317.4;121981
SBER;5;20260325;145500;317.4;317.4;317.26;317.32;70227
SBER;5;20260325;150000;317.32;317.34;317.02;317.08;187391
SBER;5;20260325;150500;317.09;317.1;316.95;317;192984
SBER;5;20260325;151000;317;317;316.91;316.93;105770
SBER;5;20260325;151500;316.93;316.93;316.72;316.85;90476
SBER;5;20260325;152000;316.85;316.99;316.81;316.94;54452
SBER;5;20260325;152500;316.94;316.94;316.89;316.89;12812
SBER;5;20260325;153000;316.9;317.29;316.89;317.11;158746
SBER;5;20260325;153500;317.11;317.15;316.98;317;105322
SBER;5;20260325;154000;317;317;316.93;317;25690
SBER;5;20260325;154500;316.99;317;316.98;316.99;40784
SBER;5;20260325;155000;317;317;316.95;316.99;23453
SBER;5;20260325;155500;317;317;316.89;316.99;35907
SBER;5;20260325;160000;317;317;316.87;316.9;47930
SBER;5;20260325;160500;316.9;317.05;316.89;317.05;25424
SBER;5;20260325;161000;317.05;317.19;316.97;317;58553
SBER;5;20260325;161500;317;317;316.97;316.99;11483
SBER;5;20260325;162000;316.99;317;316.82;316.89;137469
SBER;5;20260325;162500;316.88;316.9;316.79;316.81;31156
SBER;5;20260325;163000;316.81;316.81;316.49;316.54;305080
SBER;5;20260325;163500;316.55;316.8;316.54;316.75;44466
SBER;5;20260325;164000;316.77;316.78;316.72;316.74;38442
SBER;5;20260325;164500;316.74;316.8;316.67;316.8;15793
SBER;5;20260325;165000;316.8;316.99;316.79;316.99;47370
SBER;5;20260325;165500;316.99;317.3;316.99;317.29;31195
SBER;5;20260325;170000;317.29;317.49;317.21;317.47;63489
SBER;5;20260325;170500;317.48;317.5;317.4;317.43;25432
SBER;5;20260325;171000;317.43;317.43;317.39;317.41;18581
SBER;5;20260325;171500;317.41;317.45;317.31;317.45;36698
SBER;5;20260325;172000;317.45;317.47;317.44;317.47;25702
SBER;5;20260325;172500;317.46;317.46;317.21;317.36;78731
SBER;5;20260325;173000;317.36;317.44;317.35;317.44;38052
SBER;5;20260325;173500;317.44;317.44;317.38;317.42;21067
SBER;5;20260325;174000;317.42;317.42;317.29;317.42;64646
SBER;5;20260325;174500;317.42;317.65;317.41;317.58;64762
SBER;5;20260325;175000;317.54;317.71;317.54;317.71;85609
SBER;5;20260325;175500;317.71;317.79;317.69;317.78;35768
SBER;5;20260325;180000;317.78;317.79;317.61;317.68;29827
SBER;5;20260325;180500;317.68;317.68;317.48;317.63;28532
SBER;5;20260325;181000;317.62;317.63;317.55;317.61;14936
SBER;5;20260325;181500;317.62;317.68;317.54;317.54;17212
SBER;5;20260325;182000;317.54;317.54;317.16;317.16;80119
SBER;5;20260325;182500;317.17;317.2;317.04;317.2;111281
SBER;5;20260325;183000;317.19;317.2;317.07;317.11;27624
SBER;5;20260325;183500;317.09;317.21;317.07;317.19;33614
SBER;5;20260325;184000;317.19;317.37;317.18;317.37;13005
SBER;5;20260325;184500;317.37;317.37;317.34;317.36;23365
SBER;5;20260325;185000;317.36;317.36;317.29;317.34;25008
SBER;5;20260325;185500;317.32;317.32;317.32;317.32;876
SBER;5;20260325;190000;317.3;317.33;317.29;317.31;28737
SBER;5;20260325;190500;317.32;317.32;317.21;317.27;12795
SBER;5;20260325;191000;317.26;317.32;317.23;317.28;10818
SBER;5;20260325;191500;317.27;317.35;317.27;317.35;20822
SBER;5;20260325;192000;317.35;317.36;317.3;317.32;8056
SBER;5;20260325;192500;317.32;317.32;317.3;317.32;4646
SBER;5;20260325;193000;317.31;317.32;317.22;317.32;6748
SBER;5;20260325;193500;317.32;317.35;317.31;317.34;8152
SBER;5;20260325;194000;317.34;317.37;317.31;317.37;51544
SBER;5;20260325;194500;317.36;317.48;317.35;317.4;14278
SBER;5;20260325;195000;317.41;317.45;317.34;317.39;5120
SBER;5;20260325;195500;317.39;317.42;317.34;317.4;24523
SBER;5;20260325;200000;317.4;317.42;317.38;317.38;4843
SBER;5;20260325;200500;317.4;317.53;317.38;317.52;16354
SBER;5;20260325;201000;317.52;317.54;317.46;317.48;8959
SBER;5;20260325;201500;317.48;317.51;317.46;317.5;8424
SBER;5;20260325;202000;317.51;317.52;317.46;317.47;5774
SBER;5;20260325;202500;317.48;317.48;317.43;317.44;6744
SBER;5;20260325;203000;317.44;317.44;317.4;317.42;7492
SBER;5;20260325;203500;317.42;317.42;317.3;317.37;8163
SBER;5;20260325;204000;317.37;317.41;317.37;317.4;4214
SBER;5;20260325;204500;317.4;317.4;317.25;317.33;28755
SBER;5;20260325;205000;317.32;317.33;317.27;317.27;12802
SBER;5;20260325;205500;317.27;317.3;317.17;317.3;16858
SBER;5;20260325;210000;317.3;317.4;317.28;317.35;32937
SBER;5;20260325;210500;317.31;317.38;317.27;317.35;18960
SBER;5;20260325;211000;317.35;317.35;317.22;317.29;4896
SBER;5;20260325;211500;317.29;317.34;317.2;317.3;18840
SBER;5;20260325;212000;317.26;317.3;317.23;317.29;9151
SBER;5;20260325;212500;317.28;317.49;317.25;317.42;38048
SBER;5;20260325;213000;317.4;317.43;317.38;317.4;11763
SBER;5;20260325;213500;317.4;317.42;317.3;317.31;8916
SBER;5;20260325;214000;317.31;317.33;317.2;317.24;15622
SBER;5;20260325;214500;317.24;317.39;317.21;317.35;11426
SBER;5;20260325;215000;317.35;317.36;317.22;317.28;20314
SBER;5;20260325;215500;317.28;317.28;317.19;317.19;10298
SBER;5;20260325;220000;317.2;317.2;317.09;317.14;14030
SBER;5;20260325;220500;317.16;317.19;317.16;317.19;11608
SBER;5;20260325;221000;317.19;317.2;317.15;317.2;31533
SBER;5;20260325;221500;317.2;317.2;317.18;317.19;3842
SBER;5;20260325;222000;317.19;317.19;317.18;317.18;15549
SBER;5;20260325;222500;317.19;317.2;317.17;317.2;10944
SBER;5;20260325;223000;317.2;317.2;317.14;317.14;26601
SBER;5;20260325;223500;317.14;317.15;317.13;317.14;14635
SBER;5;20260325;224000;317.14;317.14;317.06;317.07;27376
SBER;5;20260325;224500;317.06;317.12;317.04;317.12;35820
SBER;5;20260325;225000;317.12;317.14;317.09;317.13;4407
SBER;5;20260325;225500;317.13;317.15;317.12;317.14;5189
SBER;5;20260325;230000;317.14;317.15;317.12;317.15;3994
SBER;5;20260325;230500;317.15;317.15;317.14;317.15;3869
SBER;5;20260325;231000;317.15;317.2;317.15;317.17;16487
SBER;5;20260325;231500;317.18;317.18;317.05;317.17;23572
SBER;5;20260325;232000;317.17;317.18;317.04;317.15;22322
SBER;5;20260325;232500;317.16;317.17;317.05;317.11;8542
SBER;5;20260325;233000;317.07;317.15;317.02;317.14;27199
SBER;5;20260325;233500;317.14;317.2;317;317.04;66375
SBER;5;20260325;234000;317.12;317.14;317.01;317.03;22205
SBER;5;20260325;234500;317.1;317.1;317.01;317.02;22760
SBER;5;20260326;070000;317.4;317.5;317.04;317.47;65595
SBER;5;20260326;070500;317.47;317.48;317.31;317.42;16327
SBER;5;20260326;071000;317.43;317.62;317.42;317.59;40384
SBER;5;20260326;071500;317.55;317.63;317.45;317.53;36453
SBER;5;20260326;072000;317.57;317.57;317.23;317.25;38203
SBER;5;20260326;072500;317.29;317.57;317.25;317.54;36135
SBER;5;20260326;073000;317.54;317.54;317.31;317.49;12988
SBER;5;20260326;073500;317.49;317.5;317.42;317.48;3799
SBER;5;20260326;074000;317.48;317.65;317.4;317.6;8435
SBER;5;20260326;074500;317.59;317.7;317.5;317.64;14774
SBER;5;20260326;075000;317.64;317.64;317.39;317.57;22634
SBER;5;20260326;075500;317.5;317.58;317.39;317.49;16271
SBER;5;20260326;080000;317.48;317.57;317.42;317.47;11549
SBER;5;20260326;080500;317.48;317.56;317.43;317.56;7293
SBER;5;20260326;081000;317.56;317.56;317.5;317.55;6477
SBER;5;20260326;081500;317.5;317.55;317.5;317.51;4306
SBER;5;20260326;082000;317.5;317.51;317.42;317.44;9004
SBER;5;20260326;082500;317.44;317.44;317.42;317.43;1931
SBER;5;20260326;083000;317.43;317.51;317.42;317.51;32263
SBER;5;20260326;083500;317.51;317.56;317.5;317.56;3795
SBER;5;20260326;084000;317.56;317.58;317.46;317.56;12327
SBER;5;20260326;084500;317.56;317.57;317.4;317.53;22401
SBER;5;20260326;085000;317.53;317.57;317.42;317.49;7650
SBER;5;20260326;085500;317.5;317.6;317.48;317.52;18136
SBER;5;20260326;090000;317.54;317.6;317.45;317.47;32141
SBER;5;20260326;090500;317.46;317.51;317.25;317.31;27449
SBER;5;20260326;091000;317.31;317.36;317.3;317.36;13112
SBER;5;20260326;091500;317.37;317.5;317.34;317.47;30664
SBER;5;20260326;092000;317.47;317.5;317.37;317.43;24428
SBER;5;20260326;092500;317.42;317.45;317.34;317.41;20976
SBER;5;20260326;093000;317.41;317.41;317.29;317.37;5332
SBER;5;20260326;093500;317.37;317.41;317.28;317.33;19227
SBER;5;20260326;094000;317.33;317.44;317.27;317.43;3483
SBER;5;20260326;094500;317.44;317.47;317.37;317.45;6568
SBER;5;20260326;095000;317.45;317.45;317.38;317.42;9366
SBER;5;20260326;095500;317.42;317.49;317.42;317.48;13508
SBER;5;20260326;100000;317.47;317.48;317.24;317.25;42911
SBER;5;20260326;100500;317.24;317.24;317.01;317.11;71199
SBER;5;20260326;101000;317.08;317.23;317.07;317.19;50372
SBER;5;20260326;101500;317.19;317.36;317.15;317.35;86473
SBER;5;20260326;102000;317.35;317.38;317.27;317.3;28448
SBER;5;20260326;102500;317.3;317.39;317.28;317.36;47634
SBER;5;20260326;103000;317.35;317.41;317.2;317.36;61557
SBER;5;20260326;103500;317.36;317.36;317.15;317.16;80277
SBER;5;20260326;104000;317.16;317.18;317.13;317.18;63257
SBER;5;20260326;104500;317.18;317.18;316.95;316.95;111935
SBER;5;20260326;105000;316.96;317.15;316.95;317.03;100069
SBER;5;20260326;105500;317.03;317.17;316.98;317.08;41151
SBER;5;20260326;110000;317.08;317.18;317.08;317.14;111430
SBER;5;20260326;110500;317.14;317.14;316.92;316.93;140860
SBER;5;20260326;111000;316.92;316.93;316.14;316.16;617367
SBER;5;20260326;111500;316.16;316.24;316;316.1;505650
SBER;5;20260326;112000;316.11;316.35;316.09;316.33;156269
SBER;5;20260326;112500;316.33;316.41;316.28;316.3;164024
SBER;5;20260326;113000;316.29;316.3;316.02;316.13;261524
SBER;5;20260326;113500;316.13;316.21;315.72;315.83;983734
SBER;5;20260326;114000;315.83;316.31;315.82;316.31;228174
SBER;5;20260326;114500;316.31;316.86;316.26;316.47;250374
SBER;5;20260326;115000;316.48;316.5;316.41;316.44;101298
SBER;5;20260326;115500;316.43;316.48;316.34;316.35;75046
SBER;5;20260326;120000;316.35;316.49;316.34;316.4;48182
SBER;5;20260326;120500;316.4;316.69;316.32;316.62;274359
SBER;5;20260326;121000;316.62;316.78;316.54;316.65;221190
SBER;5;20260326;121500;316.66;316.73;316.4;316.44;140073
SBER;5;20260326;122000;316.44;316.5;316.3;316.41;125696
SBER;5;20260326;122500;316.41;316.5;316.38;316.5;78399
SBER;5;20260326;123000;316.5;316.75;316.49;316.72;126448
SBER;5;20260326;123500;316.71;316.75;316.61;316.62;86659
SBER;5;20260326;124000;316.64;316.64;316.52;316.61;23233
SBER;5;20260326;124500;316.61;316.64;316.6;316.63;24396
SBER;5;20260326;125000;316.64;316.64;316.5;316.53;116385
SBER;5;20260326;125500;316.53;316.54;316.49;316.5;23756
SBER;5;20260326;130000;316.5;316.5;316.3;316.39;94496
SBER;5;20260326;130500;316.39;316.48;316.33;316.44;27285
SBER;5;20260326;131000;316.44;316.45;316.29;316.3;125413
SBER;5;20260326;131500;316.29;316.3;316.16;316.17;34916
SBER;5;20260326;132000;316.17;316.24;316.15;316.19;38867
SBER;5;20260326;132500;316.19;316.22;316.13;316.21;13603
SBER;5;20260326;133000;316.21;316.25;316.16;316.23;47461
SBER;5;20260326;133500;316.22;316.25;316.15;316.23;16839
SBER;5;20260326;134000;316.23;316.25;316.19;316.24;12706
SBER;5;20260326;134500;316.24;316.25;316.2;316.25;55365
SBER;5;20260326;135000;316.25;316.25;316.21;316.25;36629
SBER;5;20260326;135500;316.25;316.3;316.25;316.3;34421
SBER;5;20260326;140000;316.29;316.48;316.28;316.44;28827
SBER;5;20260326;140500;316.44;316.54;316.4;316.53;37227
SBER;5;20260326;141000;316.53;316.59;316.48;316.5;76219
SBER;5;20260326;141500;316.5;316.51;316.47;316.51;136068
SBER;5;20260326;142000;316.51;316.58;316.5;316.57;12678
SBER;5;20260326;142500;316.57;316.57;316.43;316.44;32315
SBER;5;20260326;143000;316.44;316.48;316.4;316.44;33073
SBER;5;20260326;143500;316.44;316.5;316.42;316.49;26094
SBER;5;20260326;144000;316.49;316.5;316.43;316.48;63254
SBER;5;20260326;144500;316.48;316.48;316.45;316.48;35130
SBER;5;20260326;145000;316.48;316.6;316.47;316.58;87249
SBER;5;20260326;145500;316.58;316.58;316.51;316.57;21471
SBER;5;20260326;150000;316.58;316.6;316.56;316.6;49826
SBER;5;20260326;150500;316.58;316.6;316.52;316.56;45738
SBER;5;20260326;151000;316.59;316.59;316.55;316.56;22605
SBER;5;20260326;151500;316.55;316.57;316.37;316.55;112430
SBER;5;20260326;152000;316.53;316.53;316.44;316.49;149744
SBER;5;20260326;152500;316.49;316.5;316.4;316.47;20671
SBER;5;20260326;153000;316.47;316.5;316.43;316.49;28447
SBER;5;20260326;153500;316.49;316.57;316.46;316.5;49042
SBER;5;20260326;154000;316.49;316.54;316.37;316.41;93694
SBER;5;20260326;154500;316.41;316.45;316.35;316.43;22199
SBER;5;20260326;155000;316.43;316.44;316.32;316.34;19704
SBER;5;20260326;155500;316.33;316.34;316.19;316.2;91744
SBER;5;20260326;160000;316.2;316.2;315.8;315.99;616302
SBER;5;20260326;160500;315.99;316.2;315.99;316.2;98331
SBER;5;20260326;161000;316.2;316.2;316;316.07;30268
SBER;5;20260326;161500;316.07;316.2;316.05;316.19;16016
SBER;5;20260326;162000;316.19;316.2;316.13;316.17;35696
SBER;5;20260326;162500;316.16;316.2;316.09;316.18;23876
SBER;5;20260326;163000;316.17;316.18;316.05;316.18;17694
SBER;5;20260326;163500;316.18;316.2;316;316.06;38483
SBER;5;20260326;164000;316.07;316.16;316.02;316.05;33488
SBER;5;20260326;164500;316.05;316.1;315.82;315.86;68932
SBER;5;20260326;165000;315.86;315.97;315.82;315.9;67822
SBER;5;20260326;165500;315.92;315.95;315.83;315.92;69322
SBER;5;20260326;170000;315.92;316.08;315.8;316;144052
SBER;5;20260326;170500;316;316.08;315.93;315.99;17576
SBER;5;20260326;171000;315.99;316.19;315.97;316.11;56079
SBER;5;20260326;171500;316.12;316.15;316.06;316.13;23179
SBER;5;20260326;172000;316.1;316.14;315.98;316.13;46285
SBER;5;20260326;172500;316.13;316.13;315.95;316.02;34536
SBER;5;20260326;173000;316.02;316.02;315.79;315.8;81331
SBER;5;20260326;173500;315.8;315.92;315.77;315.88;52202
SBER;5;20260326;174000;315.88;315.94;315.79;315.85;59552
SBER;5;20260326;174500;315.85;315.95;315.8;315.93;84901
SBER;5;20260326;175000;315.93;316;315.92;315.93;52814
SBER;5;20260326;175500;315.93;315.93;315.75;315.78;101040
SBER;5;20260326;180000;315.78;315.82;315.71;315.81;57352
SBER;5;20260326;180500;315.81;315.81;315.71;315.72;33290
SBER;5;20260326;181000;315.73;315.8;315.72;315.79;27455
SBER;5;20260326;181500;315.8;315.8;315.67;315.76;58880
SBER;5;20260326;182000;315.77;315.8;315.74;315.79;19184
SBER;5;20260326;182500;315.8;315.8;315.67;315.71;94096
SBER;5;20260326;183000;315.71;315.71;315.48;315.49;388759
SBER;5;20260326;183500;315.49;315.49;315.26;315.41;107400
SBER;5;20260326;184000;315.41;315.8;315.26;315.8;337517
SBER;5;20260326;184500;315.8;315.98;315.7;315.85;96707
SBER;5;20260326;185000;315.9;315.97;315.52;315.56;55619
SBER;5;20260326;185500;315.56;315.56;315.56;315.56;5682
SBER;5;20260326;190000;315.56;315.89;315.56;315.84;18114
SBER;5;20260326;190500;315.81;315.81;315.32;315.56;150470
SBER;5;20260326;191000;315.55;315.7;315.44;315.7;32362
SBER;5;20260326;191500;315.7;315.9;315.67;315.9;32532
SBER;5;20260326;192000;315.9;315.9;315.77;315.8;7371
SBER;5;20260326;192500;315.8;315.84;315.77;315.84;10512
SBER;5;20260326;193000;315.84;315.88;315.81;315.81;16721
SBER;5;20260326;193500;315.84;315.84;315.79;315.8;12427
SBER;5;20260326;194000;315.79;315.82;315.79;315.8;26257
SBER;5;20260326;194500;315.8;315.81;315.79;315.8;27092
SBER;5;20260326;195000;315.8;315.92;315.79;315.89;31642
SBER;5;20260326;195500;315.89;315.94;315.85;315.94;9871
SBER;5;20260326;200000;315.94;316.05;315.93;315.99;73869
SBER;5;20260326;200500;315.97;316.03;315.97;316;12165
SBER;5;20260326;201000;316;316.13;316;316.07;20275
SBER;5;20260326;201500;316.07;316.13;316.06;316.08;16382
SBER;5;20260326;202000;316.08;316.14;316.07;316.09;13097
SBER;5;20260326;202500;316.11;316.15;316.07;316.08;27581
SBER;5;20260326;203000;316.08;316.08;315.95;315.96;16122
SBER;5;20260326;203500;315.96;315.98;315.87;315.88;12426
SBER;5;20260326;204000;315.88;315.96;315.87;315.91;6624
SBER;5;20260326;204500;315.9;315.91;315.8;315.82;35984
SBER;5;20260326;205000;315.82;315.88;315.81;315.85;12828
SBER;5;20260326;205500;315.85;315.9;315.85;315.9;6586
SBER;5;20260326;210000;315.9;316.05;315.89;316.01;27975
SBER;5;20260326;210500;316.01;316.1;316.01;316.04;10363
SBER;5;20260326;211000;316.04;316.04;315.92;315.92;29403
SBER;5;20260326;211500;315.93;315.93;315.92;315.93;2438
SBER;5;20260326;212000;315.92;316.07;315.91;316.05;26791
SBER;5;20260326;212500;316.05;316.11;316.05;316.11;34961
SBER;5;20260326;213000;316.1;316.39;316.09;316.31;189581
SBER;5;20260326;213500;316.3;316.31;316.15;316.17;23780
SBER;5;20260326;214000;316.16;316.17;316.09;316.11;8622
SBER;5;20260326;214500;316.1;316.12;315.98;315.99;21508
SBER;5;20260326;215000;315.99;316;315.98;316;17273
SBER;5;20260326;215500;316;316;315.97;315.99;7070
SBER;5;20260326;220000;316;316;315.98;316;11251
SBER;5;20260326;220500;316;316;315.98;315.99;14680
SBER;5;20260326;221000;315.99;315.99;315.95;315.96;23711
SBER;5;20260326;221500;315.96;315.96;315.64;315.69;80880
SBER;5;20260326;222000;315.66;315.74;315.63;315.67;14482
SBER;5;20260326;222500;315.67;315.67;315.56;315.57;20513
SBER;5;20260326;223000;315.59;315.59;315.39;315.55;105030
SBER;5;20260326;223500;315.53;315.91;315.38;315.86;335341
SBER;5;20260326;224000;315.86;315.86;315.66;315.75;31352
SBER;5;20260326;224500;315.75;315.75;315.7;315.7;10643
SBER;5;20260326;225000;315.72;315.74;315.68;315.73;16146
SBER;5;20260326;225500;315.72;315.73;315.61;315.65;34601
SBER;5;20260326;230000;315.66;315.68;315.64;315.68;8538
SBER;5;20260326;230500;315.67;315.74;315.65;315.74;3515
SBER;5;20260326;231000;315.74;315.95;315.74;315.95;78542
SBER;5;20260326;231500;315.95;315.98;315.9;315.93;26510
SBER;5;20260326;232000;315.98;315.98;315.82;315.82;4217
SBER;5;20260326;232500;315.84;315.9;315.84;315.9;12087
SBER;5;20260326;233000;315.89;315.9;315.89;315.89;8813
SBER;5;20260326;233500;315.9;316;315.9;315.98;47851
SBER;5;20260326;234000;315.96;316;315.96;315.98;23054
SBER;5;20260326;234500;315.98;316.01;315.9;315.92;100660
SBER;5;20260327;070000;316.3;316.33;315.97;316.2;14854
SBER;5;20260327;070500;316.2;316.26;316.15;316.15;11827
SBER;5;20260327;071000;316.17;316.18;315.9;316.16;56390
SBER;5;20260327;071500;316.16;316.16;316.04;316.09;4720
SBER;5;20260327;072000;316.14;316.17;316;316.06;14103
SBER;5;20260327;072500;316.06;316.15;316.05;316.1;4774
SBER;5;20260327;073000;316.1;316.12;316.07;316.09;19482
SBER;5;20260327;073500;316.08;316.08;316.05;316.07;4581
SBER;5;20260327;074000;316.06;316.06;315.87;315.91;16993
SBER;5;20260327;074500;315.95;315.95;315.8;315.81;22202
SBER;5;20260327;075000;315.82;315.83;315.7;315.73;19674
SBER;5;20260327;075500;315.73;315.83;315.71;315.82;15554
SBER;5;20260327;080000;315.79;316.15;315.79;316.12;24226
SBER;5;20260327;080500;316.12;316.12;316.01;316.03;5277
SBER;5;20260327;081000;316.03;316.11;315.84;316;35700
SBER;5;20260327;081500;315.99;316.09;315.98;316.09;1995
SBER;5;20260327;082000;316.09;316.12;315.82;315.98;34047
SBER;5;20260327;082500;315.98;316;315.85;315.96;3549
SBER;5;20260327;083000;315.97;316;315.91;315.94;4760
SBER;5;20260327;083500;316;316;315.82;315.84;42775
SBER;5;20260327;084000;315.94;315.97;315.74;315.9;10962
SBER;5;20260327;084500;315.9;315.94;315.73;315.84;14487
SBER;5;20260327;085000;315.84;315.9;315.75;315.86;3037
SBER;5;20260327;085500;315.87;315.88;315.73;315.88;10617
SBER;5;20260327;090000;315.88;316.2;315.88;316.19;111409
SBER;5;20260327;090500;316.19;316.19;316.01;316.05;33507
SBER;5;20260327;091000;316.04;316.18;316;316.04;32859
SBER;5;20260327;091500;316.05;316.09;315.99;316;23263
SBER;5;20260327;092000;316;316;315.96;315.97;35234
SBER;5;20260327;092500;315.98;315.98;315.92;315.95;11612
SBER;5;20260327;093000;315.98;316;315.95;315.96;28529
SBER;5;20260327;093500;315.96;316;315.95;315.99;23798
SBER;5;20260327;094000;315.99;316.33;315.98;316.26;190542
SBER;5;20260327;094500;316.27;316.33;316.25;316.3;50288
SBER;5;20260327;095000;316.29;316.45;316.27;316.39;111996
SBER;5;20260327;095500;316.39;316.49;316.34;316.38;81312
SBER;5;20260327;100000;316.38;316.5;316.22;316.22;164439
SBER;5;20260327;100500;316.22;316.44;316.22;316.26;121976
SBER;5;20260327;101000;316.26;316.34;316.12;316.32;312065
SBER;5;20260327;101500;316.31;316.48;316.31;316.45;78984
SBER;5;20260327;102000;316.45;316.69;316.41;316.44;190631
SBER;5;20260327;102500;316.44;316.45;316.02;316.04;116224
SBER;5;20260327;103000;316.04;316.04;315.81;315.89;120700
SBER;5;20260327;103500;315.9;315.9;315.7;315.72;138507
SBER;5;20260327;104000;315.72;315.91;315.65;315.9;82567
SBER;5;20260327;104500;315.9;315.94;315.82;315.82;68536
SBER;5;20260327;105000;315.83;316.2;315.82;316.04;86593
SBER;5;20260327;105500;316.03;316.23;315.92;316.02;99930
SBER;5;20260327;110000;316.03;316.1;315.92;315.93;40870
SBER;5;20260327;110500;315.94;315.95;315.82;315.83;45142
SBER;5;20260327;111000;315.83;315.87;315.22;315.22;232550
SBER;5;20260327;111500;315.22;315.54;315.22;315.52;244423
SBER;5;20260327;112000;315.52;315.52;315.15;315.16;117405
SBER;5;20260327;112500;315.16;315.32;315.15;315.21;52249
SBER;5;20260327;113000;315.21;315.21;315;315.01;605533
SBER;5;20260327;113500;315;315.01;314.21;314.34;856614
SBER;5;20260327;114000;314.33;314.5;314.18;314.2;530298
SBER;5;20260327;114500;314.19;314.76;314.18;314.69;469803
SBER;5;20260327;115000;314.69;314.7;314.5;314.5;105485
SBER;5;20260327;115500;314.52;314.59;314.36;314.56;166553
SBER;5;20260327;120000;314.56;314.66;314.36;314.64;171355
SBER;5;20260327;120500;314.64;314.8;314.6;314.64;117094
SBER;5;20260327;121000;314.64;314.81;314.6;314.79;157058
SBER;5;20260327;121500;314.79;314.99;314.75;314.94;82733
SBER;5;20260327;122000;314.94;314.98;314.85;314.95;146818
SBER;5;20260327;122500;314.95;315.05;314.9;315.03;232344
SBER;5;20260327;123000;315.04;315.1;314.89;314.9;127024
SBER;5;20260327;123500;314.9;314.9;314.81;314.83;72429
SBER;5;20260327;124000;314.84;314.84;314.51;314.62;199901
SBER;5;20260327;124500;314.63;314.67;314.5;314.5;88450
SBER;5;20260327;125000;314.51;314.6;314.5;314.56;133332
SBER;5;20260327;125500;314.56;314.61;314.41;314.47;135134
SBER;5;20260327;130000;314.47;314.5;314.21;314.23;543620
SBER;5;20260327;130500;314.23;314.34;314.2;314.3;155865
SBER;5;20260327;131000;314.29;314.35;314.22;314.32;50718
SBER;5;20260327;131500;314.32;314.36;314.2;314.23;121385
SBER;5;20260327;132000;314.23;314.41;314.2;314.28;132359
SBER;5;20260327;132500;314.28;314.5;314.21;314.36;143945
SBER;5;20260327;133000;314.38;314.39;314.1;314.1;1072828
SBER;5;20260327;133500;314.11;314.11;314.01;314.06;250212
SBER;5;20260327;134000;314.07;314.07;313.88;313.97;315169
SBER;5;20260327;134500;313.94;314.05;313.9;314.02;113157
SBER;5;20260327;135000;314.02;314.23;314;314.12;182686
SBER;5;20260327;135500;314.15;314.28;314.04;314.22;70301
SBER;5;20260327;140000;314.22;314.43;314.21;314.42;87967
SBER;5;20260327;140500;314.42;314.63;314.4;314.45;99930
SBER;5;20260327;141000;314.45;314.68;314.44;314.52;54525
SBER;5;20260327;141500;314.51;314.71;314.47;314.64;63874
SBER;5;20260327;142000;314.64;314.9;314.6;314.88;107474
SBER;5;20260327;142500;314.88;314.96;314.85;314.9;104715
SBER;5;20260327;143000;314.91;315;314.9;314.91;130712
SBER;5;20260327;143500;314.9;314.91;314.9;314.91;50746
SBER;5;20260327;144000;314.9;314.92;314.9;314.92;72650
SBER;5;20260327;144500;314.92;314.92;314.9;314.91;54724
SBER;5;20260327;145000;314.91;314.92;314.77;314.91;116031
SBER;5;20260327;145500;314.9;314.91;314.7;314.71;106999
SBER;5;20260327;150000;314.71;314.81;314.52;314.54;121953
SBER;5;20260327;150500;314.54;314.61;314.51;314.52;68402
SBER;5;20260327;151000;314.56;314.61;314.55;314.59;42262
SBER;5;20260327;151500;314.59;314.9;314.53;314.7;129345
SBER;5;20260327;152000;314.72;314.72;314.54;314.59;62574
SBER;5;20260327;152500;314.56;314.59;314.3;314.31;88229
SBER;5;20260327;153000;314.31;314.45;314.25;314.42;86153
SBER;5;20260327;153500;314.41;314.43;314.29;314.31;51085
SBER;5;20260327;154000;314.31;314.31;314.16;314.21;93087
SBER;5;20260327;154500;314.21;314.41;314.1;314.32;374820
SBER;5;20260327;155000;314.33;314.33;314;314.06;666281
SBER;5;20260327;155500;314.06;314.06;313.88;313.9;324340
SBER;5;20260327;160000;313.91;314;313.68;313.85;484838
SBER;5;20260327;160500;313.84;313.97;313.68;313.82;273409
SBER;5;20260327;161000;313.81;313.85;313.68;313.78;549698
SBER;5;20260327;161500;313.78;313.87;313.55;313.57;299451
SBER;5;20260327;162000;313.6;314.14;313.56;314.01;345649
SBER;5;20260327;162500;314.01;314.02;313.52;313.71;431171
SBER;5;20260327;163000;313.65;313.69;313.51;313.6;159750
SBER;5;20260327;163500;313.63;314.1;313.5;314.02;349394
SBER;5;20260327;164000;314.02;314.1;313.8;313.9;186184
SBER;5;20260327;164500;313.91;313.97;313.53;313.65;262269
SBER;5;20260327;165000;313.66;313.73;313.53;313.7;144266
SBER;5;20260327;165500;313.71;314.42;313.54;314.07;461713
SBER;5;20260327;170000;314.07;314.18;313.83;313.83;139820
SBER;5;20260327;170500;313.83;314.65;313.83;314.23;441206
SBER;5;20260327;171000;314.24;314.56;314.24;314.51;265128
SBER;5;20260327;171500;314.52;314.55;314.22;314.28;126435
SBER;5;20260327;172000;314.28;314.29;314.19;314.21;112578
SBER;5;20260327;172500;314.21;314.23;313.84;313.85;142320
SBER;5;20260327;173000;313.85;313.96;313.73;313.8;154570
SBER;5;20260327;173500;313.81;313.9;313.72;313.76;118695
SBER;5;20260327;174000;313.77;313.89;313.7;313.81;86601
SBER;5;20260327;174500;313.79;313.81;313.68;313.73;101613
SBER;5;20260327;175000;313.72;313.77;313.68;313.68;98714
SBER;5;20260327;175500;313.69;313.7;313.61;313.62;141072
SBER;5;20260327;180000;313.62;313.98;313.62;313.81;138265
SBER;5;20260327;180500;313.81;314.12;313.77;313.9;132444
SBER;5;20260327;181000;313.94;313.95;313.81;313.81;41187
SBER;5;20260327;181500;313.8;314.49;313.75;314.02;427876
SBER;5;20260327;182000;314.02;314.04;313.84;313.87;64659
SBER;5;20260327;182500;313.88;314.09;313.86;314.07;92906
SBER;5;20260327;183000;314.08;314.08;313.93;314.02;86097
SBER;5;20260327;183500;314.01;314.29;314.01;314.27;168762
SBER;5;20260327;184000;314.25;314.4;314.25;314.31;81767
SBER;5;20260327;184500;314.31;314.4;314.27;314.28;217838
SBER;5;20260327;185000;314.28;314.29;314.12;314.16;25503
SBER;5;20260327;185500;314.16;314.16;314.16;314.16;5608
SBER;5;20260327;190000;314.15;314.25;314.12;314.19;52404
SBER;5;20260327;190500;314.19;314.48;314.15;314.39;140324
SBER;5;20260327;191000;314.39;314.48;314.33;314.42;48382
SBER;5;20260327;191500;314.44;314.5;314.4;314.49;33809
SBER;5;20260327;192000;314.48;314.48;314.29;314.36;53150
SBER;5;20260327;192500;314.36;314.43;314.21;314.28;32386
SBER;5;20260327;193000;314.28;314.32;314;314.16;90799
SBER;5;20260327;193500;314.15;314.23;314.11;314.18;18535
SBER;5;20260327;194000;314.19;314.2;314.1;314.16;16559
SBER;5;20260327;194500;314.18;314.2;314.17;314.18;10893
SBER;5;20260327;195000;314.19;314.24;314.18;314.24;188070
SBER;5;20260327;195500;314.24;314.24;314.1;314.12;41154
SBER;5;20260327;200000;314.14;314.22;314.09;314.1;25258
SBER;5;20260327;200500;314.1;314.23;314.04;314.09;17163
SBER;5;20260327;201000;314.09;314.15;314.08;314.13;9830
SBER;5;20260327;201500;314.14;314.14;314.1;314.1;9523
SBER;5;20260327;202000;314.11;314.12;314.02;314.03;13723
SBER;5;20260327;202500;314.02;314.08;313.83;313.89;277627
SBER;5;20260327;203000;313.87;314.05;313.87;314.05;11670
SBER;5;20260327;203500;314.05;314.24;314.04;314.24;41103
SBER;5;20260327;204000;314.24;314.24;314;314.08;14934
SBER;5;20260327;204500;314.13;314.14;314.02;314.07;12757
SBER;5;20260327;205000;314.07;314.08;314.02;314.03;8632
SBER;5;20260327;205500;314.03;314.03;314;314.03;18773
SBER;5;20260327;210000;314.03;314.04;314.02;314.03;14720
SBER;5;20260327;210500;314.03;314.06;313.94;313.98;22492
SBER;5;20260327;211000;313.98;314.01;313.96;313.96;11780
SBER;5;20260327;211500;313.96;313.97;313.8;313.91;53699
SBER;5;20260327;212000;313.91;313.92;313.81;313.81;29998
SBER;5;20260327;212500;313.83;313.89;313.82;313.89;18100
SBER;5;20260327;213000;313.89;313.89;313.83;313.84;26184
SBER;5;20260327;213500;313.84;313.87;313.83;313.84;18062
SBER;5;20260327;214000;313.83;313.84;313.8;313.82;30690
SBER;5;20260327;214500;313.82;313.88;313.8;313.83;26582
SBER;5;20260327;215000;313.85;313.87;313.85;313.87;11670
SBER;5;20260327;215500;313.87;313.96;313.86;313.96;29248
SBER;5;20260327;220000;313.96;314;313.83;313.93;34583
SBER;5;20260327;220500;313.95;313.98;313.84;313.97;25370
SBER;5;20260327;221000;313.97;314.01;313.89;314.01;30890
SBER;5;20260327;221500;313.98;314.05;313.97;314.04;8353
SBER;5;20260327;222000;314.05;314.13;314.04;314.06;15506
SBER;5;20260327;222500;314.05;314.06;313.93;313.99;21302
SBER;5;20260327;223000;314;314.09;313.99;314.07;12503
SBER;5;20260327;223500;314.08;314.09;314.07;314.07;5117
SBER;5;20260327;224000;314.08;314.11;314.07;314.1;3989
SBER;5;20260327;224500;314.1;314.1;313.91;313.96;17171
SBER;5;20260327;225000;313.95;314;313.9;313.91;6714
SBER;5;20260327;225500;313.91;313.96;313.9;313.92;15747
SBER;5;20260327;230000;313.93;313.93;313.91;313.91;3264
SBER;5;20260327;230500;313.92;313.92;313.75;313.82;72957
SBER;5;20260327;231000;313.82;313.92;313.75;313.75;14806
SBER;5;20260327;231500;313.75;313.77;313.7;313.72;30312
SBER;5;20260327;232000;313.72;313.75;313.7;313.7;32287
SBER;5;20260327;232500;313.72;313.72;313.62;313.63;116394
SBER;5;20260327;233000;313.63;313.87;313.57;313.76;74503
SBER;5;20260327;233500;313.75;313.83;313.73;313.75;27267
SBER;5;20260327;234000;313.76;313.84;313.67;313.82;13629
SBER;5;20260327;234500;313.75;313.88;313.71;313.88;39217
SBER;5;20260328;095500;313.9;313.9;313.9;313.9;527
SBER;5;20260328;100000;313.9;314.09;313.71;313.82;36117
SBER;5;20260328;100500;313.82;313.82;313.58;313.65;31832
SBER;5;20260328;101000;313.65;313.76;313.64;313.71;8275
SBER;5;20260328;101500;313.71;314.07;313.71;313.81;58182
SBER;5;20260328;102000;313.85;313.85;313.79;313.82;3539
SBER;5;20260328;102500;313.82;313.84;313.75;313.78;3694
SBER;5;20260328;103000;313.78;313.85;313.63;313.63;19928
SBER;5;20260328;103500;313.79;313.79;313.31;313.65;68035
SBER;5;20260328;104000;313.65;313.78;313.58;313.7;10361
SBER;5;20260328;104500;313.7;313.78;313.56;313.68;24348
SBER;5;20260328;105000;313.68;313.78;313.58;313.78;22576
SBER;5;20260328;105500;313.76;313.85;313.76;313.85;5080
SBER;5;20260328;110000;313.85;313.94;313.85;313.92;11293
SBER;5;20260328;110500;313.92;313.95;313.84;313.91;17693
SBER;5;20260328;111000;313.93;313.93;313.84;313.86;4948
SBER;5;20260328;111500;313.86;313.92;313.84;313.91;8164
SBER;5;20260328;112000;313.91;313.92;313.85;313.91;27041
SBER;5;20260328;112500;313.91;313.91;313.87;313.91;3249
SBER;5;20260328;113000;313.91;313.91;313.88;313.91;10584
SBER;5;20260328;113500;313.91;313.91;313.82;313.84;14650
SBER;5;20260328;114000;313.84;313.84;313.77;313.8;4612
SBER;5;20260328;114500;313.8;313.8;313.7;313.74;4011
SBER;5;20260328;115000;313.7;313.75;313.68;313.69;14556
SBER;5;20260328;115500;313.69;313.71;313.67;313.7;8716
SBER;5;20260328;120000;313.7;313.7;313.66;313.69;12178
SBER;5;20260328;120500;313.68;313.71;313.68;313.7;5684
SBER;5;20260328;121000;313.69;313.8;313.67;313.72;28096
SBER;5;20260328;121500;313.72;313.73;313.68;313.73;4989
SBER;5;20260328;122000;313.73;313.79;313.7;313.79;9657
SBER;5;20260328;122500;313.79;313.79;313.73;313.79;4987
SBER;5;20260328;123000;313.79;313.79;313.68;313.76;7675
SBER;5;20260328;123500;313.72;313.79;313.71;313.76;1810
SBER;5;20260328;124000;313.79;313.81;313.67;313.81;13829
SBER;5;20260328;124500;313.81;313.81;313.7;313.77;2670
SBER;5;20260328;125000;313.77;313.77;313.7;313.7;2276
SBER;5;20260328;125500;313.75;313.77;313.7;313.75;4180
SBER;5;20260328;130000;313.75;313.95;313.71;313.95;101976
SBER;5;20260328;130500;313.95;314;313.92;313.99;6506
SBER;5;20260328;131000;314;314;313.95;313.99;2445
SBER;5;20260328;131500;313.99;313.99;313.93;313.95;7090
SBER;5;20260328;132000;313.95;313.95;313.93;313.95;3728
SBER;5;20260328;132500;313.95;313.95;313.93;313.95;5817
SBER;5;20260328;133000;313.95;313.95;313.9;313.92;6813
SBER;5;20260328;133500;313.92;313.92;313.9;313.91;4298
SBER;5;20260328;134000;313.91;313.91;313.89;313.9;3345
SBER;5;20260328;134500;313.91;313.91;313.89;313.9;5270
SBER;5;20260328;135000;313.9;313.95;313.9;313.95;17180
SBER;5;20260328;135500;313.93;313.95;313.69;313.87;18567
SBER;5;20260328;140000;313.87;313.92;313.73;313.91;4348
SBER;5;20260328;140500;313.92;313.93;313.91;313.93;2533
SBER;5;20260328;141000;313.93;313.94;313.92;313.94;5319
SBER;5;20260328;141500;313.94;313.95;313.93;313.95;2341
SBER;5;20260328;142000;313.95;313.99;313.91;313.99;4007
SBER;5;20260328;142500;313.98;314;313.94;313.99;11060
SBER;5;20260328;143000;313.99;314.18;313.99;314.15;22939
SBER;5;20260328;143500;314.15;314.21;314.12;314.19;10617
SBER;5;20260328;144000;314.19;314.23;314.19;314.23;8486
SBER;5;20260328;144500;314.23;314.23;314.21;314.23;13130
SBER;5;20260328;145000;314.23;314.23;314.21;314.22;1005
SBER;5;20260328;145500;314.23;314.23;314.19;314.22;2704
SBER;5;20260328;150000;314.22;314.23;314.19;314.22;5175
SBER;5;20260328;150500;314.22;314.22;314.12;314.2;1559
SBER;5;20260328;151000;314.2;314.22;314.17;314.22;1926
SBER;5;20260328;151500;314.2;314.23;314.14;314.22;13079
SBER;5;20260328;152000;314.23;314.24;314.2;314.2;6011
SBER;5;20260328;152500;314.2;314.24;314.2;314.23;824
SBER;5;20260328;153000;314.2;314.23;314.18;314.18;1964
SBER;5;20260328;153500;314.2;314.25;314.18;314.25;5792
SBER;5;20260328;154000;314.25;314.26;314.18;314.21;2844
SBER;5;20260328;154500;314.21;314.25;314.18;314.23;1296
SBER;5;20260328;155000;314.23;314.24;314.18;314.23;2253
SBER;5;20260328;155500;314.23;314.23;314.18;314.19;1019
SBER;5;20260328;160000;314.19;314.22;314.18;314.22;1119
SBER;5;20260328;160500;314.22;314.22;314.16;314.17;1038
SBER;5;20260328;161000;314.17;314.21;314.14;314.15;4006
SBER;5;20260328;161500;314.15;314.15;314.12;314.13;11454
SBER;5;20260328;162000;314.13;314.14;314.11;314.13;3281
SBER;5;20260328;162500;314.13;314.15;314.12;314.13;1566
SBER;5;20260328;163000;314.13;314.15;314.12;314.13;2102
SBER;5;20260328;163500;314.13;314.15;314.08;314.1;2881
SBER;5;20260328;164000;314.1;314.11;314.08;314.11;1095
SBER;5;20260328;164500;314.11;314.13;314.08;314.11;1065
SBER;5;20260328;165000;314.11;314.14;314.08;314.13;1516
SBER;5;20260328;165500;314.13;314.15;314.09;314.09;7422
SBER;5;20260328;170000;314.13;314.13;314.09;314.13;2323
SBER;5;20260328;170500;314.13;314.15;314.07;314.12;4406
SBER;5;20260328;171000;314.14;314.14;314.12;314.14;1256
SBER;5;20260328;171500;314.14;314.15;314.06;314.08;4284
SBER;5;20260328;172000;314.13;314.13;314.07;314.12;1229
SBER;5;20260328;172500;314.07;314.13;314.05;314.06;4690
SBER;5;20260328;173000;314.06;314.21;314.05;314.14;32710
SBER;5;20260328;173500;314.1;314.15;314.08;314.15;2436
SBER;5;20260328;174000;314.15;314.2;314.11;314.14;1934
SBER;5;20260328;174500;314.14;314.21;314.13;314.21;1762
SBER;5;20260328;175000;314.2;314.22;314.11;314.13;3017
SBER;5;20260328;175500;314.17;314.2;314.12;314.15;1272
SBER;5;20260328;180000;314.16;314.25;314.15;314.22;36221
SBER;5;20260328;180500;314.22;314.24;314.16;314.24;6987
SBER;5;20260328;181000;314.24;314.24;314.19;314.23;5109
SBER;5;20260328;181500;314.23;314.24;314.14;314.22;14369
SBER;5;20260328;182000;314.22;314.22;314.11;314.15;2916
SBER;5;20260328;182500;314.15;314.15;314.1;314.13;6512
SBER;5;20260328;183000;314.14;314.15;314.13;314.15;2738
SBER;5;20260328;183500;314.15;314.25;314.13;314.13;16314
SBER;5;20260328;184000;314.13;314.22;314.1;314.12;5403
SBER;5;20260328;184500;314.12;314.12;314.08;314.12;6718
SBER;5;20260328;185000;314.12;314.13;314.05;314.12;5191
SBER;5;20260328;185500;314.1;314.13;314.05;314.13;7104
SBER;5;20260329;095500;314.13;314.13;314.13;314.13;2383
SBER;5;20260329;100000;314.14;314.39;314.05;314.17;69159
SBER;5;20260329;100500;314.16;314.29;314.16;314.29;5619
SBER;5;20260329;101000;314.29;314.38;314.21;314.38;6707
SBER;5;20260329;101500;314.38;314.38;314.33;314.35;2052
SBER;5;20260329;102000;314.35;314.35;314.16;314.32;6831
SBER;5;20260329;102500;314.32;314.39;314.31;314.34;5949
SBER;5;20260329;103000;314.34;314.39;314.34;314.39;15032
SBER;5;20260329;103500;314.38;314.4;314.32;314.4;19620
SBER;5;20260329;104000;314.4;314.5;314.39;314.5;36668
SBER;5;20260329;104500;314.5;314.53;314.49;314.51;5697
SBER;5;20260329;105000;314.52;314.52;314.45;314.46;3102
SBER;5;20260329;105500;314.46;314.48;314.45;314.47;2163
SBER;5;20260329;110000;314.47;314.47;314.43;314.43;1688
SBER;5;20260329;110500;314.44;314.47;314.39;314.46;12727
SBER;5;20260329;111000;314.46;314.47;314.4;314.47;7652
SBER;5;20260329;111500;314.47;314.47;314.4;314.43;2600
SBER;5;20260329;112000;314.43;314.43;314.39;314.43;3383
SBER;5;20260329;112500;314.43;314.5;314.4;314.44;7247
SBER;5;20260329;113000;314.5;314.5;314.43;314.48;1480
SBER;5;20260329;113500;314.48;314.49;314.4;314.48;1880
SBER;5;20260329;114000;314.48;314.5;314.45;314.5;3675
SBER;5;20260329;114500;314.49;314.5;314.49;314.5;1353
SBER;5;20260329;115000;314.5;314.5;314.49;314.5;1567
SBER;5;20260329;115500;314.5;314.5;314.48;314.48;3288
SBER;5;20260329;120000;314.5;314.5;314.45;314.48;7182
SBER;5;20260329;120500;314.49;314.49;314.42;314.48;3987
SBER;5;20260329;121000;314.48;314.48;314.43;314.47;1815
SBER;5;20260329;121500;314.43;314.48;314.43;314.47;2581
SBER;5;20260329;122000;314.47;314.47;314.43;314.47;1379
SBER;5;20260329;122500;314.47;314.48;314.43;314.48;1390
SBER;5;20260329;123000;314.48;314.48;314.47;314.48;3227
SBER;5;20260329;123500;314.48;314.5;314.47;314.5;11346
SBER;5;20260329;124000;314.5;314.5;314.47;314.49;8524
SBER;5;20260329;124500;314.49;314.49;314.46;314.48;5059
SBER;5;20260329;125000;314.48;314.49;314.46;314.49;968
SBER;5;20260329;125500;314.49;314.49;314.46;314.48;10149
SBER;5;20260329;130000;314.48;314.48;314.46;314.46;2744
SBER;5;20260329;130500;314.47;314.5;314.46;314.48;11698
SBER;5;20260329;131000;314.5;314.52;314.48;314.52;3650
SBER;5;20260329;131500;314.52;314.54;314.5;314.54;13517
SBER;5;20260329;132000;314.54;314.55;314.51;314.55;7410
SBER;5;20260329;132500;314.55;314.55;314.52;314.55;1450
SBER;5;20260329;133000;314.55;314.55;314.51;314.53;5287
SBER;5;20260329;133500;314.54;314.54;314.51;314.53;1098
SBER;5;20260329;134000;314.54;314.55;314.51;314.55;4128
SBER;5;20260329;134500;314.51;314.55;314.51;314.52;2012
SBER;5;20260329;135000;314.55;314.55;314.51;314.54;1736
SBER;5;20260329;135500;314.54;314.55;314.51;314.55;1820
SBER;5;20260329;140000;314.55;314.55;314.51;314.52;2300
SBER;5;20260329;140500;314.52;314.55;314.51;314.52;4024
SBER;5;20260329;141000;314.54;314.59;314.52;314.59;21113
SBER;5;20260329;141500;314.59;314.76;314.56;314.73;35414
SBER;5;20260329;142000;314.73;314.75;314.65;314.7;1874
SBER;5;20260329;142500;314.65;314.7;314.6;314.66;2495
SBER;5;20260329;143000;314.66;314.7;314.64;314.66;2379
SBER;5;20260329;143500;314.66;314.75;314.66;314.75;4758
SBER;5;20260329;144000;314.74;314.75;314.61;314.72;11505
SBER;5;20260329;144500;314.66;314.75;314.66;314.72;2515
SBER;5;20260329;145000;314.74;314.75;314.7;314.73;2242
SBER;5;20260329;145500;314.74;314.8;314.73;314.8;9525
SBER;5;20260329;150000;314.8;314.87;314.74;314.87;86354
SBER;5;20260329;150500;314.84;314.89;314.82;314.89;20691
SBER;5;20260329;151000;314.88;314.89;314.88;314.89;3797
SBER;5;20260329;151500;314.89;314.89;314.73;314.84;6236
SBER;5;20260329;152000;314.76;314.84;314.64;314.64;12690
SBER;5;20260329;152500;314.64;314.73;314.62;314.7;3364
SBER;5;20260329;153000;314.7;314.72;314.58;314.72;14953
SBER;5;20260329;153500;314.72;314.73;314.61;314.73;936
SBER;5;20260329;154000;314.72;314.74;314.63;314.7;9337
SBER;5;20260329;154500;314.74;314.74;314.7;314.71;1895
SBER;5;20260329;155000;314.74;314.74;314.7;314.72;1606
SBER;5;20260329;155500;314.73;314.74;314.71;314.73;3568
SBER;5;20260329;160000;314.73;314.75;314.71;314.75;2788
SBER;5;20260329;160500;314.75;314.76;314.74;314.76;15282
SBER;5;20260329;161000;314.76;314.78;314.74;314.77;1085
SBER;5;20260329;161500;314.77;314.79;314.75;314.79;2589
SBER;5;20260329;162000;314.79;314.86;314.78;314.86;4325
SBER;5;20260329;162500;314.86;314.87;314.86;314.86;6557
SBER;5;20260329;163000;314.87;314.87;314.86;314.86;5445
SBER;5;20260329;163500;314.87;314.87;314.82;314.86;19267
SBER;5;20260329;164000;314.86;314.86;314.79;314.85;3397
SBER;5;20260329;164500;314.85;314.85;314.77;314.84;3100
SBER;5;20260329;165000;314.84;314.84;314.76;314.76;6824
SBER;5;20260329;165500;314.76;314.83;314.73;314.75;9209
SBER;5;20260329;170000;314.75;314.85;314.75;314.84;3355
SBER;5;20260329;170500;314.85;314.87;314.84;314.85;5905
SBER;5;20260329;171000;314.84;314.85;314.75;314.77;1471
SBER;5;20260329;171500;314.77;314.82;314.73;314.78;6341
SBER;5;20260329;172000;314.79;314.79;314.77;314.79;1198
SBER;5;20260329;172500;314.79;314.79;314.77;314.79;533
SBER;5;20260329;173000;314.79;314.79;314.74;314.79;4083
SBER;5;20260329;173500;314.79;314.8;314.74;314.75;2189
SBER;5;20260329;174000;314.75;314.8;314.74;314.8;8950
SBER;5;20260329;174500;314.8;314.86;314.79;314.86;5258
SBER;5;20260329;175000;314.86;314.87;314.82;314.83;7817
SBER;5;20260329;175500;314.85;314.88;314.83;314.88;1637
SBER;5;20260329;180000;314.88;314.88;314.82;314.83;17218
SBER;5;20260329;180500;314.83;314.88;314.82;314.88;13219
SBER;5;20260329;181000;314.88;314.88;314.86;314.88;2884
SBER;5;20260329;181500;314.88;314.88;314.82;314.83;14356
SBER;5;20260329;182000;314.86;314.88;314.79;314.86;6919
SBER;5;20260329;182500;314.82;314.87;314.82;314.87;1343
SBER;5;20260329;183000;314.83;314.88;314.8;314.87;6803
SBER;5;20260329;183500;314.82;314.87;314.8;314.86;5648
SBER;5;20260329;184000;314.86;314.86;314.8;314.8;5242
SBER;5;20260329;184500;314.84;314.85;314.79;314.85;4312
SBER;5;20260329;185000;314.85;314.89;314.81;314.85;32969
SBER;5;20260329;185500;314.83;314.89;314.8;314.89;7240
SBER;5;20260330;070000;315.08;315.62;315.06;315.52;145939
SBER;5;20260330;070500;315.52;315.97;315.2;315.84;302239
SBER;5;20260330;071000;315.83;316.3;315.83;316.03;254352
SBER;5;20260330;071500;316.04;316.05;315.83;315.94;78573
SBER;5;20260330;072000;315.93;315.94;315.84;315.9;38554
SBER;5;20260330;072500;315.91;315.98;315.9;315.98;82946
SBER;5;20260330;073000;315.98;316.25;315.97;316.08;181787
SBER;5;20260330;073500;316.08;316.1;315.99;316;36529
SBER;5;20260330;074000;316;316;315.99;316;31325
SBER;5;20260330;074500;316;316;315.87;315.93;64767
SBER;5;20260330;075000;315.91;315.94;315.87;315.94;18329
SBER;5;20260330;075500;315.94;316;315.93;315.96;8723
SBER;5;20260330;080000;315.96;316;315.83;315.95;82534
SBER;5;20260330;080500;315.95;315.95;315.31;315.51;288874
SBER;5;20260330;081000;315.5;315.7;315.5;315.69;36247
SBER;5;20260330;081500;315.7;315.96;315.69;315.95;22943
SBER;5;20260330;082000;315.95;315.96;315.75;315.85;23986
SBER;5;20260330;082500;315.85;316.08;315.81;315.99;39995
SBER;5;20260330;083000;315.99;316.06;315.91;316.05;95767
SBER;5;20260330;083500;316.02;316.05;315.82;315.87;16506
SBER;5;20260330;084000;315.85;316;315.8;315.93;35095
SBER;5;20260330;084500;315.92;316;315.91;315.94;33467
SBER;5;20260330;085000;315.93;315.97;315.93;315.93;19227
SBER;5;20260330;085500;315.93;315.94;315.84;315.87;16418
SBER;5;20260330;090000;315.86;315.86;315.31;315.32;172422
SBER;5;20260330;090500;315.34;315.68;315.31;315.48;96583
SBER;5;20260330;091000;315.47;315.5;315.42;315.48;31843
SBER;5;20260330;091500;315.48;315.71;315.42;315.5;61103
SBER;5;20260330;092000;315.51;315.51;315.36;315.4;136104
SBER;5;20260330;092500;315.45;315.55;315.4;315.52;22410
SBER;5;20260330;093000;315.52;315.55;315.42;315.48;37358
SBER;5;20260330;093500;315.48;315.58;315.46;315.57;32501
SBER;5;20260330;094000;315.57;315.58;315.45;315.46;53148
SBER;5;20260330;094500;315.46;315.46;315.38;315.41;60109
SBER;5;20260330;095000;315.41;315.41;315.17;315.35;95396
SBER;5;20260330;095500;315.35;315.41;315.19;315.24;80532
SBER;5;20260330;100000;315.21;315.38;315.07;315.15;147070
SBER;5;20260330;100500;315.16;315.39;314.61;314.76;377012
SBER;5;20260330;101000;314.76;314.89;314.7;314.74;100247
SBER;5;20260330;101500;314.76;314.81;314.74;314.76;93653
SBER;5;20260330;102000;314.76;314.76;314.6;314.64;38168
SBER;5;20260330;102500;314.64;314.91;314.51;314.67;167597
SBER;5;20260330;103000;314.66;314.74;314.38;314.6;198945
SBER;5;20260330;103500;314.55;314.7;314.47;314.51;127113
SBER;5;20260330;104000;314.51;314.6;314.2;314.25;175621
SBER;5;20260330;104500;314.26;314.29;314.01;314.2;229818
SBER;5;20260330;105000;314.2;314.2;313.8;313.98;624791
SBER;5;20260330;105500;313.98;314;313.8;313.81;121527
SBER;5;20260330;110000;313.8;313.81;313;313.06;852611
SBER;5;20260330;110500;313.06;313.22;312.61;313.13;618788
SBER;5;20260330;111000;313.13;313.14;312.69;312.7;765618
SBER;5;20260330;111500;312.7;312.87;312.7;312.74;682303
SBER;5;20260330;112000;312.74;312.91;312.4;312.83;714303
SBER;5;20260330;112500;312.84;313.05;312.83;312.91;293221
SBER;5;20260330;113000;312.87;313.36;312.84;313.36;276631
SBER;5;20260330;113500;313.36;313.48;313.2;313.24;263510
SBER;5;20260330;114000;313.27;313.5;313.27;313.34;63619
SBER;5;20260330;114500;313.34;313.45;313.24;313.26;109779
SBER;5;20260330;115000;313.27;313.36;313.13;313.22;162908
SBER;5;20260330;115500;313.2;313.76;313.15;313.48;230407
SBER;5;20260330;120000;313.47;313.48;313.01;313.1;219319
SBER;5;20260330;120500;313.14;313.98;313.08;313.77;457960
SBER;5;20260330;121000;313.76;314.43;313.76;314.23;585726
SBER;5;20260330;121500;314.23;314.48;314.23;314.48;237503
SBER;5;20260330;122000;314.47;314.7;314.47;314.61;345009
SBER;5;20260330;122500;314.61;315.8;314.61;315.77;1338718
SBER;5;20260330;123000;315.78;316.27;315.77;316.22;1024713
SBER;5;20260330;123500;316.22;316.29;316;316;373295
SBER;5;20260330;124000;316.01;316.01;315.76;315.86;305007
SBER;5;20260330;124500;315.84;316.01;315.81;315.85;115354
SBER;5;20260330;125000;315.87;315.88;315.6;315.63;139530
SBER;5;20260330;125500;315.62;315.71;315.37;315.51;105514
SBER;5;20260330;130000;315.48;315.62;315.48;315.57;54014
SBER;5;20260330;130500;315.57;315.58;315.07;315.12;124526
SBER;5;20260330;131000;315.12;315.33;315.08;315.19;78570
SBER;5;20260330;131500;315.19;315.58;315.19;315.48;183885
SBER;5;20260330;132000;315.44;315.59;315.39;315.47;110084
SBER;5;20260330;132500;315.47;315.64;315.44;315.58;91980
SBER;5;20260330;133000;315.57;315.85;315.55;315.84;107419
SBER;5;20260330;133500;315.83;316;315.79;315.98;373342
SBER;5;20260330;134000;315.94;315.99;315.85;315.9;36320
SBER;5;20260330;134500;315.89;316;315.7;315.77;79073
SBER;5;20260330;135000;315.81;315.97;315.81;315.95;62053
SBER;5;20260330;135500;315.95;315.99;315.77;315.89;29595
SBER;5;20260330;140000;315.89;316.04;315.89;315.97;113163
SBER;5;20260330;140500;315.97;316.04;315.5;315.5;138853
SBER;5;20260330;141000;315.5;315.75;315.47;315.64;106581
SBER;5;20260330;141500;315.65;315.71;315.64;315.69;105347
SBER;5;20260330;142000;315.69;315.7;315.44;315.49;69760
SBER;5;20260330;142500;315.45;315.59;315.39;315.47;87056
SBER;5;20260330;143000;315.45;315.47;315.24;315.3;49872
SBER;5;20260330;143500;315.3;315.34;315.12;315.14;61244
SBER;5;20260330;144000;315.14;315.22;314.84;314.91;137693
SBER;5;20260330;144500;314.92;314.97;314.72;314.73;80659
SBER;5;20260330;145000;314.72;314.98;314.72;314.98;77118
SBER;5;20260330;145500;314.98;315.01;314.85;314.88;90505
SBER;5;20260330;150000;314.88;315;314.88;314.98;33267
SBER;5;20260330;150500;314.98;315.11;314.95;315.1;80850
SBER;5;20260330;151000;315.11;315.32;315.11;315.22;47591
SBER;5;20260330;151500;315.22;315.23;315.2;315.22;37743
SBER;5;20260330;152000;315.21;315.34;315.21;315.24;25310
SBER;5;20260330;152500;315.23;315.31;315.15;315.26;49028
SBER;5;20260330;153000;315.25;315.35;315.25;315.33;28560
SBER;5;20260330;153500;315.33;315.57;315.32;315.55;87239
SBER;5;20260330;154000;315.57;315.79;315.55;315.61;54240
SBER;5;20260330;154500;315.62;315.77;315.61;315.64;57864
SBER;5;20260330;155000;315.64;315.67;315.61;315.64;69373
SBER;5;20260330;155500;315.64;315.74;315.52;315.53;127709
SBER;5;20260330;160000;315.52;315.67;315.51;315.63;31287
SBER;5;20260330;160500;315.63;315.79;315.6;315.65;56276
SBER;5;20260330;161000;315.66;315.73;315.55;315.56;59579
SBER;5;20260330;161500;315.56;315.56;315.11;315.2;88040
SBER;5;20260330;162000;315.2;315.2;315.12;315.13;17014
SBER;5;20260330;162500;315.13;315.3;315.12;315.15;70549
SBER;5;20260330;163000;315.15;315.3;315.14;315.2;33330
SBER;5;20260330;163500;315.2;315.21;314.8;314.9;144997
SBER;5;20260330;164000;314.9;314.98;314.7;314.86;102905
SBER;5;20260330;164500;314.87;315.02;314.57;314.62;107146
SBER;5;20260330;165000;314.61;314.66;313.39;314.06;721576
SBER;5;20260330;165500;314.06;314.2;313.52;313.87;565494
SBER;5;20260330;170000;313.86;313.87;313.63;313.68;212666
SBER;5;20260330;170500;313.68;314;313.66;313.75;210731
SBER;5;20260330;171000;313.75;313.89;313.73;313.74;75944
SBER;5;20260330;171500;313.73;313.73;313.52;313.56;220553
SBER;5;20260330;172000;313.56;313.81;313.48;313.81;216920
SBER;5;20260330;172500;313.81;313.82;313.6;313.61;124906
SBER;5;20260330;173000;313.61;313.82;313.6;313.81;80995
SBER;5;20260330;173500;313.82;313.98;313.8;313.8;124885
SBER;5;20260330;174000;313.82;313.99;313.8;313.85;97946
SBER;5;20260330;174500;313.84;313.84;313.52;313.53;77328
SBER;5;20260330;175000;313.52;313.86;313.52;313.73;107245
SBER;5;20260330;175500;313.73;313.74;313.6;313.67;42234
SBER;5;20260330;180000;313.66;313.94;313.62;313.94;110887
SBER;5;20260330;180500;313.94;315;313.93;314.9;650555
SBER;5;20260330;181000;314.9;315.02;314.51;314.57;467584
SBER;5;20260330;181500;314.57;314.57;314.51;314.51;107259
SBER;5;20260330;182000;314.5;314.53;314.37;314.42;51939
SBER;5;20260330;182500;314.41;314.41;314.05;314.18;103513
SBER;5;20260330;183000;314.18;314.45;314.16;314.34;91103
SBER;5;20260330;183500;314.33;314.44;314.3;314.44;57090
SBER;5;20260330;184000;314.43;314.55;314.41;314.51;125786
SBER;5;20260330;184500;314.5;314.51;314.43;314.51;20930
SBER;5;20260330;185000;314.5;314.51;314.32;314.5;41834
SBER;5;20260330;185500;314.5;314.5;314.5;314.5;4461
SBER;5;20260330;190000;314.5;314.69;314.5;314.63;33471
SBER;5;20260330;190500;314.63;314.69;314.62;314.67;25599
SBER;5;20260330;191000;314.66;314.7;314.66;314.68;62039
SBER;5;20260330;191500;314.69;314.7;314.68;314.69;19102
SBER;5;20260330;192000;314.69;314.77;314.66;314.76;41770
SBER;5;20260330;192500;314.75;314.8;314.74;314.78;7385
SBER;5;20260330;193000;314.78;314.78;314.67;314.73;12711
SBER;5;20260330;193500;314.73;314.74;314.67;314.71;8413
SBER;5;20260330;194000;314.7;314.71;314.55;314.64;64176
SBER;5;20260330;194500;314.64;314.64;314.58;314.61;13569
SBER;5;20260330;195000;314.62;314.62;314.59;314.59;7078
SBER;5;20260330;195500;314.59;314.62;314.59;314.6;4729
SBER;5;20260330;200000;314.6;314.6;314.58;314.6;10489
SBER;5;20260330;200500;314.59;314.6;314.55;314.56;2750
SBER;5;20260330;201000;314.56;314.62;314.49;314.61;26428
SBER;5;20260330;201500;314.61;314.71;314.55;314.67;29022
SBER;5;20260330;202000;314.67;314.7;314.61;314.65;10033
SBER;5;20260330;202500;314.65;314.7;314.61;314.66;23961
SBER;5;20260330;203000;314.66;314.71;314.64;314.68;17696
SBER;5;20260330;203500;314.68;314.68;314.6;314.61;13400
SBER;5;20260330;204000;314.61;314.68;314.57;314.68;27893
SBER;5;20260330;204500;314.68;314.68;314.45;314.52;11080
SBER;5;20260330;205000;314.52;314.6;314.47;314.6;78672
SBER;5;20260330;205500;314.6;314.64;314.59;314.63;8604
SBER;5;20260330;210000;314.64;314.64;314.54;314.59;32372
SBER;5;20260330;210500;314.61;314.61;314.41;314.5;24696
SBER;5;20260330;211000;314.5;314.5;314.49;314.49;11445
SBER;5;20260330;211500;314.5;314.5;314.4;314.49;41822
SBER;5;20260330;212000;314.48;314.5;314.48;314.5;6474
SBER;5;20260330;212500;314.5;314.6;314.21;314.38;135888
SBER;5;20260330;213000;314.36;314.39;314.32;314.38;7090
SBER;5;20260330;213500;314.38;314.46;314.35;314.45;6511
SBER;5;20260330;214000;314.45;314.51;314.4;314.4;6495
SBER;5;20260330;214500;314.4;314.4;314.26;314.28;8751
SBER;5;20260330;215000;314.28;314.3;314.25;314.3;11261
SBER;5;20260330;215500;314.3;314.33;314.23;314.24;6777
SBER;5;20260330;220000;314.23;314.29;314.22;314.28;4384
SBER;5;20260330;220500;314.3;314.49;314.29;314.48;57253
SBER;5;20260330;221000;314.48;314.48;314.36;314.37;4332
SBER;5;20260330;221500;314.37;314.43;314.31;314.39;10319
SBER;5;20260330;222000;314.37;314.44;314.36;314.41;3490
SBER;5;20260330;222500;314.4;314.48;314.39;314.46;3906
SBER;5;20260330;223000;314.47;314.47;314.37;314.41;5782
SBER;5;20260330;223500;314.41;314.41;314.36;314.38;2010
SBER;5;20260330;224000;314.37;314.38;314.32;314.36;4140
SBER;5;20260330;224500;314.36;314.38;314.3;314.32;19032
SBER;5;20260330;225000;314.33;314.41;314.32;314.41;10637
SBER;5;20260330;225500;314.41;314.47;314.4;314.47;3693
SBER;5;20260330;230000;314.46;314.48;314.46;314.48;7968
SBER;5;20260330;230500;314.48;314.53;314.47;314.52;8736
SBER;5;20260330;231000;314.52;314.53;314.51;314.52;4241
SBER;5;20260330;231500;314.52;314.53;314.51;314.52;4031
SBER;5;20260330;232000;314.52;314.53;314.51;314.52;34642
SBER;5;20260330;232500;314.51;314.52;314.48;314.49;7009
SBER;5;20260330;233000;314.49;314.5;314.34;314.46;22908
SBER;5;20260330;233500;314.45;314.48;314.27;314.43;27298
SBER;5;20260330;234000;314.45;314.5;314.43;314.5;12175
SBER;5;20260330;234500;314.5;314.53;314.37;314.48;20428
SBER;5;20260331;070000;315;315.09;314.66;314.69;45202
SBER;5;20260331;070500;314.69;314.86;314.66;314.86;35248
SBER;5;20260331;071000;314.86;314.86;314.69;314.7;18183
SBER;5;20260331;071500;314.7;314.7;314.6;314.61;70129
SBER;5;20260331;072000;314.6;314.6;314.22;314.38;28815
SBER;5;20260331;072500;314.41;314.48;314.01;314.17;67397
SBER;5;20260331;073000;314.17;314.31;314.1;314.17;11529
SBER;5;20260331;073500;314.17;314.2;314.11;314.12;6774
SBER;5;20260331;074000;314.14;314.15;313.76;314.07;67828
SBER;5;20260331;074500;314.07;314.29;314.07;314.28;16978
SBER;5;20260331;075000;314.29;314.35;314.21;314.35;18275
SBER;5;20260331;075500;314.38;314.56;314.24;314.5;18888
SBER;5;20260331;080000;314.5;314.6;314.49;314.6;11654
SBER;5;20260331;080500;314.6;314.6;314.52;314.54;11992
SBER;5;20260331;081000;314.55;314.55;314.48;314.49;19188
SBER;5;20260331;081500;314.5;314.5;314.49;314.49;5062
SBER;5;20260331;082000;314.5;314.55;314.49;314.54;8395
SBER;5;20260331;082500;314.55;314.8;314.53;314.79;9356
SBER;5;20260331;083000;314.79;314.97;314.79;314.89;82590
SBER;5;20260331;083500;314.82;314.9;314.82;314.9;3009
SBER;5;20260331;084000;314.9;314.9;314.82;314.88;16530
SBER;5;20260331;084500;314.88;314.9;314.81;314.82;25557
SBER;5;20260331;085000;314.82;314.83;314.32;314.44;38087
SBER;5;20260331;085500;314.49;314.83;314.46;314.83;16238
SBER;5;20260331;090000;314.83;314.84;314.52;314.54;99295
SBER;5;20260331;090500;314.52;314.55;314.43;314.44;6215
SBER;5;20260331;091000;314.44;314.64;314.43;314.62;13626
SBER;5;20260331;091500;314.61;314.69;314.54;314.58;20930
SBER;5;20260331;092000;314.56;314.66;314.54;314.58;28116
SBER;5;20260331;092500;314.62;314.7;314.53;314.65;10648
SBER;5;20260331;093000;314.63;314.69;314.61;314.65;12809
SBER;5;20260331;093500;314.65;314.7;314.61;314.7;25180
SBER;5;20260331;094000;314.7;314.7;314.66;314.7;4575
SBER;5;20260331;094500;314.7;314.8;314.69;314.78;15512
SBER;5;20260331;095000;314.79;314.81;314.6;314.65;32647
SBER;5;20260331;095500;314.64;314.64;314.44;314.6;16298
SBER;5;20260331;100000;314.6;314.68;314.2;314.2;64283
SBER;5;20260331;100500;314.21;314.37;313.96;314.03;231458
SBER;5;20260331;101000;314.01;314.3;313.89;314.1;222286
SBER;5;20260331;101500;314.11;314.2;313.97;314.18;138729
SBER;5;20260331;102000;314.19;314.23;314.14;314.23;47954
SBER;5;20260331;102500;314.23;314.23;313.97;314.05;72525
SBER;5;20260331;103000;314.04;314.18;313.96;314.16;83334
SBER;5;20260331;103500;314.16;314.22;314.15;314.19;28240
SBER;5;20260331;104000;314.19;314.19;313.83;313.89;99824
SBER;5;20260331;104500;313.88;313.88;313.76;313.77;51258
SBER;5;20260331;105000;313.77;313.79;313.67;313.78;114516
SBER;5;20260331;105500;313.79;313.8;313.73;313.79;54349
SBER;5;20260331;110000;313.79;313.79;313.68;313.71;48983
SBER;5;20260331;110500;313.71;314.07;313.7;314.06;121148
SBER;5;20260331;111000;314.07;314.26;314.04;314.2;64986
SBER;5;20260331;111500;314.21;314.21;314.2;314.21;60066
SBER;5;20260331;112000;314.21;314.92;314.2;314.48;409289
SBER;5;20260331;112500;314.48;314.48;314.29;314.31;57855
SBER;5;20260331;113000;314.31;314.31;314.27;314.27;28302
SBER;5;20260331;113500;314.28;314.28;313.96;313.97;101135
SBER;5;20260331;114000;313.97;314.02;313.92;314.01;47057
SBER;5;20260331;114500;314;314.01;313.87;313.9;62808
SBER;5;20260331;115000;313.9;314.08;313.88;314.07;42219
SBER;5;20260331;115500;314.07;314.27;314.07;314.14;59226
SBER;5;20260331;120000;314.14;314.41;314.06;314.41;42530
SBER;5;20260331;120500;314.4;314.41;314.21;314.4;43577
SBER;5;20260331;121000;314.39;314.78;314.39;314.69;103983
SBER;5;20260331;121500;314.67;314.73;314.6;314.63;51586
SBER;5;20260331;122000;314.63;314.84;314.62;314.72;56093
SBER;5;20260331;122500;314.74;314.82;314.62;314.64;30639
SBER;5;20260331;123000;314.66;314.75;314.62;314.68;23644
SBER;5;20260331;123500;314.7;314.74;314.65;314.65;31256
SBER;5;20260331;124000;314.67;314.79;314.65;314.78;41633
SBER;5;20260331;124500;314.79;314.82;314.78;314.81;18674
SBER;5;20260331;125000;314.8;315;314.78;314.95;142422
SBER;5;20260331;125500;314.95;314.96;314.88;314.96;30641
SBER;5;20260331;130000;314.95;315;314.93;315;38735
SBER;5;20260331;130500;315;315.2;314.98;315.2;76990
SBER;5;20260331;131000;315.2;315.63;315.2;315.37;210484
SBER;5;20260331;131500;315.36;315.45;315.15;315.41;65035
SBER;5;20260331;132000;315.41;315.42;315.18;315.18;49701
SBER;5;20260331;132500;315.17;315.17;314.9;314.98;185724
SBER;5;20260331;133000;314.98;315.09;314.81;314.88;72039
SBER;5;20260331;133500;314.88;314.94;314.65;314.7;165054
SBER;5;20260331;134000;314.73;314.79;314.68;314.77;17597
SBER;5;20260331;134500;314.76;314.84;314.51;314.62;59487
SBER;5;20260331;135000;314.62;314.63;314.21;314.4;187729
SBER;5;20260331;135500;314.39;314.7;314.38;314.65;156466
SBER;5;20260331;140000;314.63;314.76;314.6;314.63;47855
SBER;5;20260331;140500;314.61;314.7;314.4;314.42;158954
SBER;5;20260331;141000;314.42;314.5;314.24;314.34;125366
SBER;5;20260331;141500;314.33;314.33;313.98;314;559826
SBER;5;20260331;142000;314;314.06;313.8;314.02;185638
SBER;5;20260331;142500;314.03;314.24;313.98;314;178613
SBER;5;20260331;143000;314;314.4;313.99;314.31;252728
SBER;5;20260331;143500;314.3;314.63;314.25;314.35;148145
SBER;5;20260331;144000;314.33;314.33;314.1;314.15;27763
SBER;5;20260331;144500;314.13;314.15;314.13;314.15;63257
SBER;5;20260331;145000;314.15;314.39;314.14;314.33;46663
SBER;5;20260331;145500;314.37;314.43;314.27;314.35;19723
SBER;5;20260331;150000;314.38;314.46;314.26;314.26;38487
SBER;5;20260331;150500;314.26;314.27;314.07;314.1;65811
SBER;5;20260331;151000;314.1;314.36;314.07;314.31;67982
SBER;5;20260331;151500;314.32;314.32;314.16;314.16;29494
SBER;5;20260331;152000;314.16;314.22;314.04;314.21;20558
SBER;5;20260331;152500;314.2;314.29;314.17;314.22;13911
SBER;5;20260331;153000;314.22;314.28;314.18;314.27;9122
SBER;5;20260331;153500;314.27;314.37;314.21;314.34;16697
SBER;5;20260331;154000;314.33;314.41;314.28;314.38;46085
SBER;5;20260331;154500;314.38;314.54;314.33;314.54;62093
SBER;5;20260331;155000;314.54;314.59;314.51;314.53;28678
SBER;5;20260331;155500;314.53;314.53;314.21;314.22;71882
SBER;5;20260331;160000;314.22;314.28;314.09;314.13;35415
SBER;5;20260331;160500;314.13;314.26;314.12;314.23;21508
SBER;5;20260331;161000;314.23;314.24;313.9;313.91;129253
SBER;5;20260331;161500;313.93;314;313.89;313.93;70335
SBER;5;20260331;162000;313.93;313.94;313.88;313.93;38122
SBER;5;20260331;162500;313.92;313.94;313.89;313.94;128223
SBER;5;20260331;163000;313.94;314;313.93;314;164294
SBER;5;20260331;163500;314;314;313.87;313.99;206115
SBER;5;20260331;164000;313.99;314;313.96;314;71476
SBER;5;20260331;164500;314;314;313.76;313.77;116931
SBER;5;20260331;165000;313.77;313.82;313.47;313.49;487502
SBER;5;20260331;165500;313.49;313.7;313.49;313.69;119070
SBER;5;20260331;170000;313.7;313.7;313.67;313.7;44120
SBER;5;20260331;170500;313.69;313.7;313.68;313.69;79965
SBER;5;20260331;171000;313.69;313.8;313.68;313.8;131593
SBER;5;20260331;171500;313.8;314.15;313.78;314.08;148631
SBER;5;20260331;172000;314.09;314.11;313.98;314.04;48768
SBER;5;20260331;172500;314.04;314.08;313.97;314.03;43445
SBER;5;20260331;173000;314.03;314.15;314.02;314.03;113654
SBER;5;20260331;173500;314.02;314.05;313.8;313.8;99882
SBER;5;20260331;174000;313.8;314;313.67;313.86;130439
SBER;5;20260331;174500;313.86;314;313.72;313.96;95328
SBER;5;20260331;175000;313.96;313.98;313.83;313.92;55517
SBER;5;20260331;175500;313.92;313.96;313.5;313.86;241901
SBER;5;20260331;180000;313.8;313.83;313.6;313.65;98095
SBER;5;20260331;180500;313.65;313.68;313.53;313.56;99384
SBER;5;20260331;181000;313.56;313.56;313.49;313.52;84507
SBER;5;20260331;181500;313.52;313.53;313.45;313.47;117056
SBER;5;20260331;182000;313.47;313.61;313.43;313.59;134037
SBER;5;20260331;182500;313.59;313.71;313.49;313.59;187803
SBER;5;20260331;183000;313.58;313.98;313.55;313.94;252932
SBER;5;20260331;183500;313.96;314;313.81;313.85;184274
SBER;5;20260331;184000;313.85;314.21;313.85;314.21;167201
SBER;5;20260331;184500;314.21;314.28;314.08;314.13;50707
SBER;5;20260331;185000;314.13;314.31;313.89;313.89;71646
SBER;5;20260331;185500;314.35;314.35;314.35;314.35;88365
SBER;5;20260331;190000;314.34;314.34;314.06;314.25;11871
SBER;5;20260331;190500;314.22;314.29;314.12;314.13;19791
SBER;5;20260331;191000;314.12;314.16;314.07;314.12;23795
SBER;5;20260331;191500;314.13;314.14;314.08;314.13;6785
SBER;5;20260331;192000;314.13;314.15;314.1;314.12;6839
SBER;5;20260331;192500;314.11;314.14;314.11;314.13;6661
SBER;5;20260331;193000;314.13;314.14;314.12;314.13;5074
SBER;5;20260331;193500;314.12;314.16;314.07;314.07;31444
SBER;5;20260331;194000;314.07;314.07;313.78;313.84;31035
SBER;5;20260331;194500;313.97;314.03;313.94;314.02;12521
SBER;5;20260331;195000;314.02;314.12;314;314.1;22753
SBER;5;20260331;195500;314.1;314.13;314.07;314.08;6046
SBER;5;20260331;200000;314.11;314.15;314.05;314.13;29769
SBER;5;20260331;200500;314.13;314.17;314.09;314.15;8881
SBER;5;20260331;201000;314.13;314.19;314.08;314.09;15533
SBER;5;20260331;201500;314.09;314.22;313.94;314.17;48617
SBER;5;20260331;202000;314.17;314.18;314;314;7745
SBER;5;20260331;202500;314.01;314.14;314;314.13;27750
SBER;5;20260331;203000;314.12;314.14;314.11;314.13;15119
SBER;5;20260331;203500;314.12;314.13;314.01;314.08;16724
SBER;5;20260331;204000;314.06;314.11;314;314.11;9323
SBER;5;20260331;204500;314.11;314.11;314.07;314.1;12565
SBER;5;20260331;205000;314.1;314.1;314.06;314.09;21233
SBER;5;20260331;205500;314.1;314.22;314.08;314.12;61220
SBER;5;20260331;210000;314.13;314.13;314.1;314.11;8112
SBER;5;20260331;210500;314.12;314.12;313.92;313.94;76432
SBER;5;20260331;211000;313.92;313.97;313.92;313.93;8998
SBER;5;20260331;211500;313.93;314.03;313.91;313.93;17048
SBER;5;20260331;212000;313.91;314;313.91;314;22220
SBER;5;20260331;212500;314;314;313.95;313.97;17547
SBER;5;20260331;213000;313.98;314.05;313.96;314.05;6197
SBER;5;20260331;213500;314.05;314.14;314.05;314.11;9698
SBER;5;20260331;214000;314.12;314.14;314.07;314.12;11041
SBER;5;20260331;214500;314.12;314.14;314.12;314.14;19060
SBER;5;20260331;215000;314.13;314.18;314.05;314.17;20142
SBER;5;20260331;215500;314.17;314.24;314.17;314.2;17283
SBER;5;20260331;220000;314.19;314.2;314.12;314.18;14646
SBER;5;20260331;220500;314.18;314.2;314.17;314.2;11357
SBER;5;20260331;221000;314.2;314.2;314.18;314.2;18089
SBER;5;20260331;221500;314.19;314.24;314.19;314.2;20738
SBER;5;20260331;222000;314.2;314.22;314.18;314.2;9759
SBER;5;20260331;222500;314.22;314.25;314.19;314.21;15916
SBER;5;20260331;223000;314.21;314.29;314.21;314.29;33897
SBER;5;20260331;223500;314.29;314.3;314.24;314.27;11435
SBER;5;20260331;224000;314.27;314.28;314.22;314.25;7294
SBER;5;20260331;224500;314.24;314.25;314.18;314.22;12648
SBER;5;20260331;225000;314.22;314.3;314.2;314.25;12980
SBER;5;20260331;225500;314.25;314.39;314.23;314.38;35991
SBER;5;20260331;230000;314.37;314.54;314.37;314.53;116559
SBER;5;20260331;230500;314.52;314.53;314.33;314.36;38824
SBER;5;20260331;231000;314.36;314.36;314.31;314.32;7033
SBER;5;20260331;231500;314.31;314.32;314.29;314.3;5218
SBER;5;20260331;232000;314.3;314.5;314.26;314.49;43292
SBER;5;20260331;232500;314.47;314.49;314.44;314.44;9316
SBER;5;20260331;233000;314.46;314.51;314.41;314.48;20829
SBER;5;20260331;233500;314.51;314.54;314.44;314.45;30531
SBER;5;20260331;234000;314.45;314.45;314.31;314.31;21332
SBER;5;20260331;234500;314.31;314.43;314.19;314.22;52673
SBER;5;20260401;070000;314.66;314.74;314.23;314.33;52642
SBER;5;20260401;070500;314.33;314.64;314.32;314.64;19796
SBER;5;20260401;071000;314.64;314.66;314.58;314.6;18798
SBER;5;20260401;071500;314.6;314.6;314.59;314.59;2541
SBER;5;20260401;072000;314.6;314.6;314.57;314.58;10231
SBER;5;20260401;072500;314.58;314.58;314.35;314.48;7596
SBER;5;20260401;073000;314.48;314.5;314.4;314.47;2241
SBER;5;20260401;073500;314.47;314.59;314.4;314.51;9077
SBER;5;20260401;074000;314.51;314.55;314.5;314.55;12890
SBER;5;20260401;074500;314.55;314.55;314.51;314.53;6085
SBER;5;20260401;075000;314.53;314.55;314.4;314.48;13869
SBER;5;20260401;075500;314.48;314.48;314.35;314.4;3579
SBER;5;20260401;080000;314.4;314.47;314.33;314.36;23725
SBER;5;20260401;080500;314.33;314.38;314.15;314.32;48969
SBER;5;20260401;081000;314.23;314.32;314.2;314.29;6288
SBER;5;20260401;081500;314.3;314.54;314.24;314.54;6847
SBER;5;20260401;082000;314.53;314.54;314.4;314.48;9068
SBER;5;20260401;082500;314.48;314.54;314.38;314.4;10506
SBER;5;20260401;083000;314.4;314.54;314.35;314.5;12269
SBER;5;20260401;083500;314.5;314.55;314.38;314.5;24405
SBER;5;20260401;084000;314.49;314.54;314.42;314.54;19559
SBER;5;20260401;084500;314.54;314.54;314.39;314.5;14727
SBER;5;20260401;085000;314.5;314.54;314.49;314.51;15967
SBER;5;20260401;085500;314.53;314.55;314.49;314.55;12307
SBER;5;20260401;090000;314.55;315;314.54;315;281323
SBER;5;20260401;090500;314.98;315;314.85;314.91;59318
SBER;5;20260401;091000;314.91;314.96;314.86;314.89;34224
SBER;5;20260401;091500;314.9;314.97;314.86;314.92;50762
SBER;5;20260401;092000;314.93;314.94;314.64;314.81;77074
SBER;5;20260401;092500;314.82;314.84;314.77;314.8;42135
SBER;5;20260401;093000;314.81;314.84;314.75;314.81;65897
SBER;5;20260401;093500;314.8;315.01;314.79;315.01;116859
SBER;5;20260401;094000;315.01;315.16;314.94;315.14;113655
SBER;5;20260401;094500;315.14;315.16;315.1;315.15;41770
SBER;5;20260401;095000;315.16;315.16;314.95;314.95;85417
SBER;5;20260401;095500;314.97;315;314.75;314.97;26199
SBER;5;20260401;100000;314.99;315.2;314.95;315.14;203582
SBER;5;20260401;100500;315.12;315.97;315.12;315.78;719304
SBER;5;20260401;101000;315.78;316.7;315.72;316.7;1329162
SBER;5;20260401;101500;316.7;317;316.68;316.7;901072
SBER;5;20260401;102000;316.71;316.79;316.32;316.39;397860
SBER;5;20260401;102500;316.39;316.75;316.36;316.54;634619
SBER;5;20260401;103000;316.5;316.88;316.49;316.66;272539
SBER;5;20260401;103500;316.63;316.66;316.42;316.43;73548
SBER;5;20260401;104000;316.42;316.63;316.36;316.52;128137
SBER;5;20260401;104500;316.53;316.53;316.36;316.4;86928
SBER;5;20260401;105000;316.41;316.99;316.19;316.72;615931
SBER;5;20260401;105500;316.72;316.81;316.58;316.75;188771
SBER;5;20260401;110000;316.76;317.1;316.74;316.74;515003
SBER;5;20260401;110500;316.75;316.86;316.57;316.61;92837
SBER;5;20260401;111000;316.61;316.73;316.56;316.71;121633
SBER;5;20260401;111500;316.71;316.89;316.54;316.85;189190
SBER;5;20260401;112000;316.84;317;316.77;317;173118
SBER;5;20260401;112500;316.99;317.15;316.98;317.1;254691
SBER;5;20260401;113000;317.09;317.1;316.89;316.98;162378
SBER;5;20260401;113500;316.96;317.09;316.88;317.09;205562
SBER;5;20260401;114000;317.09;317.09;316.93;317.02;117722
SBER;5;20260401;114500;316.99;317.09;316.84;316.9;216419
SBER;5;20260401;115000;316.9;316.98;316.7;316.71;66916
SBER;5;20260401;115500;316.7;316.75;316.64;316.67;77458
SBER;5;20260401;120000;316.67;316.8;316.62;316.66;138404
SBER;5;20260401;120500;316.66;316.66;316.38;316.44;172088
SBER;5;20260401;121000;316.45;316.5;316.25;316.36;178192
SBER;5;20260401;121500;316.36;316.59;316.36;316.55;75106
SBER;5;20260401;122000;316.52;316.55;316.4;316.41;20987
SBER;5;20260401;122500;316.41;316.42;316.28;316.42;70014
SBER;5;20260401;123000;316.39;316.55;316.37;316.39;63774
SBER;5;20260401;123500;316.38;316.51;316.36;316.51;60323
SBER;5;20260401;124000;316.5;316.73;316.5;316.72;98809
SBER;5;20260401;124500;316.71;316.94;316.71;316.9;107517
SBER;5;20260401;125000;316.9;316.95;316.8;316.95;61991
SBER;5;20260401;125500;316.95;316.98;316.84;316.89;72232
SBER;5;20260401;130000;316.92;316.99;316.82;316.84;119738
SBER;5;20260401;130500;316.85;316.86;316.74;316.86;34303
SBER;5;20260401;131000;316.86;316.86;316.7;316.7;21067
SBER;5;20260401;131500;316.71;316.76;316.65;316.75;62472
SBER;5;20260401;132000;316.76;316.99;316.76;316.98;139941
SBER;5;20260401;132500;316.98;317;316.96;316.98;81845
SBER;5;20260401;133000;316.97;317;316.96;316.99;168616
SBER;5;20260401;133500;316.99;316.99;316.54;316.69;146464
SBER;5;20260401;134000;316.7;316.9;316.7;316.88;70384
SBER;5;20260401;134500;316.89;316.9;316.82;316.9;41492
SBER;5;20260401;135000;316.89;317.08;316.88;317.06;270994
SBER;5;20260401;135500;317.07;317.47;317.06;317.24;340645
SBER;5;20260401;140000;317.24;317.42;317.22;317.3;141053
SBER;5;20260401;140500;317.3;317.31;317;317.06;62447
SBER;5;20260401;141000;317.06;317.26;317.05;317.25;65773
SBER;5;20260401;141500;317.25;317.4;317.05;317.05;147435
SBER;5;20260401;142000;317.05;317.05;316.77;316.8;129727
SBER;5;20260401;142500;316.8;316.85;316.58;316.65;169257
SBER;5;20260401;143000;316.65;316.69;316.56;316.66;91411
SBER;5;20260401;143500;316.67;316.67;316.37;316.43;279480
SBER;5;20260401;144000;316.43;316.66;316.42;316.58;95465
SBER;5;20260401;144500;316.58;316.62;316.42;316.42;99279
SBER;5;20260401;145000;316.43;316.56;316.37;316.55;35809
SBER;5;20260401;145500;316.54;316.56;316.49;316.49;48679
SBER;5;20260401;150000;316.49;316.5;316.28;316.34;125440
SBER;5;20260401;150500;316.34;316.4;316.33;316.4;50884
SBER;5;20260401;151000;316.39;316.4;316.29;316.36;142702
SBER;5;20260401;151500;316.38;316.45;316.36;316.43;44291
SBER;5;20260401;152000;316.45;316.78;316.42;316.43;104198
SBER;5;20260401;152500;316.43;316.5;316.37;316.49;47856
SBER;5;20260401;153000;316.5;316.68;316.47;316.55;90260
SBER;5;20260401;153500;316.55;316.65;316.5;316.58;36033
SBER;5;20260401;154000;316.58;316.63;316.1;316.15;285654
SBER;5;20260401;154500;316.15;316.35;316;316.28;138446
SBER;5;20260401;155000;316.27;316.29;316.15;316.25;39618
SBER;5;20260401;155500;316.25;316.25;316.06;316.15;44195
SBER;5;20260401;160000;316.17;316.24;316.15;316.23;19857
SBER;5;20260401;160500;316.2;316.26;316.18;316.18;16077
SBER;5;20260401;161000;316.17;316.45;316.16;316.34;70843
SBER;5;20260401;161500;316.33;316.4;316.32;316.4;28011
SBER;5;20260401;162000;316.4;316.56;316.37;316.56;99549
SBER;5;20260401;162500;316.56;316.56;316.44;316.46;59239
SBER;5;20260401;163000;316.46;316.46;316.15;316.19;85048
SBER;5;20260401;163500;316.21;316.23;316.1;316.18;65631
SBER;5;20260401;164000;316.2;316.26;316.18;316.25;34604
SBER;5;20260401;164500;316.26;316.28;316;316.21;392669
SBER;5;20260401;165000;316.21;316.3;316.2;316.3;93496
SBER;5;20260401;165500;316.3;316.48;316.29;316.42;74774
SBER;5;20260401;170000;316.4;316.56;316.39;316.5;90102
SBER;5;20260401;170500;316.5;316.5;316.35;316.4;26867
SBER;5;20260401;171000;316.4;316.42;316.33;316.39;27194
SBER;5;20260401;171500;316.38;316.4;316.34;316.38;15865
SBER;5;20260401;172000;316.38;316.43;316.3;316.31;38890
SBER;5;20260401;172500;316.31;316.38;316.2;316.29;28154
SBER;5;20260401;173000;316.28;316.41;316.28;316.33;28905
SBER;5;20260401;173500;316.34;316.44;316.28;316.29;43992
SBER;5;20260401;174000;316.28;316.54;316.25;316.51;80136
SBER;5;20260401;174500;316.51;316.55;316.5;316.54;51236
SBER;5;20260401;175000;316.54;316.9;316.52;316.76;164684
SBER;5;20260401;175500;316.75;316.85;316.73;316.8;64805
SBER;5;20260401;180000;316.8;316.98;316.8;316.8;107176
SBER;5;20260401;180500;316.81;316.82;316.64;316.68;38570
SBER;5;20260401;181000;316.68;316.7;316.56;316.6;51637
SBER;5;20260401;181500;316.6;316.62;316.51;316.54;35284
SBER;5;20260401;182000;316.54;316.63;316.53;316.56;37919
SBER;5;20260401;182500;316.55;316.62;316.5;316.51;171565
SBER;5;20260401;183000;316.53;316.77;316.52;316.7;129905
SBER;5;20260401;183500;316.71;316.84;316.57;316.73;92100
SBER;5;20260401;184000;316.7;316.73;316.58;316.65;36574
SBER;5;20260401;184500;316.65;316.68;316.62;316.67;12478
SBER;5;20260401;185000;316.66;316.68;316.6;316.68;30657
SBER;5;20260401;185500;316.5;316.5;316.5;316.5;14935
SBER;5;20260401;190000;316.5;316.84;316.5;316.84;28624
SBER;5;20260401;190500;316.84;316.84;316.67;316.84;60709
SBER;5;20260401;191000;316.84;316.88;316.75;316.8;11709
SBER;5;20260401;191500;316.81;317;316.8;316.99;195284
SBER;5;20260401;192000;316.98;317.2;316.93;317.01;224557
SBER;5;20260401;192500;317.01;317.3;317;317.21;114475
SBER;5;20260401;193000;317.21;317.27;317.11;317.13;138508
SBER;5;20260401;193500;317.13;317.14;317.08;317.1;31260
SBER;5;20260401;194000;317.09;317.1;316.93;316.94;12668
SBER;5;20260401;194500;316.93;316.93;316.87;316.88;23501
SBER;5;20260401;195000;316.88;316.89;316.88;316.89;6264
SBER;5;20260401;195500;316.89;316.94;316.88;316.94;7523
SBER;5;20260401;200000;316.95;317.12;316.95;317.11;25687
SBER;5;20260401;200500;317.1;317.11;316.93;316.97;16489
SBER;5;20260401;201000;316.97;317.05;316.85;317.02;30237
SBER;5;20260401;201500;317.02;317.02;316.98;316.99;7314
SBER;5;20260401;202000;317;317;316.8;316.9;46004
SBER;5;20260401;202500;316.88;316.98;316.85;316.95;6669
SBER;5;20260401;203000;316.93;317;316.93;317;14175
SBER;5;20260401;203500;317;317;316.88;316.98;4537
SBER;5;20260401;204000;316.99;316.99;316.7;316.82;53442
SBER;5;20260401;204500;316.81;316.82;316.7;316.72;19052
SBER;5;20260401;205000;316.72;316.77;316.71;316.77;5983
SBER;5;20260401;205500;316.77;316.77;316.72;316.75;10669
SBER;5;20260401;210000;316.75;316.82;316.73;316.81;5526
SBER;5;20260401;210500;316.81;316.83;316.8;316.8;13656
SBER;5;20260401;211000;316.81;316.81;316.72;316.75;12041
SBER;5;20260401;211500;316.74;316.8;316.74;316.8;14563
SBER;5;20260401;212000;316.8;316.8;316.75;316.77;4918
SBER;5;20260401;212500;316.77;316.8;316.75;316.79;5929
SBER;5;20260401;213000;316.78;316.79;316.77;316.79;13546
SBER;5;20260401;213500;316.78;316.79;316.77;316.78;51443
SBER;5;20260401;214000;316.79;316.82;316.78;316.81;51308
SBER;5;20260401;214500;316.81;316.82;316.76;316.8;41481
SBER;5;20260401;215000;316.81;316.82;316.79;316.81;26836
SBER;5;20260401;215500;316.8;316.82;316.77;316.78;28090
SBER;5;20260401;220000;316.8;316.81;316.78;316.79;15144
SBER;5;20260401;220500;316.79;316.8;316.78;316.79;12098
SBER;5;20260401;221000;316.79;316.83;316.78;316.83;110106
SBER;5;20260401;221500;316.82;316.93;316.82;316.89;58407
SBER;5;20260401;222000;316.89;316.92;316.84;316.89;31927
SBER;5;20260401;222500;316.89;316.92;316.84;316.84;41576
SBER;5;20260401;223000;316.86;316.88;316.84;316.87;11637
SBER;5;20260401;223500;316.87;316.9;316.81;316.84;41761
SBER;5;20260401;224000;316.86;316.89;316.84;316.87;14878
SBER;5;20260401;224500;316.87;316.9;316.83;316.83;13880
SBER;5;20260401;225000;316.84;316.87;316.81;316.84;33934
SBER;5;20260401;225500;316.83;316.91;316.82;316.9;24735
SBER;5;20260401;230000;316.9;316.9;316.88;316.9;26794
SBER;5;20260401;230500;316.9;316.9;316.85;316.85;13402
SBER;5;20260401;231000;316.87;316.9;316.86;316.88;34388
SBER;5;20260401;231500;316.89;316.93;316.88;316.89;96873
SBER;5;20260401;232000;316.9;316.99;316.88;316.92;50416
SBER;5;20260401;232500;316.94;316.96;316.88;316.92;26995
SBER;5;20260401;233000;316.93;316.95;316.77;316.8;74633
SBER;5;20260401;233500;316.78;316.86;316.75;316.86;21234
SBER;5;20260401;234000;316.86;316.87;316.65;316.75;58233
SBER;5;20260401;234500;316.78;316.94;316.61;316.71;82364
SBER;5;20260402;070000;316.75;316.75;316.66;316.75;50488
SBER;5;20260402;070500;316.75;317.21;316.74;316.99;20145
SBER;5;20260402;071000;317.01;317.01;316.69;316.82;33481
SBER;5;20260402;071500;316.83;316.93;316.71;316.76;7572
SBER;5;20260402;072000;316.77;316.77;316.54;316.74;13111
SBER;5;20260402;072500;316.75;316.78;316.7;316.7;13680
SBER;5;20260402;073000;316.72;316.72;316.63;316.68;4505
SBER;5;20260402;073500;316.67;316.8;316.67;316.79;34900
SBER;5;20260402;074000;316.8;316.81;316.79;316.81;4865
SBER;5;20260402;074500;316.81;316.81;316.79;316.79;7973
SBER;5;20260402;075000;316.8;316.8;316.7;316.7;36124
SBER;5;20260402;075500;316.71;316.73;316.53;316.73;63382
SBER;5;20260402;080000;316.73;316.73;316.52;316.57;22355
SBER;5;20260402;080500;316.57;316.65;316.55;316.65;13058
SBER;5;20260402;081000;316.65;316.77;316.63;316.7;6632
SBER;5;20260402;081500;316.7;316.8;316.66;316.78;17611
SBER;5;20260402;082000;316.78;316.8;316.73;316.76;1941
SBER;5;20260402;082500;316.73;316.74;316.64;316.65;4907
SBER;5;20260402;083000;316.65;316.72;316.64;316.72;4740
SBER;5;20260402;083500;316.72;316.72;316.65;316.66;3240
SBER;5;20260402;084000;316.66;316.66;316.63;316.63;6346
SBER;5;20260402;084500;316.63;316.64;316.6;316.62;23953
SBER;5;20260402;085000;316.62;316.66;316.58;316.6;11192
SBER;5;20260402;085500;316.59;316.66;316.59;316.64;4693
SBER;5;20260402;090000;316.66;316.66;316.26;316.42;231141
SBER;5;20260402;090500;316.42;316.79;316.38;316.6;102275
SBER;5;20260402;091000;316.57;316.6;316.5;316.55;28265
SBER;5;20260402;091500;316.58;316.58;316.47;316.49;10784
SBER;5;20260402;092000;316.48;316.5;316.38;316.42;19582
SBER;5;20260402;092500;316.42;316.51;316.4;316.5;21521
SBER;5;20260402;093000;316.5;316.5;316.43;316.48;11988
SBER;5;20260402;093500;316.46;316.47;316.4;316.41;35740
SBER;5;20260402;094000;316.43;316.45;316.4;316.41;34489
SBER;5;20260402;094500;316.4;316.41;316.2;316.27;159099
SBER;5;20260402;095000;316.27;316.39;316.19;316.2;93114
SBER;5;20260402;095500;316.19;316.34;316.19;316.29;35389
SBER;5;20260402;100000;316.29;316.39;316.19;316.19;96450
SBER;5;20260402;100500;316.19;316.21;315.53;315.59;496956
SBER;5;20260402;101000;315.58;315.61;315.18;315.57;272922
SBER;5;20260402;101500;315.54;315.66;315.51;315.64;98473
SBER;5;20260402;102000;315.64;316.04;315.54;315.77;111150
SBER;5;20260402;102500;315.79;315.79;315.65;315.71;27444
SBER;5;20260402;103000;315.71;315.77;315.7;315.72;43514
SBER;5;20260402;103500;315.73;315.74;315.7;315.74;54223
SBER;5;20260402;104000;315.73;315.74;315.7;315.74;35070
SBER;5;20260402;104500;315.73;315.74;315.7;315.71;32385
SBER;5;20260402;105000;315.71;315.71;315.63;315.65;105745
SBER;5;20260402;105500;315.64;316.25;315.64;316.08;366502
SBER;5;20260402;110000;316.07;316.39;316.03;316.28;102949
SBER;5;20260402;110500;316.29;316.29;316.12;316.13;19684
SBER;5;20260402;111000;316.14;316.47;316.05;316.34;109342
SBER;5;20260402;111500;316.34;316.42;316.25;316.3;67978
SBER;5;20260402;112000;316.31;316.52;316.3;316.51;61294
SBER;5;20260402;112500;316.51;316.7;316.09;316.17;272583
SBER;5;20260402;113000;316.17;316.38;316.04;316.34;119081
SBER;5;20260402;113500;316.36;316.47;316.18;316.25;114861
SBER;5;20260402;114000;316.25;316.5;316.24;316.4;125433
SBER;5;20260402;114500;316.42;316.47;316.28;316.44;18224
SBER;5;20260402;115000;316.45;316.59;316.31;316.44;192011
SBER;5;20260402;115500;316.42;316.46;316.32;316.34;16380
SBER;5;20260402;120000;316.34;316.34;315.87;315.89;79084
SBER;5;20260402;120500;315.9;316.05;315.89;316.05;35776
SBER;5;20260402;121000;316.05;316.05;316.04;316.04;22063
SBER;5;20260402;121500;316.05;316.32;316.04;316.32;25780
SBER;5;20260402;122000;316.32;316.36;316.25;316.36;31220
SBER;5;20260402;122500;316.35;316.41;316.26;316.28;52132
SBER;5;20260402;123000;316.28;316.35;316.27;316.31;21016
SBER;5;20260402;123500;316.31;316.31;316.17;316.27;33786
SBER;5;20260402;124000;316.25;316.3;316.2;316.22;14169
SBER;5;20260402;124500;316.2;316.27;316.16;316.24;22166
SBER;5;20260402;125000;316.26;316.32;316.22;316.27;26651
SBER;5;20260402;125500;316.29;316.4;316.26;316.4;18655
SBER;5;20260402;130000;316.4;316.4;316.3;316.36;53641
SBER;5;20260402;130500;316.36;316.43;316.34;316.43;56109
SBER;5;20260402;131000;316.43;316.49;316.41;316.48;32498
SBER;5;20260402;131500;316.48;316.55;316.48;316.51;54653
SBER;5;20260402;132000;316.52;316.53;316.48;316.5;25388
SBER;5;20260402;132500;316.5;316.53;316.24;316.24;56935
SBER;5;20260402;133000;316.25;316.28;316.15;316.2;53114
SBER;5;20260402;133500;316.2;316.36;316.16;316.23;71533
SBER;5;20260402;134000;316.24;316.46;316.24;316.4;23117
SBER;5;20260402;134500;316.41;316.44;316.23;316.24;43635
SBER;5;20260402;135000;316.24;316.39;316.24;316.37;43284
SBER;5;20260402;135500;316.37;316.46;316.32;316.33;46496
SBER;5;20260402;140000;316.33;316.36;316.25;316.26;16434
SBER;5;20260402;140500;316.26;316.46;316.26;316.4;30172
SBER;5;20260402;141000;316.4;316.42;316.31;316.33;24366
SBER;5;20260402;141500;316.31;316.39;316.31;316.39;19125
SBER;5;20260402;142000;316.38;316.4;316.3;316.36;24889
SBER;5;20260402;142500;316.36;316.4;316.15;316.18;89306
SBER;5;20260402;143000;316.18;316.26;316.16;316.22;29456
SBER;5;20260402;143500;316.22;316.22;316.15;316.17;13164
SBER;5;20260402;144000;316.17;316.25;316.15;316.17;24062
SBER;5;20260402;144500;316.17;316.23;316.15;316.2;93845
SBER;5;20260402;145000;316.2;316.3;316.2;316.2;43188
SBER;5;20260402;145500;316.2;316.26;316.18;316.2;24150
SBER;5;20260402;150000;316.2;316.35;316.19;316.28;46628
SBER;5;20260402;150500;316.28;316.33;316.17;316.19;31398
SBER;5;20260402;151000;316.21;316.24;316.15;316.15;26801
SBER;5;20260402;151500;316.15;316.17;316.15;316.16;15135
SBER;5;20260402;152000;316.16;316.17;316.08;316.08;37773
SBER;5;20260402;152500;316.08;316.23;316.04;316.14;64735
SBER;5;20260402;153000;316.14;316.25;316.14;316.24;45094
SBER;5;20260402;153500;316.23;316.3;316.2;316.26;16303
SBER;5;20260402;154000;316.26;316.3;316.23;316.25;11303
SBER;5;20260402;154500;316.23;316.26;316.04;316.06;130657
SBER;5;20260402;155000;316.08;316.32;316.06;316.26;31813
SBER;5;20260402;155500;316.26;316.34;316.26;316.33;15955
SBER;5;20260402;160000;316.3;316.33;316.24;316.28;13460
SBER;5;20260402;160500;316.28;316.5;316.27;316.42;75553
SBER;5;20260402;161000;316.41;316.64;316.36;316.63;146723
SBER;5;20260402;161500;316.64;316.69;316.5;316.54;65840
SBER;5;20260402;162000;316.54;316.57;316.4;316.56;34047
SBER;5;20260402;162500;316.55;316.79;316.55;316.77;214434
SBER;5;20260402;163000;316.77;316.81;316.75;316.8;118815
SBER;5;20260402;163500;316.81;316.81;316.76;316.76;44875
SBER;5;20260402;164000;316.76;316.79;316.75;316.78;31083
SBER;5;20260402;164500;316.79;316.8;316.7;316.73;67640
SBER;5;20260402;165000;316.73;316.76;316.65;316.69;33687
SBER;5;20260402;165500;316.68;316.73;316.68;316.71;15525
SBER;5;20260402;170000;316.71;316.74;316.62;316.68;47486
SBER;5;20260402;170500;316.68;316.69;316.41;316.56;100120
SBER;5;20260402;171000;316.56;316.61;316.56;316.59;87585
SBER;5;20260402;171500;316.59;316.6;316.59;316.59;24047
SBER;5;20260402;172000;316.6;316.6;316.48;316.48;87430
SBER;5;20260402;172500;316.48;316.49;316.38;316.44;35949
SBER;5;20260402;173000;316.44;316.51;316.44;316.5;29318
SBER;5;20260402;173500;316.49;316.5;316.2;316.32;44465
SBER;5;20260402;174000;316.31;316.44;316.3;316.3;40831
SBER;5;20260402;174500;316.3;316.31;316.19;316.2;252901
SBER;5;20260402;175000;316.2;316.39;316.18;316.19;185249
SBER;5;20260402;175500;316.19;316.32;316.18;316.21;61475
SBER;5;20260402;180000;316.22;316.23;316.18;316.21;54566
SBER;5;20260402;180500;316.22;316.34;316.21;316.3;36182
SBER;5;20260402;181000;316.3;316.37;316.13;316.27;90408
SBER;5;20260402;181500;316.27;316.29;316.2;316.26;25224
SBER;5;20260402;182000;316.27;316.43;316.19;316.21;45434
SBER;5;20260402;182500;316.22;316.32;316.2;316.32;40145
SBER;5;20260402;183000;316.32;316.39;316.32;316.38;12193
SBER;5;20260402;183500;316.36;316.43;316.33;316.36;23006
SBER;5;20260402;184000;316.34;316.44;316.34;316.37;7950
SBER;5;20260402;184500;316.37;316.37;316.32;316.32;2732
SBER;5;20260402;185000;316.32;316.32;316.24;316.24;13456
SBER;5;20260402;185500;316.2;316.2;316.2;316.2;4440
SBER;5;20260402;190000;316.22;316.28;316.22;316.26;6742
SBER;5;20260402;190500;316.26;316.31;316.2;316.3;25006
SBER;5;20260402;191000;316.3;316.3;316.23;316.23;15104
SBER;5;20260402;191500;316.24;316.25;316.21;316.22;13112
SBER;5;20260402;192000;316.22;316.25;316.22;316.24;2324
SBER;5;20260402;192500;316.24;316.25;316.2;316.25;89846
SBER;5;20260402;193000;316.25;316.25;316.21;316.25;13543
SBER;5;20260402;193500;316.25;316.25;316.2;316.25;11628
SBER;5;20260402;194000;316.25;316.25;316.24;316.25;1897
SBER;5;20260402;194500;316.25;316.25;316.18;316.21;24453
SBER;5;20260402;195000;316.2;316.21;316.19;316.2;5135
SBER;5;20260402;195500;316.21;316.24;316.19;316.22;1889
SBER;5;20260402;200000;316.24;316.24;316.21;316.21;9814
SBER;5;20260402;200500;316.22;316.23;316.21;316.23;1965
SBER;5;20260402;201000;316.23;316.23;316.21;316.23;4262
SBER;5;20260402;201500;316.23;316.23;316.21;316.22;8083
SBER;5;20260402;202000;316.23;316.23;316.22;316.23;5304
SBER;5;20260402;202500;316.22;316.22;316.2;316.22;11130
SBER;5;20260402;203000;316.21;316.25;316.21;316.24;22880
SBER;5;20260402;203500;316.24;316.25;316.23;316.25;1861
SBER;5;20260402;204000;316.25;316.25;316.24;316.25;3223
SBER;5;20260402;204500;316.25;316.25;316.23;316.23;7013
SBER;5;20260402;205000;316.24;316.25;316.23;316.25;11931
SBER;5;20260402;205500;316.24;316.25;316.23;316.25;26085
SBER;5;20260402;210000;316.25;316.25;316.24;316.25;7823
SBER;5;20260402;210500;316.24;316.32;316.24;316.31;27761
SBER;5;20260402;211000;316.32;316.33;316.31;316.32;64692
SBER;5;20260402;211500;316.33;316.33;316.32;316.33;12412
SBER;5;20260402;212000;316.33;316.33;316.31;316.32;43227
SBER;5;20260402;212500;316.32;316.4;316.31;316.35;58700
SBER;5;20260402;213000;316.36;316.4;316.35;316.38;5538
SBER;5;20260402;213500;316.38;316.4;316.33;316.39;11707
SBER;5;20260402;214000;316.39;316.39;316.33;316.34;3079
SBER;5;20260402;214500;316.33;316.39;316.33;316.37;9953
SBER;5;20260402;215000;316.37;316.37;316.27;316.29;14100
SBER;5;20260402;215500;316.29;316.29;316.24;316.25;29780
SBER;5;20260402;220000;316.26;316.28;316.24;316.25;14413
SBER;5;20260402;220500;316.25;316.28;316.24;316.27;3604
SBER;5;20260402;221000;316.27;316.3;316.26;316.29;8510
SBER;5;20260402;221500;316.29;316.3;316.25;316.26;6956
SBER;5;20260402;222000;316.25;316.3;316.23;316.3;10123
SBER;5;20260402;222500;316.28;316.29;316.24;316.29;3363
SBER;5;20260402;223000;316.27;316.36;316.27;316.33;12804
SBER;5;20260402;223500;316.32;316.33;316.25;316.29;8422
SBER;5;20260402;224000;316.28;316.32;316.28;316.3;6776
SBER;5;20260402;224500;316.31;316.32;316.3;316.31;1913
SBER;5;20260402;225000;316.31;316.35;316.3;316.34;6475
SBER;5;20260402;225500;316.31;316.35;316.31;316.34;3822
SBER;5;20260402;230000;316.33;316.33;316.31;316.32;2766
SBER;5;20260402;230500;316.32;316.32;316.23;316.24;9371
SBER;5;20260402;231000;316.24;316.27;316.23;316.27;16850
SBER;5;20260402;231500;316.27;316.32;316.18;316.19;44397
SBER;5;20260402;232000;316.19;316.21;316.06;316.1;76121
SBER;5;20260402;232500;316.07;316.09;316.02;316.02;102074
SBER;5;20260402;233000;316.02;316.09;316.02;316.06;81795
SBER;5;20260402;233500;316.06;316.17;316.05;316.08;31705
SBER;5;20260402;234000;316.08;316.24;316.07;316.23;23183
SBER;5;20260402;234500;316.22;316.4;316.22;316.27;62051
SBER;5;20260403;070000;316.49;316.67;316.47;316.53;27021
SBER;5;20260403;070500;316.5;316.53;316.2;316.47;59691
SBER;5;20260403;071000;316.47;316.5;316.4;316.48;25125
SBER;5;20260403;071500;316.49;316.5;316.48;316.49;14749
SBER;5;20260403;072000;316.5;316.59;316.49;316.59;23601
SBER;5;20260403;072500;316.59;316.65;316.53;316.65;38680
SBER;5;20260403;073000;316.64;316.88;316.6;316.85;133398
SBER;5;20260403;073500;316.83;316.88;316.6;316.67;100263
SBER;5;20260403;074000;316.67;316.67;316.6;316.63;6392
SBER;5;20260403;074500;316.63;316.78;316.62;316.76;20061
SBER;5;20260403;075000;316.76;316.76;316.63;316.68;9126
SBER;5;20260403;075500;316.71;316.77;316.68;316.75;8166
SBER;5;20260403;080000;316.77;316.79;316.72;316.78;5875
SBER;5;20260403;080500;316.79;316.83;316.78;316.82;17917
SBER;5;20260403;081000;316.83;316.87;316.72;316.76;36758
SBER;5;20260403;081500;316.78;316.85;316.76;316.81;4107
SBER;5;20260403;082000;316.81;316.87;316.76;316.86;12575
SBER;5;20260403;082500;316.86;316.87;316.78;316.8;16078
SBER;5;20260403;083000;316.83;316.87;316.81;316.87;28454
SBER;5;20260403;083500;316.87;316.87;316.75;316.87;37032
SBER;5;20260403;084000;316.83;316.87;316.79;316.81;19282
SBER;5;20260403;084500;316.82;316.86;316.78;316.82;9104
SBER;5;20260403;085000;316.82;316.86;316.8;316.86;12030
SBER;5;20260403;085500;316.84;316.88;316.84;316.87;25450
SBER;5;20260403;090000;316.85;316.86;316.8;316.82;24951
SBER;5;20260403;090500;316.82;316.82;316.63;316.73;42757
SBER;5;20260403;091000;316.73;317.41;316.69;317.23;310104
SBER;5;20260403;091500;317.24;317.26;316.91;317.14;115345
SBER;5;20260403;092000;317.14;317.14;317;317.08;64592
SBER;5;20260403;092500;317.08;317.14;317.06;317.12;86466
SBER;5;20260403;093000;317.12;317.14;316.9;317.04;68511
SBER;5;20260403;093500;317.04;317.06;316.81;316.98;27112
SBER;5;20260403;094000;316.98;317;316.93;316.95;13101
SBER;5;20260403;094500;316.94;316.94;316.87;316.89;26893
SBER;5;20260403;095000;316.89;317;316.89;316.95;141450
SBER;5;20260403;095500;316.95;317;316.91;316.96;33646
SBER;5;20260403;100000;316.96;317.05;316.9;316.91;48994
SBER;5;20260403;100500;316.92;316.96;316.9;316.91;54842
SBER;5;20260403;101000;316.91;317;316.79;316.87;47096
SBER;5;20260403;101500;316.87;316.88;316.73;316.8;52808
SBER;5;20260403;102000;316.81;316.96;316.8;316.95;30525
SBER;5;20260403;102500;316.95;316.95;316.6;316.6;109010
SBER;5;20260403;103000;316.61;316.61;316.21;316.44;183918
SBER;5;20260403;103500;316.45;316.58;316.44;316.56;106161
SBER;5;20260403;104000;316.56;316.63;316.5;316.63;93732
SBER;5;20260403;104500;316.63;316.63;316.2;316.31;154442
SBER;5;20260403;105000;316.31;316.47;316.07;316.16;271437
SBER;5;20260403;105500;316.16;316.23;316.02;316.04;114008
SBER;5;20260403;110000;316.04;316.21;316.03;316.2;58916
SBER;5;20260403;110500;316.21;316.36;316.2;316.36;71927
SBER;5;20260403;111000;316.34;316.36;316.24;316.32;37975
SBER;5;20260403;111500;316.33;316.44;316.3;316.41;49030
SBER;5;20260403;112000;316.4;316.5;316.32;316.4;95304
SBER;5;20260403;112500;316.4;316.44;316.39;316.43;51765
SBER;5;20260403;113000;316.45;316.5;316.42;316.45;35496
SBER;5;20260403;113500;316.45;316.5;316.43;316.47;35648
SBER;5;20260403;114000;316.46;316.5;316.06;316.09;136493
SBER;5;20260403;114500;316.17;316.39;316.14;316.26;72796
SBER;5;20260403;115000;316.27;316.27;316.15;316.2;28767
SBER;5;20260403;115500;316.18;316.28;316.17;316.23;36045
SBER;5;20260403;120000;316.23;316.26;316.18;316.22;34898
SBER;5;20260403;120500;316.23;316.25;316.16;316.18;17667
SBER;5;20260403;121000;316.18;316.2;315.55;315.71;841003
SBER;5;20260403;121500;315.71;315.83;315.58;315.76;113417
SBER;5;20260403;122000;315.75;315.89;315.74;315.84;57764
SBER;5;20260403;122500;315.81;315.85;315.22;315.32;414477
SBER;5;20260403;123000;315.3;315.32;315;315.16;489765
SBER;5;20260403;123500;315.19;315.21;315;315.15;252933
SBER;5;20260403;124000;315.15;315.27;315.15;315.17;123362
SBER;5;20260403;124500;315.17;315.18;315;315.06;212726
SBER;5;20260403;125000;315.06;315.33;315;315.18;153047
SBER;5;20260403;125500;315.16;315.21;315.15;315.16;102002
SBER;5;20260403;130000;315.16;315.16;315;315.13;174661
SBER;5;20260403;130500;315.13;315.55;315.12;315.48;142116
SBER;5;20260403;131000;315.47;315.7;315.43;315.68;75556
SBER;5;20260403;131500;315.67;315.71;315.67;315.69;31051
SBER;5;20260403;132000;315.69;315.7;315.6;315.62;119096
SBER;5;20260403;132500;315.63;315.65;315.62;315.62;130120
SBER;5;20260403;133000;315.62;315.65;315.57;315.58;81742
SBER;5;20260403;133500;315.57;315.64;315.53;315.64;87575
SBER;5;20260403;134000;315.64;315.7;315.61;315.7;41229
SBER;5;20260403;134500;315.7;315.81;315.67;315.78;19533
SBER;5;20260403;135000;315.78;315.8;315.63;315.67;79368
SBER;5;20260403;135500;315.68;315.68;315.38;315.44;77641
SBER;5;20260403;140000;315.43;315.44;315.13;315.29;96793
SBER;5;20260403;140500;315.29;315.4;315.12;315.25;148299
SBER;5;20260403;141000;315.24;315.32;315.2;315.3;19984
SBER;5;20260403;141500;315.31;315.36;315.25;315.28;29450
SBER;5;20260403;142000;315.28;315.29;315.23;315.23;40254
SBER;5;20260403;142500;315.23;315.24;315.2;315.23;21308
SBER;5;20260403;143000;315.23;315.26;315.15;315.16;53860
SBER;5;20260403;143500;315.16;315.2;315.1;315.12;87288
SBER;5;20260403;144000;315.12;315.19;315.11;315.14;21821
SBER;5;20260403;144500;315.13;315.14;314.51;314.82;704725
SBER;5;20260403;145000;314.81;315.23;314.71;315.15;230636
SBER;5;20260403;145500;315.15;315.25;314.79;314.8;134831
SBER;5;20260403;150000;314.79;315.63;314.75;315.62;229052
SBER;5;20260403;150500;315.62;315.79;315.35;315.42;296225
SBER;5;20260403;151000;315.45;315.47;315.4;315.44;19607
SBER;5;20260403;151500;315.41;315.45;315.2;315.32;87276
SBER;5;20260403;152000;315.3;315.41;315.26;315.38;28793
SBER;5;20260403;152500;315.37;315.37;315.1;315.1;259021
SBER;5;20260403;153000;315.1;315.16;315;315.14;69166
SBER;5;20260403;153500;315.16;315.2;315;315.08;104466
SBER;5;20260403;154000;315.08;315.1;315.03;315.06;61069
SBER;5;20260403;154500;315.05;315.09;315;315.01;175252
SBER;5;20260403;155000;315.01;315.01;314.95;315;30242
SBER;5;20260403;155500;315;315.36;314.97;315.26;76316
SBER;5;20260403;160000;315.26;315.26;314.88;314.97;122395
SBER;5;20260403;160500;314.95;315.12;314.9;315.01;88741
SBER;5;20260403;161000;315;315.1;315;315.04;36126
SBER;5;20260403;161500;315.04;315.07;315;315.03;16900
SBER;5;20260403;162000;315.01;315.08;315;315;91247
SBER;5;20260403;162500;315.01;315.01;315;315;54774
SBER;5;20260403;163000;315;315.01;315;315.01;66269
SBER;5;20260403;163500;315.01;315.01;314.78;314.79;158293
SBER;5;20260403;164000;314.79;314.79;314.51;314.54;360095
SBER;5;20260403;164500;314.54;314.59;314.51;314.59;119560
SBER;5;20260403;165000;314.58;314.59;314.56;314.57;46092
SBER;5;20260403;165500;314.57;314.57;314.55;314.56;55578
SBER;5;20260403;170000;314.55;314.57;314.51;314.53;154264
SBER;5;20260403;170500;314.53;314.53;314.25;314.28;192478
SBER;5;20260403;171000;314.27;314.44;314.25;314.4;178900
SBER;5;20260403;171500;314.39;314.4;314.34;314.35;56563
SBER;5;20260403;172000;314.35;314.35;314.21;314.22;146264
SBER;5;20260403;172500;314.22;314.4;314.21;314.4;72844
SBER;5;20260403;173000;314.41;314.55;314.4;314.51;75189
SBER;5;20260403;173500;314.5;314.52;314.45;314.48;31301
SBER;5;20260403;174000;314.49;314.55;314.47;314.5;35574
SBER;5;20260403;174500;314.51;314.57;314.51;314.52;75434
SBER;5;20260403;175000;314.54;314.59;314.53;314.55;47463
SBER;5;20260403;175500;314.56;314.85;314.55;314.68;132696
SBER;5;20260403;180000;314.66;315.14;314.64;315.14;100182
SBER;5;20260403;180500;315.12;315.19;315.05;315.05;136329
SBER;5;20260403;181000;315.06;315.17;315.05;315.1;30912
SBER;5;20260403;181500;315.1;315.12;315.05;315.07;19083
SBER;5;20260403;182000;315.09;315.1;314.89;314.92;33482
SBER;5;20260403;182500;314.93;314.99;314.87;314.89;31637
SBER;5;20260403;183000;314.89;314.99;314.85;314.98;143756
SBER;5;20260403;183500;314.98;315.12;314.98;315.06;47505
SBER;5;20260403;184000;315.06;315.13;315.04;315.13;55794
SBER;5;20260403;184500;315.13;315.13;314.97;314.97;89912
SBER;5;20260403;185000;314.97;315.06;314.87;314.98;45225
SBER;5;20260403;185500;315;315;315;315;3151
SBER;5;20260403;190000;314.98;315.08;314.91;315.07;23142
SBER;5;20260403;190500;315.07;315.1;315.06;315.1;21435
SBER;5;20260403;191000;315.1;315.1;314.93;315.03;48681
SBER;5;20260403;191500;315.03;315.04;315;315.04;25895
SBER;5;20260403;192000;315.04;315.1;314.95;315.05;43942
SBER;5;20260403;192500;315.03;315.06;314.96;315.02;19809
SBER;5;20260403;193000;315.02;315.08;315;315.08;12635
SBER;5;20260403;193500;315.08;315.1;315.07;315.1;9720
SBER;5;20260403;194000;315.09;315.14;315.09;315.14;12049
SBER;5;20260403;194500;315.13;315.15;315.1;315.15;11810
SBER;5;20260403;195000;315.15;315.15;315.04;315.05;11037
SBER;5;20260403;195500;315.04;315.04;314.87;314.97;45635
SBER;5;20260403;200000;314.97;315.03;314.9;314.93;22490
SBER;5;20260403;200500;314.93;315.09;314.89;315.03;39938
SBER;5;20260403;201000;315.03;315.04;314.9;314.91;34170
SBER;5;20260403;201500;314.91;315;314.9;315;6810
SBER;5;20260403;202000;315;315;314.93;314.97;13935
SBER;5;20260403;202500;314.97;315.02;314.97;314.99;9300
SBER;5;20260403;203000;314.99;315.01;314.98;315.01;16064
SBER;5;20260403;203500;315.01;315.04;315;315.04;6811
SBER;5;20260403;204000;315.04;315.04;314.98;314.99;7798
SBER;5;20260403;204500;314.98;315;314.94;314.97;7118
SBER;5;20260403;205000;314.97;314.97;314.74;314.79;38070
SBER;5;20260403;205500;314.79;314.79;314.59;314.63;38262
SBER;5;20260403;210000;314.63;314.63;314.49;314.51;39525
SBER;5;20260403;210500;314.5;314.71;314.5;314.71;15695
SBER;5;20260403;211000;314.71;314.76;314.7;314.72;16369
SBER;5;20260403;211500;314.72;314.73;314.71;314.73;15419
SBER;5;20260403;212000;314.73;314.74;314.71;314.74;7993
SBER;5;20260403;212500;314.73;314.74;314.72;314.73;9748
SBER;5;20260403;213000;314.73;314.74;314.7;314.73;17416
SBER;5;20260403;213500;314.73;314.74;314.71;314.74;11054
SBER;5;20260403;214000;314.74;314.74;314.73;314.74;17206
SBER;5;20260403;214500;314.74;314.74;314.7;314.7;6624
SBER;5;20260403;215000;314.72;314.72;314.7;314.71;3691
SBER;5;20260403;215500;314.71;314.71;314.53;314.64;23498
SBER;5;20260403;220000;314.64;314.71;314.6;314.71;3254
SBER;5;20260403;220500;314.7;315.03;314.69;314.91;63445
SBER;5;20260403;221000;314.91;314.94;314.85;314.9;10364
SBER;5;20260403;221500;314.9;314.91;314.85;314.9;9141
SBER;5;20260403;222000;314.86;315;314.85;314.95;19098
SBER;5;20260403;222500;314.95;315;314.88;314.95;15933
SBER;5;20260403;223000;314.95;314.97;314.88;314.9;9669
SBER;5;20260403;223500;314.88;314.92;314.8;314.85;7158
SBER;5;20260403;224000;314.85;314.88;314.78;314.88;11912
SBER;5;20260403;224500;314.88;314.89;314.86;314.88;5480
SBER;5;20260403;225000;314.89;314.89;314.87;314.88;3269
SBER;5;20260403;225500;314.88;314.9;314.87;314.9;13509
SBER;5;20260403;230000;314.9;315.02;314.89;315.01;26842
SBER;5;20260403;230500;315.02;315.03;314.87;314.87;10959
SBER;5;20260403;231000;314.89;314.92;314.86;314.87;16925
SBER;5;20260403;231500;314.87;314.87;314.71;314.74;23606
SBER;5;20260403;232000;314.72;314.79;314.63;314.63;30409
SBER;5;20260403;232500;314.65;314.71;314.56;314.65;37178
SBER;5;20260403;233000;314.67;314.8;314.56;314.8;18649
SBER;5;20260403;233500;314.77;314.77;314.57;314.58;15349
SBER;5;20260403;234000;314.69;314.98;314.57;314.86;16999
SBER;5;20260403;234500;314.9;314.95;314.65;314.65;36057
SBER;5;20260404;095500;315.03;315.03;315.03;315.03;1555
SBER;5;20260404;100000;315.03;315.44;314.86;314.96;33379
SBER;5;20260404;100500;314.88;314.99;314.87;314.96;8436
SBER;5;20260404;101000;314.98;315;314.96;314.99;8262
SBER;5;20260404;101500;315;315;314.99;315;6206
SBER;5;20260404;102000;314.99;315;314.98;314.98;6118
SBER;5;20260404;102500;314.99;314.99;314.9;314.94;3463
SBER;5;20260404;103000;314.96;314.96;314.88;314.9;3502
SBER;5;20260404;103500;314.88;314.9;314.8;314.81;13977
SBER;5;20260404;104000;314.81;314.84;314.65;314.8;23791
SBER;5;20260404;104500;314.8;314.83;314.71;314.71;38447
SBER;5;20260404;105000;314.7;314.91;314.7;314.84;7691
SBER;5;20260404;105500;314.79;314.83;314.74;314.8;1099
SBER;5;20260404;110000;314.8;314.8;314.76;314.8;2518
SBER;5;20260404;110500;314.8;315;314.72;314.92;27653
SBER;5;20260404;111000;314.96;314.97;314.85;314.88;5346
SBER;5;20260404;111500;314.88;314.9;314.8;314.9;8680
SBER;5;20260404;112000;314.9;315;314.64;314.98;40556
SBER;5;20260404;112500;314.93;315;314.89;314.96;2683
SBER;5;20260404;113000;314.96;314.99;314.87;314.98;2270
SBER;5;20260404;113500;314.98;314.98;314.91;314.96;7095
SBER;5;20260404;114000;314.96;314.98;314.88;314.94;4134
SBER;5;20260404;114500;314.94;314.95;314.86;314.86;20036
SBER;5;20260404;115000;314.86;314.97;314.86;314.89;17398
SBER;5;20260404;115500;314.88;314.97;314.88;314.93;5920
SBER;5;20260404;120000;314.97;314.99;314.93;314.99;9187
SBER;5;20260404;120500;314.99;314.99;314.82;314.9;10589
SBER;5;20260404;121000;314.9;315.1;314.86;315.1;50833
SBER;5;20260404;121500;315.1;315.14;315.02;315.06;8938
SBER;5;20260404;122000;315.06;315.14;315.02;315.03;27815
SBER;5;20260404;122500;315.09;315.1;315;315.03;3360
SBER;5;20260404;123000;315.02;315.03;315;315;1638
SBER;5;20260404;123500;315.03;315.07;315;315.01;2423
SBER;5;20260404;124000;315.06;315.07;315.01;315.07;5219
SBER;5;20260404;124500;315.07;315.14;315.02;315.07;19121
SBER;5;20260404;125000;315.07;315.07;315.01;315.06;11601
SBER;5;20260404;125500;315.06;315.13;315.01;315.13;16752
SBER;5;20260404;130000;315.1;315.2;315.05;315.2;30496
SBER;5;20260404;130500;315.18;315.2;315.11;315.18;5392
SBER;5;20260404;131000;315.17;315.18;315.09;315.09;2497
SBER;5;20260404;131500;315.1;315.15;315.09;315.14;10244
SBER;5;20260404;132000;315.15;315.18;315.12;315.18;8453
SBER;5;20260404;132500;315.16;315.18;315.12;315.12;5422
SBER;5;20260404;133000;315.13;315.2;315.12;315.17;55527
SBER;5;20260404;133500;315.2;315.4;315.19;315.33;53372
SBER;5;20260404;134000;315.33;315.36;315.32;315.34;4155
SBER;5;20260404;134500;315.35;315.35;315.29;315.31;6103
SBER;5;20260404;135000;315.35;315.35;315.3;315.34;1573
SBER;5;20260404;135500;315.34;315.34;315.29;315.34;1457
SBER;5;20260404;140000;315.34;315.35;315.19;315.2;14926
SBER;5;20260404;140500;315.27;315.38;315.21;315.35;10082
SBER;5;20260404;141000;315.35;315.35;315.24;315.27;1154
SBER;5;20260404;141500;315.33;315.37;315.27;315.37;6602
SBER;5;20260404;142000;315.37;315.37;315.32;315.35;2934
SBER;5;20260404;142500;315.33;315.35;315.31;315.31;1570
SBER;5;20260404;143000;315.31;315.34;315.31;315.31;3215
SBER;5;20260404;143500;315.34;315.35;315.17;315.27;6012
SBER;5;20260404;144000;315.28;315.28;315.21;315.27;9181
SBER;5;20260404;144500;315.27;315.27;315.19;315.23;1897
SBER;5;20260404;145000;315.23;315.23;315.19;315.19;923
SBER;5;20260404;145500;315.2;315.2;314.95;315.11;43759
SBER;5;20260404;150000;315.11;315.11;314.9;315;17856
SBER;5;20260404;150500;315;315.06;314.9;315.06;5304
SBER;5;20260404;151000;315.06;315.09;315;315.03;1975
SBER;5;20260404;151500;315.03;315.09;315.01;315.07;1027
SBER;5;20260404;152000;315.07;315.09;315.01;315.03;1289
SBER;5;20260404;152500;315.03;315.04;314.9;314.95;8631
SBER;5;20260404;153000;314.99;315.01;314.95;315.01;3068
SBER;5;20260404;153500;315.01;315.01;315;315.01;3940
SBER;5;20260404;154000;315.01;315.01;315;315.01;2658
SBER;5;20260404;154500;315.01;315.01;315;315;1696
SBER;5;20260404;155000;315.01;315.01;314.95;314.99;4503
SBER;5;20260404;155500;314.96;315;314.91;314.99;7319
SBER;5;20260404;160000;314.99;315;314.97;314.99;1346
SBER;5;20260404;160500;314.99;314.99;314.95;314.97;765
SBER;5;20260404;161000;314.96;314.99;314.95;314.97;621
SBER;5;20260404;161500;314.97;314.98;314.95;314.98;1546
SBER;5;20260404;162000;314.98;314.99;314.94;314.95;1383
SBER;5;20260404;162500;314.99;315.03;314.95;315.03;3279
SBER;5;20260404;163000;315.03;315.04;315.01;315.04;1082
SBER;5;20260404;163500;315.04;315.09;315.01;315.08;1765
SBER;5;20260404;164000;315.08;315.09;315.05;315.09;2548
SBER;5;20260404;164500;315.09;315.09;315.05;315.09;2068
SBER;5;20260404;165000;315.09;315.09;315.04;315.05;1810
SBER;5;20260404;165500;315.05;315.14;315.02;315.13;4981
SBER;5;20260404;170000;315.06;315.13;315.02;315.11;1145
SBER;5;20260404;170500;315.1;315.25;315.05;315.24;5301
SBER;5;20260404;171000;315.24;315.24;315.11;315.12;1420
SBER;5;20260404;171500;315.11;315.22;315.06;315.2;5598
SBER;5;20260404;172000;315.13;315.2;315.07;315.19;3981
SBER;5;20260404;172500;315.19;315.2;315.18;315.18;1064
SBER;5;20260404;173000;315.19;315.2;315.18;315.18;1628
SBER;5;20260404;173500;315.19;315.19;315.18;315.19;1856
SBER;5;20260404;174000;315.19;315.2;315.18;315.19;8100
SBER;5;20260404;174500;315.19;315.24;315.18;315.18;4187
SBER;5;20260404;175000;315.23;315.28;315.18;315.2;9117
SBER;5;20260404;175500;315.23;315.23;315.18;315.21;1727
SBER;5;20260404;180000;315.21;315.29;315.04;315.08;57905
SBER;5;20260404;180500;315.18;315.24;315.08;315.19;4117
SBER;5;20260404;181000;315.19;315.2;315.06;315.2;3563
SBER;5;20260404;181500;315.2;315.2;315.04;315.11;5286
SBER;5;20260404;182000;315.18;315.18;315.02;315.14;4479
SBER;5;20260404;182500;315.14;315.17;315.02;315.03;4366
SBER;5;20260404;183000;315.03;315.13;315;315.08;9567
SBER;5;20260404;183500;315.04;315.08;314.94;315.08;8619
SBER;5;20260404;184000;315.14;315.14;314.94;314.94;23901
SBER;5;20260404;184500;315.05;315.05;314.9;315.03;9601
SBER;5;20260404;185000;315.03;315.14;315;315.12;2236
SBER;5;20260404;185500;315.11;315.13;315.08;315.12;1397
SBER;5;20260405;095500;315.1;315.1;315.1;315.1;1452
SBER;5;20260405;100000;315.1;315.4;315.03;315.24;24280
SBER;5;20260405;100500;315.24;315.24;315.18;315.19;3094
SBER;5;20260405;101000;315.19;315.23;315.13;315.19;8068
SBER;5;20260405;101500;315.19;315.2;315;315.04;36667
SBER;5;20260405;102000;315.04;315.19;315.04;315.19;18938
SBER;5;20260405;102500;315.19;315.19;315.01;315.19;9250
SBER;5;20260405;103000;315.16;315.18;315.1;315.18;2408
SBER;5;20260405;103500;315.17;315.19;315;315.1;15212
SBER;5;20260405;104000;315.1;315.16;315.01;315.09;4053
SBER;5;20260405;104500;315.09;315.19;315.07;315.15;3852
SBER;5;20260405;105000;315.15;315.18;315.1;315.11;883
SBER;5;20260405;105500;315.1;315.16;315.08;315.14;3331
SBER;5;20260405;110000;315.14;315.15;315.07;315.08;2877
SBER;5;20260405;110500;315.08;315.15;315.07;315.13;1643
SBER;5;20260405;111000;315.12;315.13;315.01;315.08;11545
SBER;5;20260405;111500;315.08;315.11;315.04;315.08;6064
SBER;5;20260405;112000;315.08;315.1;315.05;315.07;3324
SBER;5;20260405;112500;315.07;315.07;315.05;315.07;2509
SBER;5;20260405;113000;315.07;315.07;315.05;315.07;2509
SBER;5;20260405;113500;315.06;315.07;315.01;315.01;9221
SBER;5;20260405;114000;315.02;315.07;315.01;315.07;1867
SBER;5;20260405;114500;315.07;315.11;315.04;315.07;6268
SBER;5;20260405;115000;315.11;315.11;315.07;315.11;2181
SBER;5;20260405;115500;315.07;315.11;315;315.08;7831
SBER;5;20260405;120000;315.05;315.1;315.05;315.1;5430
SBER;5;20260405;120500;315.1;315.1;315.05;315.05;3701
SBER;5;20260405;121000;315.06;315.1;315.05;315.1;4632
SBER;5;20260405;121500;315.06;315.11;315.01;315.06;7200
SBER;5;20260405;122000;315.03;315.06;315;315.04;13309
SBER;5;20260405;122500;315;315.03;314.94;314.94;19219
SBER;5;20260405;123000;314.97;315.04;314.92;315.04;1384
SBER;5;20260405;123500;315;315.04;315;315.04;1455
SBER;5;20260405;124000;315.04;315.11;315;315.11;7718
SBER;5;20260405;124500;315.1;315.18;315.06;315.12;10203
SBER;5;20260405;125000;315.18;315.18;315.03;315.12;3966
SBER;5;20260405;125500;315.12;315.18;315.04;315.1;2668
SBER;5;20260405;130000;315.1;315.18;315.04;315.09;4492
SBER;5;20260405;130500;315.09;315.09;315.03;315.04;743
SBER;5;20260405;131000;315.05;315.05;315.02;315.02;1886
SBER;5;20260405;131500;315.04;315.09;315.02;315.08;2671
SBER;5;20260405;132000;315.04;315.09;315.04;315.09;493
SBER;5;20260405;132500;315.08;315.09;315.03;315.08;1880
SBER;5;20260405;133000;315.08;315.1;315.04;315.06;5115
SBER;5;20260405;133500;315.1;315.15;315.05;315.05;1001
SBER;5;20260405;134000;315.06;315.14;315.04;315.14;2852
SBER;5;20260405;134500;315.09;315.15;315;315.12;22149
SBER;5;20260405;135000;315.07;315.18;315.02;315.12;9044
SBER;5;20260405;135500;315.17;315.18;315.05;315.14;2782
SBER;5;20260405;140000;315.14;315.16;315.08;315.15;870
SBER;5;20260405;140500;315.15;315.16;315.1;315.16;2309
SBER;5;20260405;141000;315.16;315.23;315.08;315.23;37046
SBER;5;20260405;141500;315.23;315.24;315.16;315.2;16560
SBER;5;20260405;142000;315.2;315.2;315.05;315.15;2745
SBER;5;20260405;142500;315.15;315.15;315.07;315.07;885
SBER;5;20260405;143000;315.1;315.1;315.06;315.07;567
SBER;5;20260405;143500;315.1;315.1;315.07;315.1;3365
SBER;5;20260405;144000;315.1;315.15;315.09;315.15;1301
SBER;5;20260405;144500;315.15;315.2;315.11;315.19;7444
SBER;5;20260405;145000;315.2;315.2;315.12;315.12;1360
SBER;5;20260405;145500;315.16;315.17;314.92;315.09;32519
SBER;5;20260405;150000;315.09;315.09;314.93;315.06;1180
SBER;5;20260405;150500;315.08;315.1;315.01;315.06;908
SBER;5;20260405;151000;315.01;315.14;315.01;315.13;637
SBER;5;20260405;151500;315.11;315.15;315.06;315.12;536
SBER;5;20260405;152000;315.08;315.11;315.07;315.11;586
SBER;5;20260405;152500;315.11;315.11;315.06;315.07;538
SBER;5;20260405;153000;315.07;315.09;315.06;315.06;721
SBER;5;20260405;153500;315.06;315.09;314.85;314.99;21554
SBER;5;20260405;154000;314.99;314.99;314.74;314.86;25124
SBER;5;20260405;154500;314.86;314.88;314.55;314.74;164901
SBER;5;20260405;155000;314.74;314.98;314.72;314.98;1984
SBER;5;20260405;155500;314.98;314.99;314.95;314.99;2811
SBER;5;20260405;160000;314.98;314.99;314.98;314.99;2358
SBER;5;20260405;160500;314.99;315;314.98;314.99;1770
SBER;5;20260405;161000;314.98;315.06;314.98;315;3125
SBER;5;20260405;161500;315;315.07;315;315.04;3496
SBER;5;20260405;162000;315;315.04;315;315.04;2350
SBER;5;20260405;162500;315.04;315.04;315;315.04;601
SBER;5;20260405;163000;315.04;315.08;315;315.05;2247
SBER;5;20260405;163500;315.07;315.07;315;315.05;1354
SBER;5;20260405;164000;315.05;315.08;315.04;315.08;2945
SBER;5;20260405;164500;315.06;315.1;315.05;315.09;20513
SBER;5;20260405;165000;315.09;315.1;315.07;315.1;3990
SBER;5;20260405;165500;315.1;315.1;315.07;315.1;1380
SBER;5;20260405;170000;315.1;315.1;315.07;315.09;2390
SBER;5;20260405;170500;315.09;315.09;315.07;315.09;971
SBER;5;20260405;171000;315.08;315.1;315.08;315.08;731
SBER;5;20260405;171500;315.1;315.1;315.08;315.1;1520
SBER;5;20260405;172000;315.09;315.1;315.07;315.1;4555
SBER;5;20260405;172500;315.1;315.1;315.07;315.1;3651
SBER;5;20260405;173000;315.09;315.1;315.07;315.08;652
SBER;5;20260405;173500;315.09;315.1;315.05;315.05;7395
SBER;5;20260405;174000;315.05;315.09;315;315;4877
SBER;5;20260405;174500;315;315.01;314.95;314.99;5525
SBER;5;20260405;175000;314.95;314.98;314.91;314.92;5605
SBER;5;20260405;175500;314.95;314.95;314.91;314.91;1306
SBER;5;20260405;180000;314.92;314.99;314.81;314.9;20050
SBER;5;20260405;180500;314.9;314.95;314.85;314.89;1737
SBER;5;20260405;181000;314.92;314.92;314.82;314.88;2461
SBER;5;20260405;181500;314.84;314.89;314.82;314.88;1013
SBER;5;20260405;182000;314.88;314.89;314.8;314.86;20748
SBER;5;20260405;182500;314.85;314.9;314.85;314.87;10280
SBER;5;20260405;183000;314.89;315.17;314.87;315.17;88886
SBER;5;20260405;183500;315.17;315.17;314.83;315;20651
SBER;5;20260405;184000;315;315.11;314.82;315;5798
SBER;5;20260405;184500;315.11;315.11;315;315.06;712
SBER;5;20260405;185000;315.01;315.09;315.01;315.03;959
SBER;5;20260405;185500;315.01;315.1;315;315.03;2880
SBER;5;20260406;070000;315.04;315.39;314.99;315;116644
SBER;5;20260406;070500;315;315;314.61;314.67;104197
SBER;5;20260406;071000;314.62;314.92;314.6;314.81;28516
SBER;5;20260406;071500;314.88;315.19;314.75;315.14;82156
SBER;5;20260406;072000;315.13;315.31;314.85;315.05;110538
SBER;5;20260406;072500;315.05;315.14;314.89;315.03;26479
SBER;5;20260406;073000;314.9;315.08;314.63;314.92;181028
SBER;5;20260406;073500;314.92;314.99;314.76;314.99;9473
SBER;5;20260406;074000;314.99;315.24;314.93;315.2;48880
SBER;5;20260406;074500;315.19;315.24;314.92;315.01;80942
SBER;5;20260406;075000;315.01;315.14;315.01;315.03;3882
SBER;5;20260406;075500;315.08;315.25;315.02;315.23;13620
SBER;5;20260406;080000;315.22;315.54;315.17;315.39;128878
SBER;5;20260406;080500;315.39;315.44;315.33;315.42;49130
SBER;5;20260406;081000;315.42;315.54;315.4;315.54;44787
SBER;5;20260406;081500;315.54;315.54;315.29;315.36;95294
SBER;5;20260406;082000;315.36;315.49;315.27;315.41;27178
SBER;5;20260406;082500;315.44;315.88;315.38;315.64;123731
SBER;5;20260406;083000;315.65;315.88;315.51;315.68;199362
SBER;5;20260406;083500;315.68;315.75;315.55;315.56;27191
SBER;5;20260406;084000;315.55;315.81;315.55;315.8;15787
SBER;5;20260406;084500;315.8;315.8;315.57;315.57;22266
SBER;5;20260406;085000;315.57;315.94;315.56;315.9;92101
SBER;5;20260406;085500;315.89;315.93;315.8;315.81;66230
SBER;5;20260406;090000;315.8;315.82;315.62;315.63;105002
SBER;5;20260406;090500;315.64;315.64;315.5;315.63;22967
SBER;5;20260406;091000;315.64;315.75;315.64;315.74;9497
SBER;5;20260406;091500;315.75;315.75;315.6;315.6;34610
SBER;5;20260406;092000;315.61;315.63;315.47;315.47;102204
SBER;5;20260406;092500;315.47;315.48;315.4;315.43;31589
SBER;5;20260406;093000;315.42;315.45;315.42;315.45;34363
SBER;5;20260406;093500;315.44;315.57;315.44;315.57;64019
SBER;5;20260406;094000;315.57;315.58;315.54;315.57;9659
SBER;5;20260406;094500;315.56;315.65;315.56;315.63;34627
SBER;5;20260406;095000;315.62;315.64;315.53;315.64;70996
SBER;5;20260406;095500;315.63;315.68;315.63;315.64;37662
SBER;5;20260406;100000;315.63;315.7;315.58;315.59;41069
SBER;5;20260406;100500;315.6;315.64;315.52;315.59;47514
SBER;5;20260406;101000;315.58;315.71;315.58;315.7;58604
SBER;5;20260406;101500;315.7;315.88;315.69;315.87;81027
SBER;5;20260406;102000;315.88;316.2;315.87;316.08;1074215
SBER;5;20260406;102500;316.08;316.13;315.52;315.63;357446
SBER;5;20260406;103000;315.62;315.85;315.62;315.85;84389
SBER;5;20260406;103500;315.85;316.07;315.84;316.01;137662
SBER;5;20260406;104000;316.01;316.01;315.89;315.99;67084
SBER;5;20260406;104500;315.99;316.35;315.99;316.25;551751
SBER;5;20260406;105000;316.24;316.31;316.18;316.25;99943
SBER;5;20260406;105500;316.26;316.28;315.85;316.06;237615
SBER;5;20260406;110000;316.06;316.15;315.75;316.11;155941
SBER;5;20260406;110500;316.11;316.15;316.08;316.11;53222
SBER;5;20260406;111000;316.11;316.12;315.95;315.95;77549
SBER;5;20260406;111500;315.95;316.05;315.95;316.05;58034
SBER;5;20260406;112000;316.05;316.09;315.91;315.92;93436
SBER;5;20260406;112500;315.92;316.05;315.8;315.83;140761
SBER;5;20260406;113000;315.82;315.97;315.8;315.96;143677
SBER;5;20260406;113500;315.94;315.98;315.75;315.76;133138
SBER;5;20260406;114000;315.76;315.84;315.7;315.77;195736
SBER;5;20260406;114500;315.77;315.78;315.7;315.75;99946
SBER;5;20260406;115000;315.75;315.98;315.75;315.94;136186
SBER;5;20260406;115500;315.94;315.94;315.92;315.93;59553
SBER;5;20260406;120000;315.93;316.46;315.92;316.41;622166
SBER;5;20260406;120500;316.41;316.6;316.4;316.56;407368
SBER;5;20260406;121000;316.55;317;316.5;316.89;544846
SBER;5;20260406;121500;316.89;317.41;316.69;317.23;1773573
SBER;5;20260406;122000;317.22;317.94;317.19;317.94;856423
SBER;5;20260406;122500;317.92;319.15;317.91;318.04;1646161
SBER;5;20260406;123000;318.04;318.4;317.99;318.17;502173
SBER;5;20260406;123500;318.19;318.25;317.9;318.01;311196
SBER;5;20260406;124000;318.02;318.28;317.96;318.01;270106
SBER;5;20260406;124500;318;318.16;318;318;242928
SBER;5;20260406;125000;318.01;318.16;317.74;318.13;416294
SBER;5;20260406;125500;318.13;318.97;318.12;318.97;914612
SBER;5;20260406;130000;318.97;319.5;318.96;319.49;1459141
SBER;5;20260406;130500;319.5;319.7;319.17;319.21;984340
SBER;5;20260406;131000;319.2;319.2;318.7;318.72;957383
SBER;5;20260406;131500;318.73;318.73;318.15;318.2;685580
SBER;5;20260406;132000;318.2;318.64;318.1;318.44;577455
SBER;5;20260406;132500;318.44;318.65;318.1;318.65;207662
SBER;5;20260406;133000;318.66;318.67;317.85;318.01;456892
SBER;5;20260406;133500;318.01;318.15;317.84;317.92;212069
SBER;5;20260406;134000;317.92;318.24;317.83;318.06;170248
SBER;5;20260406;134500;318.09;318.14;317.9;318;169145
SBER;5;20260406;135000;318.02;318.15;317.9;318.14;56209
SBER;5;20260406;135500;318.15;318.26;317.92;317.92;141605
SBER;5;20260406;140000;317.92;318.21;317.92;318.21;132296
SBER;5;20260406;140500;318.22;318.23;317.99;318.11;77713
SBER;5;20260406;141000;318.08;318.36;318;318.34;91810
SBER;5;20260406;141500;318.35;318.4;318.22;318.23;494947
SBER;5;20260406;142000;318.24;318.29;317.57;317.7;446031
SBER;5;20260406;142500;317.7;317.92;317.69;317.81;138614
SBER;5;20260406;143000;317.81;317.99;317.75;317.85;104844
SBER;5;20260406;143500;317.85;317.89;317.58;317.7;120660
SBER;5;20260406;144000;317.69;317.7;317.59;317.7;73273
SBER;5;20260406;144500;317.7;317.7;317.58;317.67;133184
SBER;5;20260406;145000;317.67;317.67;317.47;317.52;202888
SBER;5;20260406;145500;317.52;317.86;317.5;317.76;190439
SBER;5;20260406;150000;317.76;318.05;317.65;318.04;215777
SBER;5;20260406;150500;318.05;318.27;318.01;318.26;269576
SBER;5;20260406;151000;318.25;318.28;317.94;318.02;163294
SBER;5;20260406;151500;318.01;318.05;317.83;317.86;101798
SBER;5;20260406;152000;317.86;318.15;317.81;318.12;92233
SBER;5;20260406;152500;318.12;318.28;318.01;318.2;136872
SBER;5;20260406;153000;318.2;318.55;318.11;318.32;396787
SBER;5;20260406;153500;318.32;318.44;318.3;318.33;103122
SBER;5;20260406;154000;318.35;318.43;318.33;318.4;82822
SBER;5;20260406;154500;318.4;318.78;318.4;318.72;250621
SBER;5;20260406;155000;318.73;318.74;318.5;318.5;236097
SBER;5;20260406;155500;318.5;318.54;318.35;318.39;238076
SBER;5;20260406;160000;318.41;318.7;318.31;318.31;225983
SBER;5;20260406;160500;318.31;318.57;318.31;318.41;130104
SBER;5;20260406;161000;318.42;318.55;318.35;318.36;132008
SBER;5;20260406;161500;318.37;318.42;318.21;318.31;140879
SBER;5;20260406;162000;318.32;318.32;318.03;318.03;287645
SBER;5;20260406;162500;318.03;318.15;318;318;71164
SBER;5;20260406;163000;318;318;317.84;317.88;101497
SBER;5;20260406;163500;317.88;317.95;317.7;317.75;119491
SBER;5;20260406;164000;317.75;317.88;317.7;317.71;129875
SBER;5;20260406;164500;317.72;317.9;317.7;317.71;86485
SBER;5;20260406;165000;317.71;317.83;317.71;317.82;134498
SBER;5;20260406;165500;317.83;318;317.83;317.94;136445
SBER;5;20260406;170000;317.94;318.08;317.79;317.79;227916
SBER;5;20260406;170500;317.79;318;317.79;317.98;54976
SBER;5;20260406;171000;318;318.12;317.97;318.01;120887
SBER;5;20260406;171500;318.01;318.38;318.01;318.02;178654
SBER;5;20260406;172000;318.03;318.26;318.02;318.21;90324
SBER;5;20260406;172500;318.21;318.22;318.09;318.15;32372
SBER;5;20260406;173000;318.15;318.3;318.03;318.08;95841
SBER;5;20260406;173500;318.1;318.5;318.07;318.4;122265
SBER;5;20260406;174000;318.4;318.49;317.95;318;127368
SBER;5;20260406;174500;318;318.67;318;318.45;349364
SBER;5;20260406;175000;318.45;318.46;318.28;318.3;69378
SBER;5;20260406;175500;318.3;318.9;318.29;318.83;285116
SBER;5;20260406;180000;318.84;318.97;318.83;318.86;282739
SBER;5;20260406;180500;318.87;319.28;318.84;319;732716
SBER;5;20260406;181000;318.99;319.3;318.95;319.3;449088
SBER;5;20260406;181500;319.29;319.4;319.1;319.13;244068
SBER;5;20260406;182000;319.11;319.11;318.84;318.84;287406
SBER;5;20260406;182500;318.85;319.11;318.79;319.09;191123
SBER;5;20260406;183000;319.11;319.7;319.11;319.6;959823
SBER;5;20260406;183500;319.6;319.75;319.56;319.62;305376
SBER;5;20260406;184000;319.62;319.64;319.29;319.47;242722
SBER;5;20260406;184500;319.47;319.62;319.29;319.56;179838
SBER;5;20260406;185000;319.5;319.6;319.37;319.47;72733
SBER;5;20260406;185500;319.47;319.47;319.47;319.47;5931
SBER;5;20260406;190000;319.46;319.48;319.31;319.41;62495
SBER;5;20260406;190500;319.41;319.42;319.19;319.29;117408
SBER;5;20260406;191000;319.28;319.29;319.05;319.09;61464
SBER;5;20260406;191500;319.1;319.42;319.07;319.18;177987
SBER;5;20260406;192000;319.18;319.19;319.06;319.12;48313
SBER;5;20260406;192500;319.12;319.12;319;319.02;76680
SBER;5;20260406;193000;319.01;319.1;318.98;319.03;79002
SBER;5;20260406;193500;319.05;319.15;319.02;319.1;85411
SBER;5;20260406;194000;319.1;319.32;319.06;319.27;146643
SBER;5;20260406;194500;319.27;319.27;319.04;319.13;81100
SBER;5;20260406;195000;319.13;319.26;319.13;319.21;34520
SBER;5;20260406;195500;319.2;319.22;319.1;319.2;28151
SBER;5;20260406;200000;319.2;319.27;319.2;319.22;28772
SBER;5;20260406;200500;319.22;319.22;319.1;319.15;31183
SBER;5;20260406;201000;319.15;319.18;318.92;318.93;88584
SBER;5;20260406;201500;318.92;318.98;318.92;318.93;27409
SBER;5;20260406;202000;318.92;318.93;318.76;318.8;80399
SBER;5;20260406;202500;318.8;318.87;318.79;318.83;9537
SBER;5;20260406;203000;318.83;318.85;318.79;318.85;12720
SBER;5;20260406;203500;318.85;318.85;318.8;318.82;28148
SBER;5;20260406;204000;318.82;318.85;318.8;318.85;18457
SBER;5;20260406;204500;318.85;318.99;318.84;318.97;27756
SBER;5;20260406;205000;318.97;318.99;318.82;318.85;20271
SBER;5;20260406;205500;318.86;318.88;318.84;318.88;9960
SBER;5;20260406;210000;318.88;318.94;318.88;318.94;17600
SBER;5;20260406;210500;318.94;318.94;318.89;318.91;15475
SBER;5;20260406;211000;318.9;318.9;318.8;318.8;55734
SBER;5;20260406;211500;318.81;318.81;318.76;318.79;22980
SBER;5;20260406;212000;318.8;318.85;318.7;318.72;48965
SBER;5;20260406;212500;318.72;318.75;318.56;318.57;71301
SBER;5;20260406;213000;318.57;318.6;318.56;318.59;18664
SBER;5;20260406;213500;318.6;318.65;318.59;318.64;25353
SBER;5;20260406;214000;318.64;318.92;318.64;318.79;77208
SBER;5;20260406;214500;318.8;318.87;318.71;318.78;65998
SBER;5;20260406;215000;318.8;318.94;318.79;318.9;22031
SBER;5;20260406;215500;318.9;318.93;318.78;318.78;21785
SBER;5;20260406;220000;318.79;318.8;318.78;318.79;27773
SBER;5;20260406;220500;318.8;318.8;318.78;318.79;53949
SBER;5;20260406;221000;318.79;318.8;318.79;318.79;13949
SBER;5;20260406;221500;318.8;318.8;318.78;318.79;13760
SBER;5;20260406;222000;318.79;318.8;318.78;318.78;19580
SBER;5;20260406;222500;318.79;318.8;318.78;318.78;29612
SBER;5;20260406;223000;318.79;318.79;318.78;318.78;13640
SBER;5;20260406;223500;318.79;318.8;318.78;318.78;38293
SBER;5;20260406;224000;318.79;318.79;318.78;318.78;21520
SBER;5;20260406;224500;318.79;318.8;318.78;318.79;46206
SBER;5;20260406;225000;318.79;318.8;318.78;318.79;19327
SBER;5;20260406;225500;318.8;318.85;318.78;318.81;24072
SBER;5;20260406;230000;318.81;318.82;318.78;318.78;28785
SBER;5;20260406;230500;318.8;318.8;318.78;318.78;43009
SBER;5;20260406;231000;318.79;318.8;318.78;318.78;22739
SBER;5;20260406;231500;318.79;318.81;318.78;318.79;42004
SBER;5;20260406;232000;318.8;318.8;318.78;318.78;61416
SBER;5;20260406;232500;318.79;318.79;318.78;318.78;11794
SBER;5;20260406;233000;318.79;318.79;318.56;318.62;62499
SBER;5;20260406;233500;318.62;318.95;318.62;318.94;65457
SBER;5;20260406;234000;318.88;318.99;318.8;318.99;37816
SBER;5;20260406;234500;318.97;318.99;318.7;318.98;36222
SBER;5;20260407;070000;319.28;319.49;319.02;319.25;62608
SBER;5;20260407;070500;319.25;319.45;319.1;319.37;141767
SBER;5;20260407;071000;319.37;319.4;319.21;319.4;57457
SBER;5;20260407;071500;319.4;319.7;319.39;319.69;93940
SBER;5;20260407;072000;319.69;319.84;319.5;319.5;232698
SBER;5;20260407;072500;319.51;319.51;319.25;319.39;84873
SBER;5;20260407;073000;319.39;319.4;318.56;319.16;281767
SBER;5;20260407;073500;319.17;319.18;319.1;319.14;15235
SBER;5;20260407;074000;319.15;319.15;319.11;319.14;21143
SBER;5;20260407;074500;319.14;319.4;319.11;319.4;30001
SBER;5;20260407;075000;319.4;319.48;319.23;319.23;45596
SBER;5;20260407;075500;319.32;319.32;319.15;319.15;15867
SBER;5;20260407;080000;319.15;319.22;319.14;319.18;8047
SBER;5;20260407;080500;319.18;319.25;319.14;319.24;14856
SBER;5;20260407;081000;319.18;319.24;319.18;319.24;4765
SBER;5;20260407;081500;319.2;319.32;319.2;319.32;13953
SBER;5;20260407;082000;319.33;319.41;319.29;319.36;18084
SBER;5;20260407;082500;319.36;319.4;319.3;319.36;9531
SBER;5;20260407;083000;319.31;319.44;319.29;319.38;34865
SBER;5;20260407;083500;319.43;319.45;319.38;319.45;6202
SBER;5;20260407;084000;319.45;319.46;319.4;319.43;11962
SBER;5;20260407;084500;319.4;319.46;319.4;319.45;8780
SBER;5;20260407;085000;319.45;319.46;319.29;319.34;23568
SBER;5;20260407;085500;319.31;319.34;319.16;319.23;20822
SBER;5;20260407;090000;319.23;319.23;318.81;318.97;102706
SBER;5;20260407;090500;318.96;318.97;318.78;318.9;114334
SBER;5;20260407;091000;318.86;318.87;318.62;318.72;46452
SBER;5;20260407;091500;318.73;318.96;318.73;318.96;49933
SBER;5;20260407;092000;318.96;318.96;318.83;318.86;26345
SBER;5;20260407;092500;318.86;318.86;318.7;318.8;77563
SBER;5;20260407;093000;318.81;318.81;318.73;318.75;31243
SBER;5;20260407;093500;318.76;318.83;318.75;318.78;53243
SBER;5;20260407;094000;318.78;318.84;318.75;318.77;52697
SBER;5;20260407;094500;318.76;318.87;318.75;318.87;11750
SBER;5;20260407;095000;318.85;318.89;318.85;318.86;25070
SBER;5;20260407;095500;318.86;318.87;318.8;318.83;16615
SBER;5;20260407;100000;318.82;318.83;318.74;318.75;69961
SBER;5;20260407;100500;318.74;318.86;318.7;318.77;130066
SBER;5;20260407;101000;318.76;318.77;317.76;318.07;722439
SBER;5;20260407;101500;318.08;318.27;318.06;318.22;106075
SBER;5;20260407;102000;318.22;318.23;318.1;318.13;64338
SBER;5;20260407;102500;318.12;318.37;318.1;318.37;85403
SBER;5;20260407;103000;318.34;318.49;318.33;318.38;94507
SBER;5;20260407;103500;318.38;318.4;318.2;318.25;64881
SBER;5;20260407;104000;318.23;318.29;318.16;318.17;48702
SBER;5;20260407;104500;318.2;318.3;318.13;318.17;74580
SBER;5;20260407;105000;318.18;318.3;318.16;318.25;47754
SBER;5;20260407;105500;318.21;318.44;318.19;318.43;46912
SBER;5;20260407;110000;318.43;318.64;318.21;318.5;204887
SBER;5;20260407;110500;318.5;318.51;318.37;318.4;42831
SBER;5;20260407;111000;318.4;318.89;318.28;318.86;154928
SBER;5;20260407;111500;318.86;319;318.75;318.99;308273
SBER;5;20260407;112000;318.99;319.3;318.97;319.24;240508
SBER;5;20260407;112500;319.23;320.5;319.23;320.3;2885989
SBER;5;20260407;113000;320.3;320.81;320.3;320.45;606184
SBER;5;20260407;113500;320.45;320.46;319.88;319.9;548681
SBER;5;20260407;114000;319.9;320.1;319.9;320.07;115327
SBER;5;20260407;114500;320.08;320.08;320.01;320.02;119787
SBER;5;20260407;115000;320.02;320.02;319.61;319.66;220725
SBER;5;20260407;115500;319.66;319.7;319.5;319.6;139875
SBER;5;20260407;120000;319.6;319.99;319.51;319.94;114813
SBER;5;20260407;120500;319.94;320.3;319.91;320.2;236520
SBER;5;20260407;121000;320.19;320.2;320;320.06;178174
SBER;5;20260407;121500;320.04;320.11;319.81;319.85;108565
SBER;5;20260407;122000;319.84;319.87;319.71;319.81;103855
SBER;5;20260407;122500;319.77;320;319.75;320;167987
SBER;5;20260407;123000;320;320.07;319.81;319.81;215195
SBER;5;20260407;123500;319.81;319.91;319.77;319.83;52772
SBER;5;20260407;124000;319.79;319.99;319.78;319.95;79739
SBER;5;20260407;124500;319.93;320;319.9;320;79530
SBER;5;20260407;125000;319.97;320;319.92;319.97;39486
SBER;5;20260407;125500;319.94;319.99;319.88;319.97;39029
SBER;5;20260407;130000;319.93;320;319.93;319.96;54526
SBER;5;20260407;130500;319.97;320;319.85;319.87;61542
SBER;5;20260407;131000;319.89;320;319.85;319.98;41551
SBER;5;20260407;131500;320;320;319.86;319.89;62689
SBER;5;20260407;132000;319.89;319.92;319.84;319.92;36811
SBER;5;20260407;132500;319.9;319.93;319.83;319.93;80717
SBER;5;20260407;133000;319.92;320;319.83;319.86;114307
SBER;5;20260407;133500;319.87;320.04;319.87;320.02;112742
SBER;5;20260407;134000;320.02;320.5;319.95;320.2;300740
SBER;5;20260407;134500;320.19;320.29;320.01;320.14;198679
SBER;5;20260407;135000;320.13;320.14;319.65;319.65;181502
SBER;5;20260407;135500;319.65;319.68;318.75;319.09;878884
SBER;5;20260407;140000;319.09;319.21;319.09;319.11;81046
SBER;5;20260407;140500;319.12;319.12;318.8;318.97;240927
SBER;5;20260407;141000;318.99;318.99;318.8;318.97;159692
SBER;5;20260407;141500;318.99;319.21;318.97;319.16;119931
SBER;5;20260407;142000;319.16;319.2;319.06;319.11;54825
SBER;5;20260407;142500;319.14;319.24;319.11;319.23;57802
SBER;5;20260407;143000;319.24;319.3;319.01;319.01;150719
SBER;5;20260407;143500;319.02;319.12;318.4;318.48;241561
SBER;5;20260407;144000;318.47;318.48;318.05;318.06;318165
SBER;5;20260407;144500;318.09;318.37;318.02;318.25;403481
SBER;5;20260407;145000;318.28;318.34;318.26;318.32;136338
SBER;5;20260407;145500;318.32;318.39;318.3;318.36;154255
SBER;5;20260407;150000;318.38;318.51;318.33;318.49;140555
SBER;5;20260407;150500;318.49;318.5;318.34;318.34;126970
SBER;5;20260407;151000;318.35;318.35;318.15;318.23;135288
SBER;5;20260407;151500;318.22;318.34;318.15;318.16;132204
SBER;5;20260407;152000;318.18;318.33;318.05;318.33;84964
SBER;5;20260407;152500;318.3;318.32;318.21;318.26;76012
SBER;5;20260407;153000;318.26;318.38;318.24;318.25;54300
SBER;5;20260407;153500;318.24;318.4;318.11;318.37;120455
SBER;5;20260407;154000;318.37;318.5;318.3;318.36;116715
SBER;5;20260407;154500;318.34;318.46;318.34;318.35;152111
SBER;5;20260407;155000;318.35;318.5;318.35;318.49;126062
SBER;5;20260407;155500;318.48;318.5;318.3;318.33;137828
SBER;5;20260407;160000;318.3;318.37;318.3;318.33;90249
SBER;5;20260407;160500;318.33;318.46;318.3;318.33;95158
SBER;5;20260407;161000;318.3;318.38;318.07;318.09;111856
SBER;5;20260407;161500;318.08;318.09;317.91;318.05;327520
SBER;5;20260407;162000;318.06;318.29;318.06;318.28;100769
SBER;5;20260407;162500;318.29;318.66;318.27;318.51;235080
SBER;5;20260407;163000;318.52;318.53;318.39;318.39;61434
SBER;5;20260407;163500;318.39;318.53;318.36;318.39;41858
SBER;5;20260407;164000;318.39;318.59;318.36;318.47;112790
SBER;5;20260407;164500;318.47;318.51;318.32;318.4;46626
SBER;5;20260407;165000;318.44;318.6;318.38;318.56;56507
SBER;5;20260407;165500;318.56;318.6;318.45;318.56;57736
SBER;5;20260407;170000;318.56;318.65;318.5;318.63;94462
SBER;5;20260407;170500;318.61;318.75;318.57;318.75;112706
SBER;5;20260407;171000;318.74;319.11;318.74;319.11;207214
SBER;5;20260407;171500;319.1;319.28;319;319.25;138902
SBER;5;20260407;172000;319.24;319.27;318.82;318.9;163337
SBER;5;20260407;172500;318.86;319.01;318.86;319.01;91063
SBER;5;20260407;173000;319;319.22;319;319.01;66274
SBER;5;20260407;173500;319;319.09;318.94;319.09;115978
SBER;5;20260407;174000;319.06;319.19;319;319.01;82823
SBER;5;20260407;174500;319;319.04;318.64;319.04;166149
SBER;5;20260407;175000;319.03;319.06;318.64;318.7;91163
SBER;5;20260407;175500;318.7;318.93;318.67;318.93;55445
SBER;5;20260407;180000;318.93;319.07;318.84;318.89;33209
SBER;5;20260407;180500;318.92;318.92;318.51;318.56;86360
SBER;5;20260407;181000;318.56;318.68;318.56;318.58;70974
SBER;5;20260407;181500;318.58;318.71;318.4;318.64;96501
SBER;5;20260407;182000;318.66;318.88;318.64;318.87;95649
SBER;5;20260407;182500;318.87;319;318.84;318.94;102897
SBER;5;20260407;183000;318.95;318.95;318.93;318.94;42204
SBER;5;20260407;183500;318.94;318.99;318.81;318.98;119957
SBER;5;20260407;184000;318.97;318.98;318.73;318.9;63215
SBER;5;20260407;184500;318.9;318.91;318.68;318.86;67560
SBER;5;20260407;185000;318.87;318.91;318.67;318.8;56829
SBER;5;20260407;185500;318.77;318.77;318.77;318.77;2154
SBER;5;20260407;190000;318.79;318.87;318.6;318.61;25292
SBER;5;20260407;190500;318.62;318.92;318.4;318.57;303374
SBER;5;20260407;191000;318.57;318.77;318.54;318.69;14494
SBER;5;20260407;191500;318.68;318.7;318.48;318.48;61175
SBER;5;20260407;192000;318.49;318.49;318.1;318.47;154309
SBER;5;20260407;192500;318.46;318.46;318.37;318.37;14580
SBER;5;20260407;193000;318.38;318.4;318.1;318.24;171211
SBER;5;20260407;193500;318.25;318.39;318.24;318.34;84237
SBER;5;20260407;194000;318.34;318.35;318.33;318.33;40977
SBER;5;20260407;194500;318.34;318.34;318.2;318.34;199747
SBER;5;20260407;195000;318.31;318.33;317.86;318.14;559239
SBER;5;20260407;195500;318.14;318.16;318.03;318.09;34554
SBER;5;20260407;200000;318.12;318.16;318.09;318.15;30710
SBER;5;20260407;200500;318.16;318.2;318.14;318.2;15527
SBER;5;20260407;201000;318.18;318.2;318.14;318.18;16261
SBER;5;20260407;201500;318.18;318.2;318.14;318.18;28822
SBER;5;20260407;202000;318.18;318.23;318.17;318.19;12575
SBER;5;20260407;202500;318.18;318.23;318.17;318.19;15581
SBER;5;20260407;203000;318.21;318.25;318.13;318.19;61192
SBER;5;20260407;203500;318.19;318.19;318.04;318.1;22741
SBER;5;20260407;204000;318.09;318.1;317.9;317.98;92303
SBER;5;20260407;204500;317.99;318.02;317.96;317.98;13302
SBER;5;20260407;205000;317.99;318.02;317.97;318.02;9054
SBER;5;20260407;205500;318.02;318.09;318.01;318.07;11350
SBER;5;20260407;210000;318.07;318.09;318.03;318.08;8589
SBER;5;20260407;210500;318.08;318.09;318.05;318.08;14544
SBER;5;20260407;211000;318.08;318.08;317.96;318.04;55522
SBER;5;20260407;211500;318.04;318.05;318;318;10912
SBER;5;20260407;212000;318.01;318.02;317.99;318.02;9319
SBER;5;20260407;212500;318.01;318.14;318.01;318.12;34471
SBER;5;20260407;213000;318.12;318.14;318.1;318.14;8558
SBER;5;20260407;213500;318.14;318.14;318;318;22107
SBER;5;20260407;214000;318.01;318.05;318;318.01;19589
SBER;5;20260407;214500;318.02;318.02;317.97;317.99;17572
SBER;5;20260407;215000;317.98;318.07;317.98;318.07;10288
SBER;5;20260407;215500;318.07;318.1;318.02;318.03;5294
SBER;5;20260407;220000;318.05;318.07;318.04;318.05;17023
SBER;5;20260407;220500;318.05;318.09;318.01;318.03;16231
SBER;5;20260407;221000;318.03;318.13;318.01;318.12;10995
SBER;5;20260407;221500;318.13;318.2;318.1;318.11;32112
SBER;5;20260407;222000;318.11;318.18;318.1;318.17;27500
SBER;5;20260407;222500;318.18;318.18;318.11;318.14;21282
SBER;5;20260407;223000;318.14;318.17;317.98;317.98;115858
SBER;5;20260407;223500;317.99;318;317.98;318;21230
SBER;5;20260407;224000;318;318.09;317.99;318.01;28605
SBER;5;20260407;224500;318.02;318.03;318;318.01;23755
SBER;5;20260407;225000;318;318.03;318;318.03;30073
SBER;5;20260407;225500;318.03;318.03;317.98;318.01;62717
SBER;5;20260407;230000;318.01;318.03;317.99;318.01;52681
SBER;5;20260407;230500;318;318.01;317.99;317.99;51753
SBER;5;20260407;231000;318;318.01;317.8;317.92;190602
SBER;5;20260407;231500;317.92;317.98;317.89;317.92;52168
SBER;5;20260407;232000;317.91;317.95;317.84;317.95;35683
SBER;5;20260407;232500;317.95;317.95;317.92;317.94;20705
SBER;5;20260407;233000;317.93;317.94;317.85;317.87;43279
SBER;5;20260407;233500;317.87;318.01;317.66;317.94;189194
SBER;5;20260407;234000;317.97;317.97;317.8;317.88;24907
SBER;5;20260407;234500;317.87;317.89;317.68;317.87;98146
SBER;5;20260408;070000;319.39;319.46;318.4;319.04;293257
SBER;5;20260408;070500;319.03;319.67;319;319.2;424584
SBER;5;20260408;071000;319.2;319.2;318.69;319.15;138579
SBER;5;20260408;071500;319.15;319.2;319.1;319.15;161853
SBER;5;20260408;072000;319.16;319.51;319;319.5;443140
SBER;5;20260408;072500;319.5;319.51;319.24;319.31;58919
SBER;5;20260408;073000;319.31;319.63;319.2;319.63;238922
SBER;5;20260408;073500;319.63;321.18;319.5;321.03;1525850
SBER;5;20260408;074000;321.04;321.04;320.58;320.8;284485
SBER;5;20260408;074500;320.8;320.9;320.59;320.6;161921
SBER;5;20260408;075000;320.59;320.6;320.4;320.48;175037
SBER;5;20260408;075500;320.48;320.6;320.4;320.43;113471
SBER;5;20260408;080000;320.4;320.46;320.15;320.25;156272
SBER;5;20260408;080500;320.27;320.6;320.27;320.47;167165
SBER;5;20260408;081000;320.53;320.55;320.22;320.31;46481
SBER;5;20260408;081500;320.26;320.39;320.1;320.18;70624
SBER;5;20260408;082000;320.18;320.19;319.8;320.05;193192
SBER;5;20260408;082500;320.12;320.41;320.08;320.4;128671
SBER;5;20260408;083000;320.41;320.55;320.23;320.55;126541
SBER;5;20260408;083500;320.55;320.58;320.5;320.51;67045
SBER;5;20260408;084000;320.51;320.51;320.3;320.49;194682
SBER;5;20260408;084500;320.49;320.5;320.37;320.45;50832
SBER;5;20260408;085000;320.45;320.49;320.39;320.48;34628
SBER;5;20260408;085500;320.42;320.6;320.41;320.59;232409
SBER;5;20260408;090000;320.59;320.74;320.56;320.73;228557
SBER;5;20260408;090500;320.73;320.73;320.36;320.48;225261
SBER;5;20260408;091000;320.47;320.63;320.47;320.6;126701
SBER;5;20260408;091500;320.61;320.63;320;320;403213
SBER;5;20260408;092000;320;320.39;320;320.38;112710
SBER;5;20260408;092500;320.37;320.37;320.2;320.2;120484
SBER;5;20260408;093000;320.21;320.3;320;320.29;105922
SBER;5;20260408;093500;320.3;320.47;320.29;320.43;117140
SBER;5;20260408;094000;320.43;320.43;320.2;320.2;99495
SBER;5;20260408;094500;320.2;320.36;320.2;320.35;37956
SBER;5;20260408;095000;320.36;320.36;320.3;320.36;225205
SBER;5;20260408;095500;320.36;320.36;320.09;320.23;122167
SBER;5;20260408;100000;320.23;320.33;319.91;319.98;318340
SBER;5;20260408;100500;319.98;320.29;319.76;320.15;248516
SBER;5;20260408;101000;320.16;320.16;319.8;320.05;82942
SBER;5;20260408;101500;320.05;320.18;319.78;319.86;151836
SBER;5;20260408;102000;319.86;319.94;319.77;319.84;135566
SBER;5;20260408;102500;319.84;319.94;319.76;319.85;83049
SBER;5;20260408;103000;319.85;319.93;319.36;319.38;204686
SBER;5;20260408;103500;319.38;319.38;318.85;319.37;536676
SBER;5;20260408;104000;319.37;319.37;319.22;319.34;100744
SBER;5;20260408;104500;319.35;319.49;319.33;319.41;64264
SBER;5;20260408;105000;319.4;319.41;318.99;319.01;210679
SBER;5;20260408;105500;319.01;319.16;318.9;319.1;107859
SBER;5;20260408;110000;319.1;319.1;318.9;318.94;79426
SBER;5;20260408;110500;318.94;319.2;318.93;319.11;56721
SBER;5;20260408;111000;319.11;319.21;319.08;319.2;100255
SBER;5;20260408;111500;319.19;319.2;319.05;319.16;37210
SBER;5;20260408;112000;319.17;319.28;319.1;319.2;73418
SBER;5;20260408;112500;319.22;319.29;319.2;319.27;48033
SBER;5;20260408;113000;319.25;319.29;319.11;319.27;133906
SBER;5;20260408;113500;319.29;319.37;319.2;319.21;76574
SBER;5;20260408;114000;319.21;319.21;319.01;319.04;39230
SBER;5;20260408;114500;319.04;319.06;318.9;319.04;184213
SBER;5;20260408;115000;319.04;319.11;319.02;319.1;36808
SBER;5;20260408;115500;319.1;319.13;318.85;318.96;173579
SBER;5;20260408;120000;318.97;319.09;318.93;319.05;28635
SBER;5;20260408;120500;319.06;319.06;318.9;318.99;91242
SBER;5;20260408;121000;318.99;319;318.9;318.99;99082
SBER;5;20260408;121500;318.99;319.37;318.96;319.37;86665
SBER;5;20260408;122000;319.37;319.37;319.26;319.34;119911
SBER;5;20260408;122500;319.37;319.55;319.34;319.48;75224
SBER;5;20260408;123000;319.46;319.5;319.4;319.41;71068
SBER;5;20260408;123500;319.4;319.41;319.19;319.19;19693
SBER;5;20260408;124000;319.2;319.28;319.19;319.28;11781
SBER;5;20260408;124500;319.25;319.28;319.19;319.28;20528
SBER;5;20260408;125000;319.28;319.5;319.27;319.49;54903
SBER;5;20260408;125500;319.5;319.5;319.41;319.49;51985
SBER;5;20260408;130000;319.49;319.81;319.49;319.74;126874
SBER;5;20260408;130500;319.76;319.81;319.52;319.66;41053
SBER;5;20260408;131000;319.66;319.67;319.6;319.65;16933
SBER;5;20260408;131500;319.65;319.65;319.52;319.54;20199
SBER;5;20260408;132000;319.54;319.54;319.45;319.49;65367
SBER;5;20260408;132500;319.49;319.56;319.21;319.21;239145
SBER;5;20260408;133000;319.21;319.22;318.9;318.99;89347
SBER;5;20260408;133500;318.98;319.02;318.9;318.94;35746
SBER;5;20260408;134000;318.94;319.08;318.93;319.03;30652
SBER;5;20260408;134500;319.01;319.02;318.93;318.95;20249
SBER;5;20260408;135000;318.95;319.4;318.94;319.33;90591
SBER;5;20260408;135500;319.33;319.35;319.12;319.28;119444
SBER;5;20260408;140000;319.29;319.46;319.28;319.36;35301
SBER;5;20260408;140500;319.37;319.4;319.32;319.38;25366
SBER;5;20260408;141000;319.37;319.4;319.3;319.34;21572
SBER;5;20260408;141500;319.34;319.34;319.09;319.3;97749
SBER;5;20260408;142000;319.31;319.43;319.24;319.32;79296
SBER;5;20260408;142500;319.32;319.35;319.28;319.3;46747
SBER;5;20260408;143000;319.3;319.42;319.28;319.41;67860
SBER;5;20260408;143500;319.41;319.87;319.4;319.8;199321
SBER;5;20260408;144000;319.8;319.84;319.51;319.55;101021
SBER;5;20260408;144500;319.55;319.65;319.5;319.62;21100
SBER;5;20260408;145000;319.63;319.68;319.62;319.62;49538
SBER;5;20260408;145500;319.63;319.63;319.39;319.45;124191
SBER;5;20260408;150000;319.45;319.45;319.44;319.44;15416
SBER;5;20260408;150500;319.45;319.5;319.44;319.5;33568
SBER;5;20260408;151000;319.5;319.8;319.48;319.71;45850
SBER;5;20260408;151500;319.68;319.73;319.62;319.65;29707
SBER;5;20260408;152000;319.65;319.65;319.49;319.61;105432
SBER;5;20260408;152500;319.61;319.75;319.6;319.74;29805
SBER;5;20260408;153000;319.74;319.78;319.63;319.64;29977
SBER;5;20260408;153500;319.64;319.64;319.52;319.62;38593
SBER;5;20260408;154000;319.61;319.63;319.61;319.62;12833
SBER;5;20260408;154500;319.63;319.76;319.6;319.73;46323
SBER;5;20260408;155000;319.72;319.81;319.69;319.8;78289
SBER;5;20260408;155500;319.8;319.81;319.52;319.53;111344
SBER;5;20260408;160000;319.52;319.52;319.43;319.49;24605
SBER;5;20260408;160500;319.49;319.5;319.46;319.46;45223
SBER;5;20260408;161000;319.46;319.49;319.43;319.49;27123
SBER;5;20260408;161500;319.48;319.49;319.42;319.44;32163
SBER;5;20260408;162000;319.46;319.5;319.42;319.5;149926
SBER;5;20260408;162500;319.49;319.8;319.49;319.8;51784
SBER;5;20260408;163000;319.8;319.99;319.79;319.96;151171
SBER;5;20260408;163500;319.94;320.25;319.94;320.05;286479
SBER;5;20260408;164000;320.04;320.11;319.88;319.91;201722
SBER;5;20260408;164500;319.91;320.01;319.85;320;68749
SBER;5;20260408;165000;320.01;320.01;319.78;319.83;58122
SBER;5;20260408;165500;319.82;319.82;319.57;319.64;105886
SBER;5;20260408;170000;319.63;319.75;319.46;319.53;110243
SBER;5;20260408;170500;319.53;319.54;319.42;319.43;108185
SBER;5;20260408;171000;319.43;319.44;319.33;319.35;92210
SBER;5;20260408;171500;319.33;319.38;319.3;319.34;52374
SBER;5;20260408;172000;319.34;319.44;319.33;319.34;80401
SBER;5;20260408;172500;319.34;319.49;319.33;319.33;60884
SBER;5;20260408;173000;319.33;319.45;319.21;319.26;211591
SBER;5;20260408;173500;319.26;319.63;319.12;319.27;273616
SBER;5;20260408;174000;319.27;319.29;319.2;319.23;40880
SBER;5;20260408;174500;319.23;319.4;319.2;319.23;80794
SBER;5;20260408;175000;319.23;319.35;319.23;319.3;38032
SBER;5;20260408;175500;319.35;319.7;319.35;319.6;59982
SBER;5;20260408;180000;319.6;319.69;319.54;319.67;55683
SBER;5;20260408;180500;319.67;319.68;319.54;319.68;116991
SBER;5;20260408;181000;319.68;319.89;319.67;319.76;134160
SBER;5;20260408;181500;319.77;319.79;319.52;319.62;127746
SBER;5;20260408;182000;319.62;319.62;319.48;319.54;58171
SBER;5;20260408;182500;319.54;319.57;319.49;319.5;53539
SBER;5;20260408;183000;319.5;319.5;319.49;319.5;84726
SBER;5;20260408;183500;319.49;319.5;319.45;319.45;36799
SBER;5;20260408;184000;319.48;319.5;319.4;319.44;22584
SBER;5;20260408;184500;319.44;319.49;319.4;319.47;10539
SBER;5;20260408;185000;319.47;319.47;319.37;319.39;7530
SBER;5;20260408;185500;319.49;319.49;319.49;319.49;10510
SBER;5;20260408;190000;319.49;319.49;319.25;319.34;168008
SBER;5;20260408;190500;319.34;319.42;319.32;319.37;42361
SBER;5;20260408;191000;319.37;319.39;319.32;319.37;20226
SBER;5;20260408;191500;319.37;319.4;319.32;319.32;12032
SBER;5;20260408;192000;319.32;319.35;319.31;319.32;3583
SBER;5;20260408;192500;319.32;319.36;319.28;319.34;53941
SBER;5;20260408;193000;319.34;319.36;319.31;319.33;12483
SBER;5;20260408;193500;319.34;319.36;319.3;319.33;10170
SBER;5;20260408;194000;319.33;319.36;319.3;319.36;18128
SBER;5;20260408;194500;319.36;319.4;319.35;319.39;7142
SBER;5;20260408;195000;319.4;319.47;319.37;319.45;30343
SBER;5;20260408;195500;319.46;319.46;319.38;319.39;4894
SBER;5;20260408;200000;319.4;319.41;319.37;319.4;14448
SBER;5;20260408;200500;319.4;319.44;319.39;319.44;2616
SBER;5;20260408;201000;319.44;319.44;319.37;319.39;4896
SBER;5;20260408;201500;319.38;319.43;319.37;319.37;11364
SBER;5;20260408;202000;319.39;319.43;319.32;319.38;25660
SBER;5;20260408;202500;319.38;319.46;319.33;319.46;12055
SBER;5;20260408;203000;319.46;319.5;319.44;319.5;14533
SBER;5;20260408;203500;319.47;319.53;319.47;319.51;26251
SBER;5;20260408;204000;319.52;319.7;319.52;319.61;67019
SBER;5;20260408;204500;319.61;319.63;319.57;319.6;4010
SBER;5;20260408;205000;319.6;319.7;319.59;319.68;34902
SBER;5;20260408;205500;319.69;319.75;319.68;319.69;21823
SBER;5;20260408;210000;319.69;319.69;319.61;319.66;9096
SBER;5;20260408;210500;319.66;319.66;319.61;319.61;5809
SBER;5;20260408;211000;319.61;319.62;319.57;319.6;3365
SBER;5;20260408;211500;319.6;319.63;319.59;319.6;8740
SBER;5;20260408;212000;319.61;319.62;319.57;319.6;15769
SBER;5;20260408;212500;319.58;319.6;319.56;319.59;17717
SBER;5;20260408;213000;319.57;319.6;319.56;319.59;3052
SBER;5;20260408;213500;319.57;319.59;319.56;319.57;6050
SBER;5;20260408;214000;319.56;319.62;319.5;319.53;53031
SBER;5;20260408;214500;319.53;319.53;319.48;319.52;19801
SBER;5;20260408;215000;319.52;319.52;319.44;319.48;15150
SBER;5;20260408;215500;319.48;319.53;319.43;319.49;13292
SBER;5;20260408;220000;319.49;319.57;319.46;319.53;13198
SBER;5;20260408;220500;319.53;319.53;319.43;319.48;17657
SBER;5;20260408;221000;319.48;319.48;319.44;319.45;5424
SBER;5;20260408;221500;319.46;319.46;319.45;319.46;4633
SBER;5;20260408;222000;319.46;319.6;319.46;319.53;20484
SBER;5;20260408;222500;319.52;319.53;319.45;319.46;8873
SBER;5;20260408;223000;319.46;319.46;319.43;319.43;7167
SBER;5;20260408;223500;319.44;319.44;319.43;319.44;13053
SBER;5;20260408;224000;319.43;319.44;319.43;319.43;19159
SBER;5;20260408;224500;319.43;319.43;319.3;319.33;48329
SBER;5;20260408;225000;319.33;319.36;319.21;319.34;26994
SBER;5;20260408;225500;319.3;319.37;319.29;319.3;11540
SBER;5;20260408;230000;319.3;319.31;319.21;319.21;16568
SBER;5;20260408;230500;319.22;319.31;319.2;319.25;17060
SBER;5;20260408;231000;319.25;319.28;319.22;319.28;5401
SBER;5;20260408;231500;319.28;319.3;319.25;319.26;10380
SBER;5;20260408;232000;319.26;319.26;319.25;319.26;2923
SBER;5;20260408;232500;319.26;319.26;319.25;319.25;8297
SBER;5;20260408;233000;319.25;319.27;319.25;319.26;21723
SBER;5;20260408;233500;319.25;319.33;319.24;319.27;14065
SBER;5;20260408;234000;319.27;319.42;319.21;319.24;79450
SBER;5;20260408;234500;319.24;319.4;319.24;319.4;33135
SBER;5;20260409;070000;319.74;319.98;319.51;319.67;62418
SBER;5;20260409;070500;319.7;319.79;319.52;319.62;18159
SBER;5;20260409;071000;319.62;319.69;319.49;319.6;11382
SBER;5;20260409;071500;319.6;319.66;319.5;319.59;9103
SBER;5;20260409;072000;319.58;319.8;319.57;319.74;12551
SBER;5;20260409;072500;319.73;319.79;319.73;319.75;15602
SBER;5;20260409;073000;319.74;319.91;319.74;319.81;23863
SBER;5;20260409;073500;319.82;319.87;319.75;319.86;7270
SBER;5;20260409;074000;319.86;319.86;319.61;319.7;38742
SBER;5;20260409;074500;319.69;319.69;319.5;319.55;10638
SBER;5;20260409;075000;319.55;319.6;319.45;319.5;46342
SBER;5;20260409;075500;319.45;319.6;319.28;319.6;40483
SBER;5;20260409;080000;319.6;319.62;319.5;319.55;12560
SBER;5;20260409;080500;319.61;319.8;319.53;319.79;7171
SBER;5;20260409;081000;319.79;319.87;319.76;319.79;26841
SBER;5;20260409;081500;319.76;319.88;319.76;319.88;14312
SBER;5;20260409;082000;319.88;319.9;319.87;319.9;3378
SBER;5;20260409;082500;319.89;319.95;319.88;319.92;18640
SBER;5;20260409;083000;319.91;319.99;319.87;319.99;41394
SBER;5;20260409;083500;319.99;320.3;319.95;320.06;138146
SBER;5;20260409;084000;320.05;320.09;319.89;319.95;22900
SBER;5;20260409;084500;319.95;320.2;319.95;320.06;27279
SBER;5;20260409;085000;320.05;320.06;319.88;319.91;13235
SBER;5;20260409;085500;319.89;319.89;319.77;319.77;53078
SBER;5;20260409;090000;319.77;319.99;319.75;319.84;27190
SBER;5;20260409;090500;319.85;319.87;319.6;319.6;54221
SBER;5;20260409;091000;319.6;319.6;319.5;319.51;26660
SBER;5;20260409;091500;319.5;319.51;319.27;319.28;65272
SBER;5;20260409;092000;319.28;319.28;319.11;319.21;119941
SBER;5;20260409;092500;319.21;319.21;319.13;319.2;39675
SBER;5;20260409;093000;319.2;319.21;319.18;319.19;44727
SBER;5;20260409;093500;319.18;319.19;319.17;319.18;48677
SBER;5;20260409;094000;319.18;319.18;318.36;318.61;310454
SBER;5;20260409;094500;318.62;318.93;318.35;318.93;190266
SBER;5;20260409;095000;318.93;319.38;318.84;319.28;368987
SBER;5;20260409;095500;319.29;319.38;318.01;318.49;1311079
SBER;5;20260409;100000;318.47;318.48;317.93;318.21;470267
SBER;5;20260409;100500;318.16;318.62;318.09;318.52;197632
SBER;5;20260409;101000;318.52;318.56;318.22;318.43;144414
SBER;5;20260409;101500;318.42;318.55;318.21;318.52;141692
SBER;5;20260409;102000;318.53;319.27;318.53;318.89;228911
SBER;5;20260409;102500;318.95;319.3;318.94;319.12;272107
SBER;5;20260409;103000;319.13;319.15;318.7;318.9;133734
SBER;5;20260409;103500;318.9;318.96;318.8;318.9;110395
SBER;5;20260409;104000;318.9;318.9;318.64;318.71;109816
SBER;5;20260409;104500;318.7;318.75;318.53;318.68;60971
SBER;5;20260409;105000;318.67;318.78;318.63;318.74;63468
SBER;5;20260409;105500;318.74;318.94;318.74;318.77;59931
SBER;5;20260409;110000;318.76;318.99;318.75;318.98;132076
SBER;5;20260409;110500;318.97;318.99;318.8;318.81;19849
SBER;5;20260409;111000;318.81;318.87;318.75;318.8;85184
SBER;5;20260409;111500;318.8;318.9;318.77;318.89;44598
SBER;5;20260409;112000;318.89;318.95;318.87;318.89;34925
SBER;5;20260409;112500;318.89;319.25;318.88;319.25;298719
SBER;5;20260409;113000;319.24;319.31;319.07;319.14;72883
SBER;5;20260409;113500;319.14;319.23;319.13;319.2;45770
SBER;5;20260409;114000;319.23;319.55;319.21;319.55;178051
SBER;5;20260409;114500;319.55;319.79;319.53;319.54;170157
SBER;5;20260409;115000;319.55;320.49;319.54;320.42;932005
SBER;5;20260409;115500;320.45;320.86;320.24;320.43;759978
SBER;5;20260409;120000;320.42;320.59;320.2;320.2;233296
SBER;5;20260409;120500;320.19;320.2;319.73;320.02;247715
SBER;5;20260409;121000;320.04;320.22;319.8;319.89;143312
SBER;5;20260409;121500;319.89;320.1;319.87;320.07;53771
SBER;5;20260409;122000;320.07;320.11;319.95;320.1;257377
SBER;5;20260409;122500;320.09;320.1;319.87;319.9;113126
SBER;5;20260409;123000;319.91;319.91;319.7;319.76;96654
SBER;5;20260409;123500;319.76;319.76;319.5;319.64;179960
SBER;5;20260409;124000;319.63;319.7;319.62;319.69;34315
SBER;5;20260409;124500;319.69;319.74;319.32;319.73;194412
SBER;5;20260409;125000;319.73;319.73;319.53;319.58;40134
SBER;5;20260409;125500;319.58;319.76;319.52;319.75;60213
SBER;5;20260409;130000;319.74;319.91;319.7;319.78;84143
SBER;5;20260409;130500;319.78;319.9;319.77;319.9;50581
SBER;5;20260409;131000;319.9;320.17;319.87;320.15;116302
SBER;5;20260409;131500;320.14;320.25;320.1;320.14;83054
SBER;5;20260409;132000;320.14;320.14;319.93;319.96;50092
SBER;5;20260409;132500;319.98;320.14;319.86;320.14;53768
SBER;5;20260409;133000;320.13;320.25;320.13;320.23;135430
SBER;5;20260409;133500;320.23;320.34;320.23;320.29;57968
SBER;5;20260409;134000;320.29;320.3;320.01;320.02;58174
SBER;5;20260409;134500;320.02;320.07;319.9;319.98;64388
SBER;5;20260409;135000;319.98;320.07;319.95;320.05;40537
SBER;5;20260409;135500;320.03;320.03;319.9;320;50110
SBER;5;20260409;140000;320;320;319.96;319.99;11680
SBER;5;20260409;140500;320;320;319.9;319.96;53852
SBER;5;20260409;141000;319.95;320.1;319.95;319.95;109621
SBER;5;20260409;141500;319.97;320.1;319.96;320.06;33104
SBER;5;20260409;142000;320.06;320.07;319.95;320;19704
SBER;5;20260409;142500;320;320.03;319.79;319.95;79702
SBER;5;20260409;143000;319.92;320;319.92;319.97;18961
SBER;5;20260409;143500;319.98;320;319.7;319.77;127724
SBER;5;20260409;144000;319.77;319.84;319.5;319.57;123565
SBER;5;20260409;144500;319.57;319.77;319.5;319.72;104909
SBER;5;20260409;145000;319.72;319.79;319.6;319.79;217128
SBER;5;20260409;145500;319.79;319.87;319.79;319.82;85504
SBER;5;20260409;150000;319.83;319.83;319.53;319.55;160780
SBER;5;20260409;150500;319.54;319.71;319.5;319.59;123534
SBER;5;20260409;151000;319.62;319.7;319.57;319.64;45477
SBER;5;20260409;151500;319.64;319.66;319.55;319.61;24650
SBER;5;20260409;152000;319.61;319.63;319.52;319.6;70953
SBER;5;20260409;152500;319.6;319.62;319.51;319.58;59146
SBER;5;20260409;153000;319.58;319.66;319.58;319.6;43617
SBER;5;20260409;153500;319.6;319.64;319.58;319.61;67646
SBER;5;20260409;154000;319.61;319.81;319.31;319.31;466418
SBER;5;20260409;154500;319.32;319.32;318.91;318.95;518338
SBER;5;20260409;155000;318.95;318.95;318.82;318.83;94496
SBER;5;20260409;155500;318.83;318.84;318.7;318.72;206703
SBER;5;20260409;160000;318.72;318.73;318.02;318.34;758247
SBER;5;20260409;160500;318.34;318.34;317.1;317.49;1391654
SBER;5;20260409;161000;317.49;317.49;316.43;316.78;1516433
SBER;5;20260409;161500;316.78;317;316.17;316.37;1453064
SBER;5;20260409;162000;316.36;316.76;316;316.66;1536915
SBER;5;20260409;162500;316.73;316.73;316.27;316.5;344782
SBER;5;20260409;163000;316.53;317.87;316;316.79;1217445
SBER;5;20260409;163500;316.79;316.84;316.2;316.81;905421
SBER;5;20260409;164000;316.82;317.51;316.7;317.24;677669
SBER;5;20260409;164500;317.24;317.27;316.73;317.25;338780
SBER;5;20260409;165000;317.25;317.44;317.12;317.13;253796
SBER;5;20260409;165500;317.13;317.19;316.7;316.79;261912
SBER;5;20260409;170000;316.79;317.3;316.5;317.25;249790
SBER;5;20260409;170500;317.26;317.33;317.06;317.26;163754
SBER;5;20260409;171000;317.25;317.25;316.84;316.99;148906
SBER;5;20260409;171500;316.95;317.45;316.84;317.2;267124
SBER;5;20260409;172000;317.2;317.73;317.2;317.7;233488
SBER;5;20260409;172500;317.71;317.71;317.43;317.48;437658
SBER;5;20260409;173000;317.48;317.6;317.32;317.52;94662
SBER;5;20260409;173500;317.52;317.58;317.27;317.3;94907
SBER;5;20260409;174000;317.3;317.31;317.09;317.15;160632
SBER;5;20260409;174500;317.16;317.29;317;317.24;140916
SBER;5;20260409;175000;317.24;317.29;317.02;317.17;81178
SBER;5;20260409;175500;317.17;317.17;316.88;316.96;187457
SBER;5;20260409;180000;316.96;317.16;316.8;317.14;153769
SBER;5;20260409;180500;317.13;317.17;317.1;317.17;56278
SBER;5;20260409;181000;317.17;317.33;317.07;317.26;292288
SBER;5;20260409;181500;317.26;317.43;317.23;317.37;121394
SBER;5;20260409;182000;317.37;317.45;317.34;317.45;80477
SBER;5;20260409;182500;317.46;317.61;317.32;317.54;262122
SBER;5;20260409;183000;317.54;317.55;317.39;317.4;70349
SBER;5;20260409;183500;317.39;317.4;316.94;317.15;147888
SBER;5;20260409;184000;317.15;317.55;316.87;317.23;358231
SBER;5;20260409;184500;317.22;317.31;317.05;317.14;43585
SBER;5;20260409;185000;317.17;317.3;317.11;317.29;46799
SBER;5;20260409;185500;317.23;317.23;317.23;317.23;4060
SBER;5;20260409;190000;317.27;317.31;317.14;317.31;26195
SBER;5;20260409;190500;317.31;317.45;317.21;317.34;53463
SBER;5;20260409;191000;317.33;317.35;317.24;317.3;100765
SBER;5;20260409;191500;317.3;317.39;317.29;317.37;17992
SBER;5;20260409;192000;317.38;317.7;317.37;317.64;132862
SBER;5;20260409;192500;317.63;317.68;317.5;317.61;153185
SBER;5;20260409;193000;317.61;317.62;317.59;317.59;24333
SBER;5;20260409;193500;317.6;317.63;317.59;317.62;40793
SBER;5;20260409;194000;317.63;317.65;317.46;317.5;182848
SBER;5;20260409;194500;317.52;317.63;317.51;317.62;20757
SBER;5;20260409;195000;317.62;317.67;317.35;317.48;61716
SBER;5;20260409;195500;317.48;317.58;317.43;317.56;47389
SBER;5;20260409;200000;317.57;317.57;317.5;317.54;15519
SBER;5;20260409;200500;317.54;317.6;317.46;317.48;55342
SBER;5;20260409;201000;317.48;317.51;317.43;317.48;14719
SBER;5;20260409;201500;317.48;317.49;317.26;317.28;27155
SBER;5;20260409;202000;317.27;317.28;317.08;317.21;83358
SBER;5;20260409;202500;317.21;317.21;317.2;317.21;31408
SBER;5;20260409;203000;317.22;317.41;317.22;317.41;75357
SBER;5;20260409;203500;317.41;317.49;317.4;317.49;5525
SBER;5;20260409;204000;317.49;317.52;317.41;317.5;22897
SBER;5;20260409;204500;317.5;317.5;317.41;317.42;13746
SBER;5;20260409;205000;317.42;317.8;317.42;317.67;177017
SBER;5;20260409;205500;317.68;317.69;317.52;317.61;52862
SBER;5;20260409;210000;317.61;317.62;317.57;317.59;15893
SBER;5;20260409;210500;317.6;317.62;317.51;317.62;22403
SBER;5;20260409;211000;317.61;317.8;317.61;317.72;42053
SBER;5;20260409;211500;317.71;317.72;317.57;317.58;37778
SBER;5;20260409;212000;317.58;317.64;317.57;317.63;9395
SBER;5;20260409;212500;317.64;317.64;317.57;317.58;28557
SBER;5;20260409;213000;317.57;317.6;317.5;317.6;17512
SBER;5;20260409;213500;317.59;317.62;317.59;317.62;6935
SBER;5;20260409;214000;317.62;317.62;317.58;317.59;7931
SBER;5;20260409;214500;317.58;317.62;317.58;317.61;25169
SBER;5;20260409;215000;317.61;317.7;317.59;317.69;24289
SBER;5;20260409;215500;317.69;317.69;317.58;317.61;19003
SBER;5;20260409;220000;317.61;317.61;317.57;317.58;6260
SBER;5;20260409;220500;317.58;318.55;317.58;318.52;631726
SBER;5;20260409;221000;318.53;319;318.46;318.49;499287
SBER;5;20260409;221500;318.49;318.62;318.26;318.41;191516
SBER;5;20260409;222000;318.4;318.4;318.1;318.11;171953
SBER;5;20260409;222500;318.1;318.42;318.1;318.31;67558
SBER;5;20260409;223000;318.31;318.33;318.11;318.23;56564
SBER;5;20260409;223500;318.21;318.25;317.82;317.82;123044
SBER;5;20260409;224000;317.81;317.98;317.71;317.91;97644
SBER;5;20260409;224500;317.9;317.96;317.89;317.94;24755
SBER;5;20260409;225000;317.95;317.98;317.84;317.88;7487
SBER;5;20260409;225500;317.87;317.92;317.86;317.87;8636
SBER;5;20260409;230000;317.88;317.9;317.87;317.88;6908
SBER;5;20260409;230500;317.89;317.94;317.88;317.88;14800
SBER;5;20260409;231000;317.87;317.95;317.85;317.92;12679
SBER;5;20260409;231500;317.93;317.93;317.86;317.89;19901
SBER;5;20260409;232000;317.88;317.89;317.85;317.85;56385
SBER;5;20260409;232500;317.85;317.85;317.77;317.79;76924
SBER;5;20260409;233000;317.79;317.79;317.64;317.68;52405
SBER;5;20260409;233500;317.67;317.68;317.51;317.65;24621
SBER;5;20260409;234000;317.67;317.68;317.53;317.53;22310
SBER;5;20260409;234500;317.54;317.75;317.51;317.51;51542
SBER;5;20260410;070000;317.99;318.33;317.98;318.26;65080
SBER;5;20260410;070500;318.26;318.5;318.26;318.34;89447
SBER;5;20260410;071000;318.33;318.36;318.27;318.31;67055
SBER;5;20260410;071500;318.31;318.41;318.3;318.36;23425
SBER;5;20260410;072000;318.36;318.42;318.31;318.4;10567
SBER;5;20260410;072500;318.4;318.43;318.31;318.32;17713
SBER;5;20260410;073000;318.32;318.34;318.26;318.27;48217
SBER;5;20260410;073500;318.27;318.28;318.22;318.28;10698
SBER;5;20260410;074000;318.28;318.28;318.22;318.25;6810
SBER;5;20260410;074500;318.24;318.25;318.22;318.25;6851
SBER;5;20260410;075000;318.25;318.25;318.19;318.22;22222
SBER;5;20260410;075500;318.22;318.28;318.18;318.28;44169
SBER;5;20260410;080000;318.2;318.3;318.2;318.22;7032
SBER;5;20260410;080500;318.24;318.26;318.22;318.24;4631
SBER;5;20260410;081000;318.24;318.3;318.24;318.3;13137
SBER;5;20260410;081500;318.3;318.3;318.28;318.3;3761
SBER;5;20260410;082000;318.3;318.32;318.29;318.32;5565
SBER;5;20260410;082500;318.32;318.37;318.3;318.37;14598
SBER;5;20260410;083000;318.37;318.37;318.3;318.35;20759
SBER;5;20260410;083500;318.35;318.37;318.32;318.35;15072
SBER;5;20260410;084000;318.36;318.5;318.35;318.49;67022
SBER;5;20260410;084500;318.5;318.55;318.46;318.53;18537
SBER;5;20260410;085000;318.53;318.68;318.48;318.65;21083
SBER;5;20260410;085500;318.65;318.65;318.53;318.55;35950
SBER;5;20260410;090000;318.55;318.56;318.18;318.27;116623
SBER;5;20260410;090500;318.27;318.29;317.56;317.86;178186
SBER;5;20260410;091000;317.85;317.86;317.66;317.74;87510
SBER;5;20260410;091500;317.74;317.95;317.73;317.95;8261
SBER;5;20260410;092000;317.95;317.98;317.8;317.81;53787
SBER;5;20260410;092500;317.8;317.96;317.8;317.9;20096
SBER;5;20260410;093000;317.9;318.18;317.85;318.14;28051
SBER;5;20260410;093500;318.14;318.14;317.95;318.01;73995
SBER;5;20260410;094000;318.01;318.05;317.85;318.04;94789
SBER;5;20260410;094500;318.04;318.24;318.04;318.24;57294
SBER;5;20260410;095000;318.23;318.24;318;318.01;81756
SBER;5;20260410;095500;318.01;318.14;317.9;318.14;45355
SBER;5;20260410;100000;318.14;318.37;318.08;318.25;106252
SBER;5;20260410;100500;318.24;318.25;317.1;317.24;459485
SBER;5;20260410;101000;317.25;317.63;317.24;317.57;125299
SBER;5;20260410;101500;317.56;317.57;317.35;317.42;42907
SBER;5;20260410;102000;317.41;317.42;317.07;317.2;141057
SBER;5;20260410;102500;317.2;317.43;317.19;317.35;80828
SBER;5;20260410;103000;317.35;317.35;316.65;316.92;386776
SBER;5;20260410;103500;316.93;317.18;316.86;317.05;155426
SBER;5;20260410;104000;317.07;317.13;317;317.11;89217
SBER;5;20260410;104500;317.11;317.11;316.58;316.59;173030
SBER;5;20260410;105000;316.58;317.14;316.57;317.02;149113
SBER;5;20260410;105500;317.02;317.25;317;317.24;124976
SBER;5;20260410;110000;317.25;317.56;317.15;317.46;311022
SBER;5;20260410;110500;317.46;317.79;317.33;317.64;154896
SBER;5;20260410;111000;317.63;317.66;317.33;317.36;50994
SBER;5;20260410;111500;317.36;317.5;317.02;317.09;96200
SBER;5;20260410;112000;317.09;317.15;316.95;316.96;131177
SBER;5;20260410;112500;316.97;317.36;316.95;317.26;92117
SBER;5;20260410;113000;317.25;317.5;317.25;317.44;58078
SBER;5;20260410;113500;317.45;317.57;317.29;317.36;203486
SBER;5;20260410;114000;317.39;317.39;317.02;317.37;144933
SBER;5;20260410;114500;317.37;317.63;317.37;317.63;58121
SBER;5;20260410;115000;317.63;317.77;317.6;317.62;90121
SBER;5;20260410;115500;317.62;317.64;317.6;317.64;58308
SBER;5;20260410;120000;317.64;317.8;317.61;317.7;145916
SBER;5;20260410;120500;317.73;317.89;317.65;317.82;51676
SBER;5;20260410;121000;317.82;318.18;317.77;318.18;261538
SBER;5;20260410;121500;318.18;318.3;318;318.18;453877
SBER;5;20260410;122000;318.17;318.3;318.17;318.23;242959
SBER;5;20260410;122500;318.23;318.27;317.96;318.09;79368
SBER;5;20260410;123000;318.09;318.45;318.07;318.44;205426
SBER;5;20260410;123500;318.45;318.5;318.39;318.5;95224
SBER;5;20260410;124000;318.5;318.5;318.29;318.3;43247
SBER;5;20260410;124500;318.32;318.35;318.06;318.09;93284
SBER;5;20260410;125000;318.09;318.2;317.95;318.15;121896
SBER;5;20260410;125500;318.15;318.17;318.02;318.15;37688
SBER;5;20260410;130000;318.15;318.2;318.01;318.11;30387
SBER;5;20260410;130500;318.11;318.41;318.02;318.31;65698
SBER;5;20260410;131000;318.28;318.4;318.15;318.3;70849
SBER;5;20260410;131500;318.3;318.54;318.22;318.51;269270
SBER;5;20260410;132000;318.51;318.51;318.3;318.32;73492
SBER;5;20260410;132500;318.33;318.34;318.25;318.25;60970
SBER;5;20260410;133000;318.25;318.39;318;318.02;193753
SBER;5;20260410;133500;318.02;318.08;317.86;318.05;151394
SBER;5;20260410;134000;318.05;318.07;317.96;318.05;92373
SBER;5;20260410;134500;318.05;318.16;318.04;318.15;37740
SBER;5;20260410;135000;318.16;318.37;318.14;318.24;168656
SBER;5;20260410;135500;318.24;318.34;318.18;318.32;84713
SBER;5;20260410;140000;318.3;318.35;318.25;318.27;44692
SBER;5;20260410;140500;318.27;318.28;318.25;318.26;39830
SBER;5;20260410;141000;318.26;318.27;318.07;318.17;49713
SBER;5;20260410;141500;318.17;318.19;318.04;318.09;53259
SBER;5;20260410;142000;318.09;318.2;318.05;318.14;38111
SBER;5;20260410;142500;318.15;318.28;318.1;318.28;86444
SBER;5;20260410;143000;318.28;318.32;318.18;318.32;95071
SBER;5;20260410;143500;318.32;318.43;318.3;318.42;170699
SBER;5;20260410;144000;318.43;318.44;318.38;318.4;42024
SBER;5;20260410;144500;318.4;318.45;318.33;318.37;54188
SBER;5;20260410;145000;318.37;318.54;318.3;318.54;142912
SBER;5;20260410;145500;318.54;318.68;318.5;318.61;228543
SBER;5;20260410;150000;318.61;318.79;318.6;318.62;260642
SBER;5;20260410;150500;318.62;318.64;318.6;318.64;57806
SBER;5;20260410;151000;318.64;318.68;318.46;318.63;366278
SBER;5;20260410;151500;318.63;318.64;318.3;318.35;162812
SBER;5;20260410;152000;318.34;318.34;318.18;318.27;35045
SBER;5;20260410;152500;318.25;318.3;318.25;318.29;36702
SBER;5;20260410;153000;318.29;318.42;318.24;318.36;66539
SBER;5;20260410;153500;318.36;318.43;318.18;318.3;91124
SBER;5;20260410;154000;318.3;318.48;318.3;318.44;75574
SBER;5;20260410;154500;318.45;318.54;318.43;318.48;60649
SBER;5;20260410;155000;318.48;318.51;318.47;318.51;31349
SBER;5;20260410;155500;318.48;318.6;318.3;318.31;98807
SBER;5;20260410;160000;318.31;318.34;318.1;318.11;115566
SBER;5;20260410;160500;318.11;318.12;318.02;318.02;33241
SBER;5;20260410;161000;318.02;318.09;318.02;318.03;63466
SBER;5;20260410;161500;318.04;318.1;318;318.05;125680
SBER;5;20260410;162000;318.08;318.13;318.04;318.07;24669
SBER;5;20260410;162500;318.07;318.08;318.05;318.07;25770
SBER;5;20260410;163000;318.08;318.09;318.05;318.08;38479
SBER;5;20260410;163500;318.09;318.2;318.07;318.15;71386
SBER;5;20260410;164000;318.15;318.16;318.05;318.09;45824
SBER;5;20260410;164500;318.08;318.09;318.05;318.05;66490
SBER;5;20260410;165000;318.07;318.08;317.98;318;161719
SBER;5;20260410;165500;318.01;318.01;317.76;317.86;54201
SBER;5;20260410;170000;317.91;318.09;317.86;318.07;38435
SBER;5;20260410;170500;318.07;318.08;317.82;317.88;53771
SBER;5;20260410;171000;317.89;317.9;317.81;317.85;69775
SBER;5;20260410;171500;317.83;317.96;317.83;317.95;17135
SBER;5;20260410;172000;317.96;317.99;317.81;317.81;139314
SBER;5;20260410;172500;317.81;317.82;317.61;317.64;75487
SBER;5;20260410;173000;317.64;317.66;317.42;317.45;74725
SBER;5;20260410;173500;317.44;317.6;317.09;317.33;456861
SBER;5;20260410;174000;317.34;317.62;317.24;317.58;94949
SBER;5;20260410;174500;317.58;317.59;317.31;317.33;193823
SBER;5;20260410;175000;317.33;317.5;317.22;317.49;120216
SBER;5;20260410;175500;317.49;317.57;317.13;317.14;187707
SBER;5;20260410;180000;317.13;317.25;317.06;317.22;112369
SBER;5;20260410;180500;317.22;317.35;317.15;317.32;65806
SBER;5;20260410;181000;317.33;317.33;317.16;317.17;44107
SBER;5;20260410;181500;317.17;317.4;317.16;317.4;61592
SBER;5;20260410;182000;317.4;317.56;317.19;317.31;150917
SBER;5;20260410;182500;317.31;317.41;317.29;317.35;24404
SBER;5;20260410;183000;317.34;317.55;317.34;317.49;48626
SBER;5;20260410;183500;317.49;317.6;317.45;317.57;36215
SBER;5;20260410;184000;317.57;317.6;317.56;317.58;48335
SBER;5;20260410;184500;317.6;317.64;317.57;317.64;25380
SBER;5;20260410;185000;317.64;317.65;317.56;317.57;62157
SBER;5;20260410;185500;317.54;317.54;317.54;317.54;1313
SBER;5;20260410;190000;317.54;317.74;317.5;317.73;26529
SBER;5;20260410;190500;317.74;317.74;317.66;317.66;33411
SBER;5;20260410;191000;317.67;317.72;317.66;317.7;10985
SBER;5;20260410;191500;317.7;317.72;317.66;317.68;33276
SBER;5;20260410;192000;317.69;317.72;317.66;317.71;27870
SBER;5;20260410;192500;317.7;317.71;317.65;317.65;15421
SBER;5;20260410;193000;317.66;317.67;317.56;317.57;14702
SBER;5;20260410;193500;317.57;317.58;317.5;317.52;13860
SBER;5;20260410;194000;317.52;317.55;317.44;317.45;29340
SBER;5;20260410;194500;317.46;317.48;317.45;317.47;14069
SBER;5;20260410;195000;317.47;317.6;317.4;317.4;42353
SBER;5;20260410;195500;317.44;317.55;317.44;317.54;2328
SBER;5;20260410;200000;317.54;317.57;317.53;317.55;11843
SBER;5;20260410;200500;317.55;317.56;317.53;317.55;12668
SBER;5;20260410;201000;317.54;317.6;317.53;317.6;7909
SBER;5;20260410;201500;317.6;317.61;317.56;317.58;13294
SBER;5;20260410;202000;317.58;317.58;317.55;317.58;7141
SBER;5;20260410;202500;317.57;317.6;317.57;317.59;9485
SBER;5;20260410;203000;317.59;317.6;317.56;317.57;29156
SBER;5;20260410;203500;317.58;317.6;317.58;317.6;2886
SBER;5;20260410;204000;317.6;317.6;317.58;317.59;10350
SBER;5;20260410;204500;317.58;317.59;317.55;317.55;9594
SBER;5;20260410;205000;317.55;317.57;317.49;317.5;43635
SBER;5;20260410;205500;317.5;317.5;317.43;317.44;36914
SBER;5;20260410;210000;317.45;317.52;317.4;317.52;34221
SBER;5;20260410;210500;317.53;317.58;317.52;317.56;17360
SBER;5;20260410;211000;317.56;317.57;317.52;317.56;11745
SBER;5;20260410;211500;317.56;317.67;317.55;317.67;48461
SBER;5;20260410;212000;317.67;317.7;317.59;317.62;32149
SBER;5;20260410;212500;317.6;317.63;317.6;317.6;4072
SBER;5;20260410;213000;317.61;317.62;317.57;317.6;11467
SBER;5;20260410;213500;317.61;317.62;317.57;317.57;7031
SBER;5;20260410;214000;317.58;317.6;317.57;317.58;7873
SBER;5;20260410;214500;317.6;317.7;317.58;317.7;15641
SBER;5;20260410;215000;317.7;317.72;317.69;317.72;6733
SBER;5;20260410;215500;317.72;317.76;317.59;317.64;26847
SBER;5;20260410;220000;317.65;317.65;317.48;317.56;59428
SBER;5;20260410;220500;317.56;317.61;317.55;317.61;22865
SBER;5;20260410;221000;317.61;317.64;317.6;317.61;10793
SBER;5;20260410;221500;317.62;317.62;317.56;317.56;7393
SBER;5;20260410;222000;317.57;317.57;317.55;317.56;20242
SBER;5;20260410;222500;317.55;317.62;317.55;317.59;24365
SBER;5;20260410;223000;317.59;317.59;317.51;317.59;38107
SBER;5;20260410;223500;317.59;317.66;317.59;317.66;14191
SBER;5;20260410;224000;317.66;317.66;317.64;317.65;24714
SBER;5;20260410;224500;317.64;317.64;317.53;317.57;42204
SBER;5;20260410;225000;317.55;317.6;317.53;317.53;19603
SBER;5;20260410;225500;317.54;317.56;317.53;317.55;30197
SBER;5;20260410;230000;317.55;317.62;317.54;317.55;42243
SBER;5;20260410;230500;317.57;317.57;317.4;317.41;60452
SBER;5;20260410;231000;317.42;317.5;317.41;317.5;31623
SBER;5;20260410;231500;317.49;317.5;317.44;317.44;22046
SBER;5;20260410;232000;317.45;317.45;317.4;317.42;9578
SBER;5;20260410;232500;317.41;317.42;317.35;317.38;31958
SBER;5;20260410;233000;317.36;317.5;317.35;317.41;38395
SBER;5;20260410;233500;317.38;317.43;317.35;317.36;39606
SBER;5;20260410;234000;317.39;317.46;317.25;317.3;50250
SBER;5;20260410;234500;317.3;317.45;317.24;317.29;28987
SBER;5;20260411;095500;317.31;317.31;317.31;317.31;2705
SBER;5;20260411;100000;317.4;317.67;317.11;317.18;70548
SBER;5;20260411;100500;317.14;317.32;317.14;317.31;26765
SBER;5;20260411;101000;317.32;317.41;317.29;317.33;49339
SBER;5;20260411;101500;317.29;317.45;317.29;317.45;6541
SBER;5;20260411;102000;317.45;317.58;317.43;317.58;7488
SBER;5;20260411;102500;317.58;317.72;317.51;317.7;21403
SBER;5;20260411;103000;317.7;317.73;317.6;317.7;6168
SBER;5;20260411;103500;317.7;317.73;317.54;317.59;11347
SBER;5;20260411;104000;317.59;317.59;317.51;317.55;9068
SBER;5;20260411;104500;317.55;317.55;317.51;317.51;5105
SBER;5;20260411;105000;317.51;317.54;317.43;317.44;6467
SBER;5;20260411;105500;317.45;317.45;317.43;317.45;2092
SBER;5;20260411;110000;317.45;317.45;317.42;317.45;1580
SBER;5;20260411;110500;317.42;317.45;317.42;317.45;1205
SBER;5;20260411;111000;317.43;317.53;317.43;317.53;6028
SBER;5;20260411;111500;317.53;317.54;317.47;317.54;2034
SBER;5;20260411;112000;317.54;317.54;317.51;317.53;3426
SBER;5;20260411;112500;317.53;317.53;317.44;317.5;13004
SBER;5;20260411;113000;317.5;317.54;317.48;317.52;2040
SBER;5;20260411;113500;317.51;317.53;317.5;317.51;2826
SBER;5;20260411;114000;317.51;317.54;317.49;317.5;6017
SBER;5;20260411;114500;317.5;317.5;317.49;317.5;2713
SBER;5;20260411;115000;317.5;317.5;317.41;317.45;9175
SBER;5;20260411;115500;317.45;317.45;317.37;317.4;6999
SBER;5;20260411;120000;317.4;317.43;317.36;317.37;3509
SBER;5;20260411;120500;317.37;317.37;317.33;317.37;10382
SBER;5;20260411;121000;317.36;317.37;317.31;317.32;11097
SBER;5;20260411;121500;317.33;317.34;317.31;317.34;2580
SBER;5;20260411;122000;317.34;317.34;317.33;317.33;3421
SBER;5;20260411;122500;317.34;317.34;317.29;317.3;76483
SBER;5;20260411;123000;317.29;317.31;317.29;317.3;13593
SBER;5;20260411;123500;317.3;317.31;317.29;317.31;2653
SBER;5;20260411;124000;317.31;317.5;317.29;317.36;56551
SBER;5;20260411;124500;317.36;317.4;317.32;317.38;8085
SBER;5;20260411;125000;317.38;317.39;317.33;317.38;1807
SBER;5;20260411;125500;317.38;317.38;317.32;317.38;6380
SBER;5;20260411;130000;317.38;317.4;317.33;317.38;7783
SBER;5;20260411;130500;317.34;317.39;317.33;317.34;1537
SBER;5;20260411;131000;317.33;317.38;317.3;317.31;7547
SBER;5;20260411;131500;317.35;317.38;317.31;317.32;3496
SBER;5;20260411;132000;317.37;317.39;317.32;317.32;1904
SBER;5;20260411;132500;317.35;317.35;317.29;317.3;4070
SBER;5;20260411;133000;317.29;317.34;317.29;317.34;9723
SBER;5;20260411;133500;317.35;317.39;317.31;317.38;5594
SBER;5;20260411;134000;317.35;317.39;317.35;317.39;1405
SBER;5;20260411;134500;317.37;317.4;317.36;317.36;2886
SBER;5;20260411;135000;317.39;317.42;317.36;317.42;2671
SBER;5;20260411;135500;317.41;317.44;317.37;317.42;1940
SBER;5;20260411;140000;317.42;317.47;317.38;317.4;3473
SBER;5;20260411;140500;317.46;317.48;317.39;317.48;3174
SBER;5;20260411;141000;317.48;317.5;317.46;317.46;6321
SBER;5;20260411;141500;317.48;317.5;317.46;317.48;1576
SBER;5;20260411;142000;317.5;317.5;317.46;317.48;2138
SBER;5;20260411;142500;317.46;317.5;317.42;317.45;7545
SBER;5;20260411;143000;317.45;317.48;317.41;317.47;1776
SBER;5;20260411;143500;317.47;317.5;317.43;317.5;1884
SBER;5;20260411;144000;317.5;317.5;317.41;317.41;3526
SBER;5;20260411;144500;317.44;317.44;317.37;317.44;3869
SBER;5;20260411;145000;317.44;317.44;317.4;317.41;1155
SBER;5;20260411;145500;317.44;317.5;317.4;317.44;6688
SBER;5;20260411;150000;317.44;317.44;317.41;317.44;1129
SBER;5;20260411;150500;317.44;317.7;317.41;317.62;55717
SBER;5;20260411;151000;317.68;317.73;317.6;317.73;2299
SBER;5;20260411;151500;317.71;317.81;317.71;317.79;7078
SBER;5;20260411;152000;317.79;317.82;317.7;317.82;4361
SBER;5;20260411;152500;317.82;317.9;317.8;317.86;26336
SBER;5;20260411;153000;317.86;317.89;317.8;317.89;4784
SBER;5;20260411;153500;317.88;317.91;317.8;317.85;14463
SBER;5;20260411;154000;317.85;317.85;317.8;317.85;3079
SBER;5;20260411;154500;317.81;317.91;317.81;317.9;2132
SBER;5;20260411;155000;317.89;317.91;317.88;317.9;1849
SBER;5;20260411;155500;317.88;317.9;317.85;317.85;6800
SBER;5;20260411;160000;317.85;317.85;317.8;317.84;4192
SBER;5;20260411;160500;317.8;317.84;317.75;317.76;3757
SBER;5;20260411;161000;317.8;317.8;317.76;317.76;2066
SBER;5;20260411;161500;317.76;317.84;317.76;317.83;3814
SBER;5;20260411;162000;317.77;317.83;317.77;317.82;1021
SBER;5;20260411;162500;317.82;317.82;317.72;317.77;2964
SBER;5;20260411;163000;317.77;317.77;317.72;317.77;786
SBER;5;20260411;163500;317.77;317.81;317.7;317.79;4401
SBER;5;20260411;164000;317.79;317.8;317.7;317.79;1436
SBER;5;20260411;164500;317.79;317.79;317.72;317.79;1382
SBER;5;20260411;165000;317.75;317.79;317.75;317.79;560
SBER;5;20260411;165500;317.79;317.79;317.75;317.79;1670
SBER;5;20260411;170000;317.79;317.79;317.75;317.76;531
SBER;5;20260411;170500;317.79;317.79;317.76;317.79;628
SBER;5;20260411;171000;317.79;317.83;317.77;317.79;792
SBER;5;20260411;171500;317.79;317.84;317.79;317.8;7534
SBER;5;20260411;172000;317.8;317.87;317.74;317.8;23166
SBER;5;20260411;172500;317.8;317.87;317.74;317.8;1350
SBER;5;20260411;173000;317.8;317.87;317.74;317.86;7008
SBER;5;20260411;173500;317.78;317.86;317.72;317.8;8768
SBER;5;20260411;174000;317.85;317.85;317.75;317.76;3233
SBER;5;20260411;174500;317.79;317.8;317.72;317.8;2255
SBER;5;20260411;175000;317.8;317.84;317.75;317.83;1594
SBER;5;20260411;175500;317.83;317.85;317.78;317.84;34236
SBER;5;20260411;180000;317.84;317.88;317.82;317.85;27972
SBER;5;20260411;180500;317.88;317.88;317.82;317.85;932
SBER;5;20260411;181000;317.85;317.88;317.82;317.88;2509
SBER;5;20260411;181500;317.85;317.9;317.85;317.9;2594
SBER;5;20260411;182000;317.87;317.91;317.87;317.91;1203
SBER;5;20260411;182500;317.91;317.91;317.85;317.86;4347
SBER;5;20260411;183000;317.86;317.9;317.86;317.9;2614
SBER;5;20260411;183500;317.9;317.91;317.85;317.87;10925
SBER;5;20260411;184000;317.87;317.9;317.85;317.9;3429
SBER;5;20260411;184500;317.9;317.92;317.76;317.92;25495
SBER;5;20260411;185000;317.9;317.92;317.8;317.91;3116
SBER;5;20260411;185500;317.91;317.91;317.9;317.91;4609
SBER;5;20260412;095500;317.9;317.9;317.9;317.9;4921
SBER;5;20260412;100000;317.9;318.08;317.61;318;91100
SBER;5;20260412;100500;318;318.02;317.61;317.85;35107
SBER;5;20260412;101000;317.85;317.89;317.39;317.49;21432
SBER;5;20260412;101500;317.46;317.64;317.4;317.61;27985
SBER;5;20260412;102000;317.61;317.64;317.58;317.62;3766
SBER;5;20260412;102500;317.62;317.62;317.56;317.59;9666
SBER;5;20260412;103000;317.59;317.59;317.42;317.5;18319
SBER;5;20260412;103500;317.49;317.5;317.48;317.5;3313
SBER;5;20260412;104000;317.5;317.73;317.5;317.72;13274
SBER;5;20260412;104500;317.72;317.79;317.61;317.79;15410
SBER;5;20260412;105000;317.79;317.83;317.72;317.8;4313
SBER;5;20260412;105500;317.83;317.85;317.8;317.82;2557
SBER;5;20260412;110000;317.82;317.83;317.79;317.79;6214
SBER;5;20260412;110500;317.79;317.79;317.69;317.77;1422
SBER;5;20260412;111000;317.73;317.79;317.73;317.75;6464
SBER;5;20260412;111500;317.75;317.8;317.7;317.8;11065
SBER;5;20260412;112000;317.8;317.85;317.73;317.84;2988
SBER;5;20260412;112500;317.79;317.85;317.79;317.83;3637
SBER;5;20260412;113000;317.83;317.86;317.79;317.86;4013
SBER;5;20260412;113500;317.86;317.86;317.79;317.85;3292
SBER;5;20260412;114000;317.85;317.86;317.78;317.86;6146
SBER;5;20260412;114500;317.86;317.86;317.79;317.85;5345
SBER;5;20260412;115000;317.85;317.85;317.8;317.85;775
SBER;5;20260412;115500;317.83;317.86;317.81;317.86;2552
SBER;5;20260412;120000;317.86;317.87;317.85;317.85;7606
SBER;5;20260412;120500;317.87;317.87;317.85;317.85;2946
SBER;5;20260412;121000;317.87;317.87;317.61;317.8;21112
SBER;5;20260412;121500;317.8;317.89;317.66;317.84;45627
SBER;5;20260412;122000;317.84;317.85;317.71;317.84;1372
SBER;5;20260412;122500;317.78;317.84;317.78;317.79;1550
SBER;5;20260412;123000;317.79;317.84;317.78;317.83;3077
SBER;5;20260412;123500;317.83;317.84;317.78;317.79;9276
SBER;5;20260412;124000;317.82;317.83;317.77;317.77;1549
SBER;5;20260412;124500;317.77;317.83;317.75;317.75;2781
SBER;5;20260412;125000;317.82;317.82;317.75;317.81;3084
SBER;5;20260412;125500;317.81;317.83;317.75;317.83;1064
SBER;5;20260412;130000;317.83;317.83;317.65;317.66;22869
SBER;5;20260412;130500;317.65;317.66;317.6;317.65;2088
SBER;5;20260412;131000;317.65;317.66;317.61;317.65;765
SBER;5;20260412;131500;317.65;317.65;317.51;317.58;11217
SBER;5;20260412;132000;317.58;317.58;317.48;317.5;10984
SBER;5;20260412;132500;317.49;317.65;317.49;317.65;39893
SBER;5;20260412;133000;317.65;317.66;317.6;317.6;1399
SBER;5;20260412;133500;317.65;317.65;317.57;317.57;10043
SBER;5;20260412;134000;317.57;317.63;317.51;317.56;1677
SBER;5;20260412;134500;317.54;317.62;317.54;317.61;1222
SBER;5;20260412;135000;317.62;317.62;317.6;317.62;995
SBER;5;20260412;135500;317.6;317.62;317.6;317.62;1025
SBER;5;20260412;140000;317.6;317.62;317.56;317.61;1799
SBER;5;20260412;140500;317.61;317.61;317.5;317.6;4956
SBER;5;20260412;141000;317.55;317.6;317.55;317.59;2436
SBER;5;20260412;141500;317.59;317.62;317.57;317.62;1646
SBER;5;20260412;142000;317.62;317.62;317.57;317.58;3167
SBER;5;20260412;142500;317.58;317.63;317.57;317.63;14778
SBER;5;20260412;143000;317.59;317.63;317.53;317.58;5040
SBER;5;20260412;143500;317.56;317.59;317.55;317.59;1275
SBER;5;20260412;144000;317.55;317.59;317.53;317.58;3013
SBER;5;20260412;144500;317.58;317.59;317.53;317.59;1413
SBER;5;20260412;145000;317.59;317.59;317.54;317.59;1615
SBER;5;20260412;145500;317.59;317.63;317.55;317.59;1800
SBER;5;20260412;150000;317.63;317.63;317.54;317.57;4618
SBER;5;20260412;150500;317.57;317.63;317.46;317.63;28491
SBER;5;20260412;151000;317.63;317.65;317.57;317.58;2394
SBER;5;20260412;151500;317.57;317.62;317.51;317.55;4405
SBER;5;20260412;152000;317.58;317.58;317.28;317.36;45098
SBER;5;20260412;152500;317.36;317.48;317.36;317.4;7005
SBER;5;20260412;153000;317.4;317.49;317.39;317.45;9580
SBER;5;20260412;153500;317.45;317.46;317.41;317.45;947
SBER;5;20260412;154000;317.46;317.49;317.4;317.48;1014
SBER;5;20260412;154500;317.48;317.53;317.34;317.41;11018
SBER;5;20260412;155000;317.41;317.54;317.41;317.5;3040
SBER;5;20260412;155500;317.45;317.5;317.22;317.23;50692
SBER;5;20260412;160000;317.23;317.52;317;317.13;269048
SBER;5;20260412;160500;317.13;317.18;316.9;317.16;147376
SBER;5;20260412;161000;317.16;317.17;316.94;317.08;20111
SBER;5;20260412;161500;317.15;317.42;317.11;317.31;14335
SBER;5;20260412;162000;317.3;317.43;317.3;317.42;8803
SBER;5;20260412;162500;317.42;317.46;317.31;317.45;28936
SBER;5;20260412;163000;317.45;317.59;317.32;317.54;23542
SBER;5;20260412;163500;317.54;317.59;317.37;317.53;32649
SBER;5;20260412;164000;317.53;317.66;317.39;317.55;64369
SBER;5;20260412;164500;317.58;317.58;317.43;317.56;7808
SBER;5;20260412;165000;317.51;317.56;317.29;317.5;56709
SBER;5;20260412;165500;317.49;317.5;317.25;317.43;12972
SBER;5;20260412;170000;317.34;317.45;317.25;317.44;4905
SBER;5;20260412;170500;317.44;317.6;317.35;317.52;44705
SBER;5;20260412;171000;317.43;317.62;317.43;317.54;2909
SBER;5;20260412;171500;317.58;317.59;317.4;317.55;3189
SBER;5;20260412;172000;317.55;317.55;317.51;317.51;930
SBER;5;20260412;172500;317.55;317.55;317.28;317.5;32200
SBER;5;20260412;173000;317.5;317.5;317.35;317.48;4445
SBER;5;20260412;173500;317.44;317.5;317.37;317.37;6449
SBER;5;20260412;174000;317.37;317.43;317.29;317.39;4244
SBER;5;20260412;174500;317.43;317.5;317.36;317.45;6452
SBER;5;20260412;175000;317.5;317.5;317.38;317.48;9879
SBER;5;20260412;175500;317.45;317.5;317.37;317.47;16855
SBER;5;20260412;180000;317.47;317.5;317.38;317.49;10341
SBER;5;20260412;180500;317.49;317.49;317.41;317.43;2001
SBER;5;20260412;181000;317.43;317.49;317.36;317.47;7042
SBER;5;20260412;181500;317.44;317.47;317.43;317.43;3003
SBER;5;20260412;182000;317.43;317.49;317.43;317.44;6501
SBER;5;20260412;182500;317.48;317.48;317.43;317.46;4802
SBER;5;20260412;183000;317.46;317.46;317.4;317.42;5260
SBER;5;20260412;183500;317.42;317.45;317.28;317.38;22151
SBER;5;20260412;184000;317.42;317.61;317.33;317.45;18653
SBER;5;20260412;184500;317.45;317.55;317.43;317.52;15458
SBER;5;20260412;185000;317.52;317.65;317.48;317.61;34468
SBER;5;20260412;185500;317.6;317.66;317.52;317.64;26204
SBER;5;20260413;070000;317.75;317.99;317.44;317.63;88545
SBER;5;20260413;070500;317.62;317.68;317.42;317.63;74415
SBER;5;20260413;071000;317.65;317.67;317.4;317.44;21266
SBER;5;20260413;071500;317.49;317.54;317.31;317.54;95539
SBER;5;20260413;072000;317.54;317.55;317.4;317.55;56167
SBER;5;20260413;072500;317.55;317.81;317.52;317.76;51966
SBER;5;20260413;073000;317.75;317.81;317.63;317.81;14516
SBER;5;20260413;073500;317.8;317.8;317.59;317.69;15858
SBER;5;20260413;074000;317.69;317.72;317.65;317.7;14272
SBER;5;20260413;074500;317.7;317.72;317.57;317.57;15047
SBER;5;20260413;075000;317.58;317.58;317.54;317.57;18473
SBER;5;20260413;075500;317.56;317.7;317.56;317.7;75417
SBER;5;20260413;080000;317.7;317.75;317.69;317.75;4094
SBER;5;20260413;080500;317.74;317.84;317.74;317.84;23292
SBER;5;20260413;081000;317.84;317.9;317.83;317.89;9387
SBER;5;20260413;081500;317.88;317.89;317.72;317.73;20078
SBER;5;20260413;082000;317.73;317.73;317.7;317.73;7790
SBER;5;20260413;082500;317.73;317.73;317.7;317.73;3543
SBER;5;20260413;083000;317.73;317.87;317.7;317.85;18991
SBER;5;20260413;083500;317.86;317.89;317.8;317.86;11812
SBER;5;20260413;084000;317.85;317.85;317.72;317.74;10834
SBER;5;20260413;084500;317.72;317.82;317.72;317.82;5840
SBER;5;20260413;085000;317.82;317.88;317.77;317.79;7921
SBER;5;20260413;085500;317.8;317.87;317.76;317.86;10153
SBER;5;20260413;090000;317.85;317.87;317.77;317.87;27987
SBER;5;20260413;090500;317.86;317.95;317.85;317.95;107749
SBER;5;20260413;091000;317.94;317.98;317.92;317.95;66384
SBER;5;20260413;091500;317.96;317.96;317.95;317.96;48780
SBER;5;20260413;092000;317.95;317.95;317.81;317.83;69186
SBER;5;20260413;092500;317.82;317.82;317.77;317.8;25271
SBER;5;20260413;093000;317.8;317.8;317.6;317.61;69009
SBER;5;20260413;093500;317.6;317.68;317.58;317.65;65664
SBER;5;20260413;094000;317.65;317.7;317.62;317.64;18472
SBER;5;20260413;094500;317.66;317.75;317.62;317.64;26928
SBER;5;20260413;095000;317.64;317.72;317.63;317.67;13480
SBER;5;20260413;095500;317.69;317.79;317.65;317.72;32583
SBER;5;20260413;100000;317.74;317.75;317.53;317.54;78344
SBER;5;20260413;100500;317.54;317.59;317.42;317.49;61618
SBER;5;20260413;101000;317.49;317.5;317.36;317.47;53577
SBER;5;20260413;101500;317.48;317.62;317.48;317.61;27196
SBER;5;20260413;102000;317.62;317.92;317.61;317.85;100319
SBER;5;20260413;102500;317.83;317.85;317.69;317.7;35783
SBER;5;20260413;103000;317.7;317.73;317.62;317.64;31741
SBER;5;20260413;103500;317.65;317.66;317.56;317.58;32416
SBER;5;20260413;104000;317.58;317.6;317.43;317.44;117743
SBER;5;20260413;104500;317.44;317.46;317.37;317.37;35573
SBER;5;20260413;105000;317.38;317.45;317.33;317.41;83404
SBER;5;20260413;105500;317.4;317.41;317.17;317.31;168130
SBER;5;20260413;110000;317.31;317.33;317;317.03;323726
SBER;5;20260413;110500;317.03;317.15;317;317.06;250922
SBER;5;20260413;111000;317.07;317.3;317.01;317.21;180253
SBER;5;20260413;111500;317.21;317.36;317.2;317.23;51635
SBER;5;20260413;112000;317.23;317.29;317;317.09;243814
SBER;5;20260413;112500;317.09;317.13;317;317.11;154204
SBER;5;20260413;113000;317.12;317.2;316.95;316.96;493589
SBER;5;20260413;113500;316.95;317.08;316.8;316.8;101056
SBER;5;20260413;114000;316.81;316.85;316.17;316.6;864237
SBER;5;20260413;114500;316.61;316.61;316.6;316.6;96303
SBER;5;20260413;115000;316.61;316.66;316.51;316.52;65036
SBER;5;20260413;115500;316.51;316.56;316.29;316.31;204366
SBER;5;20260413;120000;316.31;316.4;316.06;316.11;496008
SBER;5;20260413;120500;316.11;316.3;316.07;316.2;221273
SBER;5;20260413;121000;316.19;316.21;316.06;316.21;191447
SBER;5;20260413;121500;316.22;316.43;316.07;316.4;344982
SBER;5;20260413;122000;316.39;316.56;316.34;316.46;335348
SBER;5;20260413;122500;316.46;316.61;316.44;316.46;80115
SBER;5;20260413;123000;316.46;316.48;316.41;316.47;58601
SBER;5;20260413;123500;316.47;316.85;316.41;316.81;135949
SBER;5;20260413;124000;316.81;316.81;316.62;316.81;115438
SBER;5;20260413;124500;316.81;316.83;316.71;316.75;27208
SBER;5;20260413;125000;316.75;316.8;316.68;316.74;117248
SBER;5;20260413;125500;316.72;316.76;316.68;316.76;50135
SBER;5;20260413;130000;316.76;316.8;316.63;316.67;92611
SBER;5;20260413;130500;316.66;316.7;316.41;316.44;91686
SBER;5;20260413;131000;316.45;316.52;316.37;316.45;73986
SBER;5;20260413;131500;316.45;316.45;316.27;316.28;109639
SBER;5;20260413;132000;316.28;316.47;316.25;316.46;72612
SBER;5;20260413;132500;316.47;316.54;316.43;316.53;22510
SBER;5;20260413;133000;316.53;316.54;316.25;316.27;63073
SBER;5;20260413;133500;316.27;316.51;316.24;316.51;46706
SBER;5;20260413;134000;316.51;316.51;316.34;316.42;32367
SBER;5;20260413;134500;316.43;316.65;316.34;316.62;82841
SBER;5;20260413;135000;316.62;316.66;316.42;316.45;48243
SBER;5;20260413;135500;316.44;316.45;316.25;316.26;114290
SBER;5;20260413;140000;316.26;316.26;316.14;316.19;189216
SBER;5;20260413;140500;316.2;316.26;316.19;316.26;30193
SBER;5;20260413;141000;316.26;316.3;316.13;316.23;108297
SBER;5;20260413;141500;316.23;316.66;316.23;316.61;233839
SBER;5;20260413;142000;316.64;316.85;316.61;316.82;159496
SBER;5;20260413;142500;316.82;316.94;316.63;316.9;98555
SBER;5;20260413;143000;316.87;316.9;316.78;316.88;78824
SBER;5;20260413;143500;316.88;316.91;316.78;316.85;64518
SBER;5;20260413;144000;316.86;317;316.83;316.85;86919
SBER;5;20260413;144500;316.86;316.87;316.83;316.85;23912
SBER;5;20260413;145000;316.86;316.86;316.64;316.77;31291
SBER;5;20260413;145500;316.76;317.08;316.42;316.99;437740
SBER;5;20260413;150000;316.99;317.11;316.96;317.01;210959
SBER;5;20260413;150500;317.01;317.18;316.98;316.99;109518
SBER;5;20260413;151000;316.99;316.99;316.96;316.97;27159
SBER;5;20260413;151500;316.96;316.97;316.91;316.94;58271
SBER;5;20260413;152000;316.94;316.96;316.9;316.91;76591
SBER;5;20260413;152500;316.91;316.92;316.91;316.91;36092
SBER;5;20260413;153000;316.91;317.11;316.91;317.08;108126
SBER;5;20260413;153500;317.06;317.09;316.97;317.06;42002
SBER;5;20260413;154000;317.05;317.26;317;317.01;90956
SBER;5;20260413;154500;317.03;317.05;316.95;316.98;34684
SBER;5;20260413;155000;316.99;316.99;316.94;316.96;16981
SBER;5;20260413;155500;316.96;316.99;316.71;316.74;113425
SBER;5;20260413;160000;316.73;316.8;316.46;316.65;192466
SBER;5;20260413;160500;316.68;316.71;316.5;316.5;77527
SBER;5;20260413;161000;316.5;316.55;316.3;316.35;51344
SBER;5;20260413;161500;316.33;316.46;316.28;316.44;63513
SBER;5;20260413;162000;316.44;316.6;316.38;316.58;46681
SBER;5;20260413;162500;316.59;316.6;316.49;316.59;28350
SBER;5;20260413;163000;316.56;316.6;316.51;316.51;25435
SBER;5;20260413;163500;316.52;316.62;316.48;316.5;16997
SBER;5;20260413;164000;316.5;316.56;316.38;316.44;17538
SBER;5;20260413;164500;316.44;316.44;316.25;316.28;88249
SBER;5;20260413;165000;316.28;316.54;316.19;316.35;167322
SBER;5;20260413;165500;316.35;316.57;316.35;316.42;114762
SBER;5;20260413;170000;316.41;316.57;316.29;316.33;71645
SBER;5;20260413;170500;316.36;316.54;316.29;316.45;103740
SBER;5;20260413;171000;316.44;316.59;316.42;316.53;92459
SBER;5;20260413;171500;316.53;316.85;316.43;316.57;227989
SBER;5;20260413;172000;316.59;316.67;316.46;316.46;35540
SBER;5;20260413;172500;316.48;316.49;316.4;316.41;19692
SBER;5;20260413;173000;316.41;316.43;316.31;316.34;36629
SBER;5;20260413;173500;316.34;316.34;316.3;316.31;47845
SBER;5;20260413;174000;316.3;316.36;316.25;316.3;58648
SBER;5;20260413;174500;316.35;316.36;316.29;316.31;52779
SBER;5;20260413;175000;316.31;316.35;316.28;316.28;28614
SBER;5;20260413;175500;316.31;316.35;316.28;316.31;28363
SBER;5;20260413;180000;316.33;316.36;316.28;316.31;79899
SBER;5;20260413;180500;316.31;316.35;316.06;316.06;405713
SBER;5;20260413;181000;316.06;316.11;315.55;315.79;1090295
SBER;5;20260413;181500;315.79;315.92;315.55;315.8;197657
SBER;5;20260413;182000;315.79;316.01;315.77;316;70580
SBER;5;20260413;182500;316.01;316.01;315.9;315.92;168301
SBER;5;20260413;183000;315.94;315.99;315.78;315.92;92323
SBER;5;20260413;183500;315.93;316.35;315.92;316.26;97887
SBER;5;20260413;184000;316.25;316.26;316.17;316.17;24110
SBER;5;20260413;184500;316.17;316.35;316.17;316.35;16335
SBER;5;20260413;185000;316.34;316.34;316.19;316.2;9400
SBER;5;20260413;185500;316.24;316.24;316.24;316.24;1138
SBER;5;20260413;190000;316.24;316.24;316.17;316.17;18297
SBER;5;20260413;190500;316.18;316.24;316.09;316.09;43116
SBER;5;20260413;191000;316.09;316.28;316.07;316.24;64934
SBER;5;20260413;191500;316.24;316.28;316.12;316.16;13274
SBER;5;20260413;192000;316.16;316.16;315.81;315.95;135855
SBER;5;20260413;192500;315.95;316.58;315.91;316.27;240774
SBER;5;20260413;193000;316.27;316.94;316.27;316.71;273122
SBER;5;20260413;193500;316.71;316.71;316.51;316.56;17243
SBER;5;20260413;194000;316.56;316.56;316.51;316.56;20637
SBER;5;20260413;194500;316.56;316.7;316.55;316.67;11459
SBER;5;20260413;195000;316.67;316.67;316.62;316.65;16656
SBER;5;20260413;195500;316.65;316.65;316.5;316.51;41062
SBER;5;20260413;200000;316.51;316.51;316.41;316.43;22347
SBER;5;20260413;200500;316.42;316.45;316.42;316.45;23928
SBER;5;20260413;201000;316.45;316.45;316.38;316.38;31045
SBER;5;20260413;201500;316.39;316.45;316.37;316.45;18504
SBER;5;20260413;202000;316.45;316.45;316.4;316.42;10993
SBER;5;20260413;202500;316.42;316.42;316.41;316.42;2655
SBER;5;20260413;203000;316.42;316.5;316.41;316.49;5138
SBER;5;20260413;203500;316.49;316.61;316.44;316.53;20598
SBER;5;20260413;204000;316.52;316.59;316.52;316.57;7840
SBER;5;20260413;204500;316.58;316.58;316.29;316.34;34476
SBER;5;20260413;205000;316.34;316.45;316.29;316.44;12517
SBER;5;20260413;205500;316.43;316.51;316.43;316.51;5693
SBER;5;20260413;210000;316.5;316.56;316.5;316.55;38925
SBER;5;20260413;210500;316.55;316.55;316.47;316.49;14777
SBER;5;20260413;211000;316.48;316.5;316.48;316.5;5177
SBER;5;20260413;211500;316.5;316.54;316.49;316.51;8096
SBER;5;20260413;212000;316.5;316.54;316.5;316.53;9814
SBER;5;20260413;212500;316.53;316.55;316.52;316.55;14960
SBER;5;20260413;213000;316.54;316.55;316.52;316.54;6564
SBER;5;20260413;213500;316.55;316.72;316.54;316.55;31857
SBER;5;20260413;214000;316.55;316.55;316.5;316.51;5251
SBER;5;20260413;214500;316.52;316.52;316.5;316.5;7924
SBER;5;20260413;215000;316.51;316.51;316.34;316.35;15937
SBER;5;20260413;215500;316.35;316.36;316.21;316.22;30696
SBER;5;20260413;220000;316.22;316.42;316.2;316.41;24465
SBER;5;20260413;220500;316.41;316.43;316.4;316.42;4802
SBER;5;20260413;221000;316.42;316.42;316.31;316.34;30282
SBER;5;20260413;221500;316.34;316.37;316.33;316.36;6131
SBER;5;20260413;222000;316.35;316.37;316.35;316.37;7042
SBER;5;20260413;222500;316.37;316.4;316.32;316.32;9870
SBER;5;20260413;223000;316.33;316.33;316.26;316.28;7695
SBER;5;20260413;223500;316.29;316.33;316.26;316.32;8516
SBER;5;20260413;224000;316.32;316.39;316.31;316.37;8182
SBER;5;20260413;224500;316.38;316.39;316.37;316.39;3516
SBER;5;20260413;225000;316.39;316.43;316.38;316.43;7342
SBER;5;20260413;225500;316.42;316.55;316.42;316.52;14992
SBER;5;20260413;230000;316.52;316.59;316.49;316.53;31068
SBER;5;20260413;230500;316.51;316.61;316.51;316.61;10626
SBER;5;20260413;231000;316.6;316.62;316.54;316.56;8140
SBER;5;20260413;231500;316.56;316.59;316.55;316.56;7284
SBER;5;20260413;232000;316.56;316.59;316.55;316.56;12886
SBER;5;20260413;232500;316.55;316.59;316.55;316.56;28512
SBER;5;20260413;233000;316.56;316.59;316.5;316.54;21836
SBER;5;20260413;233500;316.5;316.56;316.5;316.56;20827
SBER;5;20260413;234000;316.55;316.57;316.55;316.57;7810
SBER;5;20260413;234500;316.56;316.93;316.56;316.8;64772
SBER;5;20260414;070000;316.9;317;316.55;316.7;23902
SBER;5;20260414;070500;316.69;316.9;316.61;316.73;32125
SBER;5;20260414;071000;316.72;316.73;316.48;316.55;21460
SBER;5;20260414;071500;316.55;316.72;316.52;316.6;8917
SBER;5;20260414;072000;316.64;316.71;316.56;316.71;7962
SBER;5;20260414;072500;316.71;316.88;316.7;316.79;15268
SBER;5;20260414;073000;316.75;316.9;316.75;316.89;11058
SBER;5;20260414;073500;316.89;316.9;316.62;316.68;24418
SBER;5;20260414;074000;316.68;316.83;316.68;316.81;32029
SBER;5;20260414;074500;316.81;317.02;316.8;316.92;61268
SBER;5;20260414;075000;316.95;316.95;316.82;316.82;19901
SBER;5;20260414;075500;316.92;317.02;316.9;316.98;7973
SBER;5;20260414;080000;316.98;317.09;316.98;317.05;15448
SBER;5;20260414;080500;316.99;317.05;316.9;316.91;18169
SBER;5;20260414;081000;316.91;317.09;316.83;317.07;28960
SBER;5;20260414;081500;317.07;317.1;317.02;317.09;20863
SBER;5;20260414;082000;317.1;317.1;317.03;317.09;12949
SBER;5;20260414;082500;317.09;317.09;317.05;317.07;5328
SBER;5;20260414;083000;317.07;317.07;317;317.05;12466
SBER;5;20260414;083500;317.05;317.1;317.03;317.08;64792
SBER;5;20260414;084000;317.08;317.09;316.9;316.9;19574
SBER;5;20260414;084500;316.9;316.95;316.85;316.93;21185
SBER;5;20260414;085000;316.93;316.99;316.9;316.96;11735
SBER;5;20260414;085500;316.97;316.97;316.9;316.92;2573
SBER;5;20260414;090000;316.9;316.92;316.62;316.67;96739
SBER;5;20260414;090500;316.65;316.73;316.65;316.72;14296
SBER;5;20260414;091000;316.71;316.77;316.55;316.56;53780
SBER;5;20260414;091500;316.55;316.56;316.32;316.45;79640
SBER;5;20260414;092000;316.46;316.53;316.45;316.52;7397
SBER;5;20260414;092500;316.52;316.52;316.5;316.51;19610
SBER;5;20260414;093000;316.51;316.67;316.5;316.66;60517
SBER;5;20260414;093500;316.66;316.74;316.63;316.71;8195
SBER;5;20260414;094000;316.71;316.71;316.6;316.64;14020
SBER;5;20260414;094500;316.64;316.64;316.52;316.53;18357
SBER;5;20260414;095000;316.52;316.68;316.52;316.55;17259
SBER;5;20260414;095500;316.55;316.71;316.55;316.7;12938
SBER;5;20260414;100000;316.65;316.92;316.63;316.91;60940
SBER;5;20260414;100500;316.92;316.92;316.55;316.64;66775
SBER;5;20260414;101000;316.64;316.69;316.57;316.63;37581
SBER;5;20260414;101500;316.64;316.67;316.25;316.34;95629
SBER;5;20260414;102000;316.34;316.83;316.28;316.81;69389
SBER;5;20260414;102500;316.81;317.08;316.77;316.91;97612
SBER;5;20260414;103000;316.96;317.1;316.82;316.86;119499
SBER;5;20260414;103500;316.88;316.99;316.8;316.82;79472
SBER;5;20260414;104000;316.82;316.82;316.68;316.74;28013
SBER;5;20260414;104500;316.73;316.82;316.69;316.79;26404
SBER;5;20260414;105000;316.77;316.8;316.69;316.74;24201
SBER;5;20260414;105500;316.74;316.78;316.69;316.72;17746
SBER;5;20260414;110000;316.72;316.81;316.67;316.72;21095
SBER;5;20260414;110500;316.76;316.77;316.67;316.75;11687
SBER;5;20260414;111000;316.76;316.76;316.62;316.67;26245
SBER;5;20260414;111500;316.67;316.67;316.47;316.5;83936
SBER;5;20260414;112000;316.49;316.5;315.55;316.07;571495
SBER;5;20260414;112500;316.09;316.1;315.5;315.62;309836
SBER;5;20260414;113000;315.62;315.66;315.28;315.4;364974
SBER;5;20260414;113500;315.4;316.05;315.4;316.01;290799
SBER;5;20260414;114000;316;316.01;315.64;315.75;142435
SBER;5;20260414;114500;315.75;315.75;315.65;315.65;146074
SBER;5;20260414;115000;315.66;315.71;315.6;315.65;45587
SBER;5;20260414;115500;315.65;315.9;315.61;315.87;99120
SBER;5;20260414;120000;315.87;316.39;315.86;316.08;214740
SBER;5;20260414;120500;316.07;316.3;316.07;316.27;129223
SBER;5;20260414;121000;316.27;316.27;316.1;316.16;104377
SBER;5;20260414;121500;316.16;316.2;316.11;316.11;62203
SBER;5;20260414;122000;316.12;316.15;316.11;316.14;44288
SBER;5;20260414;122500;316.14;316.3;316.11;316.29;78419
SBER;5;20260414;123000;316.28;316.29;316.13;316.14;23461
SBER;5;20260414;123500;316.13;316.17;316.1;316.1;55845
SBER;5;20260414;124000;316.1;316.11;315.83;315.97;87252
SBER;5;20260414;124500;315.97;316.02;315.83;315.85;59742
SBER;5;20260414;125000;315.85;315.91;315.85;315.88;38120
SBER;5;20260414;125500;315.87;316.04;315.86;315.97;118949
SBER;5;20260414;130000;315.98;316.3;315.9;316.17;128588
SBER;5;20260414;130500;316.16;316.28;315.98;316.02;184768
SBER;5;20260414;131000;316.05;316.2;316.01;316.17;64664
SBER;5;20260414;131500;316.17;316.6;316.13;316.6;447216
SBER;5;20260414;132000;316.6;316.6;316.35;316.47;238583
SBER;5;20260414;132500;316.47;316.53;316.39;316.42;31927
SBER;5;20260414;133000;316.41;316.64;316.41;316.59;54526
SBER;5;20260414;133500;316.58;316.6;316.5;316.54;24202
SBER;5;20260414;134000;316.54;316.81;316.47;316.8;136895
SBER;5;20260414;134500;316.81;317.12;316.8;317.1;739322
SBER;5;20260414;135000;317.12;317.44;317.05;317.06;246904
SBER;5;20260414;135500;317.05;317.15;317.05;317.13;78790
SBER;5;20260414;140000;317.13;317.39;317.12;317.21;161320
SBER;5;20260414;140500;317.21;317.32;317.2;317.26;86619
SBER;5;20260414;141000;317.25;317.26;317;317.02;48780
SBER;5;20260414;141500;317.01;317.09;317.01;317.06;32308
SBER;5;20260414;142000;317.06;317.06;316.95;316.97;30943
SBER;5;20260414;142500;316.98;317.04;316.95;316.99;36847
SBER;5;20260414;143000;316.98;317.1;316.98;317.09;30018
SBER;5;20260414;143500;317.09;317.11;317.04;317.06;13314
SBER;5;20260414;144000;317.04;317.1;317.03;317.09;18574
SBER;5;20260414;144500;317.1;317.24;317.09;317.21;43609
SBER;5;20260414;145000;317.23;317.23;317.18;317.22;39456
SBER;5;20260414;145500;317.22;317.23;316.94;317.21;313797
SBER;5;20260414;150000;317.21;317.23;317.17;317.17;60485
SBER;5;20260414;150500;317.17;317.18;317.05;317.05;106080
SBER;5;20260414;151000;317.05;317.07;316.81;316.89;157734
SBER;5;20260414;151500;316.87;317.02;316.83;316.96;45108
SBER;5;20260414;152000;316.95;317;316.89;316.99;15812
SBER;5;20260414;152500;316.99;317.1;316.99;317.06;75607
SBER;5;20260414;153000;317.06;317.14;317;317;47539
SBER;5;20260414;153500;317.04;317.21;317;317.17;66891
SBER;5;20260414;154000;317.17;317.23;317.08;317.17;102365
SBER;5;20260414;154500;317.15;317.18;317.02;317.03;20499
SBER;5;20260414;155000;317.04;317.15;317.01;317.15;37248
SBER;5;20260414;155500;317.15;317.19;317.1;317.18;70485
SBER;5;20260414;160000;317.19;317.22;317.18;317.19;20698
SBER;5;20260414;160500;317.19;317.2;317.08;317.08;35908
SBER;5;20260414;161000;317.08;317.1;317.05;317.05;38321
SBER;5;20260414;161500;317.07;317.09;317;317.08;79658
SBER;5;20260414;162000;317.09;317.09;317.08;317.08;109550
SBER;5;20260414;162500;317.08;317.17;317.08;317.17;33186
SBER;5;20260414;163000;317.16;317.2;317.08;317.15;34784
SBER;5;20260414;163500;317.14;317.27;317.14;317.25;199848
SBER;5;20260414;164000;317.26;317.28;317.22;317.28;100936
SBER;5;20260414;164500;317.28;317.29;317.23;317.24;49187
SBER;5;20260414;165000;317.24;317.27;317.09;317.22;114616
SBER;5;20260414;165500;317.19;317.19;317.08;317.12;34834
SBER;5;20260414;170000;317.14;317.22;317.08;317.2;73964
SBER;5;20260414;170500;317.22;317.88;317.2;317.2;782081
SBER;5;20260414;171000;317.27;317.79;317.21;317.69;157833
SBER;5;20260414;171500;317.7;317.83;317.63;317.78;258043
SBER;5;20260414;172000;317.8;317.84;317.66;317.71;117933
SBER;5;20260414;172500;317.71;317.76;317.54;317.56;42309
SBER;5;20260414;173000;317.56;317.68;317.5;317.5;28138
SBER;5;20260414;173500;317.5;317.51;317.3;317.33;76913
SBER;5;20260414;174000;317.35;317.6;317.34;317.51;71769
SBER;5;20260414;174500;317.5;317.51;317.32;317.36;84490
SBER;5;20260414;175000;317.38;317.46;317.33;317.37;23697
SBER;5;20260414;175500;317.38;317.39;317.32;317.32;32064
SBER;5;20260414;180000;317.33;317.52;317.33;317.49;63725
SBER;5;20260414;180500;317.49;317.5;317.44;317.46;64110
SBER;5;20260414;181000;317.47;317.55;317.42;317.48;26031
SBER;5;20260414;181500;317.5;317.55;317.46;317.46;28204
SBER;5;20260414;182000;317.47;317.49;317.41;317.41;68012
SBER;5;20260414;182500;317.42;317.53;317.34;317.45;92064
SBER;5;20260414;183000;317.46;317.5;317.37;317.38;66949
SBER;5;20260414;183500;317.38;317.65;317.3;317.42;239091
SBER;5;20260414;184000;317.43;317.49;317.42;317.42;17309
SBER;5;20260414;184500;317.43;317.49;317.39;317.48;43144
SBER;5;20260414;185000;317.48;317.55;317.36;317.5;54981
SBER;5;20260414;185500;317.5;317.5;317.5;317.5;655
SBER;5;20260414;190000;317.49;317.52;317.48;317.5;7594
SBER;5;20260414;190500;317.5;317.5;317.43;317.43;9656
SBER;5;20260414;191000;317.44;317.44;317.34;317.39;18154
SBER;5;20260414;191500;317.39;317.4;317.32;317.34;16244
SBER;5;20260414;192000;317.35;317.43;317.33;317.34;9499
SBER;5;20260414;192500;317.35;317.4;317.33;317.34;8075
SBER;5;20260414;193000;317.34;317.36;317.32;317.33;28649
SBER;5;20260414;193500;317.36;317.37;317.32;317.37;24268
SBER;5;20260414;194000;317.37;317.37;317.26;317.27;24177
SBER;5;20260414;194500;317.27;317.27;317.13;317.2;51774
SBER;5;20260414;195000;317.2;317.2;317.19;317.19;8493
SBER;5;20260414;195500;317.19;317.2;317.17;317.18;15067
SBER;5;20260414;200000;317.19;317.2;317.17;317.18;19158
SBER;5;20260414;200500;317.18;317.2;317.17;317.2;17731
SBER;5;20260414;201000;317.2;317.2;317.19;317.2;4008
SBER;5;20260414;201500;317.2;317.2;317.19;317.2;2068
SBER;5;20260414;202000;317.19;317.2;317.17;317.19;18060
SBER;5;20260414;202500;317.19;317.33;317.18;317.3;50173
SBER;5;20260414;203000;317.29;317.3;317.25;317.28;4086
SBER;5;20260414;203500;317.28;317.28;317.22;317.24;2928
SBER;5;20260414;204000;317.24;317.25;317.22;317.23;12772
SBER;5;20260414;204500;317.23;317.29;317.22;317.28;11146
SBER;5;20260414;205000;317.27;317.32;317.27;317.32;5958
SBER;5;20260414;205500;317.32;317.32;317.25;317.31;2679
SBER;5;20260414;210000;317.31;317.32;317.3;317.32;7908
SBER;5;20260414;210500;317.32;317.32;317.23;317.24;9871
SBER;5;20260414;211000;317.25;317.29;317.23;317.29;10034
SBER;5;20260414;211500;317.28;317.29;317.26;317.26;7200
SBER;5;20260414;212000;317.25;317.28;317.24;317.28;6838
SBER;5;20260414;212500;317.28;317.28;317.22;317.23;10455
SBER;5;20260414;213000;317.24;317.24;317.23;317.24;3112
SBER;5;20260414;213500;317.23;317.25;317.23;317.25;8168
SBER;5;20260414;214000;317.25;317.3;317.24;317.28;5565
SBER;5;20260414;214500;317.3;317.3;317.25;317.27;9352
SBER;5;20260414;215000;317.27;317.3;317.26;317.29;9528
SBER;5;20260414;215500;317.29;317.39;317.29;317.38;26395
SBER;5;20260414;220000;317.39;317.46;317.38;317.45;40130
SBER;5;20260414;220500;317.46;317.46;317.45;317.46;6732
SBER;5;20260414;221000;317.46;317.46;317.33;317.39;17642
SBER;5;20260414;221500;317.38;317.38;317.3;317.34;9501
SBER;5;20260414;222000;317.34;317.44;317.32;317.41;10798
SBER;5;20260414;222500;317.41;317.41;317.3;317.36;20160
SBER;5;20260414;223000;317.36;317.37;317.29;317.33;18549
SBER;5;20260414;223500;317.33;317.37;317.29;317.29;2944
SBER;5;20260414;224000;317.28;317.31;317.27;317.29;4055
SBER;5;20260414;224500;317.3;317.3;317.19;317.24;62618
SBER;5;20260414;225000;317.24;317.27;317.2;317.23;9277
SBER;5;20260414;225500;317.24;317.29;317.22;317.25;16294
SBER;5;20260414;230000;317.25;317.29;317.17;317.27;40972
SBER;5;20260414;230500;317.27;317.3;317.26;317.29;3864
SBER;5;20260414;231000;317.29;317.32;317.28;317.31;7009
SBER;5;20260414;231500;317.31;317.31;317.26;317.29;16857
SBER;5;20260414;232000;317.28;317.29;317.17;317.18;40995
SBER;5;20260414;232500;317.18;317.18;317.13;317.17;20236
SBER;5;20260414;233000;317.17;317.17;317.1;317.1;41852
SBER;5;20260414;233500;317.1;317.11;317.07;317.07;24853
SBER;5;20260414;234000;317.07;317.16;317.04;317.1;20494
SBER;5;20260414;234500;317.1;317.17;316.93;317.11;75632
SBER;5;20260415;070000;317.7;317.7;317.28;317.36;22029
SBER;5;20260415;070500;317.43;317.44;317.33;317.41;3730
SBER;5;20260415;071000;317.41;317.43;317;317.27;31775
SBER;5;20260415;071500;317.27;317.49;317.24;317.49;17423
SBER;5;20260415;072000;317.49;317.67;317.47;317.6;13342
SBER;5;20260415;072500;317.58;317.65;317.53;317.64;25059
SBER;5;20260415;073000;317.64;317.64;317.53;317.55;2917
SBER;5;20260415;073500;317.55;317.59;317.5;317.58;3334
SBER;5;20260415;074000;317.58;317.58;317.52;317.56;3970
SBER;5;20260415;074500;317.55;317.59;317.39;317.54;22409
SBER;5;20260415;075000;317.54;317.58;317.46;317.5;5244
SBER;5;20260415;075500;317.5;317.7;317.5;317.67;93910
SBER;5;20260415;080000;317.67;317.67;317.6;317.6;4569
SBER;5;20260415;080500;317.6;317.6;317.31;317.59;6765
SBER;5;20260415;081000;317.59;317.59;317.33;317.45;16803
SBER;5;20260415;081500;317.42;317.45;317.33;317.42;21836
SBER;5;20260415;082000;317.42;318.42;317.41;318.13;523449
SBER;5;20260415;082500;318.14;318.25;317.86;318.16;123651
SBER;5;20260415;083000;318.16;318.42;318.08;318.21;126564
SBER;5;20260415;083500;318.2;318.4;318.1;318.1;68080
SBER;5;20260415;084000;318.09;318.25;318.07;318.15;19259
SBER;5;20260415;084500;318.11;318.2;318.11;318.19;19766
SBER;5;20260415;085000;318.15;318.21;318.02;318.07;38432
SBER;5;20260415;085500;318.02;318.07;317.9;317.91;45226
SBER;5;20260415;090000;317.9;318.05;317.6;317.89;127890
SBER;5;20260415;090500;317.9;318.01;317.86;317.9;29420
SBER;5;20260415;091000;317.86;317.9;317.7;317.78;52060
SBER;5;20260415;091500;317.79;318.13;317.78;318.1;79604
SBER;5;20260415;092000;318.1;318.1;317.92;318;21052
SBER;5;20260415;092500;318;318.02;317.9;317.93;18065
SBER;5;20260415;093000;317.93;317.94;317.8;317.81;22041
SBER;5;20260415;093500;317.81;318.11;317.8;317.87;87126
SBER;5;20260415;094000;317.87;317.89;317.85;317.89;7796
SBER;5;20260415;094500;317.88;317.9;317.7;317.74;28929
SBER;5;20260415;095000;317.77;317.8;317.7;317.73;44298
SBER;5;20260415;095500;317.74;317.8;317.73;317.77;16305
SBER;5;20260415;100000;317.76;317.8;317.72;317.75;80840
SBER;5;20260415;100500;317.76;317.8;317.66;317.71;30828
SBER;5;20260415;101000;317.7;317.75;317.61;317.74;51972
SBER;5;20260415;101500;317.74;317.76;317.57;317.72;63672
SBER;5;20260415;102000;317.68;317.8;317.53;317.53;44930
SBER;5;20260415;102500;317.53;317.53;316.61;316.85;642577
SBER;5;20260415;103000;316.87;316.97;316.72;316.97;190519
SBER;5;20260415;103500;316.96;317.05;316.82;316.89;95740
SBER;5;20260415;104000;316.89;316.9;316.78;316.84;123245
SBER;5;20260415;104500;316.87;316.87;316.67;316.72;195807
SBER;5;20260415;105000;316.71;316.92;316.71;316.85;81273
SBER;5;20260415;105500;316.85;316.85;316.76;316.79;28150
SBER;5;20260415;110000;316.79;316.79;316.7;316.71;109863
SBER;5;20260415;110500;316.71;316.71;316.45;316.48;189073
SBER;5;20260415;111000;316.49;316.77;316.47;316.65;174129
SBER;5;20260415;111500;316.65;316.77;316.61;316.77;94811
SBER;5;20260415;112000;316.77;316.77;316.67;316.7;34946
SBER;5;20260415;112500;316.7;316.7;316.5;316.59;84260
SBER;5;20260415;113000;316.57;316.74;316.53;316.74;75233
SBER;5;20260415;113500;316.74;317.11;316.68;317.11;131240
SBER;5;20260415;114000;317.11;317.11;317;317.03;34064
SBER;5;20260415;114500;317.03;317.16;316.98;317.15;39472
SBER;5;20260415;115000;317.16;317.39;317.15;317.25;145503
SBER;5;20260415;115500;317.25;317.25;317.06;317.14;16551
SBER;5;20260415;120000;317.14;317.17;317.01;317.06;26443
SBER;5;20260415;120500;317.06;317.1;316.95;317.1;84743
SBER;5;20260415;121000;317.1;317.2;317.06;317.2;33437
SBER;5;20260415;121500;317.2;317.2;317.13;317.16;23083
SBER;5;20260415;122000;317.16;317.2;317.12;317.18;13154
SBER;5;20260415;122500;317.18;317.2;317.04;317.07;17380
SBER;5;20260415;123000;317.07;317.07;316.96;316.98;67723
SBER;5;20260415;123500;316.98;316.98;316.75;316.87;58090
SBER;5;20260415;124000;316.87;317.12;316.86;317.1;19577
SBER;5;20260415;124500;317.1;317.11;316.86;316.93;23334
SBER;5;20260415;125000;316.92;316.96;316.88;316.96;16327
SBER;5;20260415;125500;316.93;317;316.89;317;22844
SBER;5;20260415;130000;317;317;316.99;317;16809
SBER;5;20260415;130500;317;317;316.99;317;40527
SBER;5;20260415;131000;317;317.25;316.99;317.08;130697
SBER;5;20260415;131500;317.08;317.24;316.98;317.24;183884
SBER;5;20260415;132000;317.23;317.45;317.2;317.45;124914
SBER;5;20260415;132500;317.44;317.6;317.44;317.6;136477
SBER;5;20260415;133000;317.59;317.6;317.54;317.55;105002
SBER;5;20260415;133500;317.55;317.66;317.54;317.66;223419
SBER;5;20260415;134000;317.66;317.8;317.65;317.8;204390
SBER;5;20260415;134500;317.8;318.49;317.74;318.45;1831120
SBER;5;20260415;135000;318.45;318.79;318.38;318.43;933015
SBER;5;20260415;135500;318.44;318.74;318.42;318.66;321827
SBER;5;20260415;140000;318.66;319.34;318.66;318.86;862415
SBER;5;20260415;140500;318.86;319.25;318.85;319.15;629317
SBER;5;20260415;141000;319.15;319.5;319.07;319.35;740208
SBER;5;20260415;141500;319.34;319.86;319.15;319.29;1089178
SBER;5;20260415;142000;319.28;319.6;319.2;319.48;344273
SBER;5;20260415;142500;319.47;319.6;319.2;319.41;272847
SBER;5;20260415;143000;319.41;319.74;319.41;319.63;306589
SBER;5;20260415;143500;319.66;319.75;319.57;319.66;220873
SBER;5;20260415;144000;319.66;319.71;319.55;319.68;134975
SBER;5;20260415;144500;319.69;319.75;319.52;319.68;242950
SBER;5;20260415;145000;319.68;319.7;319;319.24;656524
SBER;5;20260415;145500;319.21;319.4;319.19;319.38;89404
SBER;5;20260415;150000;319.38;319.8;319.38;319.75;398717
SBER;5;20260415;150500;319.75;319.85;319.71;319.8;323665
SBER;5;20260415;151000;319.81;320.1;319.79;320.09;1414572
SBER;5;20260415;151500;320.1;320.16;320;320.1;333972
SBER;5;20260415;152000;320.14;320.31;320.11;320.25;497689
SBER;5;20260415;152500;320.26;320.26;319.7;319.74;324132
SBER;5;20260415;153000;319.74;319.88;319.7;319.84;127368
SBER;5;20260415;153500;319.81;319.89;319.79;319.81;39763
SBER;5;20260415;154000;319.81;320.15;319.73;319.99;207307
SBER;5;20260415;154500;319.96;320.06;319.88;320.06;125052
SBER;5;20260415;155000;320.05;320.08;319.98;319.99;98970
SBER;5;20260415;155500;319.99;320;319.86;319.93;65935
SBER;5;20260415;160000;319.93;319.99;319.85;319.93;103022
SBER;5;20260415;160500;319.94;319.96;319.6;319.71;117185
SBER;5;20260415;161000;319.71;319.72;319.51;319.55;109647
SBER;5;20260415;161500;319.56;319.6;319.52;319.53;98414
SBER;5;20260415;162000;319.52;319.53;319.34;319.41;110870
SBER;5;20260415;162500;319.41;319.53;319.28;319.4;95860
SBER;5;20260415;163000;319.4;319.73;319.39;319.71;186846
SBER;5;20260415;163500;319.7;319.8;319.69;319.79;107145
SBER;5;20260415;164000;319.78;319.9;319.76;319.89;245190
SBER;5;20260415;164500;319.89;320;319.84;319.99;267344
SBER;5;20260415;165000;320;320.02;319.76;319.96;270609
SBER;5;20260415;165500;319.95;320.03;319.79;319.8;99707
SBER;5;20260415;170000;319.8;319.96;319.62;319.91;147709
SBER;5;20260415;170500;319.91;319.92;319.7;319.85;126201
SBER;5;20260415;171000;319.85;319.88;319.79;319.85;12288
SBER;5;20260415;171500;319.87;319.98;319.72;319.98;77815
SBER;5;20260415;172000;319.98;319.99;319.93;319.94;34676
SBER;5;20260415;172500;319.94;319.98;319.8;319.91;51560
SBER;5;20260415;173000;319.91;320.56;319.91;320.48;573237
SBER;5;20260415;173500;320.5;320.52;320.25;320.31;141845
SBER;5;20260415;174000;320.31;320.59;320.3;320.39;310761
SBER;5;20260415;174500;320.39;320.57;320.31;320.31;280667
SBER;5;20260415;175000;320.32;320.46;320.25;320.29;137192
SBER;5;20260415;175500;320.29;320.29;320.03;320.09;194859
SBER;5;20260415;180000;320.09;320.29;320.04;320.1;86560
SBER;5;20260415;180500;320.08;320.2;320;320;137725
SBER;5;20260415;181000;320.02;320.2;320;320.19;116435
SBER;5;20260415;181500;320.19;320.29;320.07;320.15;146712
SBER;5;20260415;182000;320.16;320.51;320.16;320.48;185333
SBER;5;20260415;182500;320.48;320.59;320.43;320.58;172234
SBER;5;20260415;183000;320.58;320.78;320.53;320.62;808092
SBER;5;20260415;183500;320.63;320.77;320.52;320.69;186698
SBER;5;20260415;184000;320.69;320.76;320.61;320.73;103402
SBER;5;20260415;184500;320.72;320.73;320.65;320.69;40704
SBER;5;20260415;185000;320.69;320.71;320.5;320.64;108570
SBER;5;20260415;185500;320.64;320.64;320.64;320.64;77835
SBER;5;20260415;190000;320.6;321.11;320.52;320.9;884785
SBER;5;20260415;190500;320.91;320.93;320.64;320.86;141724
SBER;5;20260415;191000;320.87;321.13;320.86;321.13;309795
SBER;5;20260415;191500;321.13;321.32;321.12;321.32;222119
SBER;5;20260415;192000;321.31;321.66;321.31;321.38;349214
SBER;5;20260415;192500;321.39;321.57;320.6;321.03;378271
SBER;5;20260415;193000;321.03;321.03;320.7;320.79;174928
SBER;5;20260415;193500;320.78;320.93;320.76;320.89;32521
SBER;5;20260415;194000;320.88;320.89;320.8;320.87;33567
SBER;5;20260415;194500;320.87;320.88;320.83;320.84;28270
SBER;5;20260415;195000;320.84;320.95;320.83;320.85;56411
SBER;5;20260415;195500;320.85;320.93;320.78;320.93;43765
SBER;5;20260415;200000;320.92;321;320.85;320.9;67620
SBER;5;20260415;200500;320.89;321;320.89;320.92;27837
SBER;5;20260415;201000;320.93;320.94;320.78;320.82;26786
SBER;5;20260415;201500;320.82;320.84;320.74;320.74;17226
SBER;5;20260415;202000;320.74;320.78;320.62;320.69;101138
SBER;5;20260415;202500;320.73;320.83;320.7;320.82;22523
SBER;5;20260415;203000;320.81;320.83;320.77;320.77;30363
SBER;5;20260415;203500;320.81;320.83;320.67;320.72;36679
SBER;5;20260415;204000;320.72;320.87;320.72;320.86;29804
SBER;5;20260415;204500;320.87;321;320.86;321;91796
SBER;5;20260415;205000;321;321.05;320.83;320.92;47511
SBER;5;20260415;205500;320.94;321.06;320.84;321.01;54486
SBER;5;20260415;210000;321.04;321.04;320.86;320.94;38930
SBER;5;20260415;210500;320.94;321;320.87;320.96;40157
SBER;5;20260415;211000;320.96;320.98;320.84;320.89;20831
SBER;5;20260415;211500;320.89;320.89;320.79;320.84;23116
SBER;5;20260415;212000;320.82;320.84;320.73;320.8;39580
SBER;5;20260415;212500;320.79;320.88;320.69;320.82;59903
SBER;5;20260415;213000;320.82;320.85;320.79;320.8;16295
SBER;5;20260415;213500;320.8;320.8;320.76;320.78;17564
SBER;5;20260415;214000;320.78;320.8;320.7;320.72;38383
SBER;5;20260415;214500;320.72;320.78;320.71;320.77;9386
SBER;5;20260415;215000;320.78;320.85;320.78;320.85;21587
SBER;5;20260415;215500;320.85;320.88;320.81;320.81;21137
SBER;5;20260415;220000;320.81;320.82;320.77;320.78;28522
SBER;5;20260415;220500;320.79;320.79;320.78;320.78;11924
SBER;5;20260415;221000;320.79;320.85;320.78;320.82;30241
SBER;5;20260415;221500;320.83;320.88;320.81;320.86;16377
SBER;5;20260415;222000;320.86;320.87;320.78;320.83;20396
SBER;5;20260415;222500;320.83;320.87;320.82;320.83;50139
SBER;5;20260415;223000;320.82;321;320.82;320.97;78405
SBER;5;20260415;223500;320.98;321.03;320.97;321.02;34164
SBER;5;20260415;224000;321.02;321.18;321.02;321.18;91848
SBER;5;20260415;224500;321.17;321.27;321.15;321.23;59236
SBER;5;20260415;225000;321.21;321.23;321.17;321.17;14265
SBER;5;20260415;225500;321.17;321.2;321.12;321.2;10373
SBER;5;20260415;230000;321.19;321.2;321.1;321.11;43463
SBER;5;20260415;230500;321.12;321.12;321.05;321.06;28999
SBER;5;20260415;231000;321.05;321.06;320.92;320.94;48317
SBER;5;20260415;231500;320.92;320.92;320.84;320.89;35356
SBER;5;20260415;232000;320.89;320.9;320.69;320.69;51019
SBER;5;20260415;232500;320.7;320.76;320.69;320.75;18320
SBER;5;20260415;233000;320.75;320.75;320.65;320.66;18402
SBER;5;20260415;233500;320.66;320.67;320.43;320.44;112533
SBER;5;20260415;234000;320.47;321.1;320.44;320.79;73105
SBER;5;20260415;234500;320.77;321.05;320.68;320.91;57238
SBER;5;20260416;070000;320.9;320.91;320.41;320.74;82009
SBER;5;20260416;070500;320.74;321.11;320.73;321.07;20760
SBER;5;20260416;071000;321.06;321.5;321.06;321.34;119925
SBER;5;20260416;071500;321.38;321.85;321.38;321.7;241147
SBER;5;20260416;072000;321.71;321.86;321.51;321.53;119703
SBER;5;20260416;072500;321.51;321.85;321.51;321.77;41358
SBER;5;20260416;073000;321.77;322;321.77;321.98;195361
SBER;5;20260416;073500;321.97;322.48;321.97;322.24;323073
SBER;5;20260416;074000;322.24;322.27;322.06;322.2;118182
SBER;5;20260416;074500;322.25;322.33;322.2;322.32;49069
SBER;5;20260416;075000;322.33;322.46;322.17;322.18;129766
SBER;5;20260416;075500;322.18;322.18;321.9;322.05;86904
SBER;5;20260416;080000;322.05;322.15;321.91;321.94;71518
SBER;5;20260416;080500;321.92;322;321.64;321.78;83893
SBER;5;20260416;081000;321.78;322.17;321.77;322.13;75060
SBER;5;20260416;081500;322.13;322.13;322;322.02;45554
SBER;5;20260416;082000;322;322.1;322;322.01;16634
SBER;5;20260416;082500;322;322.05;322;322.05;39039
SBER;5;20260416;083000;322;322.3;322;322.3;128626
SBER;5;20260416;083500;322.3;322.42;322.01;322.15;138852
SBER;5;20260416;084000;322.15;322.15;322.02;322.02;79078
SBER;5;20260416;084500;322.02;322.11;322.01;322.01;24385
SBER;5;20260416;085000;322.02;322.1;322;322;263185
SBER;5;20260416;085500;322;322.01;322;322;123670
SBER;5;20260416;090000;322;322.01;321.15;321.35;391320
SBER;5;20260416;090500;321.36;321.78;321.35;321.4;155028
SBER;5;20260416;091000;321.4;321.78;321.4;321.77;137383
SBER;5;20260416;091500;321.77;321.78;321.45;321.66;65243
SBER;5;20260416;092000;321.67;321.88;321.51;321.64;104462
SBER;5;20260416;092500;321.63;321.7;321.46;321.61;120960
SBER;5;20260416;093000;321.63;321.74;321.57;321.66;45706
SBER;5;20260416;093500;321.65;321.83;321.58;321.77;53837
SBER;5;20260416;094000;321.77;321.77;321.51;321.51;31693
SBER;5;20260416;094500;321.53;321.71;321.5;321.58;28958
SBER;5;20260416;095000;321.58;321.58;321.26;321.47;239535
SBER;5;20260416;095500;321.45;321.52;321.25;321.32;115034
SBER;5;20260416;100000;321.32;321.49;321.22;321.33;278616
SBER;5;20260416;100500;321.33;322.85;321.26;322.69;1024540
SBER;5;20260416;101000;322.69;322.98;321.84;322.28;938051
SBER;5;20260416;101500;322.26;322.79;322.26;322.38;279061
SBER;5;20260416;102000;322.44;323.5;322.34;323.45;952173
SBER;5;20260416;102500;323.45;324;323.4;323.74;1280776
SBER;5;20260416;103000;323.73;324.65;323.73;324.28;1166690
SBER;5;20260416;103500;324.28;324.79;324.07;324.73;659141
SBER;5;20260416;104000;324.73;324.85;324.38;324.49;734873
SBER;5;20260416;104500;324.49;324.89;324.45;324.87;775920
SBER;5;20260416;105000;324.88;324.97;324.72;324.8;864874
SBER;5;20260416;105500;324.8;324.98;324.5;324.97;566990
SBER;5;20260416;110000;324.98;325.2;324.93;325;1418989
SBER;5;20260416;110500;325.01;325.2;324.67;324.86;710522
SBER;5;20260416;111000;324.86;325;323.78;324.49;2034736
SBER;5;20260416;111500;324.49;324.72;324.05;324.54;1043725
SBER;5;20260416;112000;324.55;324.9;324.47;324.74;598262
SBER;5;20260416;112500;324.83;324.86;323.94;323.99;1035253
SBER;5;20260416;113000;323.99;324.23;323.88;324.16;365410
SBER;5;20260416;113500;324.15;324.16;323.84;324;296383
SBER;5;20260416;114000;324;324.15;323.55;323.58;435561
SBER;5;20260416;114500;323.58;323.88;323.18;323.52;869566
SBER;5;20260416;115000;323.52;323.81;323.4;323.55;346889
SBER;5;20260416;115500;323.54;323.6;323.26;323.38;513846
SBER;5;20260416;120000;323.4;323.56;323.2;323.31;328348
SBER;5;20260416;120500;323.3;323.55;323.09;323.49;403314
SBER;5;20260416;121000;323.49;323.78;323.34;323.68;294346
SBER;5;20260416;121500;323.68;323.68;323.5;323.51;156474
SBER;5;20260416;122000;323.51;323.58;323.46;323.5;109929
SBER;5;20260416;122500;323.5;323.78;323.46;323.5;87464
SBER;5;20260416;123000;323.5;323.52;323.18;323.36;160889
SBER;5;20260416;123500;323.32;323.4;323.21;323.33;123578
SBER;5;20260416;124000;323.33;323.37;323.15;323.2;108086
SBER;5;20260416;124500;323.2;323.26;323.1;323.1;210631
SBER;5;20260416;125000;323.11;323.11;323;323.08;296754
SBER;5;20260416;125500;323.08;323.31;323.01;323.23;191707
SBER;5;20260416;130000;323.23;323.28;323.02;323.1;214888
SBER;5;20260416;130500;323.1;323.11;322.96;322.97;404380
SBER;5;20260416;131000;322.97;323.16;322.61;323.01;460149
SBER;5;20260416;131500;323;323.01;322.82;322.98;115877
SBER;5;20260416;132000;322.96;323.4;322.87;323.39;296154
SBER;5;20260416;132500;323.4;323.5;323.26;323.34;106069
SBER;5;20260416;133000;323.34;323.37;323.22;323.26;87915
SBER;5;20260416;133500;323.26;323.36;323.23;323.3;58440
SBER;5;20260416;134000;323.3;323.6;323.29;323.41;204673
SBER;5;20260416;134500;323.41;323.55;323;323.06;153502
SBER;5;20260416;135000;323.04;323.07;322.95;322.97;41487
SBER;5;20260416;135500;322.97;323.17;322.96;323.17;71098
SBER;5;20260416;140000;323.17;323.35;323.09;323.28;68733
SBER;5;20260416;140500;323.28;323.32;323.06;323.11;53017
SBER;5;20260416;141000;323.11;323.32;323.06;323.32;52014
SBER;5;20260416;141500;323.32;323.4;323.17;323.3;88034
SBER;5;20260416;142000;323.3;323.4;323.29;323.4;42501
SBER;5;20260416;142500;323.4;323.68;323.39;323.52;191115
SBER;5;20260416;143000;323.52;323.55;323.48;323.49;46935
SBER;5;20260416;143500;323.49;323.5;323.45;323.48;65902
SBER;5;20260416;144000;323.48;323.51;323.27;323.33;157989
SBER;5;20260416;144500;323.33;323.35;323.24;323.28;46796
SBER;5;20260416;145000;323.27;323.35;323.14;323.34;127781
SBER;5;20260416;145500;323.35;323.66;323.34;323.51;177261
SBER;5;20260416;150000;323.51;323.66;323.4;323.47;139378
SBER;5;20260416;150500;323.47;323.55;323.28;323.55;155741
SBER;5;20260416;151000;323.53;323.58;323.36;323.37;27907
SBER;5;20260416;151500;323.37;323.45;323.25;323.31;96760
SBER;5;20260416;152000;323.31;323.54;323.28;323.45;159581
SBER;5;20260416;152500;323.45;323.52;323.03;323.19;194810
SBER;5;20260416;153000;323.2;323.38;323.07;323.17;145659
SBER;5;20260416;153500;323.17;323.32;323.15;323.23;96585
SBER;5;20260416;154000;323.23;323.23;322.61;322.64;401755
SBER;5;20260416;154500;322.63;322.82;322.63;322.65;236564
SBER;5;20260416;155000;322.65;322.65;322.18;322.4;1030202
SBER;5;20260416;155500;322.39;322.68;322.36;322.66;161971
SBER;5;20260416;160000;322.65;322.66;322.42;322.5;84542
SBER;5;20260416;160500;322.5;322.5;322.26;322.49;79028
SBER;5;20260416;161000;322.48;322.48;322.31;322.33;53343
SBER;5;20260416;161500;322.33;322.5;322.26;322.38;95234
SBER;5;20260416;162000;322.38;322.45;322.31;322.37;66804
SBER;5;20260416;162500;322.37;322.53;322.06;322.19;714921
SBER;5;20260416;163000;322.19;322.19;322.06;322.19;189548
SBER;5;20260416;163500;322.19;322.36;322.17;322.26;96796
SBER;5;20260416;164000;322.26;322.35;322.24;322.35;40719
SBER;5;20260416;164500;322.34;322.87;322.34;322.64;174288
SBER;5;20260416;165000;322.66;322.7;322.37;322.47;46858
SBER;5;20260416;165500;322.47;322.69;322.34;322.68;68720
SBER;5;20260416;170000;322.69;322.69;322.36;322.41;144155
SBER;5;20260416;170500;322.42;322.45;322.31;322.39;26402
SBER;5;20260416;171000;322.37;322.43;322.25;322.25;36132
SBER;5;20260416;171500;322.25;322.31;322.2;322.22;51278
SBER;5;20260416;172000;322.23;322.26;322.18;322.22;70980
SBER;5;20260416;172500;322.21;322.26;321.88;321.99;494755
SBER;5;20260416;173000;321.99;322.32;321.91;322.23;176227
SBER;5;20260416;173500;322.23;322.29;322.09;322.17;42012
SBER;5;20260416;174000;322.17;322.17;321.8;321.89;76959
SBER;5;20260416;174500;321.85;322;321.74;321.8;217393
SBER;5;20260416;175000;321.79;321.8;321.47;321.48;390540
SBER;5;20260416;175500;321.48;321.67;321.47;321.67;343559
SBER;5;20260416;180000;321.67;321.79;321.52;321.74;115183
SBER;5;20260416;180500;321.73;321.75;321.14;321.27;493679
SBER;5;20260416;181000;321.27;321.63;321.19;321.63;212545
SBER;5;20260416;181500;321.63;321.64;321.22;321.22;225649
SBER;5;20260416;182000;321.22;321.56;321.11;321.38;271746
SBER;5;20260416;182500;321.39;321.44;321.14;321.21;240436
SBER;5;20260416;183000;321.2;321.21;320.8;321.01;618911
SBER;5;20260416;183500;321.01;321.48;320.96;321.43;260247
SBER;5;20260416;184000;321.44;321.83;321.34;321.62;155730
SBER;5;20260416;184500;321.62;321.71;321.6;321.61;67842
SBER;5;20260416;185000;321.62;321.78;321.62;321.73;42601
SBER;5;20260416;185500;321.71;321.71;321.71;321.71;1846
SBER;5;20260416;190000;321.71;322;321.69;321.96;134677
SBER;5;20260416;190500;321.93;322.08;321.9;321.98;105743
SBER;5;20260416;191000;322.01;322.17;321.95;322.17;131683
SBER;5;20260416;191500;322.16;322.17;322.04;322.13;27304
SBER;5;20260416;192000;322.13;322.18;321.97;322.05;148996
SBER;5;20260416;192500;322.04;322.39;322.04;322.37;159098
SBER;5;20260416;193000;322.37;322.39;321.98;322.09;127955
SBER;5;20260416;193500;322.1;322.5;322.08;322.44;105800
SBER;5;20260416;194000;322.44;322.44;322.27;322.36;34495
SBER;5;20260416;194500;322.36;322.4;322.3;322.35;17531
SBER;5;20260416;195000;322.34;322.44;322.3;322.42;19882
SBER;5;20260416;195500;322.42;322.43;322.29;322.3;27080
SBER;5;20260416;200000;322.29;322.3;322.2;322.21;33144
SBER;5;20260416;200500;322.21;322.26;322.17;322.25;26034
SBER;5;20260416;201000;322.26;322.26;322.02;322.08;63738
SBER;5;20260416;201500;322.08;322.23;322.05;322.19;44097
SBER;5;20260416;202000;322.2;322.46;322.13;322.36;75796
SBER;5;20260416;202500;322.37;322.48;322.36;322.43;10942
SBER;5;20260416;203000;322.43;322.49;322.43;322.49;25887
SBER;5;20260416;203500;322.49;322.54;322.47;322.51;19924
SBER;5;20260416;204000;322.51;322.57;322.5;322.5;25208
SBER;5;20260416;204500;322.49;322.49;322.34;322.35;20403
SBER;5;20260416;205000;322.34;322.35;322.13;322.14;16355
SBER;5;20260416;205500;322.14;322.14;321.84;321.91;137486
SBER;5;20260416;210000;321.91;321.91;321.72;321.82;28398
SBER;5;20260416;210500;321.82;322.09;321.81;322.07;21851
SBER;5;20260416;211000;322.06;322.17;322.05;322.13;11724
SBER;5;20260416;211500;322.13;322.13;321.8;321.85;28377
SBER;5;20260416;212000;321.87;321.88;321.73;321.73;18340
SBER;5;20260416;212500;321.76;321.77;321.72;321.75;16692
SBER;5;20260416;213000;321.75;321.8;321.72;321.75;53001
SBER;5;20260416;213500;321.75;321.75;321.72;321.73;10711
SBER;5;20260416;214000;321.72;321.73;321.66;321.66;11153
SBER;5;20260416;214500;321.67;321.73;321.66;321.69;20880
SBER;5;20260416;215000;321.68;321.72;321.3;321.4;82193
SBER;5;20260416;215500;321.38;321.41;321.35;321.4;18320
SBER;5;20260416;220000;321.4;321.68;321.39;321.68;29186
SBER;5;20260416;220500;321.67;321.78;321.56;321.72;41929
SBER;5;20260416;221000;321.72;321.79;321.71;321.79;7043
SBER;5;20260416;221500;321.78;321.79;321.75;321.79;10183
SBER;5;20260416;222000;321.78;321.85;321.78;321.84;5118
SBER;5;20260416;222500;321.84;321.86;321.78;321.86;9043
SBER;5;20260416;223000;321.85;321.99;321.85;321.98;19436
SBER;5;20260416;223500;321.99;322.19;321.96;322.19;25722
SBER;5;20260416;224000;322.2;322.29;322.18;322.2;56131
SBER;5;20260416;224500;322.19;322.3;322.01;322.04;11048
SBER;5;20260416;225000;322.06;322.08;322;322;29203
SBER;5;20260416;225500;322.01;322.03;321.92;322.02;25821
SBER;5;20260416;230000;322.02;322.19;322.02;322.17;19155
SBER;5;20260416;230500;322.17;322.17;322.15;322.17;3133
SBER;5;20260416;231000;322.17;322.17;322.15;322.15;22534
SBER;5;20260416;231500;322.15;322.16;322.02;322.05;11971
SBER;5;20260416;232000;322.05;322.05;321.95;321.99;48710
SBER;5;20260416;232500;321.99;322.02;321.87;321.95;51759
SBER;5;20260416;233000;321.95;322.14;321.88;321.93;49958
SBER;5;20260416;233500;321.97;322.17;321.97;322.16;39643
SBER;5;20260416;234000;322.15;322.15;322.01;322.07;8380
SBER;5;20260416;234500;322.06;322.17;321.83;322.16;60957
SBER;5;20260417;070000;322.25;322.63;321.35;321.35;214428
SBER;5;20260417;070500;321.53;322.2;321.22;322.12;138342
SBER;5;20260417;071000;322.1;322.51;321.89;322.15;137328
SBER;5;20260417;071500;322.08;322.14;322.01;322.06;3668
SBER;5;20260417;072000;322.14;322.16;322.06;322.16;6586
SBER;5;20260417;072500;322.16;322.16;322.07;322.14;6572
SBER;5;20260417;073000;322.15;322.16;322.08;322.1;9396
SBER;5;20260417;073500;322.11;322.11;322.01;322.01;4498
SBER;5;20260417;074000;322.01;322.09;321.69;322.09;53793
SBER;5;20260417;074500;322.09;322.09;321.84;321.84;23462
SBER;5;20260417;075000;321.89;321.98;321.84;321.98;9052
SBER;5;20260417;075500;321.98;322.34;321.97;322.21;33528
SBER;5;20260417;080000;322.2;322.34;322.19;322.25;7674
SBER;5;20260417;080500;322.24;322.3;322.19;322.25;61534
SBER;5;20260417;081000;322.24;322.25;322.14;322.14;15835
SBER;5;20260417;081500;322.15;322.15;322.07;322.07;11721
SBER;5;20260417;082000;322.1;322.15;322.07;322.1;7440
SBER;5;20260417;082500;322.1;322.1;322.03;322.09;7788
SBER;5;20260417;083000;322.07;322.1;322;322;11623
SBER;5;20260417;083500;322;322.01;321.95;321.96;14886
SBER;5;20260417;084000;321.96;321.96;321.89;321.9;6327
SBER;5;20260417;084500;321.9;321.9;321.88;321.89;6905
SBER;5;20260417;085000;321.89;321.89;321.76;321.77;12381
SBER;5;20260417;085500;321.77;321.8;321.68;321.8;25943
SBER;5;20260417;090000;321.8;322.02;321.69;322.01;84625
SBER;5;20260417;090500;322.02;322.33;321.98;322.33;75055
SBER;5;20260417;091000;322.27;322.34;322.2;322.24;32694
SBER;5;20260417;091500;322.25;322.3;322.25;322.28;36554
SBER;5;20260417;092000;322.27;322.29;322.22;322.26;14880
SBER;5;20260417;092500;322.26;322.28;322.22;322.23;12839
SBER;5;20260417;093000;322.23;322.23;321.91;322.02;81485
SBER;5;20260417;093500;322.01;322.14;322;322.14;27554
SBER;5;20260417;094000;322.14;322.17;322.13;322.17;13166
SBER;5;20260417;094500;322.17;322.24;322.16;322.2;29853
SBER;5;20260417;095000;322.2;322.32;322.01;322.02;70075
SBER;5;20260417;095500;322.01;322.59;322.01;322.4;212539
SBER;5;20260417;100000;322.4;322.41;322.01;322.05;49738
SBER;5;20260417;100500;322.05;322.53;321.9;321.91;147905
SBER;5;20260417;101000;321.9;321.91;321.58;321.91;178330
SBER;5;20260417;101500;321.91;321.91;321.67;321.79;67326
SBER;5;20260417;102000;321.79;322.09;321.67;321.69;80995
SBER;5;20260417;102500;321.69;321.94;321.66;321.93;67474
SBER;5;20260417;103000;321.93;321.98;321.78;321.98;166798
SBER;5;20260417;103500;321.98;322.97;321.97;322.97;205979
SBER;5;20260417;104000;322.97;323.69;322.82;323.67;883810
SBER;5;20260417;104500;323.68;323.69;323.35;323.48;335441
SBER;5;20260417;105000;323.47;323.6;323.29;323.59;259038
SBER;5;20260417;105500;323.59;324.14;323.58;323.91;525926
SBER;5;20260417;110000;323.9;324.2;323.9;324.01;212442
SBER;5;20260417;110500;324.01;324.04;323.51;323.58;261410
SBER;5;20260417;111000;323.57;323.75;323.35;323.55;159276
SBER;5;20260417;111500;323.54;323.55;323.15;323.48;123895
SBER;5;20260417;112000;323.48;323.49;323.26;323.3;27841
SBER;5;20260417;112500;323.32;323.37;323.26;323.37;18654
SBER;5;20260417;113000;323.36;323.37;323.34;323.37;27939
SBER;5;20260417;113500;323.36;323.56;323.28;323.43;214195
SBER;5;20260417;114000;323.43;323.59;323.34;323.54;73522
SBER;5;20260417;114500;323.53;323.8;323.52;323.71;61665
SBER;5;20260417;115000;323.71;323.72;323.34;323.34;69344
SBER;5;20260417;115500;323.34;323.34;323.01;323.02;54825
SBER;5;20260417;120000;323.02;323.05;322.52;322.79;313714
SBER;5;20260417;120500;322.79;322.82;322.77;322.8;90707
SBER;5;20260417;121000;322.8;322.82;322.41;322.54;323639
SBER;5;20260417;121500;322.53;323.18;322.47;323.17;248220
SBER;5;20260417;122000;323.17;323.18;323.07;323.1;51225
SBER;5;20260417;122500;323.09;323.23;323.06;323.23;35000
SBER;5;20260417;123000;323.23;323.46;323.23;323.34;34479
SBER;5;20260417;123500;323.34;323.4;323.28;323.35;60018
SBER;5;20260417;124000;323.33;323.35;323.29;323.34;73884
SBER;5;20260417;124500;323.34;323.35;323.31;323.34;30075
SBER;5;20260417;125000;323.34;323.34;322.12;322.21;916876
SBER;5;20260417;125500;322.21;322.74;322.11;322.12;222021
SBER;5;20260417;130000;322.13;322.2;321.85;322.09;519989
SBER;5;20260417;130500;322.09;322.3;322;322.16;229084
SBER;5;20260417;131000;322.17;322.76;322.17;322.69;93061
SBER;5;20260417;131500;322.68;322.69;322.44;322.52;144178
SBER;5;20260417;132000;322.49;322.55;322.32;322.46;66112
SBER;5;20260417;132500;322.42;322.7;322.42;322.7;47477
SBER;5;20260417;133000;322.67;322.71;322.54;322.71;33198
SBER;5;20260417;133500;322.63;322.71;322.61;322.69;23610
SBER;5;20260417;134000;322.68;322.7;322.6;322.7;19736
SBER;5;20260417;134500;322.7;322.7;322.57;322.64;44478
SBER;5;20260417;135000;322.58;322.65;322.54;322.6;45195
SBER;5;20260417;135500;322.6;322.6;322.54;322.56;36246
SBER;5;20260417;140000;322.54;322.59;322.34;322.59;60756
SBER;5;20260417;140500;322.59;322.6;322.49;322.59;40553
SBER;5;20260417;141000;322.59;322.79;322.55;322.7;28775
SBER;5;20260417;141500;322.71;323.26;322.7;323.06;182889
SBER;5;20260417;142000;323.06;323.25;322.81;323.09;97357
SBER;5;20260417;142500;323.08;323.09;322.7;322.74;35395
SBER;5;20260417;143000;322.72;323;322.72;322.87;94199
SBER;5;20260417;143500;322.88;323.09;322.85;323;100979
SBER;5;20260417;144000;322.99;323.19;322.91;323.18;121982
SBER;5;20260417;144500;323.18;323.42;323.18;323.23;86321
SBER;5;20260417;145000;323.23;323.23;322.95;323;142782
SBER;5;20260417;145500;323;323.09;322.95;323.09;44345
SBER;5;20260417;150000;323.09;323.22;323;323.22;221537
SBER;5;20260417;150500;323.22;323.66;323.22;323.55;194615
SBER;5;20260417;151000;323.55;323.77;323.42;323.44;155763
SBER;5;20260417;151500;323.44;323.81;323.43;323.72;369835
SBER;5;20260417;152000;323.74;323.81;323.13;323.18;298758
SBER;5;20260417;152500;323.15;323.48;323.12;323.48;104047
SBER;5;20260417;153000;323.47;323.62;323.46;323.51;93234
SBER;5;20260417;153500;323.51;323.51;323.06;323.17;129009
SBER;5;20260417;154000;323.17;323.37;323.02;323.34;143080
SBER;5;20260417;154500;323.33;323.5;323.07;323.1;91923
SBER;5;20260417;155000;323.09;323.32;323.06;323.26;49464
SBER;5;20260417;155500;323.26;323.42;323.02;323.37;196383
SBER;5;20260417;160000;323.4;323.85;323.37;323.84;308676
SBER;5;20260417;160500;323.84;323.84;322.8;322.9;419087
SBER;5;20260417;161000;322.9;322.95;321.7;322.34;1041356
SBER;5;20260417;161500;322.33;322.33;321.6;321.6;374926
SBER;5;20260417;162000;321.61;322.27;321.6;322.17;233697
SBER;5;20260417;162500;322.17;322.76;321.76;322.65;316621
SBER;5;20260417;163000;322.64;322.65;322.2;322.24;145686
SBER;5;20260417;163500;322.23;322.5;322.23;322.47;117918
SBER;5;20260417;164000;322.48;323.73;322.42;323.02;387759
SBER;5;20260417;164500;323;323.67;322.61;323.43;324005
SBER;5;20260417;165000;323.46;323.92;323.45;323.91;455668
SBER;5;20260417;165500;323.92;323.93;323.33;323.54;223469
SBER;5;20260417;170000;323.54;323.54;322.8;322.84;273193
SBER;5;20260417;170500;322.85;323.09;322.78;322.95;126089
SBER;5;20260417;171000;322.95;323.15;322.9;323.13;137686
SBER;5;20260417;171500;323.13;323.13;322.96;322.97;116933
SBER;5;20260417;172000;322.97;323.14;322.67;322.67;244756
SBER;5;20260417;172500;322.67;323.13;322.65;322.72;101874
SBER;5;20260417;173000;322.71;322.72;322.41;322.58;90372
SBER;5;20260417;173500;322.56;323.14;322.52;323.05;103746
SBER;5;20260417;174000;323.05;323.08;322.77;323.07;179683
SBER;5;20260417;174500;323.07;323.08;322.85;322.89;67666
SBER;5;20260417;175000;322.89;323.04;322.81;323.02;62654
SBER;5;20260417;175500;323.02;323.12;322.79;322.98;175968
SBER;5;20260417;180000;322.9;322.96;322.49;322.53;71792
SBER;5;20260417;180500;322.54;323.09;322.5;322.74;128031
SBER;5;20260417;181000;322.81;323.05;322.7;323.05;105233
SBER;5;20260417;181500;323.05;323.55;322.93;323.31;656129
SBER;5;20260417;182000;323.36;323.51;323.3;323.31;648083
SBER;5;20260417;182500;323.32;324.8;323.31;324.65;2431796
SBER;5;20260417;183000;324.64;324.71;324.39;324.5;445899
SBER;5;20260417;183500;324.5;324.65;323.99;324.21;402953
SBER;5;20260417;184000;324.17;324.22;324.1;324.15;130931
SBER;5;20260417;184500;324.15;324.18;323.78;323.86;177399
SBER;5;20260417;185000;323.86;324.16;323.85;323.95;67255
SBER;5;20260417;185500;323.76;323.76;323.76;323.76;13682
SBER;5;20260417;190000;323.95;323.96;323.77;323.87;34698
SBER;5;20260417;190500;323.86;324.03;323.76;323.82;63932
SBER;5;20260417;191000;323.82;323.9;323.7;323.71;82822
SBER;5;20260417;191500;323.7;323.86;323.62;323.77;39746
SBER;5;20260417;192000;323.77;324.07;323.73;324.06;34690
SBER;5;20260417;192500;324.06;324.1;323.87;323.9;39665
SBER;5;20260417;193000;323.89;324.12;323.78;323.94;22720
SBER;5;20260417;193500;323.96;324;323.96;324;7428
SBER;5;20260417;194000;324;324.08;323.5;323.62;163694
SBER;5;20260417;194500;323.63;323.76;323.5;323.68;85824
SBER;5;20260417;195000;323.66;323.82;323.65;323.72;16026
SBER;5;20260417;195500;323.72;323.8;323.5;323.59;34399
SBER;5;20260417;200000;323.59;323.65;323.57;323.6;31812
SBER;5;20260417;200500;323.61;323.75;323.59;323.75;9778
SBER;5;20260417;201000;323.75;323.84;323.66;323.7;14344
SBER;5;20260417;201500;323.69;323.79;323.65;323.75;36496
SBER;5;20260417;202000;323.73;323.92;323.73;323.86;66317
SBER;5;20260417;202500;323.85;323.99;323.79;323.98;18602
SBER;5;20260417;203000;323.98;324.08;323.93;324.03;50523
SBER;5;20260417;203500;324.03;324.08;324;324.01;16211
SBER;5;20260417;204000;324.01;324.01;323.99;324;8861
SBER;5;20260417;204500;324;324;323.99;324;7713
SBER;5;20260417;205000;323.99;324;323.76;323.84;27000
SBER;5;20260417;205500;323.84;323.89;323.73;323.87;8751
SBER;5;20260417;210000;323.87;323.94;323.73;323.83;23623
SBER;5;20260417;210500;323.83;323.9;323.81;323.89;11851
SBER;5;20260417;211000;323.9;323.99;323.89;323.98;13797
SBER;5;20260417;211500;323.98;324.07;323.89;324.03;72793
SBER;5;20260417;212000;324.02;324.08;323.84;323.89;56376
SBER;5;20260417;212500;323.89;323.92;323.83;323.9;15311
SBER;5;20260417;213000;323.9;323.95;323.89;323.95;14191
SBER;5;20260417;213500;323.95;324;323.83;323.97;26556
SBER;5;20260417;214000;323.95;323.98;323.87;323.94;29084
SBER;5;20260417;214500;323.93;323.93;323.69;323.76;137185
SBER;5;20260417;215000;323.75;323.76;323.68;323.73;19845
SBER;5;20260417;215500;323.7;324.04;323.7;324.04;81104
SBER;5;20260417;220000;324.02;324.03;323.83;323.84;39800
SBER;5;20260417;220500;323.82;323.85;323.75;323.8;15268
SBER;5;20260417;221000;323.8;323.82;323.74;323.79;7220
SBER;5;20260417;221500;323.79;323.79;323.65;323.75;41055
SBER;5;20260417;222000;323.74;323.84;323.72;323.83;15527
SBER;5;20260417;222500;323.82;323.88;323.75;323.88;26296
SBER;5;20260417;223000;323.88;323.91;323.87;323.9;11783
SBER;5;20260417;223500;323.9;323.9;323.76;323.86;12818
SBER;5;20260417;224000;323.86;323.9;323.74;323.85;37388
SBER;5;20260417;224500;323.85;324.03;323.84;323.98;82985
SBER;5;20260417;225000;323.98;323.98;323.91;323.95;1556
SBER;5;20260417;225500;323.96;324.03;323.9;323.98;23818
SBER;5;20260417;230000;323.98;323.98;323.85;323.96;17184
SBER;5;20260417;230500;323.96;323.96;323.81;323.86;12750
SBER;5;20260417;231000;323.85;323.86;323.72;323.74;29319
SBER;5;20260417;231500;323.73;323.77;323.71;323.76;31688
SBER;5;20260417;232000;323.76;323.76;323.7;323.7;42297
SBER;5;20260417;232500;323.69;323.7;323.53;323.68;89602
SBER;5;20260417;233000;323.62;323.64;323.5;323.57;42755
SBER;5;20260417;233500;323.57;323.63;323.51;323.63;12248
SBER;5;20260417;234000;323.63;323.74;323.57;323.64;16637
SBER;5;20260417;234500;323.74;323.87;323.64;323.87;38814
SBER;5;20260418;095500;323.87;323.87;323.87;323.87;4285
SBER;5;20260418;100000;323.87;324.27;323.73;323.93;122152
SBER;5;20260418;100500;323.99;324.07;323.84;324.01;65932
SBER;5;20260418;101000;324.01;324.08;324;324.03;48817
SBER;5;20260418;101500;324.03;324.4;324;324;275410
SBER;5;20260418;102000;324.01;324.01;323.71;323.96;34852
SBER;5;20260418;102500;323.95;324.9;323.95;324.08;169970
SBER;5;20260418;103000;324.08;324.2;323.9;324.2;27426
SBER;5;20260418;103500;324.19;324.26;324.19;324.21;9611
SBER;5;20260418;104000;324.21;324.49;324.21;324.41;20770
SBER;5;20260418;104500;324.4;324.41;324.25;324.28;32483
SBER;5;20260418;105000;324.28;324.28;324.25;324.25;28251
SBER;5;20260418;105500;324.25;324.26;324.25;324.26;6361
SBER;5;20260418;110000;324.26;324.27;324.25;324.27;4028
SBER;5;20260418;110500;324.27;324.28;324.25;324.26;18525
SBER;5;20260418;111000;324.26;324.3;324.25;324.29;9550
SBER;5;20260418;111500;324.3;324.3;324.25;324.3;4197
SBER;5;20260418;112000;324.3;324.3;324.29;324.3;10251
SBER;5;20260418;112500;324.3;324.33;324.29;324.33;8222
SBER;5;20260418;113000;324.33;324.38;324.31;324.37;8857
SBER;5;20260418;113500;324.37;324.47;324.32;324.47;21985
SBER;5;20260418;114000;324.47;324.47;324.3;324.3;32134
SBER;5;20260418;114500;324.44;324.44;324.25;324.27;19446
SBER;5;20260418;115000;324.27;324.34;324.25;324.28;8054
SBER;5;20260418;115500;324.28;324.39;324.27;324.3;21642
SBER;5;20260418;120000;324.3;324.39;324.27;324.37;22525
SBER;5;20260418;120500;324.32;324.37;324.25;324.28;11922
SBER;5;20260418;121000;324.28;324.32;324.21;324.23;9728
SBER;5;20260418;121500;324.23;324.26;324.23;324.23;13919
SBER;5;20260418;122000;324.24;324.24;324.06;324.06;45211
SBER;5;20260418;122500;324.1;324.12;324;324;19309
SBER;5;20260418;123000;324.03;324.03;324;324.02;54659
SBER;5;20260418;123500;324.02;324.04;324;324.02;21077
SBER;5;20260418;124000;324.02;324.07;324.02;324.07;12352
SBER;5;20260418;124500;324.03;324.07;324.03;324.07;2213
SBER;5;20260418;125000;324.07;324.17;324.06;324.17;15523
SBER;5;20260418;125500;324.17;324.17;324.15;324.16;10205
SBER;5;20260418;130000;324.16;324.16;324.15;324.15;7464
SBER;5;20260418;130500;324.16;324.16;324.15;324.15;5807
SBER;5;20260418;131000;324.16;324.17;324.15;324.17;7893
SBER;5;20260418;131500;324.15;324.3;324.15;324.17;28651
SBER;5;20260418;132000;324.18;324.3;324.16;324.19;38523
SBER;5;20260418;132500;324.2;324.31;324.19;324.31;14677
SBER;5;20260418;133000;324.3;324.4;324.3;324.4;7764
SBER;5;20260418;133500;324.4;324.4;324.3;324.34;21147
SBER;5;20260418;134000;324.38;324.49;324.3;324.33;29968
SBER;5;20260418;134500;324.33;324.61;324.33;324.61;47001
SBER;5;20260418;135000;324.61;324.7;324.6;324.61;35594
SBER;5;20260418;135500;324.61;324.61;324.45;324.5;20317
SBER;5;20260418;140000;324.5;324.59;324.45;324.55;37470
SBER;5;20260418;140500;324.58;324.64;324.54;324.59;19689
SBER;5;20260418;141000;324.59;324.76;324.5;324.52;89106
SBER;5;20260418;141500;324.52;324.76;324.51;324.75;19549
SBER;5;20260418;142000;324.75;324.78;324.66;324.77;14130
SBER;5;20260418;142500;324.77;324.77;324.67;324.72;5371
SBER;5;20260418;143000;324.69;324.77;324.67;324.77;12503
SBER;5;20260418;143500;324.77;324.91;324.76;324.91;73820
SBER;5;20260418;144000;324.9;325;324.79;324.85;171139
SBER;5;20260418;144500;324.86;324.86;324.75;324.75;7992
SBER;5;20260418;145000;324.75;324.83;324.75;324.78;22320
SBER;5;20260418;145500;324.76;324.78;324.75;324.76;7839
SBER;5;20260418;150000;324.77;324.8;324.64;324.65;42816
SBER;5;20260418;150500;324.64;324.66;324.55;324.61;3180
SBER;5;20260418;151000;324.57;324.61;324.54;324.57;5558
SBER;5;20260418;151500;324.55;324.65;324.48;324.61;9813
SBER;5;20260418;152000;324.57;324.86;324.57;324.85;75897
SBER;5;20260418;152500;324.86;324.86;324.69;324.77;39896
SBER;5;20260418;153000;324.75;324.77;324.65;324.73;5229
SBER;5;20260418;153500;324.73;324.74;324.59;324.69;13578
SBER;5;20260418;154000;324.67;324.69;324.48;324.58;14668
SBER;5;20260418;154500;324.58;324.58;324.49;324.49;3395
SBER;5;20260418;155000;324.49;324.5;324.36;324.38;13958
SBER;5;20260418;155500;324.38;324.42;324.38;324.38;1916
SBER;5;20260418;160000;324.38;324.44;324.38;324.44;16071
SBER;5;20260418;160500;324.4;324.44;324.38;324.38;8840
SBER;5;20260418;161000;324.42;324.42;324.36;324.41;3329
SBER;5;20260418;161500;324.41;324.42;324.36;324.38;2761
SBER;5;20260418;162000;324.38;324.41;324.34;324.38;4121
SBER;5;20260418;162500;324.38;324.41;324.33;324.41;5592
SBER;5;20260418;163000;324.36;324.46;324.32;324.45;12480
SBER;5;20260418;163500;324.45;324.46;324.33;324.45;3843
SBER;5;20260418;164000;324.46;324.46;324.37;324.45;3829
SBER;5;20260418;164500;324.45;324.46;324.44;324.44;2509
SBER;5;20260418;165000;324.44;324.45;324.4;324.4;4052
SBER;5;20260418;165500;324.4;324.46;324.4;324.46;6344
SBER;5;20260418;170000;324.45;324.45;324.4;324.43;9803
SBER;5;20260418;170500;324.4;324.46;324.4;324.42;7879
SBER;5;20260418;171000;324.45;324.46;324.4;324.44;4173
SBER;5;20260418;171500;324.4;324.45;324.4;324.45;5257
SBER;5;20260418;172000;324.45;324.45;324.4;324.44;4095
SBER;5;20260418;172500;324.42;324.44;324.34;324.36;5789
SBER;5;20260418;173000;324.42;324.44;324.37;324.39;4461
SBER;5;20260418;173500;324.43;324.43;324.28;324.39;25846
SBER;5;20260418;174000;324.39;324.39;324.24;324.25;7101
SBER;5;20260418;174500;324.24;324.45;324.22;324.34;22368
SBER;5;20260418;175000;324.41;324.46;324.34;324.4;6786
SBER;5;20260418;175500;324.4;324.44;324.26;324.31;7276
SBER;5;20260418;180000;324.31;324.5;324.3;324.42;17325
SBER;5;20260418;180500;324.41;324.51;324.36;324.41;12461
SBER;5;20260418;181000;324.41;324.48;324.4;324.46;2585
SBER;5;20260418;181500;324.45;324.46;324.38;324.38;2613
SBER;5;20260418;182000;324.44;324.5;324.38;324.49;11777
SBER;5;20260418;182500;324.44;324.5;324.4;324.46;7002
SBER;5;20260418;183000;324.46;324.49;324.35;324.44;19805
SBER;5;20260418;183500;324.44;324.5;324.35;324.44;39756
SBER;5;20260418;184000;324.44;324.49;324.3;324.3;10040
SBER;5;20260418;184500;324.3;324.35;324.25;324.25;7731
SBER;5;20260418;185000;324.25;324.39;324.18;324.39;8603
SBER;5;20260418;185500;324.23;324.49;324.19;324.26;12620
SBER;5;20260419;095500;324.89;324.89;324.89;324.89;9820
SBER;5;20260419;100000;324.51;324.88;324.32;324.55;27007
SBER;5;20260419;100500;324.55;324.57;324.18;324.27;37483
SBER;5;20260419;101000;324.26;324.27;324.15;324.17;18792
SBER;5;20260419;101500;324.17;324.18;324.04;324.08;29960
SBER;5;20260419;102000;324.08;324.08;324.02;324.05;16441
SBER;5;20260419;102500;324.08;324.09;324.05;324.09;22454
SBER;5;20260419;103000;324.06;324.09;324.05;324.06;10601
SBER;5;20260419;103500;324.09;324.29;324.06;324.25;19030
SBER;5;20260419;104000;324.25;324.46;324.24;324.4;10345
SBER;5;20260419;104500;324.4;324.67;324.36;324.55;76227
SBER;5;20260419;105000;324.55;324.74;324.45;324.55;45276
SBER;5;20260419;105500;324.52;324.55;324.44;324.47;8009
SBER;5;20260419;110000;324.47;324.48;324.36;324.42;12205
SBER;5;20260419;110500;324.45;324.45;324.38;324.45;3310
SBER;5;20260419;111000;324.4;324.45;324.4;324.45;1910
SBER;5;20260419;111500;324.45;324.45;324.4;324.45;2108
SBER;5;20260419;112000;324.45;324.46;324.41;324.46;1015
SBER;5;20260419;112500;324.46;324.47;324.38;324.42;3087
SBER;5;20260419;113000;324.42;324.82;324.38;324.82;86343
SBER;5;20260419;113500;324.74;324.95;324.54;324.78;180506
SBER;5;20260419;114000;324.75;324.77;324.74;324.77;3326
SBER;5;20260419;114500;324.77;324.77;324.75;324.77;2529
SBER;5;20260419;115000;324.77;324.77;324.74;324.74;5317
SBER;5;20260419;115500;324.74;324.75;324.71;324.73;8018
SBER;5;20260419;120000;324.71;324.72;324.7;324.71;17079
SBER;5;20260419;120500;324.7;324.73;324.7;324.72;3972
SBER;5;20260419;121000;324.73;324.75;324.71;324.75;3725
SBER;5;20260419;121500;324.74;324.77;324.7;324.73;12029
SBER;5;20260419;122000;324.71;324.85;324.71;324.8;15628
SBER;5;20260419;122500;324.83;324.96;324.74;324.9;31771
SBER;5;20260419;123000;324.9;324.9;324.83;324.87;3208
SBER;5;20260419;123500;324.9;325;324.73;324.84;111561
SBER;5;20260419;124000;324.85;325;324.77;324.8;21049
SBER;5;20260419;124500;324.81;324.87;324.76;324.82;6250
SBER;5;20260419;125000;324.85;324.85;324.72;324.79;5231
SBER;5;20260419;125500;324.79;324.86;324.74;324.84;18026
SBER;5;20260419;130000;324.83;324.84;324.83;324.84;4459
SBER;5;20260419;130500;324.84;324.84;324.83;324.83;3318
SBER;5;20260419;131000;324.84;324.84;324.8;324.81;4737
SBER;5;20260419;131500;324.81;324.83;324.73;324.76;8138
SBER;5;20260419;132000;324.77;324.77;324.72;324.72;1741
SBER;5;20260419;132500;324.73;324.73;324.72;324.73;1834
SBER;5;20260419;133000;324.73;324.73;324.72;324.72;4114
SBER;5;20260419;133500;324.73;324.73;324.7;324.7;4907
SBER;5;20260419;134000;324.7;324.73;324.7;324.72;10071
SBER;5;20260419;134500;324.73;324.75;324.72;324.75;3150
SBER;5;20260419;135000;324.75;324.76;324.74;324.75;2204
SBER;5;20260419;135500;324.77;324.77;324.6;324.62;27469
SBER;5;20260419;140000;324.61;324.62;324.6;324.6;10066
SBER;5;20260419;140500;324.62;324.62;324.58;324.59;3901
SBER;5;20260419;141000;324.62;324.62;324.56;324.57;4222
SBER;5;20260419;141500;324.56;324.57;324.53;324.56;6506
SBER;5;20260419;142000;324.56;324.58;324.55;324.56;6030
SBER;5;20260419;142500;324.56;324.7;324.54;324.65;30774
SBER;5;20260419;143000;324.64;324.65;324.55;324.62;4215
SBER;5;20260419;143500;324.62;324.69;324.2;324.43;100013
SBER;5;20260419;144000;324.4;324.46;324.35;324.44;3082
SBER;5;20260419;144500;324.44;324.6;324.41;324.58;4025
SBER;5;20260419;145000;324.58;324.68;324.53;324.61;2357
SBER;5;20260419;145500;324.61;324.61;324.53;324.61;2460
SBER;5;20260419;150000;324.61;324.65;324.6;324.64;5176
SBER;5;20260419;150500;324.64;324.64;324.54;324.55;4232
SBER;5;20260419;151000;324.61;324.67;324.54;324.66;2508
SBER;5;20260419;151500;324.66;324.68;324.61;324.66;3715
SBER;5;20260419;152000;324.67;324.67;324.6;324.64;1946
SBER;5;20260419;152500;324.6;324.63;324.42;324.5;24151
SBER;5;20260419;153000;324.5;324.51;324.42;324.49;4075
SBER;5;20260419;153500;324.49;324.5;324.42;324.48;748
SBER;5;20260419;154000;324.48;324.5;324.42;324.48;3437
SBER;5;20260419;154500;324.43;324.49;324.41;324.48;1248
SBER;5;20260419;155000;324.47;324.48;324.41;324.43;1692
SBER;5;20260419;155500;324.43;324.47;324.42;324.45;1629
SBER;5;20260419;160000;324.45;324.47;324.41;324.46;5899
SBER;5;20260419;160500;324.45;324.46;324.41;324.42;8874
SBER;5;20260419;161000;324.42;324.42;324.41;324.41;1483
SBER;5;20260419;161500;324.41;324.42;324.41;324.42;3882
SBER;5;20260419;162000;324.42;324.42;324.41;324.41;1532
SBER;5;20260419;162500;324.42;324.42;324.41;324.41;973
SBER;5;20260419;163000;324.42;324.42;324.41;324.42;5473
SBER;5;20260419;163500;324.42;324.42;324.41;324.41;7791
SBER;5;20260419;164000;324.41;324.55;324.41;324.49;76451
SBER;5;20260419;164500;324.49;324.55;324.42;324.52;60098
SBER;5;20260419;165000;324.49;324.53;324.48;324.52;9150
SBER;5;20260419;165500;324.52;324.52;324.41;324.42;3932
SBER;5;20260419;170000;324.41;324.44;324.41;324.42;5321
SBER;5;20260419;170500;324.42;324.42;324.41;324.42;1833
SBER;5;20260419;171000;324.42;324.42;324.41;324.42;5591
SBER;5;20260419;171500;324.42;324.42;324.41;324.41;5327
SBER;5;20260419;172000;324.41;324.46;324.41;324.45;18474
SBER;5;20260419;172500;324.46;324.47;324.42;324.42;17470
SBER;5;20260419;173000;324.44;324.47;324.42;324.44;4295
SBER;5;20260419;173500;324.47;324.47;324.43;324.44;14467
SBER;5;20260419;174000;324.43;324.44;324.43;324.43;8983
SBER;5;20260419;174500;324.43;324.51;324.43;324.51;8544
SBER;5;20260419;175000;324.5;324.52;324.5;324.51;2545
SBER;5;20260419;175500;324.52;324.54;324.51;324.53;1142
SBER;5;20260419;180000;324.54;324.65;324.53;324.65;43418
SBER;5;20260419;180500;324.65;324.68;324.63;324.66;10148
SBER;5;20260419;181000;324.66;324.67;324.65;324.67;4598
SBER;5;20260419;181500;324.66;324.77;324.65;324.65;18366
SBER;5;20260419;182000;324.68;324.68;324.55;324.55;5428
SBER;5;20260419;182500;324.54;324.55;324.5;324.54;2396
SBER;5;20260419;183000;324.51;324.55;324.51;324.55;12929
SBER;5;20260419;183500;324.55;324.55;324.44;324.5;10569
SBER;5;20260419;184000;324.5;324.55;324.43;324.55;22608
SBER;5;20260419;184500;324.5;324.7;324.5;324.65;14613
SBER;5;20260419;185000;324.64;324.71;324.55;324.69;17219
SBER;5;20260419;185500;324.69;324.84;324.61;324.75;49781
SBER;5;20260420;070000;325.05;325.84;325;325.59;462965
SBER;5;20260420;070500;325.59;325.6;325.15;325.5;142293
SBER;5;20260420;071000;325.5;325.57;325.25;325.43;40782
SBER;5;20260420;071500;325.43;325.44;325.12;325.24;62905
SBER;5;20260420;072000;325.24;325.3;325.23;325.3;7337
SBER;5;20260420;072500;325.3;325.45;325.3;325.45;19513
SBER;5;20260420;073000;325.45;325.52;325.44;325.51;37653
SBER;5;20260420;073500;325.52;325.55;325.5;325.51;20776
SBER;5;20260420;074000;325.51;325.52;325.43;325.51;35264
SBER;5;20260420;074500;325.51;325.52;325.5;325.51;9399
SBER;5;20260420;075000;325.51;325.52;325.26;325.4;40590
SBER;5;20260420;075500;325.44;325.55;325.34;325.42;24723
SBER;5;20260420;080000;325.35;325.41;325.2;325.28;45663
SBER;5;20260420;080500;325.4;325.4;325.27;325.35;14477
SBER;5;20260420;081000;325.34;325.35;325.21;325.33;22254
SBER;5;20260420;081500;325.35;325.45;325.33;325.45;15719
SBER;5;20260420;082000;325.45;325.56;325.43;325.56;24104
SBER;5;20260420;082500;325.54;325.59;325.53;325.57;97202
SBER;5;20260420;083000;325.57;325.59;325.57;325.58;21210
SBER;5;20260420;083500;325.57;325.65;325.57;325.65;36765
SBER;5;20260420;084000;325.65;325.84;325.61;325.8;99030
SBER;5;20260420;084500;325.8;325.88;325.54;325.81;113907
SBER;5;20260420;085000;325.84;326.16;325.8;325.94;345410
SBER;5;20260420;085500;325.93;326.26;325.8;326.15;99627
SBER;5;20260420;090000;326.1;326.1;325.21;325.23;247255
SBER;5;20260420;090500;325.23;325.28;325.11;325.15;135421
SBER;5;20260420;091000;325.17;325.51;325.15;325.27;120181
SBER;5;20260420;091500;325.26;325.27;324.56;325.2;313949
SBER;5;20260420;092000;325.19;325.5;325;325.32;113595
SBER;5;20260420;092500;325.31;325.31;324.8;325;137889
SBER;5;20260420;093000;325;325.07;324.98;325.07;33132
SBER;5;20260420;093500;325.06;325.08;324.8;324.89;71287
SBER;5;20260420;094000;324.88;325.26;324.86;324.94;87116
SBER;5;20260420;094500;324.96;325.21;324.89;325.19;82433
SBER;5;20260420;095000;325.2;325.43;325.17;325.24;76277
SBER;5;20260420;095500;325.23;325.24;324.9;325.07;94460
SBER;5;20260420;100000;325.07;325.44;324.96;325.29;129600
SBER;5;20260420;100500;325.3;325.3;325;325.08;96141
SBER;5;20260420;101000;325.09;325.21;325.05;325.21;54803
SBER;5;20260420;101500;325.21;325.28;324.95;324.96;99833
SBER;5;20260420;102000;324.98;324.98;324.26;324.47;539524
SBER;5;20260420;102500;324.47;324.49;323.4;324.02;875961
SBER;5;20260420;103000;323.99;324.29;323.89;324.24;254005
SBER;5;20260420;103500;324.24;324.41;324.22;324.38;163069
SBER;5;20260420;104000;324.38;324.93;324.35;324.77;183537
SBER;5;20260420;104500;324.75;324.95;324.53;324.65;95612
SBER;5;20260420;105000;324.65;324.79;324.53;324.58;92425
SBER;5;20260420;105500;324.58;324.58;324.5;324.51;33453
SBER;5;20260420;110000;324.51;324.51;324.21;324.22;99039
SBER;5;20260420;110500;324.25;324.41;323.91;324.33;312162
SBER;5;20260420;111000;324.28;324.33;324.05;324.22;66411
SBER;5;20260420;111500;324.23;324.29;324.18;324.24;49687
SBER;5;20260420;112000;324.24;324.24;324.07;324.21;68483
SBER;5;20260420;112500;324.21;324.22;324.06;324.09;66005
SBER;5;20260420;113000;324.09;324.1;323.95;324;103421
SBER;5;20260420;113500;324.01;324.17;323.98;324.07;69370
SBER;5;20260420;114000;324.07;324.16;324.06;324.15;68932
SBER;5;20260420;114500;324.15;324.37;324.13;324.34;62130
SBER;5;20260420;115000;324.34;324.85;324.33;324.76;246306
SBER;5;20260420;115500;324.76;324.91;324.3;324.31;267089
SBER;5;20260420;120000;324.31;324.31;324.13;324.13;122857
SBER;5;20260420;120500;324.13;324.14;323.96;324.14;181559
SBER;5;20260420;121000;324.14;324.23;324.02;324.08;108571
SBER;5;20260420;121500;324.1;324.21;324;324.01;76967
SBER;5;20260420;122000;324;324.01;323.75;323.99;179546
SBER;5;20260420;122500;323.99;324.02;323.73;323.83;172444
SBER;5;20260420;123000;323.83;323.84;323.63;323.69;67284
SBER;5;20260420;123500;323.7;323.78;323.61;323.69;80304
SBER;5;20260420;124000;323.69;323.7;323.13;323.27;361023
SBER;5;20260420;124500;323.23;323.65;323.21;323.47;119252
SBER;5;20260420;125000;323.47;323.47;323.36;323.43;73734
SBER;5;20260420;125500;323.41;323.6;323.41;323.44;121310
SBER;5;20260420;130000;323.44;323.49;323.32;323.41;75826
SBER;5;20260420;130500;323.41;323.5;323.36;323.44;100595
SBER;5;20260420;131000;323.43;323.55;323.25;323.26;167788
SBER;5;20260420;131500;323.25;323.4;323.2;323.4;73986
SBER;5;20260420;132000;323.34;323.46;323.25;323.31;105736
SBER;5;20260420;132500;323.3;323.34;323.23;323.25;101832
SBER;5;20260420;133000;323.24;323.45;323.23;323.37;85550
SBER;5;20260420;133500;323.37;323.44;323.25;323.35;89897
SBER;5;20260420;134000;323.34;323.85;323.32;323.85;119983
SBER;5;20260420;134500;323.75;324;323.7;323.85;62698
SBER;5;20260420;135000;323.84;323.87;323.6;323.61;62150
SBER;5;20260420;135500;323.6;323.88;323.59;323.8;62535
SBER;5;20260420;140000;323.8;323.87;323.49;323.49;113539
SBER;5;20260420;140500;323.5;323.59;323.45;323.56;58280
SBER;5;20260420;141000;323.54;323.57;323.42;323.45;33280
SBER;5;20260420;141500;323.45;323.48;323.3;323.3;78099
SBER;5;20260420;142000;323.3;323.7;323.3;323.56;189502
SBER;5;20260420;142500;323.52;323.7;323.5;323.66;59198
SBER;5;20260420;143000;323.66;323.96;323.62;323.96;147550
SBER;5;20260420;143500;323.91;324.33;323.91;324.02;189797
SBER;5;20260420;144000;324.02;324.25;324.02;324.19;114395
SBER;5;20260420;144500;324.19;324.38;324.14;324.38;119512
SBER;5;20260420;145000;324.37;324.44;324.12;324.12;131331
SBER;5;20260420;145500;324.12;324.13;324.01;324.02;63882
SBER;5;20260420;150000;324.01;324.02;323.9;323.99;87341
SBER;5;20260420;150500;323.98;324;323.93;323.96;43971
SBER;5;20260420;151000;323.95;324;323.91;323.93;24832
SBER;5;20260420;151500;323.91;323.96;323.9;323.95;31285
SBER;5;20260420;152000;323.93;323.96;323.79;323.83;61024
SBER;5;20260420;152500;323.82;323.97;323.73;323.93;80682
SBER;5;20260420;153000;323.91;323.93;323.73;323.73;73413
SBER;5;20260420;153500;323.74;323.78;323.63;323.64;100721
SBER;5;20260420;154000;323.64;323.72;323.64;323.65;29893
SBER;5;20260420;154500;323.65;323.71;323.61;323.62;38376
SBER;5;20260420;155000;323.61;323.8;323.61;323.68;54435
SBER;5;20260420;155500;323.67;323.74;323.61;323.65;25456
SBER;5;20260420;160000;323.65;323.67;323.54;323.57;46780
SBER;5;20260420;160500;323.57;323.69;323.5;323.54;80056
SBER;5;20260420;161000;323.54;323.59;323.45;323.49;81555
SBER;5;20260420;161500;323.47;323.64;323.47;323.63;80984
SBER;5;20260420;162000;323.62;323.63;323.48;323.48;32090
SBER;5;20260420;162500;323.48;323.54;323.4;323.4;45841
SBER;5;20260420;163000;323.4;323.5;323.39;323.41;66173
SBER;5;20260420;163500;323.4;323.5;323.3;323.33;140050
SBER;5;20260420;164000;323.33;323.47;323.31;323.36;61672
SBER;5;20260420;164500;323.36;323.54;323.31;323.53;75150
SBER;5;20260420;165000;323.53;323.55;323.4;323.49;47723
SBER;5;20260420;165500;323.47;323.56;323.41;323.43;66477
SBER;5;20260420;170000;323.43;323.46;323.38;323.45;30107
SBER;5;20260420;170500;323.42;323.47;323.36;323.36;22261
SBER;5;20260420;171000;323.36;323.37;323.25;323.25;69359
SBER;5;20260420;171500;323.26;323.64;323.23;323.52;150111
SBER;5;20260420;172000;323.52;323.99;323.47;323.82;136883
SBER;5;20260420;172500;323.79;324;323.69;323.72;150469
SBER;5;20260420;173000;323.71;324.61;323.7;324.34;366218
SBER;5;20260420;173500;324.34;324.43;324.18;324.31;208584
SBER;5;20260420;174000;324.31;324.32;323.94;324.11;152860
SBER;5;20260420;174500;324.11;324.73;324.11;324.69;246094
SBER;5;20260420;175000;324.69;324.7;324.33;324.47;151068
SBER;5;20260420;175500;324.47;324.61;324.25;324.27;201804
SBER;5;20260420;180000;324.29;324.87;324.28;324.43;137637
SBER;5;20260420;180500;324.44;324.85;324.44;324.77;74015
SBER;5;20260420;181000;324.77;325.3;324.62;324.95;617382
SBER;5;20260420;181500;324.96;325.14;324.91;325.02;102214
SBER;5;20260420;182000;325.02;325.13;324.95;324.95;105937
SBER;5;20260420;182500;324.96;325;324.94;325;59599
SBER;5;20260420;183000;325;325.44;324.99;325.27;345061
SBER;5;20260420;183500;325.26;325.33;325.1;325.15;194727
SBER;5;20260420;184000;325.15;325.3;325.1;325.19;95109
SBER;5;20260420;184500;325.17;325.24;325.15;325.23;71044
SBER;5;20260420;185000;325.23;325.36;325.22;325.27;127080
SBER;5;20260420;185500;325.22;325.22;325.22;325.22;17741
SBER;5;20260420;190000;325.22;325.38;325.11;325.15;82704
SBER;5;20260420;190500;325.17;325.22;325.05;325.06;30892
SBER;5;20260420;191000;325.06;325.1;324.96;324.97;134123
SBER;5;20260420;191500;324.96;324.97;324.82;324.83;71513
SBER;5;20260420;192000;324.82;324.83;324.78;324.79;27719
SBER;5;20260420;192500;324.79;324.99;324.79;324.95;15607
SBER;5;20260420;193000;324.96;325.11;324.95;325.09;20050
SBER;5;20260420;193500;325.1;325.11;324.96;325;23934
SBER;5;20260420;194000;325;325;324.81;324.86;29746
SBER;5;20260420;194500;324.86;324.92;324.8;324.82;26296
SBER;5;20260420;195000;324.82;324.87;324.76;324.86;59128
SBER;5;20260420;195500;324.86;324.92;324.85;324.9;24030
SBER;5;20260420;200000;324.9;324.91;324.87;324.91;27025
SBER;5;20260420;200500;324.91;324.91;324.86;324.88;49639
SBER;5;20260420;201000;324.88;324.91;324.86;324.91;11638
SBER;5;20260420;201500;324.91;324.97;324.9;324.95;27465
SBER;5;20260420;202000;324.98;324.98;324.9;324.97;32445
SBER;5;20260420;202500;324.97;324.98;324.9;324.93;35479
SBER;5;20260420;203000;324.93;324.94;324.93;324.93;11655
SBER;5;20260420;203500;324.94;325.1;324.93;325.05;67107
SBER;5;20260420;204000;325.05;325.18;325.05;325.15;17137
SBER;5;20260420;204500;325.16;325.3;325.15;325.25;50549
SBER;5;20260420;205000;325.25;325.3;325.19;325.23;23110
SBER;5;20260420;205500;325.23;325.24;325.22;325.23;16895
SBER;5;20260420;210000;325.22;325.23;324.91;325.04;61871
SBER;5;20260420;210500;325.05;325.07;324.98;324.99;27772
SBER;5;20260420;211000;325;325;324.96;324.98;23620
SBER;5;20260420;211500;324.99;324.99;324.86;324.87;69019
SBER;5;20260420;212000;324.87;324.95;324.86;324.93;28481
SBER;5;20260420;212500;324.93;325.19;324.93;325.18;26555
SBER;5;20260420;213000;325.18;325.18;325.08;325.14;14167
SBER;5;20260420;213500;325.14;325.14;325;325.02;13490
SBER;5;20260420;214000;325.01;325.02;325;325.02;9670
SBER;5;20260420;214500;325.02;325.06;325;325.04;12196
SBER;5;20260420;215000;325.06;325.06;325.03;325.05;14898
SBER;5;20260420;215500;325.05;325.12;325.04;325.11;16284
SBER;5;20260420;220000;325.12;325.18;325.09;325.15;21713
SBER;5;20260420;220500;325.16;325.16;325.07;325.08;29281
SBER;5;20260420;221000;325.08;325.09;325.04;325.05;17510
SBER;5;20260420;221500;325.05;325.18;325.03;325.16;33184
SBER;5;20260420;222000;325.16;325.16;324.96;325.02;27676
SBER;5;20260420;222500;325;325.16;324.95;325.09;52860
SBER;5;20260420;223000;325.07;325.07;324.97;325.04;16976
SBER;5;20260420;223500;325.03;325.04;325;325.01;9012
SBER;5;20260420;224000;325.01;325.17;325.01;325.07;23552
SBER;5;20260420;224500;325.08;325.08;325.01;325.02;21099
SBER;5;20260420;225000;325.02;325.05;325.02;325.04;13402
SBER;5;20260420;225500;325.05;325.05;324.98;325;20622
SBER;5;20260420;230000;325;325;324.96;324.97;6356
SBER;5;20260420;230500;324.98;325;324.93;324.99;41540
SBER;5;20260420;231000;324.98;325.04;324.96;325.04;21983
SBER;5;20260420;231500;325.04;325.1;325.02;325.1;12177
SBER;5;20260420;232000;325.09;325.18;325.08;325.12;14746
SBER;5;20260420;232500;325.12;325.15;325.12;325.13;15495
SBER;5;20260420;233000;325.14;325.14;324.98;325.03;38740
SBER;5;20260420;233500;325.03;325.2;325;325.1;16820
SBER;5;20260420;234000;325.1;325.1;324.99;325.07;36868
SBER;5;20260420;234500;325.07;325.3;325.06;325.3;145443
